Loading user config located at: '/home/hhm/miniforge3/envs/lerobot-arena/lib/python3.11/site-packages/isaacsim/kit/data/Kit/Isaac-Sim/5.1/user.config.json'
[Info] [carb] Logging to file: /home/hhm/miniforge3/envs/lerobot-arena/lib/python3.11/site-packages/isaacsim/kit/logs/Kit/Isaac-Sim/5.1/kit_20260930_212839.log
2026-09-30T12:28:39Z [101ms] [Warning] [omni.usd_config.extension] Enable omni.materialx.libs extension to use MaterialX
2026-09-30T12:28:40Z [580ms] [Warning] [carb] Acquiring non optional plugin interface which is not listed as dependency: [omni::physx::IPhysxBenchmarks v1.0] (plugin: <default plugin>), by client: omni.physics.physx.plugin. Add it to CARB_PLUGIN_IMPL_DEPS() macro of a client.
2026-09-30T12:28:40Z [787ms] [Warning] [omni.isaac.dynamic_control] omni.isaac.dynamic_control is deprecated as of Isaac Sim 4.5. No action is needed from end-users.

|---------------------------------------------------------------------------------------------|
| Driver Version: 580.178.04    | Graphics API: Vulkan
|=============================================================================================|
| GPU | Name                             | Active | LDA | GPU Memory | Vendor-ID | LUID       |
|     |                                  |        |     |            | Device-ID | UUID       |
|     |                                  |        |     |            | Bus-ID    |            |
|---------------------------------------------------------------------------------------------|
| 0   | NVIDIA GeForce RTX 4050 Laptop.. | Yes: 0 |     | 6141    MB | 10de      | 0          |
|     |                                  |        |     |            | 28e1      | 04c25621.. |
|     |                                  |        |     |            | 1         |            |
|=============================================================================================|
| OS: 22.04.5 LTS (Jammy Jellyfish) ubuntu, Version: 22.04.5, Kernel: 6.8.0-138-generic
| XServer Vendor: The X.Org Foundation, XServer Version: 12101004 (1.21.1.4)
| Processor: AMD Ryzen 7 7435HS
| Cores: 8 | Logical Cores: 16
|---------------------------------------------------------------------------------------------|
| Total Memory (MB): 15805 | Free Memory: 9987
| Total Page/Swap (MB): 2047 | Free Page/Swap: 1437
|---------------------------------------------------------------------------------------------|
2026-09-30T12:28:45Z [5,582ms] [Warning] [gpu.foundation.plugin] CPU performance profile is set to powersave. This profile sets the CPU to the lowest frequency reducing performance.
2026-09-30T12:28:45Z [5,593ms] [Warning] [gpu.foundation.plugin] IOMMU is enabled.
2026-09-30T12:28:48Z [9,238ms] [Warning] [omni.fabric.plugin] Warning: input prim:attr `/World/envs/env_0:omni:rtx:skip` has no valid data.

2026-09-30T12:28:49Z [9,948ms] [Warning] [omni.physx.plugin] Damping attribute is unsupported for articulation joints and will be ignored (/World/envs/env_0/Robot/joints/front_left_leg).
2026-09-30T12:28:49Z [9,948ms] [Warning] [omni.physx.plugin] Damping attribute is unsupported for articulation joints and will be ignored (/World/envs/env_0/Robot/joints/front_left_foot).
2026-09-30T12:28:49Z [9,948ms] [Warning] [omni.physx.plugin] Damping attribute is unsupported for articulation joints and will be ignored (/World/envs/env_0/Robot/joints/front_right_leg).
2026-09-30T12:28:49Z [9,948ms] [Warning] [omni.physx.plugin] Damping attribute is unsupported for articulation joints and will be ignored (/World/envs/env_0/Robot/joints/front_right_foot).
2026-09-30T12:28:49Z [9,948ms] [Warning] [omni.physx.plugin] Damping attribute is unsupported for articulation joints and will be ignored (/World/envs/env_0/Robot/joints/left_back_leg).
2026-09-30T12:28:49Z [9,948ms] [Warning] [omni.physx.plugin] Damping attribute is unsupported for articulation joints and will be ignored (/World/envs/env_0/Robot/joints/left_back_foot).
2026-09-30T12:28:49Z [9,948ms] [Warning] [omni.physx.plugin] Damping attribute is unsupported for articulation joints and will be ignored (/World/envs/env_0/Robot/joints/right_back_leg).
2026-09-30T12:28:49Z [9,948ms] [Warning] [omni.physx.plugin] Damping attribute is unsupported for articulation joints and will be ignored (/World/envs/env_0/Robot/joints/right_back_foot).
2026-09-30T12:28:49Z [9,948ms] [Warning] [omni.physx.plugin] Damping attribute is unsupported for articulation joints and will be ignored (/World/envs/env_0/Robot/joints/front_right_leg).
2026-09-30T12:28:49Z [9,948ms] [Warning] [omni.physx.plugin] Damping attribute is unsupported for articulation joints and will be ignored (/World/envs/env_0/Robot/joints/front_right_foot).
2026-09-30T12:28:49Z [9,948ms] [Warning] [omni.physx.plugin] Damping attribute is unsupported for articulation joints and will be ignored (/World/envs/env_0/Robot/joints/left_back_leg).
2026-09-30T12:28:49Z [9,948ms] [Warning] [omni.physx.plugin] Damping attribute is unsupported for articulation joints and will be ignored (/World/envs/env_0/Robot/joints/left_back_foot).
2026-09-30T12:28:49Z [9,948ms] [Warning] [omni.physx.plugin] Damping attribute is unsupported for articulation joints and will be ignored (/World/envs/env_0/Robot/joints/right_back_leg).
2026-09-30T12:28:49Z [9,948ms] [Warning] [omni.physx.plugin] Damping attribute is unsupported for articulation joints and will be ignored (/World/envs/env_0/Robot/joints/right_back_foot).
2026-09-30T12:28:49Z [9,948ms] [Warning] [omni.physx.plugin] Damping attribute is unsupported for articulation joints and will be ignored (/World/envs/env_0/Robot/joints/front_right_leg).
2026-09-30T12:28:49Z [9,948ms] [Warning] [omni.physx.plugin] Damping attribute is unsupported for articulation joints and will be ignored (/World/envs/env_0/Robot/joints/front_right_foot).
2026-09-30T12:28:49Z [9,948ms] [Warning] [omni.physx.plugin] Damping attribute is unsupported for articulation joints and will be ignored (/World/envs/env_0/Robot/joints/left_back_leg).
2026-09-30T12:28:49Z [9,948ms] [Warning] [omni.physx.plugin] Damping attribute is unsupported for articulation joints and will be ignored (/World/envs/env_0/Robot/joints/left_back_foot).
2026-09-30T12:28:49Z [9,948ms] [Warning] [omni.physx.plugin] Damping attribute is unsupported for articulation joints and will be ignored (/World/envs/env_0/Robot/joints/right_back_leg).
2026-09-30T12:28:49Z [9,948ms] [Warning] [omni.physx.plugin] Damping attribute is unsupported for articulation joints and will be ignored (/World/envs/env_0/Robot/joints/right_back_foot).
2026-09-30T12:28:49Z [9,948ms] [Warning] [omni.physx.plugin] Damping attribute is unsupported for articulation joints and will be ignored (/World/envs/env_0/Robot/joints/left_back_leg).
2026-09-30T12:28:49Z [9,948ms] [Warning] [omni.physx.plugin] Damping attribute is unsupported for articulation joints and will be ignored (/World/envs/env_0/Robot/joints/left_back_foot).
2026-09-30T12:28:49Z [9,948ms] [Warning] [omni.physx.plugin] Damping attribute is unsupported for articulation joints and will be ignored (/World/envs/env_0/Robot/joints/right_back_leg).
2026-09-30T12:28:49Z [9,948ms] [Warning] [omni.physx.plugin] Damping attribute is unsupported for articulation joints and will be ignored (/World/envs/env_0/Robot/joints/right_back_foot).
2026-09-30T12:28:49Z [9,948ms] [Warning] [omni.physx.plugin] Damping attribute is unsupported for articulation joints and will be ignored (/World/envs/env_0/Robot/joints/left_back_leg).
2026-09-30T12:28:49Z [9,948ms] [Warning] [omni.physx.plugin] Damping attribute is unsupported for articulation joints and will be ignored (/World/envs/env_0/Robot/joints/left_back_foot).
2026-09-30T12:28:49Z [9,948ms] [Warning] [omni.physx.plugin] Damping attribute is unsupported for articulation joints and will be ignored (/World/envs/env_0/Robot/joints/right_back_leg).
2026-09-30T12:28:49Z [9,948ms] [Warning] [omni.physx.plugin] Damping attribute is unsupported for articulation joints and will be ignored (/World/envs/env_0/Robot/joints/right_back_foot).
2026-09-30T12:28:49Z [9,948ms] [Warning] [omni.physx.plugin] Damping attribute is unsupported for articulation joints and will be ignored (/World/envs/env_0/Robot/joints/right_back_leg).
/home/hhm/miniforge3/envs/lerobot-arena/lib/python3.11/site-packages/rsl_rl/utils/utils.py:244: UserWarning: The observation configuration dictionary 'obs_groups' must contain the 'policy' key. As an observation group with the name 'policy' was found, this is assumed to be the observation set. Consider adding the 'policy' key to the 'obs_groups' dictionary for clarity. This behavior will be removed in a future version.
  warnings.warn(
/home/hhm/miniforge3/envs/lerobot-arena/lib/python3.11/site-packages/rsl_rl/utils/utils.py:290: UserWarning: The observation configuration dictionary 'obs_groups' must contain the 'critic' key. As the configuration for 'critic' is missing, the observations from the 'policy' set are used. Consider adding the 'critic' key to the 'obs_groups' dictionary for clarity. This behavior will be removed in a future version.
  warnings.warn(
[INFO][AppLauncher]: Using device: cuda:0
[INFO][AppLauncher]: Loading experience file: /home/hhm/IsaacLab_RS/apps/isaaclab.python.headless.kit
Setting seed: 22
[INFO]: Base environment:
	Environment device    : cuda:0
	Environment seed      : 22
	Physics step-size     : 0.008333333333333333
	Rendering step-size   : 0.016666666666666666
	Environment step-size : 0.016666666666666666
[INFO]: Time taken for scene creation : 3.089971 seconds
[INFO]: Scene manager:  <class InteractiveScene>
	Number of environments: 512
	Environment spacing   : 5.0
	Source prim name      : /World/envs/env_0
	Global prim paths     : ['/World/ground']
	Replicate physics     : True
[INFO]: Starting the simulation. This may take a few seconds. Please wait...
[INFO]: Time taken for simulation start : 0.865093 seconds
[INFO] Command Manager:  <CommandManager> contains 0 active terms.
+------------------------+
|  Active Command Terms  |
+--------+-------+-------+
| Index  | Name  |  Type |
+--------+-------+-------+
+--------+-------+-------+

[INFO] Event Manager:  <EventManager> contains 3 active terms.
+-------------------------------------+
| Active Event Terms in Mode: 'reset' |
+---------+---------------------------+
|  Index  | Name                      |
+---------+---------------------------+
|    0    | reset_base                |
|    1    | reset_robot_joints        |
+---------+---------------------------+
+----------------------------------+
| Active Event Terms in Mode: 'startup' |
+-------------+--------------------+
|    Index    | Name               |
+-------------+--------------------+
|      0      | material           |
|      1      | mass               |
+-------------+--------------------+
+--------------------------------------------+
|   Active Event Terms in Mode: 'interval'   |
+--------+-------+---------------------------+
| Index  | Name  |  Interval time range (s)  |
+--------+-------+---------------------------+
|   0    | kick  |         (4.0, 7.0)        |
+--------+-------+---------------------------+

[INFO] Recorder Manager:  <RecorderManager> contains 0 active terms.
+---------------------+
| Active Recorder Terms |
+-----------+---------+
|   Index   | Name    |
+-----------+---------+
+-----------+---------+

[INFO] Action Manager:  <ActionManager> contains 1 active terms.
+----------------------------------+
|  Active Action Terms (shape: 8)  |
+-------+--------------+-----------+
| Index | Name         | Dimension |
+-------+--------------+-----------+
|   0   | joint_effort |         8 |
+-------+--------------+-----------+

[INFO] Observation Manager: <ObservationManager> contains 1 groups.
+-----------------------------------------------------------+
| Active Observation Terms in Group: 'policy' (shape: (60,)) |
+-----------+-----------------------------------+-----------+
|   Index   | Name                              |   Shape   |
+-----------+-----------------------------------+-----------+
|     0     | base_height                       |    (1,)   |
|     1     | base_lin_vel                      |    (3,)   |
|     2     | base_ang_vel                      |    (3,)   |
|     3     | base_yaw_roll                     |    (2,)   |
|     4     | base_angle_to_target              |    (1,)   |
|     5     | base_up_proj                      |    (1,)   |
|     6     | base_heading_proj                 |    (1,)   |
|     7     | joint_pos_norm                    |    (8,)   |
|     8     | joint_vel_rel                     |    (8,)   |
|     9     | feet_body_forces                  |   (24,)   |
|     10    | actions                           |    (8,)   |
+-----------+-----------------------------------+-----------+

[INFO] Termination Manager:  <TerminationManager> contains 2 active terms.
+---------------------------------+
|     Active Termination Terms    |
+-------+--------------+----------+
| Index | Name         | Time Out |
+-------+--------------+----------+
|   0   | time_out     |   True   |
|   1   | torso_height |  False   |
+-------+--------------+----------+

[INFO] Reward Manager:  <RewardManager> contains 7 active terms.
+-----------------------------------+
|        Active Reward Terms        |
+-------+------------------+--------+
| Index | Name             | Weight |
+-------+------------------+--------+
|   0   | progress         |    1.0 |
|   1   | alive            |    0.5 |
|   2   | upright          |    0.1 |
|   3   | move_to_target   |    0.5 |
|   4   | action_l2        | -0.005 |
|   5   | energy           |  -0.05 |
|   6   | joint_pos_limits |   -0.1 |
+-------+------------------+--------+

[INFO] Curriculum Manager:  <CurriculumManager> contains 0 active terms.
+----------------------+
| Active Curriculum Terms |
+-----------+----------+
|   Index   | Name     |
+-----------+----------+
+-----------+----------+

[INFO]: Completed setting up the environment...
--------------------------------------------------------------------------------
Resolved observation sets: 
	 policy :  ['policy']
	 critic :  ['policy']
--------------------------------------------------------------------------------
Actor MLP: MLP(
  (0): Linear(in_features=60, out_features=400, bias=True)
  (1): ELU(alpha=1.0)
  (2): Linear(in_features=400, out_features=200, bias=True)
  (3): ELU(alpha=1.0)
  (4): Linear(in_features=200, out_features=100, bias=True)
  (5): ELU(alpha=1.0)
  (6): Linear(in_features=100, out_features=8, bias=True)
)
Critic MLP: MLP(
  (0): Linear(in_features=60, out_features=400, bias=True)
  (1): ELU(alpha=1.0)
  (2): Linear(in_features=400, out_features=200, bias=True)
  (3): ELU(alpha=1.0)
  (4): Linear(in_features=200, out_features=100, bias=True)
  (5): ELU(alpha=1.0)
  (6): Linear(in_features=100, out_features=1, bias=True)
)
################################################################################
                       [1m Learning iteration 0/500 [0m                       

                       Computation: 11271 steps/s (collection: 1.219s, learning 0.235s)
             Mean action noise std: 0.99
          Mean value_function loss: 0.0369
               Mean surrogate loss: -0.0143
                 Mean entropy loss: 11.3142
                       Mean reward: -0.49
               Mean episode length: 16.62
           Episode_Reward/progress: 0.0001
              Episode_Reward/alive: 0.0081
            Episode_Reward/upright: 0.0015
     Episode_Reward/move_to_target: 0.0081
          Episode_Reward/action_l2: -0.0007
             Episode_Reward/energy: -0.0411
   Episode_Reward/joint_pos_limits: -0.0026
      Episode_Termination/time_out: 0.0240
  Episode_Termination/torso_height: 0.0000
--------------------------------------------------------------------------------
                   Total timesteps: 16384
                    Iteration time: 1.45s
                      Time elapsed: 00:00:01
                               ETA: 00:12:06

Could not find git repository in /home/hhm/miniforge3/envs/lerobot-arena/lib/python3.11/site-packages/rsl_rl/__init__.py. Skipping.
################################################################################
                       [1m Learning iteration 1/500 [0m                       

                       Computation: 46293 steps/s (collection: 0.266s, learning 0.088s)
             Mean action noise std: 0.97
          Mean value_function loss: 0.0395
               Mean surrogate loss: -0.0153
                 Mean entropy loss: 11.2050
                       Mean reward: -1.11
               Mean episode length: 37.71
           Episode_Reward/progress: 0.0020
              Episode_Reward/alive: 0.0246
            Episode_Reward/upright: 0.0021
     Episode_Reward/move_to_target: 0.0199
          Episode_Reward/action_l2: -0.0020
             Episode_Reward/energy: -0.1260
   Episode_Reward/joint_pos_limits: -0.0085
      Episode_Termination/time_out: 0.0643
  Episode_Termination/torso_height: 0.0100
--------------------------------------------------------------------------------
                   Total timesteps: 32768
                    Iteration time: 0.35s
                      Time elapsed: 00:00:01
                               ETA: 00:07:30

################################################################################
                       [1m Learning iteration 2/500 [0m                       

                       Computation: 46185 steps/s (collection: 0.279s, learning 0.076s)
             Mean action noise std: 0.96
          Mean value_function loss: 0.0334
               Mean surrogate loss: -0.0145
                 Mean entropy loss: 11.0540
                       Mean reward: -1.85
               Mean episode length: 65.27
           Episode_Reward/progress: 0.0110
              Episode_Reward/alive: 0.0414
            Episode_Reward/upright: 0.0032
     Episode_Reward/move_to_target: 0.0295
          Episode_Reward/action_l2: -0.0033
             Episode_Reward/energy: -0.2028
   Episode_Reward/joint_pos_limits: -0.0152
      Episode_Termination/time_out: 0.0997
  Episode_Termination/torso_height: 0.0745
--------------------------------------------------------------------------------
                   Total timesteps: 49152
                    Iteration time: 0.35s
                      Time elapsed: 00:00:02
                               ETA: 00:05:58

################################################################################
                       [1m Learning iteration 3/500 [0m                       

                       Computation: 45903 steps/s (collection: 0.287s, learning 0.070s)
             Mean action noise std: 0.94
          Mean value_function loss: 0.0290
               Mean surrogate loss: -0.0155
                 Mean entropy loss: 10.9074
                       Mean reward: -2.68
               Mean episode length: 98.44
           Episode_Reward/progress: 0.0071
              Episode_Reward/alive: 0.0580
            Episode_Reward/upright: 0.0056
     Episode_Reward/move_to_target: 0.0425
          Episode_Reward/action_l2: -0.0045
             Episode_Reward/energy: -0.2660
   Episode_Reward/joint_pos_limits: -0.0213
      Episode_Termination/time_out: 0.1238
  Episode_Termination/torso_height: 0.1474
--------------------------------------------------------------------------------
                   Total timesteps: 65536
                    Iteration time: 0.36s
                      Time elapsed: 00:00:02
                               ETA: 00:05:13

################################################################################
                       [1m Learning iteration 4/500 [0m                       

                       Computation: 47140 steps/s (collection: 0.279s, learning 0.069s)
             Mean action noise std: 0.92
          Mean value_function loss: 0.0249
               Mean surrogate loss: -0.0155
                 Mean entropy loss: 10.7519
                       Mean reward: -3.38
               Mean episode length: 123.70
           Episode_Reward/progress: -0.0058
              Episode_Reward/alive: 0.0684
            Episode_Reward/upright: 0.0061
     Episode_Reward/move_to_target: 0.0424
          Episode_Reward/action_l2: -0.0053
             Episode_Reward/energy: -0.3033
   Episode_Reward/joint_pos_limits: -0.0255
      Episode_Termination/time_out: 0.1401
  Episode_Termination/torso_height: 0.2253
--------------------------------------------------------------------------------
                   Total timesteps: 81920
                    Iteration time: 0.35s
                      Time elapsed: 00:00:02
                               ETA: 00:04:44

################################################################################
                       [1m Learning iteration 5/500 [0m                       

                       Computation: 44399 steps/s (collection: 0.288s, learning 0.081s)
             Mean action noise std: 0.91
          Mean value_function loss: 0.0223
               Mean surrogate loss: -0.0159
                 Mean entropy loss: 10.6176
                       Mean reward: -3.92
               Mean episode length: 149.72
           Episode_Reward/progress: 0.0137
              Episode_Reward/alive: 0.0840
            Episode_Reward/upright: 0.0088
     Episode_Reward/move_to_target: 0.0483
          Episode_Reward/action_l2: -0.0065
             Episode_Reward/energy: -0.3622
   Episode_Reward/joint_pos_limits: -0.0316
      Episode_Termination/time_out: 0.1469
  Episode_Termination/torso_height: 0.3000
--------------------------------------------------------------------------------
                   Total timesteps: 98304
                    Iteration time: 0.37s
                      Time elapsed: 00:00:03
                               ETA: 00:04:26

################################################################################
                       [1m Learning iteration 6/500 [0m                       

                       Computation: 45040 steps/s (collection: 0.278s, learning 0.085s)
             Mean action noise std: 0.89
          Mean value_function loss: 0.0201
               Mean surrogate loss: -0.0162
                 Mean entropy loss: 10.5039
                       Mean reward: -4.06
               Mean episode length: 165.97
           Episode_Reward/progress: 0.0075
              Episode_Reward/alive: 0.0891
            Episode_Reward/upright: 0.0111
     Episode_Reward/move_to_target: 0.0570
          Episode_Reward/action_l2: -0.0067
             Episode_Reward/energy: -0.3655
   Episode_Reward/joint_pos_limits: -0.0349
      Episode_Termination/time_out: 0.1557
  Episode_Termination/torso_height: 0.3589
--------------------------------------------------------------------------------
                   Total timesteps: 114688
                    Iteration time: 0.36s
                      Time elapsed: 00:00:03
                               ETA: 00:04:14

################################################################################
                       [1m Learning iteration 7/500 [0m                       

                       Computation: 43847 steps/s (collection: 0.284s, learning 0.090s)
             Mean action noise std: 0.88
          Mean value_function loss: 0.0167
               Mean surrogate loss: -0.0155
                 Mean entropy loss: 10.3979
                       Mean reward: -4.21
               Mean episode length: 176.87
           Episode_Reward/progress: -0.0040
              Episode_Reward/alive: 0.0923
            Episode_Reward/upright: 0.0107
     Episode_Reward/move_to_target: 0.0602
          Episode_Reward/action_l2: -0.0068
             Episode_Reward/energy: -0.3654
   Episode_Reward/joint_pos_limits: -0.0368
      Episode_Termination/time_out: 0.1649
  Episode_Termination/torso_height: 0.4037
--------------------------------------------------------------------------------
                   Total timesteps: 131072
                    Iteration time: 0.37s
                      Time elapsed: 00:00:03
                               ETA: 00:04:04

################################################################################
                       [1m Learning iteration 8/500 [0m                       

                       Computation: 46615 steps/s (collection: 0.282s, learning 0.070s)
             Mean action noise std: 0.87
          Mean value_function loss: 0.0137
               Mean surrogate loss: -0.0158
                 Mean entropy loss: 10.2919
                       Mean reward: -4.12
               Mean episode length: 181.56
           Episode_Reward/progress: 0.0128
              Episode_Reward/alive: 0.0928
            Episode_Reward/upright: 0.0132
     Episode_Reward/move_to_target: 0.0587
          Episode_Reward/action_l2: -0.0068
             Episode_Reward/energy: -0.3481
   Episode_Reward/joint_pos_limits: -0.0373
      Episode_Termination/time_out: 0.1804
  Episode_Termination/torso_height: 0.4306
--------------------------------------------------------------------------------
                   Total timesteps: 147456
                    Iteration time: 0.35s
                      Time elapsed: 00:00:04
                               ETA: 00:03:56

################################################################################
                       [1m Learning iteration 9/500 [0m                       

                       Computation: 39446 steps/s (collection: 0.324s, learning 0.091s)
             Mean action noise std: 0.86
          Mean value_function loss: 0.0140
               Mean surrogate loss: -0.0131
                 Mean entropy loss: 10.1971
                       Mean reward: -4.37
               Mean episode length: 197.17
           Episode_Reward/progress: -0.0028
              Episode_Reward/alive: 0.1092
            Episode_Reward/upright: 0.0166
     Episode_Reward/move_to_target: 0.0505
          Episode_Reward/action_l2: -0.0079
             Episode_Reward/energy: -0.3996
   Episode_Reward/joint_pos_limits: -0.0463
      Episode_Termination/time_out: 0.1993
  Episode_Termination/torso_height: 0.4399
--------------------------------------------------------------------------------
                   Total timesteps: 163840
                    Iteration time: 0.42s
                      Time elapsed: 00:00:04
                               ETA: 00:03:52

################################################################################
                      [1m Learning iteration 10/500 [0m                       

                       Computation: 42264 steps/s (collection: 0.268s, learning 0.119s)
             Mean action noise std: 0.85
          Mean value_function loss: 0.0119
               Mean surrogate loss: -0.0160
                 Mean entropy loss: 10.0794
                       Mean reward: -4.71
               Mean episode length: 218.90
           Episode_Reward/progress: -0.0232
              Episode_Reward/alive: 0.1289
            Episode_Reward/upright: 0.0206
     Episode_Reward/move_to_target: 0.0646
          Episode_Reward/action_l2: -0.0093
             Episode_Reward/energy: -0.4370
   Episode_Reward/joint_pos_limits: -0.0559
      Episode_Termination/time_out: 0.2209
  Episode_Termination/torso_height: 0.4555
--------------------------------------------------------------------------------
                   Total timesteps: 180224
                    Iteration time: 0.39s
                      Time elapsed: 00:00:05
                               ETA: 00:03:48

################################################################################
                      [1m Learning iteration 11/500 [0m                       

                       Computation: 49210 steps/s (collection: 0.264s, learning 0.069s)
             Mean action noise std: 0.83
          Mean value_function loss: 0.0101
               Mean surrogate loss: -0.0132
                 Mean entropy loss: 9.9429
                       Mean reward: -4.62
               Mean episode length: 225.95
           Episode_Reward/progress: 0.0104
              Episode_Reward/alive: 0.1063
            Episode_Reward/upright: 0.0140
     Episode_Reward/move_to_target: 0.0367
          Episode_Reward/action_l2: -0.0078
             Episode_Reward/energy: -0.3477
   Episode_Reward/joint_pos_limits: -0.0485
      Episode_Termination/time_out: 0.2291
  Episode_Termination/torso_height: 0.4673
--------------------------------------------------------------------------------
                   Total timesteps: 196608
                    Iteration time: 0.33s
                      Time elapsed: 00:00:05
                               ETA: 00:03:42

################################################################################
                      [1m Learning iteration 12/500 [0m                       

                       Computation: 52119 steps/s (collection: 0.246s, learning 0.068s)
             Mean action noise std: 0.82
          Mean value_function loss: 0.0088
               Mean surrogate loss: -0.0129
                 Mean entropy loss: 9.7996
                       Mean reward: -4.82
               Mean episode length: 240.22
           Episode_Reward/progress: 0.0164
              Episode_Reward/alive: 0.1449
            Episode_Reward/upright: 0.0252
     Episode_Reward/move_to_target: 0.0155
          Episode_Reward/action_l2: -0.0101
             Episode_Reward/energy: -0.4446
   Episode_Reward/joint_pos_limits: -0.0671
      Episode_Termination/time_out: 0.2319
  Episode_Termination/torso_height: 0.4764
--------------------------------------------------------------------------------
                   Total timesteps: 212992
                    Iteration time: 0.31s
                      Time elapsed: 00:00:05
                               ETA: 00:03:36

################################################################################
                      [1m Learning iteration 13/500 [0m                       

                       Computation: 48516 steps/s (collection: 0.269s, learning 0.069s)
             Mean action noise std: 0.80
          Mean value_function loss: 0.0086
               Mean surrogate loss: -0.0131
                 Mean entropy loss: 9.6616
                       Mean reward: -4.98
               Mean episode length: 263.41
           Episode_Reward/progress: -0.0071
              Episode_Reward/alive: 0.1895
            Episode_Reward/upright: 0.0301
     Episode_Reward/move_to_target: 0.0758
          Episode_Reward/action_l2: -0.0137
             Episode_Reward/energy: -0.5812
   Episode_Reward/joint_pos_limits: -0.0943
      Episode_Termination/time_out: 0.2438
  Episode_Termination/torso_height: 0.4855
--------------------------------------------------------------------------------
                   Total timesteps: 229376
                    Iteration time: 0.34s
                      Time elapsed: 00:00:06
                               ETA: 00:03:32

################################################################################
                      [1m Learning iteration 14/500 [0m                       

                       Computation: 47941 steps/s (collection: 0.261s, learning 0.081s)
             Mean action noise std: 0.79
          Mean value_function loss: 0.0091
               Mean surrogate loss: -0.0123
                 Mean entropy loss: 9.5077
                       Mean reward: -5.39
               Mean episode length: 296.91
           Episode_Reward/progress: -0.0259
              Episode_Reward/alive: 0.2210
            Episode_Reward/upright: 0.0356
     Episode_Reward/move_to_target: 0.0741
          Episode_Reward/action_l2: -0.0158
             Episode_Reward/energy: -0.6688
   Episode_Reward/joint_pos_limits: -0.1112
      Episode_Termination/time_out: 0.2518
  Episode_Termination/torso_height: 0.4985
--------------------------------------------------------------------------------
                   Total timesteps: 245760
                    Iteration time: 0.34s
                      Time elapsed: 00:00:06
                               ETA: 00:03:29

################################################################################
                      [1m Learning iteration 15/500 [0m                       

                       Computation: 42348 steps/s (collection: 0.296s, learning 0.091s)
             Mean action noise std: 0.77
          Mean value_function loss: 0.0055
               Mean surrogate loss: -0.0114
                 Mean entropy loss: 9.3205
                       Mean reward: -5.59
               Mean episode length: 330.84
           Episode_Reward/progress: 0.0112
              Episode_Reward/alive: 0.2262
            Episode_Reward/upright: 0.0412
     Episode_Reward/move_to_target: 0.1260
          Episode_Reward/action_l2: -0.0162
             Episode_Reward/energy: -0.6293
   Episode_Reward/joint_pos_limits: -0.1223
      Episode_Termination/time_out: 0.2712
  Episode_Termination/torso_height: 0.5056
--------------------------------------------------------------------------------
                   Total timesteps: 262144
                    Iteration time: 0.39s
                      Time elapsed: 00:00:06
                               ETA: 00:03:27

################################################################################
                      [1m Learning iteration 16/500 [0m                       

                       Computation: 47569 steps/s (collection: 0.255s, learning 0.090s)
             Mean action noise std: 0.76
          Mean value_function loss: 0.0057
               Mean surrogate loss: -0.0090
                 Mean entropy loss: 9.1782
                       Mean reward: -5.69
               Mean episode length: 352.04
           Episode_Reward/progress: -0.0400
              Episode_Reward/alive: 0.2565
            Episode_Reward/upright: 0.0473
     Episode_Reward/move_to_target: 0.0662
          Episode_Reward/action_l2: -0.0185
             Episode_Reward/energy: -0.6939
   Episode_Reward/joint_pos_limits: -0.1398
      Episode_Termination/time_out: 0.2936
  Episode_Termination/torso_height: 0.5059
--------------------------------------------------------------------------------
                   Total timesteps: 278528
                    Iteration time: 0.34s
                      Time elapsed: 00:00:07
                               ETA: 00:03:24

################################################################################
                      [1m Learning iteration 17/500 [0m                       

                       Computation: 44110 steps/s (collection: 0.282s, learning 0.089s)
             Mean action noise std: 0.74
          Mean value_function loss: 0.0049
               Mean surrogate loss: -0.0091
                 Mean entropy loss: 9.0019
                       Mean reward: -5.82
               Mean episode length: 371.86
           Episode_Reward/progress: 0.0113
              Episode_Reward/alive: 0.2272
            Episode_Reward/upright: 0.0381
     Episode_Reward/move_to_target: 0.1179
          Episode_Reward/action_l2: -0.0162
             Episode_Reward/energy: -0.5937
   Episode_Reward/joint_pos_limits: -0.1332
      Episode_Termination/time_out: 0.3063
  Episode_Termination/torso_height: 0.5104
--------------------------------------------------------------------------------
                   Total timesteps: 294912
                    Iteration time: 0.37s
                      Time elapsed: 00:00:07
                               ETA: 00:03:22

################################################################################
                      [1m Learning iteration 18/500 [0m                       

                       Computation: 49381 steps/s (collection: 0.261s, learning 0.071s)
             Mean action noise std: 0.73
          Mean value_function loss: 0.0047
               Mean surrogate loss: -0.0085
                 Mean entropy loss: 8.8620
                       Mean reward: -6.07
               Mean episode length: 394.22
           Episode_Reward/progress: -0.0118
              Episode_Reward/alive: 0.2441
            Episode_Reward/upright: 0.0442
     Episode_Reward/move_to_target: 0.0702
          Episode_Reward/action_l2: -0.0172
             Episode_Reward/energy: -0.6244
   Episode_Reward/joint_pos_limits: -0.1422
      Episode_Termination/time_out: 0.3186
  Episode_Termination/torso_height: 0.5143
--------------------------------------------------------------------------------
                   Total timesteps: 311296
                    Iteration time: 0.33s
                      Time elapsed: 00:00:07
                               ETA: 00:03:20

################################################################################
                      [1m Learning iteration 19/500 [0m                       

                       Computation: 52789 steps/s (collection: 0.242s, learning 0.069s)
             Mean action noise std: 0.71
          Mean value_function loss: 0.0042
               Mean surrogate loss: -0.0084
                 Mean entropy loss: 8.7147
                       Mean reward: -6.16
               Mean episode length: 413.81
           Episode_Reward/progress: 0.0272
              Episode_Reward/alive: 0.3232
            Episode_Reward/upright: 0.0618
     Episode_Reward/move_to_target: 0.2411
          Episode_Reward/action_l2: -0.0227
             Episode_Reward/energy: -0.7586
   Episode_Reward/joint_pos_limits: -0.2005
      Episode_Termination/time_out: 0.3281
  Episode_Termination/torso_height: 0.5176
--------------------------------------------------------------------------------
                   Total timesteps: 327680
                    Iteration time: 0.31s
                      Time elapsed: 00:00:08
                               ETA: 00:03:17

################################################################################
                      [1m Learning iteration 20/500 [0m                       

                       Computation: 52752 steps/s (collection: 0.243s, learning 0.067s)
             Mean action noise std: 0.70
          Mean value_function loss: 0.0038
               Mean surrogate loss: -0.0074
                 Mean entropy loss: 8.5929
                       Mean reward: -6.27
               Mean episode length: 437.26
           Episode_Reward/progress: -0.0237
              Episode_Reward/alive: 0.3398
            Episode_Reward/upright: 0.0643
     Episode_Reward/move_to_target: 0.1581
          Episode_Reward/action_l2: -0.0237
             Episode_Reward/energy: -0.8138
   Episode_Reward/joint_pos_limits: -0.2066
      Episode_Termination/time_out: 0.3380
  Episode_Termination/torso_height: 0.5176
--------------------------------------------------------------------------------
                   Total timesteps: 344064
                    Iteration time: 0.31s
                      Time elapsed: 00:00:08
                               ETA: 00:03:14

################################################################################
                      [1m Learning iteration 21/500 [0m                       

                       Computation: 47924 steps/s (collection: 0.251s, learning 0.091s)
             Mean action noise std: 0.69
          Mean value_function loss: 0.0042
               Mean surrogate loss: -0.0086
                 Mean entropy loss: 8.4623
                       Mean reward: -6.47
               Mean episode length: 469.65
           Episode_Reward/progress: -0.0115
              Episode_Reward/alive: 0.2564
            Episode_Reward/upright: 0.0439
     Episode_Reward/move_to_target: 0.1495
          Episode_Reward/action_l2: -0.0182
             Episode_Reward/energy: -0.5826
   Episode_Reward/joint_pos_limits: -0.1694
      Episode_Termination/time_out: 0.3561
  Episode_Termination/torso_height: 0.5200
--------------------------------------------------------------------------------
                   Total timesteps: 360448
                    Iteration time: 0.34s
                      Time elapsed: 00:00:08
                               ETA: 00:03:12

################################################################################
                      [1m Learning iteration 22/500 [0m                       

                       Computation: 50030 steps/s (collection: 0.237s, learning 0.091s)
             Mean action noise std: 0.69
          Mean value_function loss: 0.0045
               Mean surrogate loss: -0.0090
                 Mean entropy loss: 8.3704
                       Mean reward: -6.45
               Mean episode length: 473.44
           Episode_Reward/progress: -0.0421
              Episode_Reward/alive: 0.2722
            Episode_Reward/upright: 0.0508
     Episode_Reward/move_to_target: 0.2231
          Episode_Reward/action_l2: -0.0195
             Episode_Reward/energy: -0.6092
   Episode_Reward/joint_pos_limits: -0.1816
      Episode_Termination/time_out: 0.3653
  Episode_Termination/torso_height: 0.5220
--------------------------------------------------------------------------------
                   Total timesteps: 376832
                    Iteration time: 0.33s
                      Time elapsed: 00:00:09
                               ETA: 00:03:10

################################################################################
                      [1m Learning iteration 23/500 [0m                       

                       Computation: 46746 steps/s (collection: 0.263s, learning 0.088s)
             Mean action noise std: 0.68
          Mean value_function loss: 0.0040
               Mean surrogate loss: -0.0077
                 Mean entropy loss: 8.2739
                       Mean reward: -6.58
               Mean episode length: 503.41
           Episode_Reward/progress: 0.0008
              Episode_Reward/alive: 0.3469
            Episode_Reward/upright: 0.0656
     Episode_Reward/move_to_target: 0.0681
          Episode_Reward/action_l2: -0.0242
             Episode_Reward/energy: -0.7341
   Episode_Reward/joint_pos_limits: -0.2353
      Episode_Termination/time_out: 0.3742
  Episode_Termination/torso_height: 0.5261
--------------------------------------------------------------------------------
                   Total timesteps: 393216
                    Iteration time: 0.35s
                      Time elapsed: 00:00:09
                               ETA: 00:03:09

################################################################################
                      [1m Learning iteration 24/500 [0m                       

                       Computation: 49363 steps/s (collection: 0.240s, learning 0.092s)
             Mean action noise std: 0.67
          Mean value_function loss: 0.0036
               Mean surrogate loss: -0.0091
                 Mean entropy loss: 8.1763
                       Mean reward: -6.50
               Mean episode length: 516.56
           Episode_Reward/progress: 0.0117
              Episode_Reward/alive: 0.3819
            Episode_Reward/upright: 0.0715
     Episode_Reward/move_to_target: 0.1506
          Episode_Reward/action_l2: -0.0263
             Episode_Reward/energy: -0.7672
   Episode_Reward/joint_pos_limits: -0.2665
      Episode_Termination/time_out: 0.3851
  Episode_Termination/torso_height: 0.5293
--------------------------------------------------------------------------------
                   Total timesteps: 409600
                    Iteration time: 0.33s
                      Time elapsed: 00:00:09
                               ETA: 00:03:07

################################################################################
                      [1m Learning iteration 25/500 [0m                       

                       Computation: 47893 steps/s (collection: 0.251s, learning 0.091s)
             Mean action noise std: 0.66
          Mean value_function loss: 0.0038
               Mean surrogate loss: -0.0096
                 Mean entropy loss: 8.0809
                       Mean reward: -6.50
               Mean episode length: 537.38
           Episode_Reward/progress: 0.0102
              Episode_Reward/alive: 0.3273
            Episode_Reward/upright: 0.0606
     Episode_Reward/move_to_target: 0.1293
          Episode_Reward/action_l2: -0.0221
             Episode_Reward/energy: -0.6334
   Episode_Reward/joint_pos_limits: -0.2268
      Episode_Termination/time_out: 0.3895
  Episode_Termination/torso_height: 0.5302
--------------------------------------------------------------------------------
                   Total timesteps: 425984
                    Iteration time: 0.34s
                      Time elapsed: 00:00:10
                               ETA: 00:03:06

################################################################################
                      [1m Learning iteration 26/500 [0m                       

                       Computation: 46743 steps/s (collection: 0.260s, learning 0.091s)
             Mean action noise std: 0.66
          Mean value_function loss: 0.0044
               Mean surrogate loss: -0.0099
                 Mean entropy loss: 8.0105
                       Mean reward: -7.08
               Mean episode length: 575.12
           Episode_Reward/progress: -0.0537
              Episode_Reward/alive: 0.4151
            Episode_Reward/upright: 0.0750
     Episode_Reward/move_to_target: 0.0058
          Episode_Reward/action_l2: -0.0287
             Episode_Reward/energy: -0.8429
   Episode_Reward/joint_pos_limits: -0.2924
      Episode_Termination/time_out: 0.4079
  Episode_Termination/torso_height: 0.5332
--------------------------------------------------------------------------------
                   Total timesteps: 442368
                    Iteration time: 0.35s
                      Time elapsed: 00:00:10
                               ETA: 00:03:05

################################################################################
                      [1m Learning iteration 27/500 [0m                       

                       Computation: 48855 steps/s (collection: 0.246s, learning 0.090s)
             Mean action noise std: 0.65
          Mean value_function loss: 0.0040
               Mean surrogate loss: -0.0084
                 Mean entropy loss: 7.9360
                       Mean reward: -7.23
               Mean episode length: 611.94
           Episode_Reward/progress: 0.0024
              Episode_Reward/alive: 0.4052
            Episode_Reward/upright: 0.0746
     Episode_Reward/move_to_target: 0.1400
          Episode_Reward/action_l2: -0.0275
             Episode_Reward/energy: -0.7884
   Episode_Reward/joint_pos_limits: -0.2886
      Episode_Termination/time_out: 0.4227
  Episode_Termination/torso_height: 0.5332
--------------------------------------------------------------------------------
                   Total timesteps: 458752
                    Iteration time: 0.34s
                      Time elapsed: 00:00:10
                               ETA: 00:03:03

################################################################################
                      [1m Learning iteration 28/500 [0m                       

                       Computation: 48504 steps/s (collection: 0.261s, learning 0.077s)
             Mean action noise std: 0.65
          Mean value_function loss: 0.0048
               Mean surrogate loss: -0.0111
                 Mean entropy loss: 7.8758
                       Mean reward: -7.38
               Mean episode length: 653.67
           Episode_Reward/progress: -0.0414
              Episode_Reward/alive: 0.4737
            Episode_Reward/upright: 0.0910
     Episode_Reward/move_to_target: 0.1553
          Episode_Reward/action_l2: -0.0318
             Episode_Reward/energy: -0.8869
   Episode_Reward/joint_pos_limits: -0.3444
      Episode_Termination/time_out: 0.4408
  Episode_Termination/torso_height: 0.5332
--------------------------------------------------------------------------------
                   Total timesteps: 475136
                    Iteration time: 0.34s
                      Time elapsed: 00:00:11
                               ETA: 00:03:02

################################################################################
                      [1m Learning iteration 29/500 [0m                       

                       Computation: 46754 steps/s (collection: 0.278s, learning 0.072s)
             Mean action noise std: 0.64
          Mean value_function loss: 0.0055
               Mean surrogate loss: -0.0111
                 Mean entropy loss: 7.8184
                       Mean reward: -7.16
               Mean episode length: 687.29
           Episode_Reward/progress: 0.0828
              Episode_Reward/alive: 0.4754
            Episode_Reward/upright: 0.0898
     Episode_Reward/move_to_target: 0.2861
          Episode_Reward/action_l2: -0.0323
             Episode_Reward/energy: -0.8561
   Episode_Reward/joint_pos_limits: -0.3554
      Episode_Termination/time_out: 0.4531
  Episode_Termination/torso_height: 0.5336
--------------------------------------------------------------------------------
                   Total timesteps: 491520
                    Iteration time: 0.35s
                      Time elapsed: 00:00:11
                               ETA: 00:03:01

################################################################################
                      [1m Learning iteration 30/500 [0m                       

                       Computation: 48825 steps/s (collection: 0.266s, learning 0.069s)
             Mean action noise std: 0.64
          Mean value_function loss: 0.0053
               Mean surrogate loss: -0.0115
                 Mean entropy loss: 7.7471
                       Mean reward: -7.51
               Mean episode length: 748.39
           Episode_Reward/progress: 0.0538
              Episode_Reward/alive: 0.4952
            Episode_Reward/upright: 0.0926
     Episode_Reward/move_to_target: 0.1754
          Episode_Reward/action_l2: -0.0330
             Episode_Reward/energy: -0.8735
   Episode_Reward/joint_pos_limits: -0.3721
      Episode_Termination/time_out: 0.4630
  Episode_Termination/torso_height: 0.5370
--------------------------------------------------------------------------------
                   Total timesteps: 507904
                    Iteration time: 0.34s
                      Time elapsed: 00:00:11
                               ETA: 00:03:00

################################################################################
                      [1m Learning iteration 31/500 [0m                       

                       Computation: 46428 steps/s (collection: 0.272s, learning 0.081s)
             Mean action noise std: 0.63
          Mean value_function loss: 0.0056
               Mean surrogate loss: -0.0119
                 Mean entropy loss: 7.6873
                       Mean reward: -6.47
               Mean episode length: 821.06
           Episode_Reward/progress: 0.1142
              Episode_Reward/alive: 0.4403
            Episode_Reward/upright: 0.0839
     Episode_Reward/move_to_target: 0.2491
          Episode_Reward/action_l2: -0.0290
             Episode_Reward/energy: -0.7060
   Episode_Reward/joint_pos_limits: -0.3393
      Episode_Termination/time_out: 0.4667
  Episode_Termination/torso_height: 0.5333
--------------------------------------------------------------------------------
                   Total timesteps: 524288
                    Iteration time: 0.35s
                      Time elapsed: 00:00:12
                               ETA: 00:02:59

################################################################################
                      [1m Learning iteration 32/500 [0m                       

                       Computation: 46743 steps/s (collection: 0.284s, learning 0.067s)
             Mean action noise std: 0.63
          Mean value_function loss: 0.0069
               Mean surrogate loss: -0.0102
                 Mean entropy loss: 7.6246
                       Mean reward: -4.39
               Mean episode length: 918.23
           Episode_Reward/progress: 0.0851
              Episode_Reward/alive: 0.4873
            Episode_Reward/upright: 0.0938
     Episode_Reward/move_to_target: 0.3679
          Episode_Reward/action_l2: -0.0319
             Episode_Reward/energy: -0.7135
   Episode_Reward/joint_pos_limits: -0.3915
      Episode_Termination/time_out: 0.5066
  Episode_Termination/torso_height: 0.4934
--------------------------------------------------------------------------------
                   Total timesteps: 540672
                    Iteration time: 0.35s
                      Time elapsed: 00:00:12
                               ETA: 00:02:58

################################################################################
                      [1m Learning iteration 33/500 [0m                       

                       Computation: 46695 steps/s (collection: 0.279s, learning 0.072s)
             Mean action noise std: 0.62
          Mean value_function loss: 0.0084
               Mean surrogate loss: -0.0109
                 Mean entropy loss: 7.5564
                       Mean reward: -1.67
               Mean episode length: 922.91
           Episode_Reward/progress: 0.1152
              Episode_Reward/alive: 0.4808
            Episode_Reward/upright: 0.0928
     Episode_Reward/move_to_target: 0.3134
          Episode_Reward/action_l2: -0.0311
             Episode_Reward/energy: -0.6406
   Episode_Reward/joint_pos_limits: -0.3957
      Episode_Termination/time_out: 0.5491
  Episode_Termination/torso_height: 0.4509
--------------------------------------------------------------------------------
                   Total timesteps: 557056
                    Iteration time: 0.35s
                      Time elapsed: 00:00:12
                               ETA: 00:02:58

################################################################################
                      [1m Learning iteration 34/500 [0m                       

                       Computation: 42004 steps/s (collection: 0.319s, learning 0.071s)
             Mean action noise std: 0.61
          Mean value_function loss: 0.0109
               Mean surrogate loss: -0.0088
                 Mean entropy loss: 7.4607
                       Mean reward: 0.07
               Mean episode length: 904.97
           Episode_Reward/progress: 0.1479
              Episode_Reward/alive: 0.4487
            Episode_Reward/upright: 0.0870
     Episode_Reward/move_to_target: 0.3581
          Episode_Reward/action_l2: -0.0289
             Episode_Reward/energy: -0.5607
   Episode_Reward/joint_pos_limits: -0.3766
      Episode_Termination/time_out: 0.6022
  Episode_Termination/torso_height: 0.3978
--------------------------------------------------------------------------------
                   Total timesteps: 573440
                    Iteration time: 0.39s
                      Time elapsed: 00:00:13
                               ETA: 00:02:57

################################################################################
                      [1m Learning iteration 35/500 [0m                       

                       Computation: 43247 steps/s (collection: 0.289s, learning 0.090s)
             Mean action noise std: 0.61
          Mean value_function loss: 0.0143
               Mean surrogate loss: -0.0092
                 Mean entropy loss: 7.4076
                       Mean reward: 1.95
               Mean episode length: 902.20
           Episode_Reward/progress: 0.1817
              Episode_Reward/alive: 0.4675
            Episode_Reward/upright: 0.0905
     Episode_Reward/move_to_target: 0.3748
          Episode_Reward/action_l2: -0.0299
             Episode_Reward/energy: -0.5542
   Episode_Reward/joint_pos_limits: -0.3963
      Episode_Termination/time_out: 0.6642
  Episode_Termination/torso_height: 0.3358
--------------------------------------------------------------------------------
                   Total timesteps: 589824
                    Iteration time: 0.38s
                      Time elapsed: 00:00:13
                               ETA: 00:02:57

################################################################################
                      [1m Learning iteration 36/500 [0m                       

                       Computation: 45605 steps/s (collection: 0.289s, learning 0.071s)
             Mean action noise std: 0.61
          Mean value_function loss: 0.0147
               Mean surrogate loss: -0.0118
                 Mean entropy loss: 7.3469
                       Mean reward: 2.92
               Mean episode length: 822.73
           Episode_Reward/progress: 0.1740
              Episode_Reward/alive: 0.3545
            Episode_Reward/upright: 0.0670
     Episode_Reward/move_to_target: 0.3266
          Episode_Reward/action_l2: -0.0226
             Episode_Reward/energy: -0.3870
   Episode_Reward/joint_pos_limits: -0.3109
      Episode_Termination/time_out: 0.7060
  Episode_Termination/torso_height: 0.2940
--------------------------------------------------------------------------------
                   Total timesteps: 606208
                    Iteration time: 0.36s
                      Time elapsed: 00:00:14
                               ETA: 00:02:56

################################################################################
                      [1m Learning iteration 37/500 [0m                       

                       Computation: 47323 steps/s (collection: 0.279s, learning 0.067s)
             Mean action noise std: 0.60
          Mean value_function loss: 0.0158
               Mean surrogate loss: -0.0098
                 Mean entropy loss: 7.2867
                       Mean reward: 3.64
               Mean episode length: 781.52
           Episode_Reward/progress: 0.2189
              Episode_Reward/alive: 0.4168
            Episode_Reward/upright: 0.0810
     Episode_Reward/move_to_target: 0.3752
          Episode_Reward/action_l2: -0.0260
             Episode_Reward/energy: -0.4347
   Episode_Reward/joint_pos_limits: -0.3636
      Episode_Termination/time_out: 0.7372
  Episode_Termination/torso_height: 0.2628
--------------------------------------------------------------------------------
                   Total timesteps: 622592
                    Iteration time: 0.35s
                      Time elapsed: 00:00:14
                               ETA: 00:02:55

################################################################################
                      [1m Learning iteration 38/500 [0m                       

                       Computation: 44545 steps/s (collection: 0.279s, learning 0.089s)
             Mean action noise std: 0.60
          Mean value_function loss: 0.0180
               Mean surrogate loss: -0.0094
                 Mean entropy loss: 7.2240
                       Mean reward: 3.86
               Mean episode length: 763.62
           Episode_Reward/progress: 0.2351
              Episode_Reward/alive: 0.4079
            Episode_Reward/upright: 0.0795
     Episode_Reward/move_to_target: 0.3690
          Episode_Reward/action_l2: -0.0254
             Episode_Reward/energy: -0.4135
   Episode_Reward/joint_pos_limits: -0.3592
      Episode_Termination/time_out: 0.7669
  Episode_Termination/torso_height: 0.2331
--------------------------------------------------------------------------------
                   Total timesteps: 638976
                    Iteration time: 0.37s
                      Time elapsed: 00:00:14
                               ETA: 00:02:55

################################################################################
                      [1m Learning iteration 39/500 [0m                       

                       Computation: 48683 steps/s (collection: 0.269s, learning 0.068s)
             Mean action noise std: 0.59
          Mean value_function loss: 0.0176
               Mean surrogate loss: -0.0093
                 Mean entropy loss: 7.1878
                       Mean reward: 4.14
               Mean episode length: 774.90
           Episode_Reward/progress: 0.2191
              Episode_Reward/alive: 0.4235
            Episode_Reward/upright: 0.0816
     Episode_Reward/move_to_target: 0.3756
          Episode_Reward/action_l2: -0.0263
             Episode_Reward/energy: -0.3806
   Episode_Reward/joint_pos_limits: -0.3928
      Episode_Termination/time_out: 0.7802
  Episode_Termination/torso_height: 0.2198
--------------------------------------------------------------------------------
                   Total timesteps: 655360
                    Iteration time: 0.34s
                      Time elapsed: 00:00:15
                               ETA: 00:02:54

################################################################################
                      [1m Learning iteration 40/500 [0m                       

                       Computation: 47445 steps/s (collection: 0.278s, learning 0.067s)
             Mean action noise std: 0.59
          Mean value_function loss: 0.0169
               Mean surrogate loss: -0.0096
                 Mean entropy loss: 7.1244
                       Mean reward: 5.24
               Mean episode length: 786.76
           Episode_Reward/progress: 0.3321
              Episode_Reward/alive: 0.4203
            Episode_Reward/upright: 0.0813
     Episode_Reward/move_to_target: 0.4072
          Episode_Reward/action_l2: -0.0257
             Episode_Reward/energy: -0.3777
   Episode_Reward/joint_pos_limits: -0.3861
      Episode_Termination/time_out: 0.8024
  Episode_Termination/torso_height: 0.1976
--------------------------------------------------------------------------------
                   Total timesteps: 671744
                    Iteration time: 0.35s
                      Time elapsed: 00:00:15
                               ETA: 00:02:53

################################################################################
                      [1m Learning iteration 41/500 [0m                       

                       Computation: 50399 steps/s (collection: 0.257s, learning 0.068s)
             Mean action noise std: 0.58
          Mean value_function loss: 0.0211
               Mean surrogate loss: -0.0106
                 Mean entropy loss: 7.0512
                       Mean reward: 5.61
               Mean episode length: 748.67
           Episode_Reward/progress: 0.3211
              Episode_Reward/alive: 0.4076
            Episode_Reward/upright: 0.0793
     Episode_Reward/move_to_target: 0.3849
          Episode_Reward/action_l2: -0.0249
             Episode_Reward/energy: -0.3438
   Episode_Reward/joint_pos_limits: -0.3818
      Episode_Termination/time_out: 0.8142
  Episode_Termination/torso_height: 0.1858
--------------------------------------------------------------------------------
                   Total timesteps: 688128
                    Iteration time: 0.33s
                      Time elapsed: 00:00:15
                               ETA: 00:02:52

################################################################################
                      [1m Learning iteration 42/500 [0m                       

                       Computation: 49246 steps/s (collection: 0.265s, learning 0.068s)
             Mean action noise std: 0.58
          Mean value_function loss: 0.0189
               Mean surrogate loss: -0.0089
                 Mean entropy loss: 6.9940
                       Mean reward: 6.13
               Mean episode length: 752.20
           Episode_Reward/progress: 0.2853
              Episode_Reward/alive: 0.3361
            Episode_Reward/upright: 0.0636
     Episode_Reward/move_to_target: 0.3212
          Episode_Reward/action_l2: -0.0204
             Episode_Reward/energy: -0.2992
   Episode_Reward/joint_pos_limits: -0.3110
      Episode_Termination/time_out: 0.8112
  Episode_Termination/torso_height: 0.1888
--------------------------------------------------------------------------------
                   Total timesteps: 704512
                    Iteration time: 0.33s
                      Time elapsed: 00:00:16
                               ETA: 00:02:52

################################################################################
                      [1m Learning iteration 43/500 [0m                       

                       Computation: 49769 steps/s (collection: 0.258s, learning 0.071s)
             Mean action noise std: 0.58
          Mean value_function loss: 0.0207
               Mean surrogate loss: -0.0081
                 Mean entropy loss: 6.9325
                       Mean reward: 6.84
               Mean episode length: 751.21
           Episode_Reward/progress: 0.4240
              Episode_Reward/alive: 0.4105
            Episode_Reward/upright: 0.0791
     Episode_Reward/move_to_target: 0.4062
          Episode_Reward/action_l2: -0.0240
             Episode_Reward/energy: -0.3770
   Episode_Reward/joint_pos_limits: -0.3708
      Episode_Termination/time_out: 0.8159
  Episode_Termination/torso_height: 0.1841
--------------------------------------------------------------------------------
                   Total timesteps: 720896
                    Iteration time: 0.33s
                      Time elapsed: 00:00:16
                               ETA: 00:02:51

################################################################################
                      [1m Learning iteration 44/500 [0m                       

                       Computation: 49015 steps/s (collection: 0.264s, learning 0.070s)
             Mean action noise std: 0.57
          Mean value_function loss: 0.0198
               Mean surrogate loss: -0.0094
                 Mean entropy loss: 6.8719
                       Mean reward: 7.45
               Mean episode length: 743.98
           Episode_Reward/progress: 0.4770
              Episode_Reward/alive: 0.4543
            Episode_Reward/upright: 0.0891
     Episode_Reward/move_to_target: 0.4471
          Episode_Reward/action_l2: -0.0271
             Episode_Reward/energy: -0.4058
   Episode_Reward/joint_pos_limits: -0.4220
      Episode_Termination/time_out: 0.8234
  Episode_Termination/torso_height: 0.1766
--------------------------------------------------------------------------------
                   Total timesteps: 737280
                    Iteration time: 0.33s
                      Time elapsed: 00:00:16
                               ETA: 00:02:50

################################################################################
                      [1m Learning iteration 45/500 [0m                       

                       Computation: 48375 steps/s (collection: 0.266s, learning 0.073s)
             Mean action noise std: 0.57
          Mean value_function loss: 0.0218
               Mean surrogate loss: -0.0099
                 Mean entropy loss: 6.8134
                       Mean reward: 7.88
               Mean episode length: 723.85
           Episode_Reward/progress: 0.4361
              Episode_Reward/alive: 0.3574
            Episode_Reward/upright: 0.0689
     Episode_Reward/move_to_target: 0.3474
          Episode_Reward/action_l2: -0.0205
             Episode_Reward/energy: -0.3264
   Episode_Reward/joint_pos_limits: -0.3214
      Episode_Termination/time_out: 0.8273
  Episode_Termination/torso_height: 0.1727
--------------------------------------------------------------------------------
                   Total timesteps: 753664
                    Iteration time: 0.34s
                      Time elapsed: 00:00:17
                               ETA: 00:02:49

################################################################################
                      [1m Learning iteration 46/500 [0m                       

                       Computation: 46792 steps/s (collection: 0.280s, learning 0.070s)
             Mean action noise std: 0.56
          Mean value_function loss: 0.0248
               Mean surrogate loss: -0.0070
                 Mean entropy loss: 6.7683
                       Mean reward: 8.38
               Mean episode length: 716.18
           Episode_Reward/progress: 0.4474
              Episode_Reward/alive: 0.3443
            Episode_Reward/upright: 0.0650
     Episode_Reward/move_to_target: 0.3330
          Episode_Reward/action_l2: -0.0197
             Episode_Reward/energy: -0.3327
   Episode_Reward/joint_pos_limits: -0.3026
      Episode_Termination/time_out: 0.8240
  Episode_Termination/torso_height: 0.1760
--------------------------------------------------------------------------------
                   Total timesteps: 770048
                    Iteration time: 0.35s
                      Time elapsed: 00:00:17
                               ETA: 00:02:49

################################################################################
                      [1m Learning iteration 47/500 [0m                       

                       Computation: 49517 steps/s (collection: 0.263s, learning 0.068s)
             Mean action noise std: 0.56
          Mean value_function loss: 0.0250
               Mean surrogate loss: -0.0103
                 Mean entropy loss: 6.6999
                       Mean reward: 9.10
               Mean episode length: 738.76
           Episode_Reward/progress: 0.5147
              Episode_Reward/alive: 0.3354
            Episode_Reward/upright: 0.0639
     Episode_Reward/move_to_target: 0.3272
          Episode_Reward/action_l2: -0.0190
             Episode_Reward/energy: -0.3328
   Episode_Reward/joint_pos_limits: -0.2966
      Episode_Termination/time_out: 0.8198
  Episode_Termination/torso_height: 0.1802
--------------------------------------------------------------------------------
                   Total timesteps: 786432
                    Iteration time: 0.33s
                      Time elapsed: 00:00:17
                               ETA: 00:02:48

################################################################################
                      [1m Learning iteration 48/500 [0m                       

                       Computation: 47169 steps/s (collection: 0.268s, learning 0.079s)
             Mean action noise std: 0.55
          Mean value_function loss: 0.0344
               Mean surrogate loss: -0.0075
                 Mean entropy loss: 6.6450
                       Mean reward: 9.47
               Mean episode length: 719.65
           Episode_Reward/progress: 0.5572
              Episode_Reward/alive: 0.3374
            Episode_Reward/upright: 0.0633
     Episode_Reward/move_to_target: 0.3277
          Episode_Reward/action_l2: -0.0191
             Episode_Reward/energy: -0.3386
   Episode_Reward/joint_pos_limits: -0.2950
      Episode_Termination/time_out: 0.8116
  Episode_Termination/torso_height: 0.1884
--------------------------------------------------------------------------------
                   Total timesteps: 802816
                    Iteration time: 0.35s
                      Time elapsed: 00:00:18
                               ETA: 00:02:47

################################################################################
                      [1m Learning iteration 49/500 [0m                       

                       Computation: 44818 steps/s (collection: 0.278s, learning 0.088s)
             Mean action noise std: 0.55
          Mean value_function loss: 0.0270
               Mean surrogate loss: -0.0102
                 Mean entropy loss: 6.5877
                       Mean reward: 9.45
               Mean episode length: 686.62
           Episode_Reward/progress: 0.4434
              Episode_Reward/alive: 0.2178
            Episode_Reward/upright: 0.0392
     Episode_Reward/move_to_target: 0.2029
          Episode_Reward/action_l2: -0.0119
             Episode_Reward/energy: -0.2460
   Episode_Reward/joint_pos_limits: -0.1816
      Episode_Termination/time_out: 0.8010
  Episode_Termination/torso_height: 0.1990
--------------------------------------------------------------------------------
                   Total timesteps: 819200
                    Iteration time: 0.37s
                      Time elapsed: 00:00:18
                               ETA: 00:02:47

################################################################################
                      [1m Learning iteration 50/500 [0m                       

                       Computation: 47059 steps/s (collection: 0.258s, learning 0.090s)
             Mean action noise std: 0.55
          Mean value_function loss: 0.0348
               Mean surrogate loss: -0.0094
                 Mean entropy loss: 6.5343
                       Mean reward: 9.55
               Mean episode length: 655.39
           Episode_Reward/progress: 0.5859
              Episode_Reward/alive: 0.2808
            Episode_Reward/upright: 0.0531
     Episode_Reward/move_to_target: 0.2692
          Episode_Reward/action_l2: -0.0148
             Episode_Reward/energy: -0.3096
   Episode_Reward/joint_pos_limits: -0.2305
      Episode_Termination/time_out: 0.7880
  Episode_Termination/torso_height: 0.2120
--------------------------------------------------------------------------------
                   Total timesteps: 835584
                    Iteration time: 0.35s
                      Time elapsed: 00:00:18
                               ETA: 00:02:46

################################################################################
                      [1m Learning iteration 51/500 [0m                       

                       Computation: 44473 steps/s (collection: 0.277s, learning 0.091s)
             Mean action noise std: 0.54
          Mean value_function loss: 0.0351
               Mean surrogate loss: -0.0102
                 Mean entropy loss: 6.4762
                       Mean reward: 9.70
               Mean episode length: 633.50
           Episode_Reward/progress: 0.5732
              Episode_Reward/alive: 0.3093
            Episode_Reward/upright: 0.0570
     Episode_Reward/move_to_target: 0.2912
          Episode_Reward/action_l2: -0.0169
             Episode_Reward/energy: -0.3511
   Episode_Reward/joint_pos_limits: -0.2576
      Episode_Termination/time_out: 0.7773
  Episode_Termination/torso_height: 0.2227
--------------------------------------------------------------------------------
                   Total timesteps: 851968
                    Iteration time: 0.37s
                      Time elapsed: 00:00:19
                               ETA: 00:02:46

################################################################################
                      [1m Learning iteration 52/500 [0m                       

                       Computation: 46878 steps/s (collection: 0.260s, learning 0.089s)
             Mean action noise std: 0.54
          Mean value_function loss: 0.0372
               Mean surrogate loss: -0.0086
                 Mean entropy loss: 6.4128
                       Mean reward: 9.52
               Mean episode length: 587.99
           Episode_Reward/progress: 0.5105
              Episode_Reward/alive: 0.2189
            Episode_Reward/upright: 0.0378
     Episode_Reward/move_to_target: 0.2018
          Episode_Reward/action_l2: -0.0120
             Episode_Reward/energy: -0.2961
   Episode_Reward/joint_pos_limits: -0.1734
      Episode_Termination/time_out: 0.7557
  Episode_Termination/torso_height: 0.2443
--------------------------------------------------------------------------------
                   Total timesteps: 868352
                    Iteration time: 0.35s
                      Time elapsed: 00:00:19
                               ETA: 00:02:45

################################################################################
                      [1m Learning iteration 53/500 [0m                       

                       Computation: 45267 steps/s (collection: 0.274s, learning 0.088s)
             Mean action noise std: 0.54
          Mean value_function loss: 0.0425
               Mean surrogate loss: -0.0083
                 Mean entropy loss: 6.3657
                       Mean reward: 9.82
               Mean episode length: 567.68
           Episode_Reward/progress: 0.6515
              Episode_Reward/alive: 0.3058
            Episode_Reward/upright: 0.0572
     Episode_Reward/move_to_target: 0.2947
          Episode_Reward/action_l2: -0.0164
             Episode_Reward/energy: -0.3552
   Episode_Reward/joint_pos_limits: -0.2515
      Episode_Termination/time_out: 0.7418
  Episode_Termination/torso_height: 0.2582
--------------------------------------------------------------------------------
                   Total timesteps: 884736
                    Iteration time: 0.36s
                      Time elapsed: 00:00:19
                               ETA: 00:02:45

################################################################################
                      [1m Learning iteration 54/500 [0m                       

                       Computation: 46423 steps/s (collection: 0.263s, learning 0.090s)
             Mean action noise std: 0.53
          Mean value_function loss: 0.0421
               Mean surrogate loss: -0.0080
                 Mean entropy loss: 6.3060
                       Mean reward: 9.95
               Mean episode length: 558.22
           Episode_Reward/progress: 0.7933
              Episode_Reward/alive: 0.3426
            Episode_Reward/upright: 0.0643
     Episode_Reward/move_to_target: 0.3290
          Episode_Reward/action_l2: -0.0184
             Episode_Reward/energy: -0.4106
   Episode_Reward/joint_pos_limits: -0.2799
      Episode_Termination/time_out: 0.7316
  Episode_Termination/torso_height: 0.2684
--------------------------------------------------------------------------------
                   Total timesteps: 901120
                    Iteration time: 0.35s
                      Time elapsed: 00:00:20
                               ETA: 00:02:44

################################################################################
                      [1m Learning iteration 55/500 [0m                       

                       Computation: 42480 steps/s (collection: 0.318s, learning 0.068s)
             Mean action noise std: 0.53
          Mean value_function loss: 0.0389
               Mean surrogate loss: -0.0090
                 Mean entropy loss: 6.2397
                       Mean reward: 11.17
               Mean episode length: 581.25
           Episode_Reward/progress: 0.7763
              Episode_Reward/alive: 0.2927
            Episode_Reward/upright: 0.0526
     Episode_Reward/move_to_target: 0.2744
          Episode_Reward/action_l2: -0.0156
             Episode_Reward/energy: -0.3793
   Episode_Reward/joint_pos_limits: -0.2286
      Episode_Termination/time_out: 0.7099
  Episode_Termination/torso_height: 0.2901
--------------------------------------------------------------------------------
                   Total timesteps: 917504
                    Iteration time: 0.39s
                      Time elapsed: 00:00:20
                               ETA: 00:02:44

################################################################################
                      [1m Learning iteration 56/500 [0m                       

                       Computation: 46052 steps/s (collection: 0.275s, learning 0.081s)
             Mean action noise std: 0.52
          Mean value_function loss: 0.0401
               Mean surrogate loss: -0.0087
                 Mean entropy loss: 6.1833
                       Mean reward: 12.09
               Mean episode length: 615.75
           Episode_Reward/progress: 1.0847
              Episode_Reward/alive: 0.4479
            Episode_Reward/upright: 0.0854
     Episode_Reward/move_to_target: 0.4377
          Episode_Reward/action_l2: -0.0237
             Episode_Reward/energy: -0.5662
   Episode_Reward/joint_pos_limits: -0.3560
      Episode_Termination/time_out: 0.6982
  Episode_Termination/torso_height: 0.3018
--------------------------------------------------------------------------------
                   Total timesteps: 933888
                    Iteration time: 0.36s
                      Time elapsed: 00:00:21
                               ETA: 00:02:44

################################################################################
                      [1m Learning iteration 57/500 [0m                       

                       Computation: 47218 steps/s (collection: 0.276s, learning 0.071s)
             Mean action noise std: 0.52
          Mean value_function loss: 0.0413
               Mean surrogate loss: -0.0090
                 Mean entropy loss: 6.1269
                       Mean reward: 13.25
               Mean episode length: 639.75
           Episode_Reward/progress: 1.0394
              Episode_Reward/alive: 0.3755
            Episode_Reward/upright: 0.0720
     Episode_Reward/move_to_target: 0.3666
          Episode_Reward/action_l2: -0.0196
             Episode_Reward/energy: -0.4718
   Episode_Reward/joint_pos_limits: -0.2927
      Episode_Termination/time_out: 0.6911
  Episode_Termination/torso_height: 0.3089
--------------------------------------------------------------------------------
                   Total timesteps: 950272
                    Iteration time: 0.35s
                      Time elapsed: 00:00:21
                               ETA: 00:02:43

################################################################################
                      [1m Learning iteration 58/500 [0m                       

                       Computation: 43635 steps/s (collection: 0.290s, learning 0.085s)
             Mean action noise std: 0.52
          Mean value_function loss: 0.0421
               Mean surrogate loss: -0.0057
                 Mean entropy loss: 6.0795
                       Mean reward: 13.92
               Mean episode length: 644.05
           Episode_Reward/progress: 0.8075
              Episode_Reward/alive: 0.2933
            Episode_Reward/upright: 0.0543
     Episode_Reward/move_to_target: 0.2790
          Episode_Reward/action_l2: -0.0155
             Episode_Reward/energy: -0.3835
   Episode_Reward/joint_pos_limits: -0.2283
      Episode_Termination/time_out: 0.6733
  Episode_Termination/torso_height: 0.3267
--------------------------------------------------------------------------------
                   Total timesteps: 966656
                    Iteration time: 0.38s
                      Time elapsed: 00:00:21
                               ETA: 00:02:43

################################################################################
                      [1m Learning iteration 59/500 [0m                       

                       Computation: 46954 steps/s (collection: 0.274s, learning 0.075s)
             Mean action noise std: 0.51
          Mean value_function loss: 0.0400
               Mean surrogate loss: -0.0087
                 Mean entropy loss: 6.0105
                       Mean reward: 14.14
               Mean episode length: 637.70
           Episode_Reward/progress: 0.8179
              Episode_Reward/alive: 0.2840
            Episode_Reward/upright: 0.0534
     Episode_Reward/move_to_target: 0.2694
          Episode_Reward/action_l2: -0.0146
             Episode_Reward/energy: -0.3855
   Episode_Reward/joint_pos_limits: -0.2122
      Episode_Termination/time_out: 0.6660
  Episode_Termination/torso_height: 0.3340
--------------------------------------------------------------------------------
                   Total timesteps: 983040
                    Iteration time: 0.35s
                      Time elapsed: 00:00:22
                               ETA: 00:02:42

################################################################################
                      [1m Learning iteration 60/500 [0m                       

                       Computation: 41595 steps/s (collection: 0.305s, learning 0.089s)
             Mean action noise std: 0.51
          Mean value_function loss: 0.0487
               Mean surrogate loss: -0.0094
                 Mean entropy loss: 5.9471
                       Mean reward: 14.37
               Mean episode length: 641.46
           Episode_Reward/progress: 0.9816
              Episode_Reward/alive: 0.3606
            Episode_Reward/upright: 0.0657
     Episode_Reward/move_to_target: 0.3462
          Episode_Reward/action_l2: -0.0189
             Episode_Reward/energy: -0.4775
   Episode_Reward/joint_pos_limits: -0.2798
      Episode_Termination/time_out: 0.6509
  Episode_Termination/torso_height: 0.3491
--------------------------------------------------------------------------------
                   Total timesteps: 999424
                    Iteration time: 0.39s
                      Time elapsed: 00:00:22
                               ETA: 00:02:42

################################################################################
                      [1m Learning iteration 61/500 [0m                       

                       Computation: 42035 steps/s (collection: 0.300s, learning 0.090s)
             Mean action noise std: 0.51
          Mean value_function loss: 0.0520
               Mean surrogate loss: -0.0090
                 Mean entropy loss: 5.8879
                       Mean reward: 15.60
               Mean episode length: 671.37
           Episode_Reward/progress: 1.2985
              Episode_Reward/alive: 0.4408
            Episode_Reward/upright: 0.0830
     Episode_Reward/move_to_target: 0.4286
          Episode_Reward/action_l2: -0.0231
             Episode_Reward/energy: -0.6225
   Episode_Reward/joint_pos_limits: -0.3298
      Episode_Termination/time_out: 0.6387
  Episode_Termination/torso_height: 0.3613
--------------------------------------------------------------------------------
                   Total timesteps: 1015808
                    Iteration time: 0.39s
                      Time elapsed: 00:00:22
                               ETA: 00:02:42

################################################################################
                      [1m Learning iteration 62/500 [0m                       

                       Computation: 31304 steps/s (collection: 0.409s, learning 0.114s)
             Mean action noise std: 0.50
          Mean value_function loss: 0.0434
               Mean surrogate loss: -0.0080
                 Mean entropy loss: 5.8295
                       Mean reward: 17.88
               Mean episode length: 732.61
           Episode_Reward/progress: 1.3282
              Episode_Reward/alive: 0.4181
            Episode_Reward/upright: 0.0796
     Episode_Reward/move_to_target: 0.4066
          Episode_Reward/action_l2: -0.0220
             Episode_Reward/energy: -0.5985
   Episode_Reward/joint_pos_limits: -0.3140
      Episode_Termination/time_out: 0.6295
  Episode_Termination/torso_height: 0.3705
--------------------------------------------------------------------------------
                   Total timesteps: 1032192
                    Iteration time: 0.52s
                      Time elapsed: 00:00:23
                               ETA: 00:02:43

################################################################################
                      [1m Learning iteration 63/500 [0m                       

                       Computation: 38729 steps/s (collection: 0.346s, learning 0.077s)
             Mean action noise std: 0.50
          Mean value_function loss: 0.0445
               Mean surrogate loss: -0.0097
                 Mean entropy loss: 5.7780
                       Mean reward: 21.18
               Mean episode length: 825.54
           Episode_Reward/progress: 1.4769
              Episode_Reward/alive: 0.4612
            Episode_Reward/upright: 0.0890
     Episode_Reward/move_to_target: 0.4467
          Episode_Reward/action_l2: -0.0240
             Episode_Reward/energy: -0.6671
   Episode_Reward/joint_pos_limits: -0.3428
      Episode_Termination/time_out: 0.6193
  Episode_Termination/torso_height: 0.3807
--------------------------------------------------------------------------------
                   Total timesteps: 1048576
                    Iteration time: 0.42s
                      Time elapsed: 00:00:23
                               ETA: 00:02:42

################################################################################
                      [1m Learning iteration 64/500 [0m                       

                       Computation: 38543 steps/s (collection: 0.345s, learning 0.080s)
             Mean action noise std: 0.50
          Mean value_function loss: 0.0464
               Mean surrogate loss: -0.0098
                 Mean entropy loss: 5.7231
                       Mean reward: 22.13
               Mean episode length: 826.56
           Episode_Reward/progress: 1.4850
              Episode_Reward/alive: 0.4357
            Episode_Reward/upright: 0.0832
     Episode_Reward/move_to_target: 0.4246
          Episode_Reward/action_l2: -0.0230
             Episode_Reward/energy: -0.6625
   Episode_Reward/joint_pos_limits: -0.3200
      Episode_Termination/time_out: 0.6155
  Episode_Termination/torso_height: 0.3845
--------------------------------------------------------------------------------
                   Total timesteps: 1064960
                    Iteration time: 0.43s
                      Time elapsed: 00:00:24
                               ETA: 00:02:42

################################################################################
                      [1m Learning iteration 65/500 [0m                       

                       Computation: 37465 steps/s (collection: 0.353s, learning 0.084s)
             Mean action noise std: 0.49
          Mean value_function loss: 0.0460
               Mean surrogate loss: -0.0091
                 Mean entropy loss: 5.6885
                       Mean reward: 22.97
               Mean episode length: 834.34
           Episode_Reward/progress: 1.5135
              Episode_Reward/alive: 0.4310
            Episode_Reward/upright: 0.0840
     Episode_Reward/move_to_target: 0.4218
          Episode_Reward/action_l2: -0.0222
             Episode_Reward/energy: -0.6281
   Episode_Reward/joint_pos_limits: -0.3170
      Episode_Termination/time_out: 0.6108
  Episode_Termination/torso_height: 0.3892
--------------------------------------------------------------------------------
                   Total timesteps: 1081344
                    Iteration time: 0.44s
                      Time elapsed: 00:00:24
                               ETA: 00:02:43

################################################################################
                      [1m Learning iteration 66/500 [0m                       

                       Computation: 39697 steps/s (collection: 0.323s, learning 0.090s)
             Mean action noise std: 0.49
          Mean value_function loss: 0.0465
               Mean surrogate loss: -0.0077
                 Mean entropy loss: 5.6387
                       Mean reward: 22.72
               Mean episode length: 803.82
           Episode_Reward/progress: 1.4379
              Episode_Reward/alive: 0.3888
            Episode_Reward/upright: 0.0746
     Episode_Reward/move_to_target: 0.3773
          Episode_Reward/action_l2: -0.0205
             Episode_Reward/energy: -0.5991
   Episode_Reward/joint_pos_limits: -0.2847
      Episode_Termination/time_out: 0.6096
  Episode_Termination/torso_height: 0.3904
--------------------------------------------------------------------------------
                   Total timesteps: 1097728
                    Iteration time: 0.41s
                      Time elapsed: 00:00:25
                               ETA: 00:02:42

################################################################################
                      [1m Learning iteration 67/500 [0m                       

                       Computation: 39226 steps/s (collection: 0.325s, learning 0.092s)
             Mean action noise std: 0.49
          Mean value_function loss: 0.0358
               Mean surrogate loss: -0.0093
                 Mean entropy loss: 5.5901
                       Mean reward: 23.09
               Mean episode length: 807.33
           Episode_Reward/progress: 1.7021
              Episode_Reward/alive: 0.4607
            Episode_Reward/upright: 0.0890
     Episode_Reward/move_to_target: 0.4503
          Episode_Reward/action_l2: -0.0242
             Episode_Reward/energy: -0.7119
   Episode_Reward/joint_pos_limits: -0.3350
      Episode_Termination/time_out: 0.6113
  Episode_Termination/torso_height: 0.3887
--------------------------------------------------------------------------------
                   Total timesteps: 1114112
                    Iteration time: 0.42s
                      Time elapsed: 00:00:25
                               ETA: 00:02:42

################################################################################
                      [1m Learning iteration 68/500 [0m                       

                       Computation: 43032 steps/s (collection: 0.307s, learning 0.074s)
             Mean action noise std: 0.49
          Mean value_function loss: 0.0502
               Mean surrogate loss: -0.0054
                 Mean entropy loss: 5.5618
                       Mean reward: 24.12
               Mean episode length: 819.57
           Episode_Reward/progress: 1.7009
              Episode_Reward/alive: 0.4526
            Episode_Reward/upright: 0.0874
     Episode_Reward/move_to_target: 0.4441
          Episode_Reward/action_l2: -0.0236
             Episode_Reward/energy: -0.6789
   Episode_Reward/joint_pos_limits: -0.3336
      Episode_Termination/time_out: 0.6091
  Episode_Termination/torso_height: 0.3909
--------------------------------------------------------------------------------
                   Total timesteps: 1130496
                    Iteration time: 0.38s
                      Time elapsed: 00:00:25
                               ETA: 00:02:42

################################################################################
                      [1m Learning iteration 69/500 [0m                       

                       Computation: 37307 steps/s (collection: 0.337s, learning 0.102s)
             Mean action noise std: 0.48
          Mean value_function loss: 0.0444
               Mean surrogate loss: -0.0077
                 Mean entropy loss: 5.5095
                       Mean reward: 23.31
               Mean episode length: 788.49
           Episode_Reward/progress: 1.2508
              Episode_Reward/alive: 0.3334
            Episode_Reward/upright: 0.0621
     Episode_Reward/move_to_target: 0.3193
          Episode_Reward/action_l2: -0.0175
             Episode_Reward/energy: -0.5266
   Episode_Reward/joint_pos_limits: -0.2406
      Episode_Termination/time_out: 0.6171
  Episode_Termination/torso_height: 0.3829
--------------------------------------------------------------------------------
                   Total timesteps: 1146880
                    Iteration time: 0.44s
                      Time elapsed: 00:00:26
                               ETA: 00:02:42

################################################################################
                      [1m Learning iteration 70/500 [0m                       

                       Computation: 40051 steps/s (collection: 0.313s, learning 0.096s)
             Mean action noise std: 0.48
          Mean value_function loss: 0.0368
               Mean surrogate loss: -0.0097
                 Mean entropy loss: 5.4701
                       Mean reward: 23.70
               Mean episode length: 789.56
           Episode_Reward/progress: 1.5610
              Episode_Reward/alive: 0.3979
            Episode_Reward/upright: 0.0765
     Episode_Reward/move_to_target: 0.3879
          Episode_Reward/action_l2: -0.0208
             Episode_Reward/energy: -0.6216
   Episode_Reward/joint_pos_limits: -0.2866
      Episode_Termination/time_out: 0.6150
  Episode_Termination/torso_height: 0.3850
--------------------------------------------------------------------------------
                   Total timesteps: 1163264
                    Iteration time: 0.41s
                      Time elapsed: 00:00:26
                               ETA: 00:02:42

################################################################################
                      [1m Learning iteration 71/500 [0m                       

                       Computation: 43228 steps/s (collection: 0.284s, learning 0.095s)
             Mean action noise std: 0.48
          Mean value_function loss: 0.0491
               Mean surrogate loss: -0.0089
                 Mean entropy loss: 5.4183
                       Mean reward: 23.70
               Mean episode length: 770.10
           Episode_Reward/progress: 1.4300
              Episode_Reward/alive: 0.3579
            Episode_Reward/upright: 0.0668
     Episode_Reward/move_to_target: 0.3428
          Episode_Reward/action_l2: -0.0189
             Episode_Reward/energy: -0.5705
   Episode_Reward/joint_pos_limits: -0.2581
      Episode_Termination/time_out: 0.6117
  Episode_Termination/torso_height: 0.3883
--------------------------------------------------------------------------------
                   Total timesteps: 1179648
                    Iteration time: 0.38s
                      Time elapsed: 00:00:27
                               ETA: 00:02:41

################################################################################
                      [1m Learning iteration 72/500 [0m                       

                       Computation: 40689 steps/s (collection: 0.305s, learning 0.097s)
             Mean action noise std: 0.47
          Mean value_function loss: 0.0461
               Mean surrogate loss: -0.0080
                 Mean entropy loss: 5.3700
                       Mean reward: 23.12
               Mean episode length: 741.53
           Episode_Reward/progress: 1.5587
              Episode_Reward/alive: 0.3795
            Episode_Reward/upright: 0.0721
     Episode_Reward/move_to_target: 0.3714
          Episode_Reward/action_l2: -0.0198
             Episode_Reward/energy: -0.6070
   Episode_Reward/joint_pos_limits: -0.2732
      Episode_Termination/time_out: 0.6219
  Episode_Termination/torso_height: 0.3781
--------------------------------------------------------------------------------
                   Total timesteps: 1196032
                    Iteration time: 0.40s
                      Time elapsed: 00:00:27
                               ETA: 00:02:41

################################################################################
                      [1m Learning iteration 73/500 [0m                       

                       Computation: 43075 steps/s (collection: 0.285s, learning 0.095s)
             Mean action noise std: 0.47
          Mean value_function loss: 0.0493
               Mean surrogate loss: -0.0046
                 Mean entropy loss: 5.3087
                       Mean reward: 23.67
               Mean episode length: 747.73
           Episode_Reward/progress: 1.6244
              Episode_Reward/alive: 0.3829
            Episode_Reward/upright: 0.0731
     Episode_Reward/move_to_target: 0.3723
          Episode_Reward/action_l2: -0.0198
             Episode_Reward/energy: -0.6136
   Episode_Reward/joint_pos_limits: -0.2696
      Episode_Termination/time_out: 0.6243
  Episode_Termination/torso_height: 0.3757
--------------------------------------------------------------------------------
                   Total timesteps: 1212416
                    Iteration time: 0.38s
                      Time elapsed: 00:00:27
                               ETA: 00:02:41

################################################################################
                      [1m Learning iteration 74/500 [0m                       

                       Computation: 42221 steps/s (collection: 0.304s, learning 0.084s)
             Mean action noise std: 0.47
          Mean value_function loss: 0.0446
               Mean surrogate loss: -0.0075
                 Mean entropy loss: 5.2740
                       Mean reward: 22.68
               Mean episode length: 709.48
           Episode_Reward/progress: 1.4126
              Episode_Reward/alive: 0.3252
            Episode_Reward/upright: 0.0614
     Episode_Reward/move_to_target: 0.3062
          Episode_Reward/action_l2: -0.0173
             Episode_Reward/energy: -0.5374
   Episode_Reward/joint_pos_limits: -0.2328
      Episode_Termination/time_out: 0.6205
  Episode_Termination/torso_height: 0.3795
--------------------------------------------------------------------------------
                   Total timesteps: 1228800
                    Iteration time: 0.39s
                      Time elapsed: 00:00:28
                               ETA: 00:02:40

################################################################################
                      [1m Learning iteration 75/500 [0m                       

                       Computation: 42772 steps/s (collection: 0.307s, learning 0.076s)
             Mean action noise std: 0.47
          Mean value_function loss: 0.0480
               Mean surrogate loss: -0.0087
                 Mean entropy loss: 5.2349
                       Mean reward: 22.87
               Mean episode length: 698.40
           Episode_Reward/progress: 1.7950
              Episode_Reward/alive: 0.4213
            Episode_Reward/upright: 0.0809
     Episode_Reward/move_to_target: 0.4165
          Episode_Reward/action_l2: -0.0220
             Episode_Reward/energy: -0.6885
   Episode_Reward/joint_pos_limits: -0.2989
      Episode_Termination/time_out: 0.6180
  Episode_Termination/torso_height: 0.3820
--------------------------------------------------------------------------------
                   Total timesteps: 1245184
                    Iteration time: 0.38s
                      Time elapsed: 00:00:28
                               ETA: 00:02:40

################################################################################
                      [1m Learning iteration 76/500 [0m                       

                       Computation: 43365 steps/s (collection: 0.300s, learning 0.078s)
             Mean action noise std: 0.46
          Mean value_function loss: 0.0531
               Mean surrogate loss: -0.0087
                 Mean entropy loss: 5.1919
                       Mean reward: 22.78
               Mean episode length: 692.20
           Episode_Reward/progress: 1.4226
              Episode_Reward/alive: 0.3354
            Episode_Reward/upright: 0.0621
     Episode_Reward/move_to_target: 0.3192
          Episode_Reward/action_l2: -0.0175
             Episode_Reward/energy: -0.5493
   Episode_Reward/joint_pos_limits: -0.2370
      Episode_Termination/time_out: 0.6164
  Episode_Termination/torso_height: 0.3836
--------------------------------------------------------------------------------
                   Total timesteps: 1261568
                    Iteration time: 0.38s
                      Time elapsed: 00:00:29
                               ETA: 00:02:40

################################################################################
                      [1m Learning iteration 77/500 [0m                       

                       Computation: 44750 steps/s (collection: 0.292s, learning 0.074s)
             Mean action noise std: 0.46
          Mean value_function loss: 0.0447
               Mean surrogate loss: -0.0083
                 Mean entropy loss: 5.1397
                       Mean reward: 22.03
               Mean episode length: 654.61
           Episode_Reward/progress: 1.4369
              Episode_Reward/alive: 0.3149
            Episode_Reward/upright: 0.0587
     Episode_Reward/move_to_target: 0.2986
          Episode_Reward/action_l2: -0.0164
             Episode_Reward/energy: -0.5045
   Episode_Reward/joint_pos_limits: -0.2259
      Episode_Termination/time_out: 0.6097
  Episode_Termination/torso_height: 0.3903
--------------------------------------------------------------------------------
                   Total timesteps: 1277952
                    Iteration time: 0.37s
                      Time elapsed: 00:00:29
                               ETA: 00:02:39

################################################################################
                      [1m Learning iteration 78/500 [0m                       

                       Computation: 45576 steps/s (collection: 0.287s, learning 0.072s)
             Mean action noise std: 0.46
          Mean value_function loss: 0.0577
               Mean surrogate loss: -0.0090
                 Mean entropy loss: 5.0968
                       Mean reward: 23.53
               Mean episode length: 673.86
           Episode_Reward/progress: 1.7008
              Episode_Reward/alive: 0.3635
            Episode_Reward/upright: 0.0701
     Episode_Reward/move_to_target: 0.3531
          Episode_Reward/action_l2: -0.0190
             Episode_Reward/energy: -0.5776
   Episode_Reward/joint_pos_limits: -0.2596
      Episode_Termination/time_out: 0.6086
  Episode_Termination/torso_height: 0.3914
--------------------------------------------------------------------------------
                   Total timesteps: 1294336
                    Iteration time: 0.36s
                      Time elapsed: 00:00:29
                               ETA: 00:02:39

################################################################################
                      [1m Learning iteration 79/500 [0m                       

                       Computation: 45117 steps/s (collection: 0.286s, learning 0.077s)
             Mean action noise std: 0.45
          Mean value_function loss: 0.0479
               Mean surrogate loss: -0.0071
                 Mean entropy loss: 5.0305
                       Mean reward: 23.38
               Mean episode length: 667.17
           Episode_Reward/progress: 1.9202
              Episode_Reward/alive: 0.4182
            Episode_Reward/upright: 0.0793
     Episode_Reward/move_to_target: 0.4011
          Episode_Reward/action_l2: -0.0215
             Episode_Reward/energy: -0.6812
   Episode_Reward/joint_pos_limits: -0.2934
      Episode_Termination/time_out: 0.6151
  Episode_Termination/torso_height: 0.3849
--------------------------------------------------------------------------------
                   Total timesteps: 1310720
                    Iteration time: 0.36s
                      Time elapsed: 00:00:30
                               ETA: 00:02:38

################################################################################
                      [1m Learning iteration 80/500 [0m                       

                       Computation: 46502 steps/s (collection: 0.279s, learning 0.073s)
             Mean action noise std: 0.45
          Mean value_function loss: 0.0513
               Mean surrogate loss: -0.0073
                 Mean entropy loss: 4.9508
                       Mean reward: 24.25
               Mean episode length: 677.20
           Episode_Reward/progress: 1.9923
              Episode_Reward/alive: 0.4029
            Episode_Reward/upright: 0.0775
     Episode_Reward/move_to_target: 0.3928
          Episode_Reward/action_l2: -0.0205
             Episode_Reward/energy: -0.6716
   Episode_Reward/joint_pos_limits: -0.2791
      Episode_Termination/time_out: 0.6218
  Episode_Termination/torso_height: 0.3782
--------------------------------------------------------------------------------
                   Total timesteps: 1327104
                    Iteration time: 0.35s
                      Time elapsed: 00:00:30
                               ETA: 00:02:38

################################################################################
                      [1m Learning iteration 81/500 [0m                       

                       Computation: 45173 steps/s (collection: 0.290s, learning 0.073s)
             Mean action noise std: 0.45
          Mean value_function loss: 0.0530
               Mean surrogate loss: -0.0059
                 Mean entropy loss: 4.8948
                       Mean reward: 25.18
               Mean episode length: 689.68
           Episode_Reward/progress: 1.9955
              Episode_Reward/alive: 0.4310
            Episode_Reward/upright: 0.0816
     Episode_Reward/move_to_target: 0.4170
          Episode_Reward/action_l2: -0.0225
             Episode_Reward/energy: -0.7170
   Episode_Reward/joint_pos_limits: -0.3024
      Episode_Termination/time_out: 0.6231
  Episode_Termination/torso_height: 0.3769
--------------------------------------------------------------------------------
                   Total timesteps: 1343488
                    Iteration time: 0.36s
                      Time elapsed: 00:00:30
                               ETA: 00:02:37

################################################################################
                      [1m Learning iteration 82/500 [0m                       

                       Computation: 46268 steps/s (collection: 0.279s, learning 0.075s)
             Mean action noise std: 0.45
          Mean value_function loss: 0.0416
               Mean surrogate loss: -0.0083
                 Mean entropy loss: 4.8532
                       Mean reward: 26.05
               Mean episode length: 701.04
           Episode_Reward/progress: 2.1883
              Episode_Reward/alive: 0.4538
            Episode_Reward/upright: 0.0880
     Episode_Reward/move_to_target: 0.4423
          Episode_Reward/action_l2: -0.0231
             Episode_Reward/energy: -0.7512
   Episode_Reward/joint_pos_limits: -0.3159
      Episode_Termination/time_out: 0.6308
  Episode_Termination/torso_height: 0.3692
--------------------------------------------------------------------------------
                   Total timesteps: 1359872
                    Iteration time: 0.35s
                      Time elapsed: 00:00:31
                               ETA: 00:02:37

################################################################################
                      [1m Learning iteration 83/500 [0m                       

                       Computation: 41805 steps/s (collection: 0.296s, learning 0.096s)
             Mean action noise std: 0.44
          Mean value_function loss: 0.0533
               Mean surrogate loss: -0.0084
                 Mean entropy loss: 4.8074
                       Mean reward: 28.01
               Mean episode length: 740.57
           Episode_Reward/progress: 2.2664
              Episode_Reward/alive: 0.4595
            Episode_Reward/upright: 0.0892
     Episode_Reward/move_to_target: 0.4547
          Episode_Reward/action_l2: -0.0236
             Episode_Reward/energy: -0.7569
   Episode_Reward/joint_pos_limits: -0.3229
      Episode_Termination/time_out: 0.6400
  Episode_Termination/torso_height: 0.3600
--------------------------------------------------------------------------------
                   Total timesteps: 1376256
                    Iteration time: 0.39s
                      Time elapsed: 00:00:31
                               ETA: 00:02:37

################################################################################
                      [1m Learning iteration 84/500 [0m                       

                       Computation: 42441 steps/s (collection: 0.308s, learning 0.078s)
             Mean action noise std: 0.44
          Mean value_function loss: 0.0502
               Mean surrogate loss: -0.0074
                 Mean entropy loss: 4.7397
                       Mean reward: 27.50
               Mean episode length: 730.42
           Episode_Reward/progress: 1.8982
              Episode_Reward/alive: 0.4041
            Episode_Reward/upright: 0.0762
     Episode_Reward/move_to_target: 0.3906
          Episode_Reward/action_l2: -0.0208
             Episode_Reward/energy: -0.6741
   Episode_Reward/joint_pos_limits: -0.2810
      Episode_Termination/time_out: 0.6478
  Episode_Termination/torso_height: 0.3522
--------------------------------------------------------------------------------
                   Total timesteps: 1392640
                    Iteration time: 0.39s
                      Time elapsed: 00:00:32
                               ETA: 00:02:36

################################################################################
                      [1m Learning iteration 85/500 [0m                       

                       Computation: 40425 steps/s (collection: 0.310s, learning 0.095s)
             Mean action noise std: 0.44
          Mean value_function loss: 0.0431
               Mean surrogate loss: -0.0083
                 Mean entropy loss: 4.6993
                       Mean reward: 29.60
               Mean episode length: 769.64
           Episode_Reward/progress: 2.0812
              Episode_Reward/alive: 0.4215
            Episode_Reward/upright: 0.0802
     Episode_Reward/move_to_target: 0.4066
          Episode_Reward/action_l2: -0.0219
             Episode_Reward/energy: -0.6994
   Episode_Reward/joint_pos_limits: -0.2947
      Episode_Termination/time_out: 0.6528
  Episode_Termination/torso_height: 0.3472
--------------------------------------------------------------------------------
                   Total timesteps: 1409024
                    Iteration time: 0.41s
                      Time elapsed: 00:00:32
                               ETA: 00:02:36

################################################################################
                      [1m Learning iteration 86/500 [0m                       

                       Computation: 43368 steps/s (collection: 0.281s, learning 0.097s)
             Mean action noise std: 0.43
          Mean value_function loss: 0.0325
               Mean surrogate loss: -0.0082
                 Mean entropy loss: 4.6579
                       Mean reward: 29.55
               Mean episode length: 766.84
           Episode_Reward/progress: 1.5761
              Episode_Reward/alive: 0.3272
            Episode_Reward/upright: 0.0595
     Episode_Reward/move_to_target: 0.3114
          Episode_Reward/action_l2: -0.0169
             Episode_Reward/energy: -0.5303
   Episode_Reward/joint_pos_limits: -0.2310
      Episode_Termination/time_out: 0.6541
  Episode_Termination/torso_height: 0.3459
--------------------------------------------------------------------------------
                   Total timesteps: 1425408
                    Iteration time: 0.38s
                      Time elapsed: 00:00:32
                               ETA: 00:02:36

################################################################################
                      [1m Learning iteration 87/500 [0m                       

                       Computation: 45567 steps/s (collection: 0.264s, learning 0.096s)
             Mean action noise std: 0.43
          Mean value_function loss: 0.0332
               Mean surrogate loss: -0.0100
                 Mean entropy loss: 4.5743
                       Mean reward: 30.11
               Mean episode length: 767.57
           Episode_Reward/progress: 1.9224
              Episode_Reward/alive: 0.3613
            Episode_Reward/upright: 0.0685
     Episode_Reward/move_to_target: 0.3470
          Episode_Reward/action_l2: -0.0185
             Episode_Reward/energy: -0.5877
   Episode_Reward/joint_pos_limits: -0.2515
      Episode_Termination/time_out: 0.6573
  Episode_Termination/torso_height: 0.3427
--------------------------------------------------------------------------------
                   Total timesteps: 1441792
                    Iteration time: 0.36s
                      Time elapsed: 00:00:33
                               ETA: 00:02:35

################################################################################
                      [1m Learning iteration 88/500 [0m                       

                       Computation: 43348 steps/s (collection: 0.283s, learning 0.095s)
             Mean action noise std: 0.42
          Mean value_function loss: 0.0320
               Mean surrogate loss: -0.0070
                 Mean entropy loss: 4.5076
                       Mean reward: 31.99
               Mean episode length: 798.88
           Episode_Reward/progress: 2.6604
              Episode_Reward/alive: 0.5000
            Episode_Reward/upright: 0.0988
     Episode_Reward/move_to_target: 0.4980
          Episode_Reward/action_l2: -0.0260
             Episode_Reward/energy: -0.8240
   Episode_Reward/joint_pos_limits: -0.3508
      Episode_Termination/time_out: 0.6699
  Episode_Termination/torso_height: 0.3301
--------------------------------------------------------------------------------
                   Total timesteps: 1458176
                    Iteration time: 0.38s
                      Time elapsed: 00:00:33
                               ETA: 00:02:35

################################################################################
                      [1m Learning iteration 89/500 [0m                       

                       Computation: 43356 steps/s (collection: 0.282s, learning 0.096s)
             Mean action noise std: 0.42
          Mean value_function loss: 0.0384
               Mean surrogate loss: -0.0086
                 Mean entropy loss: 4.4214
                       Mean reward: 32.02
               Mean episode length: 795.91
           Episode_Reward/progress: 1.9425
              Episode_Reward/alive: 0.3867
            Episode_Reward/upright: 0.0729
     Episode_Reward/move_to_target: 0.3745
          Episode_Reward/action_l2: -0.0198
             Episode_Reward/energy: -0.6296
   Episode_Reward/joint_pos_limits: -0.2721
      Episode_Termination/time_out: 0.6786
  Episode_Termination/torso_height: 0.3214
--------------------------------------------------------------------------------
                   Total timesteps: 1474560
                    Iteration time: 0.38s
                      Time elapsed: 00:00:33
                               ETA: 00:02:34

################################################################################
                      [1m Learning iteration 90/500 [0m                       

                       Computation: 42253 steps/s (collection: 0.298s, learning 0.090s)
             Mean action noise std: 0.42
          Mean value_function loss: 0.0365
               Mean surrogate loss: -0.0087
                 Mean entropy loss: 4.3725
                       Mean reward: 32.22
               Mean episode length: 788.51
           Episode_Reward/progress: 1.8636
              Episode_Reward/alive: 0.3528
            Episode_Reward/upright: 0.0677
     Episode_Reward/move_to_target: 0.3453
          Episode_Reward/action_l2: -0.0178
             Episode_Reward/energy: -0.5637
   Episode_Reward/joint_pos_limits: -0.2511
      Episode_Termination/time_out: 0.6901
  Episode_Termination/torso_height: 0.3099
--------------------------------------------------------------------------------
                   Total timesteps: 1490944
                    Iteration time: 0.39s
                      Time elapsed: 00:00:34
                               ETA: 00:02:34

################################################################################
                      [1m Learning iteration 91/500 [0m                       

                       Computation: 44504 steps/s (collection: 0.289s, learning 0.079s)
             Mean action noise std: 0.42
          Mean value_function loss: 0.0341
               Mean surrogate loss: -0.0063
                 Mean entropy loss: 4.3318
                       Mean reward: 34.17
               Mean episode length: 818.64
           Episode_Reward/progress: 2.4479
              Episode_Reward/alive: 0.4648
            Episode_Reward/upright: 0.0907
     Episode_Reward/move_to_target: 0.4585
          Episode_Reward/action_l2: -0.0235
             Episode_Reward/energy: -0.7563
   Episode_Reward/joint_pos_limits: -0.3281
      Episode_Termination/time_out: 0.7007
  Episode_Termination/torso_height: 0.2993
--------------------------------------------------------------------------------
                   Total timesteps: 1507328
                    Iteration time: 0.37s
                      Time elapsed: 00:00:34
                               ETA: 00:02:34

################################################################################
                      [1m Learning iteration 92/500 [0m                       

                       Computation: 43793 steps/s (collection: 0.302s, learning 0.072s)
             Mean action noise std: 0.42
          Mean value_function loss: 0.0470
               Mean surrogate loss: -0.0065
                 Mean entropy loss: 4.2904
                       Mean reward: 36.57
               Mean episode length: 853.27
           Episode_Reward/progress: 2.4517
              Episode_Reward/alive: 0.4541
            Episode_Reward/upright: 0.0889
     Episode_Reward/move_to_target: 0.4466
          Episode_Reward/action_l2: -0.0232
             Episode_Reward/energy: -0.7307
   Episode_Reward/joint_pos_limits: -0.3230
      Episode_Termination/time_out: 0.7115
  Episode_Termination/torso_height: 0.2885
--------------------------------------------------------------------------------
                   Total timesteps: 1523712
                    Iteration time: 0.37s
                      Time elapsed: 00:00:35
                               ETA: 00:02:33

################################################################################
                      [1m Learning iteration 93/500 [0m                       

                       Computation: 42161 steps/s (collection: 0.305s, learning 0.083s)
             Mean action noise std: 0.41
          Mean value_function loss: 0.0400
               Mean surrogate loss: -0.0079
                 Mean entropy loss: 4.2434
                       Mean reward: 37.43
               Mean episode length: 864.26
           Episode_Reward/progress: 2.4256
              Episode_Reward/alive: 0.4538
            Episode_Reward/upright: 0.0871
     Episode_Reward/move_to_target: 0.4410
          Episode_Reward/action_l2: -0.0233
             Episode_Reward/energy: -0.7251
   Episode_Reward/joint_pos_limits: -0.3251
      Episode_Termination/time_out: 0.7202
  Episode_Termination/torso_height: 0.2798
--------------------------------------------------------------------------------
                   Total timesteps: 1540096
                    Iteration time: 0.39s
                      Time elapsed: 00:00:35
                               ETA: 00:02:33

################################################################################
                      [1m Learning iteration 94/500 [0m                       

                       Computation: 39990 steps/s (collection: 0.312s, learning 0.098s)
             Mean action noise std: 0.41
          Mean value_function loss: 0.0274
               Mean surrogate loss: -0.0078
                 Mean entropy loss: 4.1996
                       Mean reward: 38.98
               Mean episode length: 890.24
           Episode_Reward/progress: 2.7139
              Episode_Reward/alive: 0.4909
            Episode_Reward/upright: 0.0956
     Episode_Reward/move_to_target: 0.4846
          Episode_Reward/action_l2: -0.0246
             Episode_Reward/energy: -0.7860
   Episode_Reward/joint_pos_limits: -0.3459
      Episode_Termination/time_out: 0.7255
  Episode_Termination/torso_height: 0.2745
--------------------------------------------------------------------------------
                   Total timesteps: 1556480
                    Iteration time: 0.41s
                      Time elapsed: 00:00:35
                               ETA: 00:02:33

################################################################################
                      [1m Learning iteration 95/500 [0m                       

                       Computation: 37862 steps/s (collection: 0.331s, learning 0.101s)
             Mean action noise std: 0.41
          Mean value_function loss: 0.0377
               Mean surrogate loss: -0.0086
                 Mean entropy loss: 4.1293
                       Mean reward: 39.53
               Mean episode length: 883.21
           Episode_Reward/progress: 2.4383
              Episode_Reward/alive: 0.4216
            Episode_Reward/upright: 0.0822
     Episode_Reward/move_to_target: 0.4155
          Episode_Reward/action_l2: -0.0211
             Episode_Reward/energy: -0.6725
   Episode_Reward/joint_pos_limits: -0.2990
      Episode_Termination/time_out: 0.7358
  Episode_Termination/torso_height: 0.2642
--------------------------------------------------------------------------------
                   Total timesteps: 1572864
                    Iteration time: 0.43s
                      Time elapsed: 00:00:36
                               ETA: 00:02:33

################################################################################
                      [1m Learning iteration 96/500 [0m                       

                       Computation: 40041 steps/s (collection: 0.310s, learning 0.099s)
             Mean action noise std: 0.40
          Mean value_function loss: 0.0361
               Mean surrogate loss: -0.0087
                 Mean entropy loss: 4.0689
                       Mean reward: 40.14
               Mean episode length: 881.98
           Episode_Reward/progress: 2.6868
              Episode_Reward/alive: 0.4593
            Episode_Reward/upright: 0.0901
     Episode_Reward/move_to_target: 0.4549
          Episode_Reward/action_l2: -0.0231
             Episode_Reward/energy: -0.7284
   Episode_Reward/joint_pos_limits: -0.3314
      Episode_Termination/time_out: 0.7413
  Episode_Termination/torso_height: 0.2587
--------------------------------------------------------------------------------
                   Total timesteps: 1589248
                    Iteration time: 0.41s
                      Time elapsed: 00:00:36
                               ETA: 00:02:32

################################################################################
                      [1m Learning iteration 97/500 [0m                       

                       Computation: 43698 steps/s (collection: 0.287s, learning 0.088s)
             Mean action noise std: 0.40
          Mean value_function loss: 0.0243
               Mean surrogate loss: -0.0058
                 Mean entropy loss: 4.0282
                       Mean reward: 39.76
               Mean episode length: 859.50
           Episode_Reward/progress: 2.6122
              Episode_Reward/alive: 0.4555
            Episode_Reward/upright: 0.0891
     Episode_Reward/move_to_target: 0.4497
          Episode_Reward/action_l2: -0.0228
             Episode_Reward/energy: -0.7102
   Episode_Reward/joint_pos_limits: -0.3284
      Episode_Termination/time_out: 0.7419
  Episode_Termination/torso_height: 0.2581
--------------------------------------------------------------------------------
                   Total timesteps: 1605632
                    Iteration time: 0.37s
                      Time elapsed: 00:00:37
                               ETA: 00:02:32

################################################################################
                      [1m Learning iteration 98/500 [0m                       

                       Computation: 42236 steps/s (collection: 0.294s, learning 0.094s)
             Mean action noise std: 0.40
          Mean value_function loss: 0.0341
               Mean surrogate loss: -0.0052
                 Mean entropy loss: 3.9891
                       Mean reward: 39.80
               Mean episode length: 847.83
           Episode_Reward/progress: 2.7470
              Episode_Reward/alive: 0.4630
            Episode_Reward/upright: 0.0914
     Episode_Reward/move_to_target: 0.4604
          Episode_Reward/action_l2: -0.0233
             Episode_Reward/energy: -0.7382
   Episode_Reward/joint_pos_limits: -0.3320
      Episode_Termination/time_out: 0.7435
  Episode_Termination/torso_height: 0.2565
--------------------------------------------------------------------------------
                   Total timesteps: 1622016
                    Iteration time: 0.39s
                      Time elapsed: 00:00:37
                               ETA: 00:02:32

################################################################################
                      [1m Learning iteration 99/500 [0m                       

                       Computation: 43305 steps/s (collection: 0.289s, learning 0.090s)
             Mean action noise std: 0.40
          Mean value_function loss: 0.0370
               Mean surrogate loss: -0.0066
                 Mean entropy loss: 3.9451
                       Mean reward: 40.84
               Mean episode length: 861.50
           Episode_Reward/progress: 2.6478
              Episode_Reward/alive: 0.4517
            Episode_Reward/upright: 0.0889
     Episode_Reward/move_to_target: 0.4491
          Episode_Reward/action_l2: -0.0228
             Episode_Reward/energy: -0.7108
   Episode_Reward/joint_pos_limits: -0.3254
      Episode_Termination/time_out: 0.7515
  Episode_Termination/torso_height: 0.2485
--------------------------------------------------------------------------------
                   Total timesteps: 1638400
                    Iteration time: 0.38s
                      Time elapsed: 00:00:37
                               ETA: 00:02:31

################################################################################
                      [1m Learning iteration 100/500 [0m                      

                       Computation: 41931 steps/s (collection: 0.297s, learning 0.094s)
             Mean action noise std: 0.39
          Mean value_function loss: 0.0346
               Mean surrogate loss: -0.0084
                 Mean entropy loss: 3.8910
                       Mean reward: 40.70
               Mean episode length: 850.94
           Episode_Reward/progress: 2.7862
              Episode_Reward/alive: 0.4649
            Episode_Reward/upright: 0.0909
     Episode_Reward/move_to_target: 0.4630
          Episode_Reward/action_l2: -0.0234
             Episode_Reward/energy: -0.7371
   Episode_Reward/joint_pos_limits: -0.3332
      Episode_Termination/time_out: 0.7575
  Episode_Termination/torso_height: 0.2425
--------------------------------------------------------------------------------
                   Total timesteps: 1654784
                    Iteration time: 0.39s
                      Time elapsed: 00:00:38
                               ETA: 00:02:31

################################################################################
                      [1m Learning iteration 101/500 [0m                      

                       Computation: 42937 steps/s (collection: 0.288s, learning 0.093s)
             Mean action noise std: 0.39
          Mean value_function loss: 0.0283
               Mean surrogate loss: -0.0065
                 Mean entropy loss: 3.8227
                       Mean reward: 41.43
               Mean episode length: 856.14
           Episode_Reward/progress: 2.5411
              Episode_Reward/alive: 0.4109
            Episode_Reward/upright: 0.0799
     Episode_Reward/move_to_target: 0.4048
          Episode_Reward/action_l2: -0.0204
             Episode_Reward/energy: -0.6469
   Episode_Reward/joint_pos_limits: -0.2983
      Episode_Termination/time_out: 0.7620
  Episode_Termination/torso_height: 0.2380
--------------------------------------------------------------------------------
                   Total timesteps: 1671168
                    Iteration time: 0.38s
                      Time elapsed: 00:00:38
                               ETA: 00:02:31

################################################################################
                      [1m Learning iteration 102/500 [0m                      

                       Computation: 44503 steps/s (collection: 0.284s, learning 0.084s)
             Mean action noise std: 0.39
          Mean value_function loss: 0.0268
               Mean surrogate loss: -0.0064
                 Mean entropy loss: 3.7803
                       Mean reward: 42.26
               Mean episode length: 874.14
           Episode_Reward/progress: 2.6307
              Episode_Reward/alive: 0.4582
            Episode_Reward/upright: 0.0878
     Episode_Reward/move_to_target: 0.4435
          Episode_Reward/action_l2: -0.0231
             Episode_Reward/energy: -0.7080
   Episode_Reward/joint_pos_limits: -0.3364
      Episode_Termination/time_out: 0.7623
  Episode_Termination/torso_height: 0.2377
--------------------------------------------------------------------------------
                   Total timesteps: 1687552
                    Iteration time: 0.37s
                      Time elapsed: 00:00:38
                               ETA: 00:02:30

################################################################################
                      [1m Learning iteration 103/500 [0m                      

                       Computation: 45808 steps/s (collection: 0.284s, learning 0.073s)
             Mean action noise std: 0.39
          Mean value_function loss: 0.0272
               Mean surrogate loss: -0.0057
                 Mean entropy loss: 3.7145
                       Mean reward: 42.10
               Mean episode length: 865.95
           Episode_Reward/progress: 2.8897
              Episode_Reward/alive: 0.4646
            Episode_Reward/upright: 0.0913
     Episode_Reward/move_to_target: 0.4622
          Episode_Reward/action_l2: -0.0232
             Episode_Reward/energy: -0.7098
   Episode_Reward/joint_pos_limits: -0.3395
      Episode_Termination/time_out: 0.7659
  Episode_Termination/torso_height: 0.2341
--------------------------------------------------------------------------------
                   Total timesteps: 1703936
                    Iteration time: 0.36s
                      Time elapsed: 00:00:39
                               ETA: 00:02:30

################################################################################
                      [1m Learning iteration 104/500 [0m                      

                       Computation: 43363 steps/s (collection: 0.281s, learning 0.097s)
             Mean action noise std: 0.38
          Mean value_function loss: 0.0225
               Mean surrogate loss: -0.0073
                 Mean entropy loss: 3.6663
                       Mean reward: 41.93
               Mean episode length: 857.91
           Episode_Reward/progress: 2.1204
              Episode_Reward/alive: 0.3543
            Episode_Reward/upright: 0.0682
     Episode_Reward/move_to_target: 0.3465
          Episode_Reward/action_l2: -0.0179
             Episode_Reward/energy: -0.5528
   Episode_Reward/joint_pos_limits: -0.2598
      Episode_Termination/time_out: 0.7712
  Episode_Termination/torso_height: 0.2288
--------------------------------------------------------------------------------
                   Total timesteps: 1720320
                    Iteration time: 0.38s
                      Time elapsed: 00:00:39
                               ETA: 00:02:29

################################################################################
                      [1m Learning iteration 105/500 [0m                      

                       Computation: 42116 steps/s (collection: 0.309s, learning 0.080s)
             Mean action noise std: 0.38
          Mean value_function loss: 0.0418
               Mean surrogate loss: -0.0078
                 Mean entropy loss: 3.6283
                       Mean reward: 43.00
               Mean episode length: 870.33
           Episode_Reward/progress: 2.8539
              Episode_Reward/alive: 0.4638
            Episode_Reward/upright: 0.0910
     Episode_Reward/move_to_target: 0.4621
          Episode_Reward/action_l2: -0.0231
             Episode_Reward/energy: -0.7250
   Episode_Reward/joint_pos_limits: -0.3386
      Episode_Termination/time_out: 0.7776
  Episode_Termination/torso_height: 0.2224
--------------------------------------------------------------------------------
                   Total timesteps: 1736704
                    Iteration time: 0.39s
                      Time elapsed: 00:00:40
                               ETA: 00:02:29

################################################################################
                      [1m Learning iteration 106/500 [0m                      

                       Computation: 43219 steps/s (collection: 0.300s, learning 0.079s)
             Mean action noise std: 0.38
          Mean value_function loss: 0.0381
               Mean surrogate loss: -0.0043
                 Mean entropy loss: 3.6085
                       Mean reward: 43.62
               Mean episode length: 875.06
           Episode_Reward/progress: 3.1127
              Episode_Reward/alive: 0.4909
            Episode_Reward/upright: 0.0969
     Episode_Reward/move_to_target: 0.4862
          Episode_Reward/action_l2: -0.0242
             Episode_Reward/energy: -0.7714
   Episode_Reward/joint_pos_limits: -0.3594
      Episode_Termination/time_out: 0.7866
  Episode_Termination/torso_height: 0.2134
--------------------------------------------------------------------------------
                   Total timesteps: 1753088
                    Iteration time: 0.38s
                      Time elapsed: 00:00:40
                               ETA: 00:02:29

################################################################################
                      [1m Learning iteration 107/500 [0m                      

                       Computation: 45488 steps/s (collection: 0.284s, learning 0.076s)
             Mean action noise std: 0.38
          Mean value_function loss: 0.0522
               Mean surrogate loss: -0.0068
                 Mean entropy loss: 3.5875
                       Mean reward: 43.33
               Mean episode length: 857.40
           Episode_Reward/progress: 3.1874
              Episode_Reward/alive: 0.4780
            Episode_Reward/upright: 0.0943
     Episode_Reward/move_to_target: 0.4773
          Episode_Reward/action_l2: -0.0240
             Episode_Reward/energy: -0.7528
   Episode_Reward/joint_pos_limits: -0.3520
      Episode_Termination/time_out: 0.7942
  Episode_Termination/torso_height: 0.2058
--------------------------------------------------------------------------------
                   Total timesteps: 1769472
                    Iteration time: 0.36s
                      Time elapsed: 00:00:40
                               ETA: 00:02:28

################################################################################
                      [1m Learning iteration 108/500 [0m                      

                       Computation: 41784 steps/s (collection: 0.300s, learning 0.092s)
             Mean action noise std: 0.38
          Mean value_function loss: 0.0510
               Mean surrogate loss: -0.0029
                 Mean entropy loss: 3.5604
                       Mean reward: 44.02
               Mean episode length: 852.82
           Episode_Reward/progress: 2.6683
              Episode_Reward/alive: 0.4097
            Episode_Reward/upright: 0.0787
     Episode_Reward/move_to_target: 0.4033
          Episode_Reward/action_l2: -0.0204
             Episode_Reward/energy: -0.6217
   Episode_Reward/joint_pos_limits: -0.3048
      Episode_Termination/time_out: 0.7994
  Episode_Termination/torso_height: 0.2006
--------------------------------------------------------------------------------
                   Total timesteps: 1785856
                    Iteration time: 0.39s
                      Time elapsed: 00:00:41
                               ETA: 00:02:28

################################################################################
                      [1m Learning iteration 109/500 [0m                      

                       Computation: 44841 steps/s (collection: 0.277s, learning 0.088s)
             Mean action noise std: 0.38
          Mean value_function loss: 0.0373
               Mean surrogate loss: -0.0065
                 Mean entropy loss: 3.5305
                       Mean reward: 44.44
               Mean episode length: 847.56
           Episode_Reward/progress: 2.7765
              Episode_Reward/alive: 0.4207
            Episode_Reward/upright: 0.0822
     Episode_Reward/move_to_target: 0.4139
          Episode_Reward/action_l2: -0.0205
             Episode_Reward/energy: -0.6454
   Episode_Reward/joint_pos_limits: -0.3088
      Episode_Termination/time_out: 0.8046
  Episode_Termination/torso_height: 0.1954
--------------------------------------------------------------------------------
                   Total timesteps: 1802240
                    Iteration time: 0.37s
                      Time elapsed: 00:00:41
                               ETA: 00:02:27

################################################################################
                      [1m Learning iteration 110/500 [0m                      

                       Computation: 43623 steps/s (collection: 0.281s, learning 0.094s)
             Mean action noise std: 0.38
          Mean value_function loss: 0.0407
               Mean surrogate loss: -0.0061
                 Mean entropy loss: 3.4795
                       Mean reward: 44.84
               Mean episode length: 846.49
           Episode_Reward/progress: 2.6036
              Episode_Reward/alive: 0.3984
            Episode_Reward/upright: 0.0774
     Episode_Reward/move_to_target: 0.3921
          Episode_Reward/action_l2: -0.0199
             Episode_Reward/energy: -0.6325
   Episode_Reward/joint_pos_limits: -0.2929
      Episode_Termination/time_out: 0.8139
  Episode_Termination/torso_height: 0.1861
--------------------------------------------------------------------------------
                   Total timesteps: 1818624
                    Iteration time: 0.38s
                      Time elapsed: 00:00:41
                               ETA: 00:02:27

################################################################################
                      [1m Learning iteration 111/500 [0m                      

                       Computation: 43291 steps/s (collection: 0.289s, learning 0.090s)
             Mean action noise std: 0.37
          Mean value_function loss: 0.0384
               Mean surrogate loss: -0.0085
                 Mean entropy loss: 3.4249
                       Mean reward: 44.80
               Mean episode length: 837.11
           Episode_Reward/progress: 3.2070
              Episode_Reward/alive: 0.4919
            Episode_Reward/upright: 0.0959
     Episode_Reward/move_to_target: 0.4870
          Episode_Reward/action_l2: -0.0243
             Episode_Reward/energy: -0.7571
   Episode_Reward/joint_pos_limits: -0.3664
      Episode_Termination/time_out: 0.8213
  Episode_Termination/torso_height: 0.1787
--------------------------------------------------------------------------------
                   Total timesteps: 1835008
                    Iteration time: 0.38s
                      Time elapsed: 00:00:42
                               ETA: 00:02:27

################################################################################
                      [1m Learning iteration 112/500 [0m                      

                       Computation: 44777 steps/s (collection: 0.272s, learning 0.094s)
             Mean action noise std: 0.37
          Mean value_function loss: 0.0371
               Mean surrogate loss: -0.0028
                 Mean entropy loss: 3.3709
                       Mean reward: 43.70
               Mean episode length: 813.55
           Episode_Reward/progress: 2.5413
              Episode_Reward/alive: 0.3736
            Episode_Reward/upright: 0.0718
     Episode_Reward/move_to_target: 0.3565
          Episode_Reward/action_l2: -0.0183
             Episode_Reward/energy: -0.5772
   Episode_Reward/joint_pos_limits: -0.2751
      Episode_Termination/time_out: 0.8250
  Episode_Termination/torso_height: 0.1750
--------------------------------------------------------------------------------
                   Total timesteps: 1851392
                    Iteration time: 0.37s
                      Time elapsed: 00:00:42
                               ETA: 00:02:26

################################################################################
                      [1m Learning iteration 113/500 [0m                      

                       Computation: 42689 steps/s (collection: 0.288s, learning 0.096s)
             Mean action noise std: 0.37
          Mean value_function loss: 0.0498
               Mean surrogate loss: -0.0057
                 Mean entropy loss: 3.3438
                       Mean reward: 45.11
               Mean episode length: 831.56
           Episode_Reward/progress: 3.4073
              Episode_Reward/alive: 0.4901
            Episode_Reward/upright: 0.0976
     Episode_Reward/move_to_target: 0.4886
          Episode_Reward/action_l2: -0.0243
             Episode_Reward/energy: -0.7645
   Episode_Reward/joint_pos_limits: -0.3638
      Episode_Termination/time_out: 0.8305
  Episode_Termination/torso_height: 0.1695
--------------------------------------------------------------------------------
                   Total timesteps: 1867776
                    Iteration time: 0.38s
                      Time elapsed: 00:00:43
                               ETA: 00:02:26

################################################################################
                      [1m Learning iteration 114/500 [0m                      

                       Computation: 42516 steps/s (collection: 0.293s, learning 0.092s)
             Mean action noise std: 0.37
          Mean value_function loss: 0.0426
               Mean surrogate loss: -0.0057
                 Mean entropy loss: 3.3088
                       Mean reward: 45.21
               Mean episode length: 830.69
           Episode_Reward/progress: 2.8390
              Episode_Reward/alive: 0.4225
            Episode_Reward/upright: 0.0800
     Episode_Reward/move_to_target: 0.4158
          Episode_Reward/action_l2: -0.0206
             Episode_Reward/energy: -0.6545
   Episode_Reward/joint_pos_limits: -0.3100
      Episode_Termination/time_out: 0.8348
  Episode_Termination/torso_height: 0.1652
--------------------------------------------------------------------------------
                   Total timesteps: 1884160
                    Iteration time: 0.39s
                      Time elapsed: 00:00:43
                               ETA: 00:02:26

################################################################################
                      [1m Learning iteration 115/500 [0m                      

                       Computation: 39672 steps/s (collection: 0.314s, learning 0.099s)
             Mean action noise std: 0.37
          Mean value_function loss: 0.0282
               Mean surrogate loss: -0.0067
                 Mean entropy loss: 3.2569
                       Mean reward: 45.64
               Mean episode length: 825.94
           Episode_Reward/progress: 2.8553
              Episode_Reward/alive: 0.4016
            Episode_Reward/upright: 0.0777
     Episode_Reward/move_to_target: 0.3952
          Episode_Reward/action_l2: -0.0199
             Episode_Reward/energy: -0.6321
   Episode_Reward/joint_pos_limits: -0.3002
      Episode_Termination/time_out: 0.8312
  Episode_Termination/torso_height: 0.1688
--------------------------------------------------------------------------------
                   Total timesteps: 1900544
                    Iteration time: 0.41s
                      Time elapsed: 00:00:43
                               ETA: 00:02:25

################################################################################
                      [1m Learning iteration 116/500 [0m                      

                       Computation: 41982 steps/s (collection: 0.295s, learning 0.095s)
             Mean action noise std: 0.36
          Mean value_function loss: 0.0382
               Mean surrogate loss: 0.0010
                 Mean entropy loss: 3.2224
                       Mean reward: 47.71
               Mean episode length: 852.53
           Episode_Reward/progress: 3.6147
              Episode_Reward/alive: 0.5000
            Episode_Reward/upright: 0.0996
     Episode_Reward/move_to_target: 0.4969
          Episode_Reward/action_l2: -0.0244
             Episode_Reward/energy: -0.7828
   Episode_Reward/joint_pos_limits: -0.3676
      Episode_Termination/time_out: 0.8394
  Episode_Termination/torso_height: 0.1606
--------------------------------------------------------------------------------
                   Total timesteps: 1916928
                    Iteration time: 0.39s
                      Time elapsed: 00:00:44
                               ETA: 00:02:25

################################################################################
                      [1m Learning iteration 117/500 [0m                      

                       Computation: 40581 steps/s (collection: 0.294s, learning 0.110s)
             Mean action noise std: 0.36
          Mean value_function loss: 0.0426
               Mean surrogate loss: -0.0061
                 Mean entropy loss: 3.1912
                       Mean reward: 47.70
               Mean episode length: 845.47
           Episode_Reward/progress: 3.2232
              Episode_Reward/alive: 0.4521
            Episode_Reward/upright: 0.0889
     Episode_Reward/move_to_target: 0.4488
          Episode_Reward/action_l2: -0.0221
             Episode_Reward/energy: -0.6990
   Episode_Reward/joint_pos_limits: -0.3373
      Episode_Termination/time_out: 0.8484
  Episode_Termination/torso_height: 0.1516
--------------------------------------------------------------------------------
                   Total timesteps: 1933312
                    Iteration time: 0.40s
                      Time elapsed: 00:00:44
                               ETA: 00:02:25

################################################################################
                      [1m Learning iteration 118/500 [0m                      

                       Computation: 42976 steps/s (collection: 0.282s, learning 0.099s)
             Mean action noise std: 0.36
          Mean value_function loss: 0.0301
               Mean surrogate loss: -0.0072
                 Mean entropy loss: 3.1304
                       Mean reward: 48.17
               Mean episode length: 843.77
           Episode_Reward/progress: 3.6237
              Episode_Reward/alive: 0.4852
            Episode_Reward/upright: 0.0949
     Episode_Reward/move_to_target: 0.4816
          Episode_Reward/action_l2: -0.0242
             Episode_Reward/energy: -0.7748
   Episode_Reward/joint_pos_limits: -0.3599
      Episode_Termination/time_out: 0.8491
  Episode_Termination/torso_height: 0.1509
--------------------------------------------------------------------------------
                   Total timesteps: 1949696
                    Iteration time: 0.38s
                      Time elapsed: 00:00:45
                               ETA: 00:02:24

################################################################################
                      [1m Learning iteration 119/500 [0m                      

                       Computation: 42141 steps/s (collection: 0.293s, learning 0.096s)
             Mean action noise std: 0.36
          Mean value_function loss: 0.0341
               Mean surrogate loss: -0.0041
                 Mean entropy loss: 3.0837
                       Mean reward: 50.87
               Mean episode length: 872.91
           Episode_Reward/progress: 3.7715
              Episode_Reward/alive: 0.5000
            Episode_Reward/upright: 0.0995
     Episode_Reward/move_to_target: 0.4994
          Episode_Reward/action_l2: -0.0247
             Episode_Reward/energy: -0.8038
   Episode_Reward/joint_pos_limits: -0.3678
      Episode_Termination/time_out: 0.8524
  Episode_Termination/torso_height: 0.1476
--------------------------------------------------------------------------------
                   Total timesteps: 1966080
                    Iteration time: 0.39s
                      Time elapsed: 00:00:45
                               ETA: 00:02:24

################################################################################
                      [1m Learning iteration 120/500 [0m                      

                       Computation: 43089 steps/s (collection: 0.287s, learning 0.094s)
             Mean action noise std: 0.36
          Mean value_function loss: 0.0364
               Mean surrogate loss: -0.0092
                 Mean entropy loss: 3.0333
                       Mean reward: 50.79
               Mean episode length: 861.80
           Episode_Reward/progress: 3.5449
              Episode_Reward/alive: 0.4701
            Episode_Reward/upright: 0.0923
     Episode_Reward/move_to_target: 0.4657
          Episode_Reward/action_l2: -0.0231
             Episode_Reward/energy: -0.7437
   Episode_Reward/joint_pos_limits: -0.3484
      Episode_Termination/time_out: 0.8563
  Episode_Termination/torso_height: 0.1437
--------------------------------------------------------------------------------
                   Total timesteps: 1982464
                    Iteration time: 0.38s
                      Time elapsed: 00:00:45
                               ETA: 00:02:24

################################################################################
                      [1m Learning iteration 121/500 [0m                      

                       Computation: 41964 steps/s (collection: 0.294s, learning 0.096s)
             Mean action noise std: 0.35
          Mean value_function loss: 0.0419
               Mean surrogate loss: -0.0068
                 Mean entropy loss: 2.9664
                       Mean reward: 53.55
               Mean episode length: 889.71
           Episode_Reward/progress: 3.4831
              Episode_Reward/alive: 0.4664
            Episode_Reward/upright: 0.0916
     Episode_Reward/move_to_target: 0.4643
          Episode_Reward/action_l2: -0.0229
             Episode_Reward/energy: -0.7496
   Episode_Reward/joint_pos_limits: -0.3440
      Episode_Termination/time_out: 0.8520
  Episode_Termination/torso_height: 0.1480
--------------------------------------------------------------------------------
                   Total timesteps: 1998848
                    Iteration time: 0.39s
                      Time elapsed: 00:00:46
                               ETA: 00:02:23

################################################################################
                      [1m Learning iteration 122/500 [0m                      

                       Computation: 41613 steps/s (collection: 0.301s, learning 0.093s)
             Mean action noise std: 0.35
          Mean value_function loss: 0.0517
               Mean surrogate loss: -0.0081
                 Mean entropy loss: 2.9234
                       Mean reward: 54.94
               Mean episode length: 896.14
           Episode_Reward/progress: 3.3691
              Episode_Reward/alive: 0.4408
            Episode_Reward/upright: 0.0868
     Episode_Reward/move_to_target: 0.4375
          Episode_Reward/action_l2: -0.0217
             Episode_Reward/energy: -0.7057
   Episode_Reward/joint_pos_limits: -0.3289
      Episode_Termination/time_out: 0.8551
  Episode_Termination/torso_height: 0.1449
--------------------------------------------------------------------------------
                   Total timesteps: 2015232
                    Iteration time: 0.39s
                      Time elapsed: 00:00:46
                               ETA: 00:02:23

################################################################################
                      [1m Learning iteration 123/500 [0m                      

                       Computation: 42430 steps/s (collection: 0.295s, learning 0.091s)
             Mean action noise std: 0.35
          Mean value_function loss: 0.0590
               Mean surrogate loss: -0.0075
                 Mean entropy loss: 2.8842
                       Mean reward: 53.91
               Mean episode length: 875.38
           Episode_Reward/progress: 3.6896
              Episode_Reward/alive: 0.4705
            Episode_Reward/upright: 0.0931
     Episode_Reward/move_to_target: 0.4677
          Episode_Reward/action_l2: -0.0232
             Episode_Reward/energy: -0.7614
   Episode_Reward/joint_pos_limits: -0.3466
      Episode_Termination/time_out: 0.8564
  Episode_Termination/torso_height: 0.1436
--------------------------------------------------------------------------------
                   Total timesteps: 2031616
                    Iteration time: 0.39s
                      Time elapsed: 00:00:47
                               ETA: 00:02:22

################################################################################
                      [1m Learning iteration 124/500 [0m                      

                       Computation: 41744 steps/s (collection: 0.298s, learning 0.095s)
             Mean action noise std: 0.35
          Mean value_function loss: 0.0381
               Mean surrogate loss: -0.0040
                 Mean entropy loss: 2.8624
                       Mean reward: 54.42
               Mean episode length: 874.65
           Episode_Reward/progress: 3.0222
              Episode_Reward/alive: 0.3917
            Episode_Reward/upright: 0.0763
     Episode_Reward/move_to_target: 0.3862
          Episode_Reward/action_l2: -0.0190
             Episode_Reward/energy: -0.6241
   Episode_Reward/joint_pos_limits: -0.2896
      Episode_Termination/time_out: 0.8528
  Episode_Termination/torso_height: 0.1472
--------------------------------------------------------------------------------
                   Total timesteps: 2048000
                    Iteration time: 0.39s
                      Time elapsed: 00:00:47
                               ETA: 00:02:22

################################################################################
                      [1m Learning iteration 125/500 [0m                      

                       Computation: 42126 steps/s (collection: 0.290s, learning 0.099s)
             Mean action noise std: 0.35
          Mean value_function loss: 0.0672
               Mean surrogate loss: -0.0083
                 Mean entropy loss: 2.8233
                       Mean reward: 55.07
               Mean episode length: 873.69
           Episode_Reward/progress: 3.9788
              Episode_Reward/alive: 0.4930
            Episode_Reward/upright: 0.0977
     Episode_Reward/move_to_target: 0.4923
          Episode_Reward/action_l2: -0.0238
             Episode_Reward/energy: -0.7898
   Episode_Reward/joint_pos_limits: -0.3622
      Episode_Termination/time_out: 0.8547
  Episode_Termination/torso_height: 0.1453
--------------------------------------------------------------------------------
                   Total timesteps: 2064384
                    Iteration time: 0.39s
                      Time elapsed: 00:00:47
                               ETA: 00:02:22

################################################################################
                      [1m Learning iteration 126/500 [0m                      

                       Computation: 39046 steps/s (collection: 0.320s, learning 0.099s)
             Mean action noise std: 0.34
          Mean value_function loss: 0.0427
               Mean surrogate loss: -0.0053
                 Mean entropy loss: 2.7627
                       Mean reward: 54.70
               Mean episode length: 859.66
           Episode_Reward/progress: 3.2377
              Episode_Reward/alive: 0.4116
            Episode_Reward/upright: 0.0794
     Episode_Reward/move_to_target: 0.4031
          Episode_Reward/action_l2: -0.0199
             Episode_Reward/energy: -0.6478
   Episode_Reward/joint_pos_limits: -0.3087
      Episode_Termination/time_out: 0.8555
  Episode_Termination/torso_height: 0.1445
--------------------------------------------------------------------------------
                   Total timesteps: 2080768
                    Iteration time: 0.42s
                      Time elapsed: 00:00:48
                               ETA: 00:02:22

################################################################################
                      [1m Learning iteration 127/500 [0m                      

                       Computation: 40722 steps/s (collection: 0.305s, learning 0.098s)
             Mean action noise std: 0.34
          Mean value_function loss: 0.0590
               Mean surrogate loss: -0.0057
                 Mean entropy loss: 2.7221
                       Mean reward: 54.86
               Mean episode length: 861.50
           Episode_Reward/progress: 3.6233
              Episode_Reward/alive: 0.4666
            Episode_Reward/upright: 0.0913
     Episode_Reward/move_to_target: 0.4639
          Episode_Reward/action_l2: -0.0230
             Episode_Reward/energy: -0.7599
   Episode_Reward/joint_pos_limits: -0.3462
      Episode_Termination/time_out: 0.8535
  Episode_Termination/torso_height: 0.1465
--------------------------------------------------------------------------------
                   Total timesteps: 2097152
                    Iteration time: 0.40s
                      Time elapsed: 00:00:48
                               ETA: 00:02:21

################################################################################
                      [1m Learning iteration 128/500 [0m                      

                       Computation: 42101 steps/s (collection: 0.290s, learning 0.099s)
             Mean action noise std: 0.34
          Mean value_function loss: 0.0501
               Mean surrogate loss: -0.0060
                 Mean entropy loss: 2.6855
                       Mean reward: 55.48
               Mean episode length: 864.06
           Episode_Reward/progress: 3.5637
              Episode_Reward/alive: 0.4408
            Episode_Reward/upright: 0.0868
     Episode_Reward/move_to_target: 0.4391
          Episode_Reward/action_l2: -0.0218
             Episode_Reward/energy: -0.7120
   Episode_Reward/joint_pos_limits: -0.3289
      Episode_Termination/time_out: 0.8530
  Episode_Termination/torso_height: 0.1470
--------------------------------------------------------------------------------
                   Total timesteps: 2113536
                    Iteration time: 0.39s
                      Time elapsed: 00:00:49
                               ETA: 00:02:21

################################################################################
                      [1m Learning iteration 129/500 [0m                      

                       Computation: 42142 steps/s (collection: 0.294s, learning 0.094s)
             Mean action noise std: 0.34
          Mean value_function loss: 0.0608
               Mean surrogate loss: -0.0046
                 Mean entropy loss: 2.6549
                       Mean reward: 54.09
               Mean episode length: 839.09
           Episode_Reward/progress: 3.0653
              Episode_Reward/alive: 0.3877
            Episode_Reward/upright: 0.0748
     Episode_Reward/move_to_target: 0.3801
          Episode_Reward/action_l2: -0.0189
             Episode_Reward/energy: -0.6176
   Episode_Reward/joint_pos_limits: -0.2923
      Episode_Termination/time_out: 0.8490
  Episode_Termination/torso_height: 0.1510
--------------------------------------------------------------------------------
                   Total timesteps: 2129920
                    Iteration time: 0.39s
                      Time elapsed: 00:00:49
                               ETA: 00:02:21

################################################################################
                      [1m Learning iteration 130/500 [0m                      

                       Computation: 43438 steps/s (collection: 0.289s, learning 0.089s)
             Mean action noise std: 0.34
          Mean value_function loss: 0.0993
               Mean surrogate loss: -0.0070
                 Mean entropy loss: 2.6341
                       Mean reward: 55.18
               Mean episode length: 849.70
           Episode_Reward/progress: 3.8476
              Episode_Reward/alive: 0.4751
            Episode_Reward/upright: 0.0933
     Episode_Reward/move_to_target: 0.4718
          Episode_Reward/action_l2: -0.0232
             Episode_Reward/energy: -0.7741
   Episode_Reward/joint_pos_limits: -0.3538
      Episode_Termination/time_out: 0.8434
  Episode_Termination/torso_height: 0.1566
--------------------------------------------------------------------------------
                   Total timesteps: 2146304
                    Iteration time: 0.38s
                      Time elapsed: 00:00:49
                               ETA: 00:02:20

################################################################################
                      [1m Learning iteration 131/500 [0m                      

                       Computation: 42425 steps/s (collection: 0.293s, learning 0.094s)
             Mean action noise std: 0.34
          Mean value_function loss: 0.0589
               Mean surrogate loss: -0.0058
                 Mean entropy loss: 2.6036
                       Mean reward: 56.31
               Mean episode length: 857.17
           Episode_Reward/progress: 3.6387
              Episode_Reward/alive: 0.4320
            Episode_Reward/upright: 0.0849
     Episode_Reward/move_to_target: 0.4276
          Episode_Reward/action_l2: -0.0208
             Episode_Reward/energy: -0.7025
   Episode_Reward/joint_pos_limits: -0.3184
      Episode_Termination/time_out: 0.8459
  Episode_Termination/torso_height: 0.1541
--------------------------------------------------------------------------------
                   Total timesteps: 2162688
                    Iteration time: 0.39s
                      Time elapsed: 00:00:50
                               ETA: 00:02:20

################################################################################
                      [1m Learning iteration 132/500 [0m                      

                       Computation: 44203 steps/s (collection: 0.278s, learning 0.093s)
             Mean action noise std: 0.34
          Mean value_function loss: 0.0528
               Mean surrogate loss: -0.0041
                 Mean entropy loss: 2.5609
                       Mean reward: 55.37
               Mean episode length: 837.87
           Episode_Reward/progress: 2.8789
              Episode_Reward/alive: 0.3552
            Episode_Reward/upright: 0.0684
     Episode_Reward/move_to_target: 0.3505
          Episode_Reward/action_l2: -0.0172
             Episode_Reward/energy: -0.5719
   Episode_Reward/joint_pos_limits: -0.2654
      Episode_Termination/time_out: 0.8466
  Episode_Termination/torso_height: 0.1534
--------------------------------------------------------------------------------
                   Total timesteps: 2179072
                    Iteration time: 0.37s
                      Time elapsed: 00:00:50
                               ETA: 00:02:19

################################################################################
                      [1m Learning iteration 133/500 [0m                      

                       Computation: 43710 steps/s (collection: 0.281s, learning 0.094s)
             Mean action noise std: 0.34
          Mean value_function loss: 0.0773
               Mean surrogate loss: -0.0061
                 Mean entropy loss: 2.5385
                       Mean reward: 56.09
               Mean episode length: 846.94
           Episode_Reward/progress: 3.9144
              Episode_Reward/alive: 0.4700
            Episode_Reward/upright: 0.0932
     Episode_Reward/move_to_target: 0.4688
          Episode_Reward/action_l2: -0.0233
             Episode_Reward/energy: -0.7703
   Episode_Reward/joint_pos_limits: -0.3501
      Episode_Termination/time_out: 0.8464
  Episode_Termination/torso_height: 0.1536
--------------------------------------------------------------------------------
                   Total timesteps: 2195456
                    Iteration time: 0.37s
                      Time elapsed: 00:00:50
                               ETA: 00:02:19

################################################################################
                      [1m Learning iteration 134/500 [0m                      

                       Computation: 43715 steps/s (collection: 0.284s, learning 0.091s)
             Mean action noise std: 0.33
          Mean value_function loss: 0.0715
               Mean surrogate loss: -0.0052
                 Mean entropy loss: 2.5134
                       Mean reward: 55.04
               Mean episode length: 830.37
           Episode_Reward/progress: 3.0692
              Episode_Reward/alive: 0.3835
            Episode_Reward/upright: 0.0750
     Episode_Reward/move_to_target: 0.3800
          Episode_Reward/action_l2: -0.0187
             Episode_Reward/energy: -0.6326
   Episode_Reward/joint_pos_limits: -0.2835
      Episode_Termination/time_out: 0.8504
  Episode_Termination/torso_height: 0.1496
--------------------------------------------------------------------------------
                   Total timesteps: 2211840
                    Iteration time: 0.37s
                      Time elapsed: 00:00:51
                               ETA: 00:02:19

################################################################################
                      [1m Learning iteration 135/500 [0m                      

                       Computation: 43828 steps/s (collection: 0.282s, learning 0.092s)
             Mean action noise std: 0.33
          Mean value_function loss: 0.0670
               Mean surrogate loss: -0.0080
                 Mean entropy loss: 2.4788
                       Mean reward: 58.03
               Mean episode length: 863.54
           Episode_Reward/progress: 4.1773
              Episode_Reward/alive: 0.4913
            Episode_Reward/upright: 0.0972
     Episode_Reward/move_to_target: 0.4889
          Episode_Reward/action_l2: -0.0239
             Episode_Reward/energy: -0.8013
   Episode_Reward/joint_pos_limits: -0.3674
      Episode_Termination/time_out: 0.8508
  Episode_Termination/torso_height: 0.1492
--------------------------------------------------------------------------------
                   Total timesteps: 2228224
                    Iteration time: 0.37s
                      Time elapsed: 00:00:51
                               ETA: 00:02:18

################################################################################
                      [1m Learning iteration 136/500 [0m                      

                       Computation: 40762 steps/s (collection: 0.308s, learning 0.094s)
             Mean action noise std: 0.33
          Mean value_function loss: 0.0684
               Mean surrogate loss: -0.0042
                 Mean entropy loss: 2.4273
                       Mean reward: 56.96
               Mean episode length: 842.91
           Episode_Reward/progress: 3.1277
              Episode_Reward/alive: 0.3757
            Episode_Reward/upright: 0.0728
     Episode_Reward/move_to_target: 0.3655
          Episode_Reward/action_l2: -0.0179
             Episode_Reward/energy: -0.5907
   Episode_Reward/joint_pos_limits: -0.2834
      Episode_Termination/time_out: 0.8459
  Episode_Termination/torso_height: 0.1541
--------------------------------------------------------------------------------
                   Total timesteps: 2244608
                    Iteration time: 0.40s
                      Time elapsed: 00:00:52
                               ETA: 00:02:18

################################################################################
                      [1m Learning iteration 137/500 [0m                      

                       Computation: 41010 steps/s (collection: 0.303s, learning 0.097s)
             Mean action noise std: 0.33
          Mean value_function loss: 0.0456
               Mean surrogate loss: -0.0046
                 Mean entropy loss: 2.3956
                       Mean reward: 57.44
               Mean episode length: 851.55
           Episode_Reward/progress: 3.8015
              Episode_Reward/alive: 0.4499
            Episode_Reward/upright: 0.0883
     Episode_Reward/move_to_target: 0.4456
          Episode_Reward/action_l2: -0.0221
             Episode_Reward/energy: -0.7416
   Episode_Reward/joint_pos_limits: -0.3346
      Episode_Termination/time_out: 0.8414
  Episode_Termination/torso_height: 0.1586
--------------------------------------------------------------------------------
                   Total timesteps: 2260992
                    Iteration time: 0.40s
                      Time elapsed: 00:00:52
                               ETA: 00:02:18

################################################################################
                      [1m Learning iteration 138/500 [0m                      

                       Computation: 41917 steps/s (collection: 0.298s, learning 0.093s)
             Mean action noise std: 0.33
          Mean value_function loss: 0.0524
               Mean surrogate loss: -0.0066
                 Mean entropy loss: 2.3639
                       Mean reward: 57.06
               Mean episode length: 839.84
           Episode_Reward/progress: 3.9206
              Episode_Reward/alive: 0.4646
            Episode_Reward/upright: 0.0912
     Episode_Reward/move_to_target: 0.4599
          Episode_Reward/action_l2: -0.0228
             Episode_Reward/energy: -0.7584
   Episode_Reward/joint_pos_limits: -0.3490
      Episode_Termination/time_out: 0.8417
  Episode_Termination/torso_height: 0.1583
--------------------------------------------------------------------------------
                   Total timesteps: 2277376
                    Iteration time: 0.39s
                      Time elapsed: 00:00:52
                               ETA: 00:02:17

################################################################################
                      [1m Learning iteration 139/500 [0m                      

                       Computation: 41939 steps/s (collection: 0.297s, learning 0.094s)
             Mean action noise std: 0.33
          Mean value_function loss: 0.0516
               Mean surrogate loss: -0.0063
                 Mean entropy loss: 2.3324
                       Mean reward: 57.58
               Mean episode length: 851.14
           Episode_Reward/progress: 3.7858
              Episode_Reward/alive: 0.4630
            Episode_Reward/upright: 0.0916
     Episode_Reward/move_to_target: 0.4560
          Episode_Reward/action_l2: -0.0224
             Episode_Reward/energy: -0.7708
   Episode_Reward/joint_pos_limits: -0.3407
      Episode_Termination/time_out: 0.8456
  Episode_Termination/torso_height: 0.1544
--------------------------------------------------------------------------------
                   Total timesteps: 2293760
                    Iteration time: 0.39s
                      Time elapsed: 00:00:53
                               ETA: 00:02:17

################################################################################
                      [1m Learning iteration 140/500 [0m                      

                       Computation: 42905 steps/s (collection: 0.289s, learning 0.092s)
             Mean action noise std: 0.33
          Mean value_function loss: 0.0593
               Mean surrogate loss: -0.0042
                 Mean entropy loss: 2.3020
                       Mean reward: 59.68
               Mean episode length: 872.00
           Episode_Reward/progress: 4.2215
              Episode_Reward/alive: 0.4902
            Episode_Reward/upright: 0.0964
     Episode_Reward/move_to_target: 0.4873
          Episode_Reward/action_l2: -0.0233
             Episode_Reward/energy: -0.7913
   Episode_Reward/joint_pos_limits: -0.3629
      Episode_Termination/time_out: 0.8506
  Episode_Termination/torso_height: 0.1494
--------------------------------------------------------------------------------
                   Total timesteps: 2310144
                    Iteration time: 0.38s
                      Time elapsed: 00:00:53
                               ETA: 00:02:16

################################################################################
                      [1m Learning iteration 141/500 [0m                      

                       Computation: 39647 steps/s (collection: 0.316s, learning 0.098s)
             Mean action noise std: 0.32
          Mean value_function loss: 0.0538
               Mean surrogate loss: -0.0051
                 Mean entropy loss: 2.2594
                       Mean reward: 59.10
               Mean episode length: 856.55
           Episode_Reward/progress: 4.2732
              Episode_Reward/alive: 0.4801
            Episode_Reward/upright: 0.0949
     Episode_Reward/move_to_target: 0.4744
          Episode_Reward/action_l2: -0.0235
             Episode_Reward/energy: -0.7881
   Episode_Reward/joint_pos_limits: -0.3579
      Episode_Termination/time_out: 0.8524
  Episode_Termination/torso_height: 0.1476
--------------------------------------------------------------------------------
                   Total timesteps: 2326528
                    Iteration time: 0.41s
                      Time elapsed: 00:00:54
                               ETA: 00:02:16

################################################################################
                      [1m Learning iteration 142/500 [0m                      

                       Computation: 42550 steps/s (collection: 0.288s, learning 0.097s)
             Mean action noise std: 0.32
          Mean value_function loss: 0.0641
               Mean surrogate loss: -0.0077
                 Mean entropy loss: 2.2201
                       Mean reward: 59.34
               Mean episode length: 856.19
           Episode_Reward/progress: 4.0217
              Episode_Reward/alive: 0.4631
            Episode_Reward/upright: 0.0906
     Episode_Reward/move_to_target: 0.4532
          Episode_Reward/action_l2: -0.0221
             Episode_Reward/energy: -0.7457
   Episode_Reward/joint_pos_limits: -0.3459
      Episode_Termination/time_out: 0.8521
  Episode_Termination/torso_height: 0.1479
--------------------------------------------------------------------------------
                   Total timesteps: 2342912
                    Iteration time: 0.39s
                      Time elapsed: 00:00:54
                               ETA: 00:02:16

################################################################################
                      [1m Learning iteration 143/500 [0m                      

                       Computation: 40831 steps/s (collection: 0.307s, learning 0.095s)
             Mean action noise std: 0.32
          Mean value_function loss: 0.0668
               Mean surrogate loss: -0.0055
                 Mean entropy loss: 2.1845
                       Mean reward: 59.98
               Mean episode length: 862.63
           Episode_Reward/progress: 3.6292
              Episode_Reward/alive: 0.4257
            Episode_Reward/upright: 0.0818
     Episode_Reward/move_to_target: 0.4170
          Episode_Reward/action_l2: -0.0206
             Episode_Reward/energy: -0.6944
   Episode_Reward/joint_pos_limits: -0.3176
      Episode_Termination/time_out: 0.8544
  Episode_Termination/torso_height: 0.1456
--------------------------------------------------------------------------------
                   Total timesteps: 2359296
                    Iteration time: 0.40s
                      Time elapsed: 00:00:54
                               ETA: 00:02:15

################################################################################
                      [1m Learning iteration 144/500 [0m                      

                       Computation: 43705 steps/s (collection: 0.288s, learning 0.087s)
             Mean action noise std: 0.32
          Mean value_function loss: 0.0795
               Mean surrogate loss: -0.0062
                 Mean entropy loss: 2.1608
                       Mean reward: 61.22
               Mean episode length: 872.62
           Episode_Reward/progress: 4.3986
              Episode_Reward/alive: 0.4854
            Episode_Reward/upright: 0.0953
     Episode_Reward/move_to_target: 0.4819
          Episode_Reward/action_l2: -0.0231
             Episode_Reward/energy: -0.7839
   Episode_Reward/joint_pos_limits: -0.3625
      Episode_Termination/time_out: 0.8558
  Episode_Termination/torso_height: 0.1442
--------------------------------------------------------------------------------
                   Total timesteps: 2375680
                    Iteration time: 0.37s
                      Time elapsed: 00:00:55
                               ETA: 00:02:15

################################################################################
                      [1m Learning iteration 145/500 [0m                      

                       Computation: 45208 steps/s (collection: 0.291s, learning 0.072s)
             Mean action noise std: 0.32
          Mean value_function loss: 0.0698
               Mean surrogate loss: -0.0065
                 Mean entropy loss: 2.1323
                       Mean reward: 62.12
               Mean episode length: 871.32
           Episode_Reward/progress: 4.1551
              Episode_Reward/alive: 0.4575
            Episode_Reward/upright: 0.0896
     Episode_Reward/move_to_target: 0.4527
          Episode_Reward/action_l2: -0.0222
             Episode_Reward/energy: -0.7539
   Episode_Reward/joint_pos_limits: -0.3440
      Episode_Termination/time_out: 0.8604
  Episode_Termination/torso_height: 0.1396
--------------------------------------------------------------------------------
                   Total timesteps: 2392064
                    Iteration time: 0.36s
                      Time elapsed: 00:00:55
                               ETA: 00:02:15

################################################################################
                      [1m Learning iteration 146/500 [0m                      

                       Computation: 45321 steps/s (collection: 0.289s, learning 0.073s)
             Mean action noise std: 0.32
          Mean value_function loss: 0.0882
               Mean surrogate loss: -0.0065
                 Mean entropy loss: 2.0946
                       Mean reward: 62.56
               Mean episode length: 874.87
           Episode_Reward/progress: 4.3907
              Episode_Reward/alive: 0.4919
            Episode_Reward/upright: 0.0968
     Episode_Reward/move_to_target: 0.4908
          Episode_Reward/action_l2: -0.0236
             Episode_Reward/energy: -0.8018
   Episode_Reward/joint_pos_limits: -0.3657
      Episode_Termination/time_out: 0.8591
  Episode_Termination/torso_height: 0.1409
--------------------------------------------------------------------------------
                   Total timesteps: 2408448
                    Iteration time: 0.36s
                      Time elapsed: 00:00:55
                               ETA: 00:02:14

################################################################################
                      [1m Learning iteration 147/500 [0m                      

                       Computation: 45511 steps/s (collection: 0.265s, learning 0.095s)
             Mean action noise std: 0.32
          Mean value_function loss: 0.0989
               Mean surrogate loss: -0.0009
                 Mean entropy loss: 2.0678
                       Mean reward: 62.76
               Mean episode length: 874.87
           Episode_Reward/progress: 4.5428
              Episode_Reward/alive: 0.5000
            Episode_Reward/upright: 0.0982
     Episode_Reward/move_to_target: 0.4965
          Episode_Reward/action_l2: -0.0238
             Episode_Reward/energy: -0.8014
   Episode_Reward/joint_pos_limits: -0.3762
      Episode_Termination/time_out: 0.8576
  Episode_Termination/torso_height: 0.1424
--------------------------------------------------------------------------------
                   Total timesteps: 2424832
                    Iteration time: 0.36s
                      Time elapsed: 00:00:56
                               ETA: 00:02:14

################################################################################
                      [1m Learning iteration 148/500 [0m                      

                       Computation: 43640 steps/s (collection: 0.283s, learning 0.093s)
             Mean action noise std: 0.32
          Mean value_function loss: 0.0722
               Mean surrogate loss: -0.0064
                 Mean entropy loss: 2.0532
                       Mean reward: 64.44
               Mean episode length: 891.31
           Episode_Reward/progress: 4.4171
              Episode_Reward/alive: 0.4770
            Episode_Reward/upright: 0.0939
     Episode_Reward/move_to_target: 0.4734
          Episode_Reward/action_l2: -0.0232
             Episode_Reward/energy: -0.7853
   Episode_Reward/joint_pos_limits: -0.3599
      Episode_Termination/time_out: 0.8594
  Episode_Termination/torso_height: 0.1406
--------------------------------------------------------------------------------
                   Total timesteps: 2441216
                    Iteration time: 0.38s
                      Time elapsed: 00:00:56
                               ETA: 00:02:13

################################################################################
                      [1m Learning iteration 149/500 [0m                      

                       Computation: 42382 steps/s (collection: 0.292s, learning 0.095s)
             Mean action noise std: 0.32
          Mean value_function loss: 0.0974
               Mean surrogate loss: -0.0076
                 Mean entropy loss: 2.0289
                       Mean reward: 62.69
               Mean episode length: 871.95
           Episode_Reward/progress: 3.1414
              Episode_Reward/alive: 0.3757
            Episode_Reward/upright: 0.0703
     Episode_Reward/move_to_target: 0.3405
          Episode_Reward/action_l2: -0.0180
             Episode_Reward/energy: -0.5903
   Episode_Reward/joint_pos_limits: -0.2848
      Episode_Termination/time_out: 0.8532
  Episode_Termination/torso_height: 0.1468
--------------------------------------------------------------------------------
                   Total timesteps: 2457600
                    Iteration time: 0.39s
                      Time elapsed: 00:00:57
                               ETA: 00:02:13

################################################################################
                      [1m Learning iteration 150/500 [0m                      

                       Computation: 42759 steps/s (collection: 0.286s, learning 0.097s)
             Mean action noise std: 0.32
          Mean value_function loss: 0.0668
               Mean surrogate loss: -0.0054
                 Mean entropy loss: 2.0025
                       Mean reward: 62.86
               Mean episode length: 870.70
           Episode_Reward/progress: 3.9250
              Episode_Reward/alive: 0.4220
            Episode_Reward/upright: 0.0823
     Episode_Reward/move_to_target: 0.4092
          Episode_Reward/action_l2: -0.0204
             Episode_Reward/energy: -0.6927
   Episode_Reward/joint_pos_limits: -0.3166
      Episode_Termination/time_out: 0.8505
  Episode_Termination/torso_height: 0.1495
--------------------------------------------------------------------------------
                   Total timesteps: 2473984
                    Iteration time: 0.38s
                      Time elapsed: 00:00:57
                               ETA: 00:02:13

################################################################################
                      [1m Learning iteration 151/500 [0m                      

                       Computation: 35995 steps/s (collection: 0.308s, learning 0.147s)
             Mean action noise std: 0.31
          Mean value_function loss: 0.0965
               Mean surrogate loss: -0.0077
                 Mean entropy loss: 1.9864
                       Mean reward: 64.73
               Mean episode length: 882.75
           Episode_Reward/progress: 4.5201
              Episode_Reward/alive: 0.4832
            Episode_Reward/upright: 0.0954
     Episode_Reward/move_to_target: 0.4789
          Episode_Reward/action_l2: -0.0235
             Episode_Reward/energy: -0.8106
   Episode_Reward/joint_pos_limits: -0.3605
      Episode_Termination/time_out: 0.8542
  Episode_Termination/torso_height: 0.1458
--------------------------------------------------------------------------------
                   Total timesteps: 2490368
                    Iteration time: 0.46s
                      Time elapsed: 00:00:57
                               ETA: 00:02:12

################################################################################
                      [1m Learning iteration 152/500 [0m                      

                       Computation: 37920 steps/s (collection: 0.338s, learning 0.094s)
             Mean action noise std: 0.31
          Mean value_function loss: 0.0711
               Mean surrogate loss: -0.0065
                 Mean entropy loss: 1.9584
                       Mean reward: 63.73
               Mean episode length: 865.55
           Episode_Reward/progress: 4.5450
              Episode_Reward/alive: 0.4857
            Episode_Reward/upright: 0.0956
     Episode_Reward/move_to_target: 0.4830
          Episode_Reward/action_l2: -0.0237
             Episode_Reward/energy: -0.8190
   Episode_Reward/joint_pos_limits: -0.3621
      Episode_Termination/time_out: 0.8488
  Episode_Termination/torso_height: 0.1512
--------------------------------------------------------------------------------
                   Total timesteps: 2506752
                    Iteration time: 0.43s
                      Time elapsed: 00:00:58
                               ETA: 00:02:12

################################################################################
                      [1m Learning iteration 153/500 [0m                      

                       Computation: 42087 steps/s (collection: 0.291s, learning 0.098s)
             Mean action noise std: 0.31
          Mean value_function loss: 0.0459
               Mean surrogate loss: 0.0006
                 Mean entropy loss: 1.9323
                       Mean reward: 67.76
               Mean episode length: 901.54
           Episode_Reward/progress: 4.7231
              Episode_Reward/alive: 0.4934
            Episode_Reward/upright: 0.0971
     Episode_Reward/move_to_target: 0.4914
          Episode_Reward/action_l2: -0.0242
             Episode_Reward/energy: -0.8371
   Episode_Reward/joint_pos_limits: -0.3666
      Episode_Termination/time_out: 0.8481
  Episode_Termination/torso_height: 0.1519
--------------------------------------------------------------------------------
                   Total timesteps: 2523136
                    Iteration time: 0.39s
                      Time elapsed: 00:00:58
                               ETA: 00:02:12

################################################################################
                      [1m Learning iteration 154/500 [0m                      

                       Computation: 42385 steps/s (collection: 0.293s, learning 0.094s)
             Mean action noise std: 0.31
          Mean value_function loss: 0.0457
               Mean surrogate loss: -0.0035
                 Mean entropy loss: 1.9168
                       Mean reward: 66.94
               Mean episode length: 890.82
           Episode_Reward/progress: 4.3445
              Episode_Reward/alive: 0.4734
            Episode_Reward/upright: 0.0937
     Episode_Reward/move_to_target: 0.4624
          Episode_Reward/action_l2: -0.0228
             Episode_Reward/energy: -0.7962
   Episode_Reward/joint_pos_limits: -0.3546
      Episode_Termination/time_out: 0.8497
  Episode_Termination/torso_height: 0.1503
--------------------------------------------------------------------------------
                   Total timesteps: 2539520
                    Iteration time: 0.39s
                      Time elapsed: 00:00:59
                               ETA: 00:02:11

################################################################################
                      [1m Learning iteration 155/500 [0m                      

                       Computation: 41535 steps/s (collection: 0.301s, learning 0.094s)
             Mean action noise std: 0.31
          Mean value_function loss: 0.0522
               Mean surrogate loss: -0.0065
                 Mean entropy loss: 1.8876
                       Mean reward: 68.87
               Mean episode length: 908.35
           Episode_Reward/progress: 4.5475
              Episode_Reward/alive: 0.4782
            Episode_Reward/upright: 0.0945
     Episode_Reward/move_to_target: 0.4652
          Episode_Reward/action_l2: -0.0229
             Episode_Reward/energy: -0.7805
   Episode_Reward/joint_pos_limits: -0.3589
      Episode_Termination/time_out: 0.8476
  Episode_Termination/torso_height: 0.1524
--------------------------------------------------------------------------------
                   Total timesteps: 2555904
                    Iteration time: 0.39s
                      Time elapsed: 00:00:59
                               ETA: 00:02:11

################################################################################
                      [1m Learning iteration 156/500 [0m                      

                       Computation: 41043 steps/s (collection: 0.302s, learning 0.097s)
             Mean action noise std: 0.31
          Mean value_function loss: 0.0482
               Mean surrogate loss: -0.0055
                 Mean entropy loss: 1.8712
                       Mean reward: 68.06
               Mean episode length: 898.67
           Episode_Reward/progress: 4.4427
              Episode_Reward/alive: 0.4908
            Episode_Reward/upright: 0.0961
     Episode_Reward/move_to_target: 0.4769
          Episode_Reward/action_l2: -0.0236
             Episode_Reward/energy: -0.8095
   Episode_Reward/joint_pos_limits: -0.3689
      Episode_Termination/time_out: 0.8527
  Episode_Termination/torso_height: 0.1473
--------------------------------------------------------------------------------
                   Total timesteps: 2572288
                    Iteration time: 0.40s
                      Time elapsed: 00:00:59
                               ETA: 00:02:11

################################################################################
                      [1m Learning iteration 157/500 [0m                      

                       Computation: 43418 steps/s (collection: 0.283s, learning 0.094s)
             Mean action noise std: 0.31
          Mean value_function loss: 0.0590
               Mean surrogate loss: -0.0061
                 Mean entropy loss: 1.8593
                       Mean reward: 65.85
               Mean episode length: 867.20
           Episode_Reward/progress: 4.5009
              Episode_Reward/alive: 0.4587
            Episode_Reward/upright: 0.0907
     Episode_Reward/move_to_target: 0.4574
          Episode_Reward/action_l2: -0.0225
             Episode_Reward/energy: -0.7689
   Episode_Reward/joint_pos_limits: -0.3481
      Episode_Termination/time_out: 0.8590
  Episode_Termination/torso_height: 0.1410
--------------------------------------------------------------------------------
                   Total timesteps: 2588672
                    Iteration time: 0.38s
                      Time elapsed: 00:01:00
                               ETA: 00:02:10

################################################################################
                      [1m Learning iteration 158/500 [0m                      

                       Computation: 43198 steps/s (collection: 0.283s, learning 0.096s)
             Mean action noise std: 0.31
          Mean value_function loss: 0.0608
               Mean surrogate loss: -0.0065
                 Mean entropy loss: 1.8374
                       Mean reward: 65.71
               Mean episode length: 857.55
           Episode_Reward/progress: 4.3309
              Episode_Reward/alive: 0.4469
            Episode_Reward/upright: 0.0870
     Episode_Reward/move_to_target: 0.4424
          Episode_Reward/action_l2: -0.0218
             Episode_Reward/energy: -0.7398
   Episode_Reward/joint_pos_limits: -0.3389
      Episode_Termination/time_out: 0.8583
  Episode_Termination/torso_height: 0.1417
--------------------------------------------------------------------------------
                   Total timesteps: 2605056
                    Iteration time: 0.38s
                      Time elapsed: 00:01:00
                               ETA: 00:02:10

################################################################################
                      [1m Learning iteration 159/500 [0m                      

                       Computation: 44617 steps/s (collection: 0.291s, learning 0.076s)
             Mean action noise std: 0.31
          Mean value_function loss: 0.0694
               Mean surrogate loss: -0.0041
                 Mean entropy loss: 1.8171
                       Mean reward: 66.58
               Mean episode length: 875.36
           Episode_Reward/progress: 4.5498
              Episode_Reward/alive: 0.4927
            Episode_Reward/upright: 0.0968
     Episode_Reward/move_to_target: 0.4710
          Episode_Reward/action_l2: -0.0245
             Episode_Reward/energy: -0.8304
   Episode_Reward/joint_pos_limits: -0.3744
      Episode_Termination/time_out: 0.8588
  Episode_Termination/torso_height: 0.1412
--------------------------------------------------------------------------------
                   Total timesteps: 2621440
                    Iteration time: 0.37s
                      Time elapsed: 00:01:01
                               ETA: 00:02:10

################################################################################
                      [1m Learning iteration 160/500 [0m                      

                       Computation: 42185 steps/s (collection: 0.293s, learning 0.096s)
             Mean action noise std: 0.31
          Mean value_function loss: 0.0692
               Mean surrogate loss: -0.0054
                 Mean entropy loss: 1.8001
                       Mean reward: 66.19
               Mean episode length: 868.06
           Episode_Reward/progress: 4.5894
              Episode_Reward/alive: 0.4820
            Episode_Reward/upright: 0.0946
     Episode_Reward/move_to_target: 0.4798
          Episode_Reward/action_l2: -0.0235
             Episode_Reward/energy: -0.8189
   Episode_Reward/joint_pos_limits: -0.3633
      Episode_Termination/time_out: 0.8619
  Episode_Termination/torso_height: 0.1381
--------------------------------------------------------------------------------
                   Total timesteps: 2637824
                    Iteration time: 0.39s
                      Time elapsed: 00:01:01
                               ETA: 00:02:09

################################################################################
                      [1m Learning iteration 161/500 [0m                      

                       Computation: 39815 steps/s (collection: 0.313s, learning 0.098s)
             Mean action noise std: 0.31
          Mean value_function loss: 0.0561
               Mean surrogate loss: -0.0051
                 Mean entropy loss: 1.7878
                       Mean reward: 66.46
               Mean episode length: 862.99
           Episode_Reward/progress: 4.9028
              Episode_Reward/alive: 0.4861
            Episode_Reward/upright: 0.0963
     Episode_Reward/move_to_target: 0.4821
          Episode_Reward/action_l2: -0.0234
             Episode_Reward/energy: -0.8284
   Episode_Reward/joint_pos_limits: -0.3563
      Episode_Termination/time_out: 0.8638
  Episode_Termination/torso_height: 0.1362
--------------------------------------------------------------------------------
                   Total timesteps: 2654208
                    Iteration time: 0.41s
                      Time elapsed: 00:01:01
                               ETA: 00:02:09

################################################################################
                      [1m Learning iteration 162/500 [0m                      

                       Computation: 41843 steps/s (collection: 0.301s, learning 0.091s)
             Mean action noise std: 0.31
          Mean value_function loss: 0.0549
               Mean surrogate loss: -0.0040
                 Mean entropy loss: 1.7668
                       Mean reward: 66.21
               Mean episode length: 861.94
           Episode_Reward/progress: 3.3396
              Episode_Reward/alive: 0.3630
            Episode_Reward/upright: 0.0683
     Episode_Reward/move_to_target: 0.3564
          Episode_Reward/action_l2: -0.0179
             Episode_Reward/energy: -0.5944
   Episode_Reward/joint_pos_limits: -0.2774
      Episode_Termination/time_out: 0.8594
  Episode_Termination/torso_height: 0.1406
--------------------------------------------------------------------------------
                   Total timesteps: 2670592
                    Iteration time: 0.39s
                      Time elapsed: 00:01:02
                               ETA: 00:02:08

################################################################################
                      [1m Learning iteration 163/500 [0m                      

                       Computation: 43960 steps/s (collection: 0.279s, learning 0.093s)
             Mean action noise std: 0.31
          Mean value_function loss: 0.0503
               Mean surrogate loss: -0.0024
                 Mean entropy loss: 1.7387
                       Mean reward: 66.42
               Mean episode length: 862.78
           Episode_Reward/progress: 4.8726
              Episode_Reward/alive: 0.4855
            Episode_Reward/upright: 0.0957
     Episode_Reward/move_to_target: 0.4839
          Episode_Reward/action_l2: -0.0239
             Episode_Reward/energy: -0.8271
   Episode_Reward/joint_pos_limits: -0.3594
      Episode_Termination/time_out: 0.8542
  Episode_Termination/torso_height: 0.1458
--------------------------------------------------------------------------------
                   Total timesteps: 2686976
                    Iteration time: 0.37s
                      Time elapsed: 00:01:02
                               ETA: 00:02:08

################################################################################
                      [1m Learning iteration 164/500 [0m                      

                       Computation: 43594 steps/s (collection: 0.281s, learning 0.095s)
             Mean action noise std: 0.31
          Mean value_function loss: 0.0733
               Mean surrogate loss: -0.0055
                 Mean entropy loss: 1.7203
                       Mean reward: 67.81
               Mean episode length: 879.95
           Episode_Reward/progress: 4.8518
              Episode_Reward/alive: 0.4993
            Episode_Reward/upright: 0.0993
     Episode_Reward/move_to_target: 0.4971
          Episode_Reward/action_l2: -0.0250
             Episode_Reward/energy: -0.8750
   Episode_Reward/joint_pos_limits: -0.3717
      Episode_Termination/time_out: 0.8565
  Episode_Termination/torso_height: 0.1435
--------------------------------------------------------------------------------
                   Total timesteps: 2703360
                    Iteration time: 0.38s
                      Time elapsed: 00:01:02
                               ETA: 00:02:08

################################################################################
                      [1m Learning iteration 165/500 [0m                      

                       Computation: 45039 steps/s (collection: 0.278s, learning 0.085s)
             Mean action noise std: 0.31
          Mean value_function loss: 0.0786
               Mean surrogate loss: -0.0062
                 Mean entropy loss: 1.7093
                       Mean reward: 67.85
               Mean episode length: 862.10
           Episode_Reward/progress: 4.2315
              Episode_Reward/alive: 0.4191
            Episode_Reward/upright: 0.0825
     Episode_Reward/move_to_target: 0.4106
          Episode_Reward/action_l2: -0.0209
             Episode_Reward/energy: -0.7233
   Episode_Reward/joint_pos_limits: -0.3139
      Episode_Termination/time_out: 0.8582
  Episode_Termination/torso_height: 0.1418
--------------------------------------------------------------------------------
                   Total timesteps: 2719744
                    Iteration time: 0.36s
                      Time elapsed: 00:01:03
                               ETA: 00:02:07

################################################################################
                      [1m Learning iteration 166/500 [0m                      

                       Computation: 42851 steps/s (collection: 0.288s, learning 0.094s)
             Mean action noise std: 0.30
          Mean value_function loss: 0.0692
               Mean surrogate loss: -0.0045
                 Mean entropy loss: 1.6998
                       Mean reward: 66.15
               Mean episode length: 842.32
           Episode_Reward/progress: 4.0711
              Episode_Reward/alive: 0.4158
            Episode_Reward/upright: 0.0813
     Episode_Reward/move_to_target: 0.4074
          Episode_Reward/action_l2: -0.0202
             Episode_Reward/energy: -0.7054
   Episode_Reward/joint_pos_limits: -0.3087
      Episode_Termination/time_out: 0.8560
  Episode_Termination/torso_height: 0.1440
--------------------------------------------------------------------------------
                   Total timesteps: 2736128
                    Iteration time: 0.38s
                      Time elapsed: 00:01:03
                               ETA: 00:02:07

################################################################################
                      [1m Learning iteration 167/500 [0m                      

                       Computation: 43667 steps/s (collection: 0.284s, learning 0.091s)
             Mean action noise std: 0.30
          Mean value_function loss: 0.0800
               Mean surrogate loss: -0.0059
                 Mean entropy loss: 1.6712
                       Mean reward: 65.40
               Mean episode length: 830.09
           Episode_Reward/progress: 4.5827
              Episode_Reward/alive: 0.4691
            Episode_Reward/upright: 0.0927
     Episode_Reward/move_to_target: 0.4671
          Episode_Reward/action_l2: -0.0230
             Episode_Reward/energy: -0.7998
   Episode_Reward/joint_pos_limits: -0.3477
      Episode_Termination/time_out: 0.8573
  Episode_Termination/torso_height: 0.1427
--------------------------------------------------------------------------------
                   Total timesteps: 2752512
                    Iteration time: 0.38s
                      Time elapsed: 00:01:04
                               ETA: 00:02:07

################################################################################
                      [1m Learning iteration 168/500 [0m                      

                       Computation: 43288 steps/s (collection: 0.284s, learning 0.094s)
             Mean action noise std: 0.30
          Mean value_function loss: 0.0715
               Mean surrogate loss: -0.0032
                 Mean entropy loss: 1.6557
                       Mean reward: 65.56
               Mean episode length: 826.09
           Episode_Reward/progress: 4.4970
              Episode_Reward/alive: 0.4503
            Episode_Reward/upright: 0.0883
     Episode_Reward/move_to_target: 0.4449
          Episode_Reward/action_l2: -0.0224
             Episode_Reward/energy: -0.7821
   Episode_Reward/joint_pos_limits: -0.3379
      Episode_Termination/time_out: 0.8618
  Episode_Termination/torso_height: 0.1382
--------------------------------------------------------------------------------
                   Total timesteps: 2768896
                    Iteration time: 0.38s
                      Time elapsed: 00:01:04
                               ETA: 00:02:06

################################################################################
                      [1m Learning iteration 169/500 [0m                      

                       Computation: 46840 steps/s (collection: 0.277s, learning 0.073s)
             Mean action noise std: 0.30
          Mean value_function loss: 0.0897
               Mean surrogate loss: -0.0045
                 Mean entropy loss: 1.6430
                       Mean reward: 68.10
               Mean episode length: 855.63
           Episode_Reward/progress: 4.5406
              Episode_Reward/alive: 0.4616
            Episode_Reward/upright: 0.0894
     Episode_Reward/move_to_target: 0.4582
          Episode_Reward/action_l2: -0.0227
             Episode_Reward/energy: -0.7942
   Episode_Reward/joint_pos_limits: -0.3445
      Episode_Termination/time_out: 0.8650
  Episode_Termination/torso_height: 0.1350
--------------------------------------------------------------------------------
                   Total timesteps: 2785280
                    Iteration time: 0.35s
                      Time elapsed: 00:01:04
                               ETA: 00:02:06

################################################################################
                      [1m Learning iteration 170/500 [0m                      

                       Computation: 42766 steps/s (collection: 0.290s, learning 0.093s)
             Mean action noise std: 0.30
          Mean value_function loss: 0.0691
               Mean surrogate loss: -0.0038
                 Mean entropy loss: 1.6152
                       Mean reward: 65.42
               Mean episode length: 815.47
           Episode_Reward/progress: 4.3170
              Episode_Reward/alive: 0.4228
            Episode_Reward/upright: 0.0831
     Episode_Reward/move_to_target: 0.4146
          Episode_Reward/action_l2: -0.0205
             Episode_Reward/energy: -0.7222
   Episode_Reward/joint_pos_limits: -0.3129
      Episode_Termination/time_out: 0.8606
  Episode_Termination/torso_height: 0.1394
--------------------------------------------------------------------------------
                   Total timesteps: 2801664
                    Iteration time: 0.38s
                      Time elapsed: 00:01:05
                               ETA: 00:02:05

################################################################################
                      [1m Learning iteration 171/500 [0m                      

                       Computation: 42520 steps/s (collection: 0.306s, learning 0.079s)
             Mean action noise std: 0.30
          Mean value_function loss: 0.0901
               Mean surrogate loss: -0.0045
                 Mean entropy loss: 1.5875
                       Mean reward: 67.87
               Mean episode length: 838.26
           Episode_Reward/progress: 4.6726
              Episode_Reward/alive: 0.4612
            Episode_Reward/upright: 0.0914
     Episode_Reward/move_to_target: 0.4590
          Episode_Reward/action_l2: -0.0228
             Episode_Reward/energy: -0.7959
   Episode_Reward/joint_pos_limits: -0.3433
      Episode_Termination/time_out: 0.8577
  Episode_Termination/torso_height: 0.1423
--------------------------------------------------------------------------------
                   Total timesteps: 2818048
                    Iteration time: 0.39s
                      Time elapsed: 00:01:05
                               ETA: 00:02:05

################################################################################
                      [1m Learning iteration 172/500 [0m                      

                       Computation: 41805 steps/s (collection: 0.294s, learning 0.098s)
             Mean action noise std: 0.30
          Mean value_function loss: 0.0687
               Mean surrogate loss: -0.0042
                 Mean entropy loss: 1.5602
                       Mean reward: 69.13
               Mean episode length: 850.11
           Episode_Reward/progress: 4.8410
              Episode_Reward/alive: 0.4774
            Episode_Reward/upright: 0.0943
     Episode_Reward/move_to_target: 0.4766
          Episode_Reward/action_l2: -0.0235
             Episode_Reward/energy: -0.8200
   Episode_Reward/joint_pos_limits: -0.3556
      Episode_Termination/time_out: 0.8569
  Episode_Termination/torso_height: 0.1431
--------------------------------------------------------------------------------
                   Total timesteps: 2834432
                    Iteration time: 0.39s
                      Time elapsed: 00:01:05
                               ETA: 00:02:05

################################################################################
                      [1m Learning iteration 173/500 [0m                      

                       Computation: 41965 steps/s (collection: 0.293s, learning 0.097s)
             Mean action noise std: 0.30
          Mean value_function loss: 0.0802
               Mean surrogate loss: -0.0063
                 Mean entropy loss: 1.5447
                       Mean reward: 71.12
               Mean episode length: 867.67
           Episode_Reward/progress: 5.0645
              Episode_Reward/alive: 0.4928
            Episode_Reward/upright: 0.0979
     Episode_Reward/move_to_target: 0.4911
          Episode_Reward/action_l2: -0.0248
             Episode_Reward/energy: -0.8687
   Episode_Reward/joint_pos_limits: -0.3656
      Episode_Termination/time_out: 0.8569
  Episode_Termination/torso_height: 0.1431
--------------------------------------------------------------------------------
                   Total timesteps: 2850816
                    Iteration time: 0.39s
                      Time elapsed: 00:01:06
                               ETA: 00:02:04

################################################################################
                      [1m Learning iteration 174/500 [0m                      

                       Computation: 43722 steps/s (collection: 0.285s, learning 0.089s)
             Mean action noise std: 0.30
          Mean value_function loss: 0.1181
               Mean surrogate loss: -0.0067
                 Mean entropy loss: 1.5324
                       Mean reward: 72.56
               Mean episode length: 882.70
           Episode_Reward/progress: 5.1794
              Episode_Reward/alive: 0.4996
            Episode_Reward/upright: 0.0987
     Episode_Reward/move_to_target: 0.4848
          Episode_Reward/action_l2: -0.0244
             Episode_Reward/energy: -0.8454
   Episode_Reward/joint_pos_limits: -0.3760
      Episode_Termination/time_out: 0.8594
  Episode_Termination/torso_height: 0.1406
--------------------------------------------------------------------------------
                   Total timesteps: 2867200
                    Iteration time: 0.37s
                      Time elapsed: 00:01:06
                               ETA: 00:02:04

################################################################################
                      [1m Learning iteration 175/500 [0m                      

                       Computation: 38111 steps/s (collection: 0.330s, learning 0.100s)
             Mean action noise std: 0.30
          Mean value_function loss: 0.0831
               Mean surrogate loss: -0.0063
                 Mean entropy loss: 1.5110
                       Mean reward: 72.80
               Mean episode length: 880.49
           Episode_Reward/progress: 4.7974
              Episode_Reward/alive: 0.4534
            Episode_Reward/upright: 0.0888
     Episode_Reward/move_to_target: 0.4487
          Episode_Reward/action_l2: -0.0222
             Episode_Reward/energy: -0.7882
   Episode_Reward/joint_pos_limits: -0.3355
      Episode_Termination/time_out: 0.8594
  Episode_Termination/torso_height: 0.1406
--------------------------------------------------------------------------------
                   Total timesteps: 2883584
                    Iteration time: 0.43s
                      Time elapsed: 00:01:07
                               ETA: 00:02:04

################################################################################
                      [1m Learning iteration 176/500 [0m                      

                       Computation: 37295 steps/s (collection: 0.337s, learning 0.103s)
             Mean action noise std: 0.30
          Mean value_function loss: 0.0721
               Mean surrogate loss: -0.0019
                 Mean entropy loss: 1.4794
                       Mean reward: 73.29
               Mean episode length: 884.85
           Episode_Reward/progress: 4.5199
              Episode_Reward/alive: 0.4367
            Episode_Reward/upright: 0.0845
     Episode_Reward/move_to_target: 0.4316
          Episode_Reward/action_l2: -0.0211
             Episode_Reward/energy: -0.7468
   Episode_Reward/joint_pos_limits: -0.3213
      Episode_Termination/time_out: 0.8562
  Episode_Termination/torso_height: 0.1438
--------------------------------------------------------------------------------
                   Total timesteps: 2899968
                    Iteration time: 0.44s
                      Time elapsed: 00:01:07
                               ETA: 00:02:03

################################################################################
                      [1m Learning iteration 177/500 [0m                      

                       Computation: 37597 steps/s (collection: 0.328s, learning 0.108s)
             Mean action noise std: 0.30
          Mean value_function loss: 0.0804
               Mean surrogate loss: -0.0049
                 Mean entropy loss: 1.4501
                       Mean reward: 72.77
               Mean episode length: 875.91
           Episode_Reward/progress: 5.0633
              Episode_Reward/alive: 0.4854
            Episode_Reward/upright: 0.0959
     Episode_Reward/move_to_target: 0.4826
          Episode_Reward/action_l2: -0.0239
             Episode_Reward/energy: -0.8450
   Episode_Reward/joint_pos_limits: -0.3594
      Episode_Termination/time_out: 0.8557
  Episode_Termination/torso_height: 0.1443
--------------------------------------------------------------------------------
                   Total timesteps: 2916352
                    Iteration time: 0.44s
                      Time elapsed: 00:01:08
                               ETA: 00:02:03

################################################################################
                      [1m Learning iteration 178/500 [0m                      

                       Computation: 36938 steps/s (collection: 0.337s, learning 0.107s)
             Mean action noise std: 0.30
          Mean value_function loss: 0.1057
               Mean surrogate loss: -0.0033
                 Mean entropy loss: 1.4191
                       Mean reward: 72.39
               Mean episode length: 870.39
           Episode_Reward/progress: 4.8334
              Episode_Reward/alive: 0.4576
            Episode_Reward/upright: 0.0899
     Episode_Reward/move_to_target: 0.4563
          Episode_Reward/action_l2: -0.0228
             Episode_Reward/energy: -0.8035
   Episode_Reward/joint_pos_limits: -0.3386
      Episode_Termination/time_out: 0.8541
  Episode_Termination/torso_height: 0.1459
--------------------------------------------------------------------------------
                   Total timesteps: 2932736
                    Iteration time: 0.44s
                      Time elapsed: 00:01:08
                               ETA: 00:02:03

################################################################################
                      [1m Learning iteration 179/500 [0m                      

                       Computation: 34049 steps/s (collection: 0.361s, learning 0.120s)
             Mean action noise std: 0.29
          Mean value_function loss: 0.1118
               Mean surrogate loss: -0.0053
                 Mean entropy loss: 1.4044
                       Mean reward: 72.06
               Mean episode length: 874.53
           Episode_Reward/progress: 4.2125
              Episode_Reward/alive: 0.4698
            Episode_Reward/upright: 0.0904
     Episode_Reward/move_to_target: 0.4308
          Episode_Reward/action_l2: -0.0229
             Episode_Reward/energy: -0.7517
   Episode_Reward/joint_pos_limits: -0.3576
      Episode_Termination/time_out: 0.8595
  Episode_Termination/torso_height: 0.1405
--------------------------------------------------------------------------------
                   Total timesteps: 2949120
                    Iteration time: 0.48s
                      Time elapsed: 00:01:08
                               ETA: 00:02:02

################################################################################
                      [1m Learning iteration 180/500 [0m                      

                       Computation: 38328 steps/s (collection: 0.331s, learning 0.096s)
             Mean action noise std: 0.29
          Mean value_function loss: 0.1693
               Mean surrogate loss: -0.0053
                 Mean entropy loss: 1.3846
                       Mean reward: 71.09
               Mean episode length: 863.22
           Episode_Reward/progress: 4.7606
              Episode_Reward/alive: 0.4606
            Episode_Reward/upright: 0.0889
     Episode_Reward/move_to_target: 0.4437
          Episode_Reward/action_l2: -0.0226
             Episode_Reward/energy: -0.7757
   Episode_Reward/joint_pos_limits: -0.3441
      Episode_Termination/time_out: 0.8610
  Episode_Termination/torso_height: 0.1390
--------------------------------------------------------------------------------
                   Total timesteps: 2965504
                    Iteration time: 0.43s
                      Time elapsed: 00:01:09
                               ETA: 00:02:02

################################################################################
                      [1m Learning iteration 181/500 [0m                      

                       Computation: 38586 steps/s (collection: 0.328s, learning 0.097s)
             Mean action noise std: 0.29
          Mean value_function loss: 0.1447
               Mean surrogate loss: -0.0062
                 Mean entropy loss: 1.3773
                       Mean reward: 73.28
               Mean episode length: 881.60
           Episode_Reward/progress: 4.7339
              Episode_Reward/alive: 0.4514
            Episode_Reward/upright: 0.0888
     Episode_Reward/move_to_target: 0.4458
          Episode_Reward/action_l2: -0.0221
             Episode_Reward/energy: -0.7850
   Episode_Reward/joint_pos_limits: -0.3285
      Episode_Termination/time_out: 0.8609
  Episode_Termination/torso_height: 0.1391
--------------------------------------------------------------------------------
                   Total timesteps: 2981888
                    Iteration time: 0.42s
                      Time elapsed: 00:01:09
                               ETA: 00:02:02

################################################################################
                      [1m Learning iteration 182/500 [0m                      

                       Computation: 38723 steps/s (collection: 0.324s, learning 0.099s)
             Mean action noise std: 0.29
          Mean value_function loss: 0.0834
               Mean surrogate loss: -0.0044
                 Mean entropy loss: 1.3659
                       Mean reward: 74.87
               Mean episode length: 891.13
           Episode_Reward/progress: 5.0993
              Episode_Reward/alive: 0.4709
            Episode_Reward/upright: 0.0922
     Episode_Reward/move_to_target: 0.4683
          Episode_Reward/action_l2: -0.0231
             Episode_Reward/energy: -0.8203
   Episode_Reward/joint_pos_limits: -0.3487
      Episode_Termination/time_out: 0.8641
  Episode_Termination/torso_height: 0.1359
--------------------------------------------------------------------------------
                   Total timesteps: 2998272
                    Iteration time: 0.42s
                      Time elapsed: 00:01:10
                               ETA: 00:02:02

################################################################################
                      [1m Learning iteration 183/500 [0m                      

                       Computation: 40492 steps/s (collection: 0.321s, learning 0.084s)
             Mean action noise std: 0.29
          Mean value_function loss: 0.0847
               Mean surrogate loss: -0.0062
                 Mean entropy loss: 1.3394
                       Mean reward: 76.41
               Mean episode length: 897.23
           Episode_Reward/progress: 4.9612
              Episode_Reward/alive: 0.4767
            Episode_Reward/upright: 0.0920
     Episode_Reward/move_to_target: 0.4492
          Episode_Reward/action_l2: -0.0231
             Episode_Reward/energy: -0.8006
   Episode_Reward/joint_pos_limits: -0.3531
      Episode_Termination/time_out: 0.8630
  Episode_Termination/torso_height: 0.1370
--------------------------------------------------------------------------------
                   Total timesteps: 3014656
                    Iteration time: 0.40s
                      Time elapsed: 00:01:10
                               ETA: 00:02:01

################################################################################
                      [1m Learning iteration 184/500 [0m                      

                       Computation: 41138 steps/s (collection: 0.299s, learning 0.100s)
             Mean action noise std: 0.29
          Mean value_function loss: 0.0872
               Mean surrogate loss: -0.0064
                 Mean entropy loss: 1.2977
                       Mean reward: 74.32
               Mean episode length: 876.38
           Episode_Reward/progress: 4.3190
              Episode_Reward/alive: 0.4194
            Episode_Reward/upright: 0.0822
     Episode_Reward/move_to_target: 0.3935
          Episode_Reward/action_l2: -0.0200
             Episode_Reward/energy: -0.6792
   Episode_Reward/joint_pos_limits: -0.3169
      Episode_Termination/time_out: 0.8579
  Episode_Termination/torso_height: 0.1421
--------------------------------------------------------------------------------
                   Total timesteps: 3031040
                    Iteration time: 0.40s
                      Time elapsed: 00:01:11
                               ETA: 00:02:01

################################################################################
                      [1m Learning iteration 185/500 [0m                      

                       Computation: 39973 steps/s (collection: 0.322s, learning 0.088s)
             Mean action noise std: 0.29
          Mean value_function loss: 0.1039
               Mean surrogate loss: -0.0053
                 Mean entropy loss: 1.2856
                       Mean reward: 74.44
               Mean episode length: 873.05
           Episode_Reward/progress: 5.2611
              Episode_Reward/alive: 0.4870
            Episode_Reward/upright: 0.0954
     Episode_Reward/move_to_target: 0.4849
          Episode_Reward/action_l2: -0.0238
             Episode_Reward/energy: -0.8553
   Episode_Reward/joint_pos_limits: -0.3562
      Episode_Termination/time_out: 0.8583
  Episode_Termination/torso_height: 0.1417
--------------------------------------------------------------------------------
                   Total timesteps: 3047424
                    Iteration time: 0.41s
                      Time elapsed: 00:01:11
                               ETA: 00:02:00

################################################################################
                      [1m Learning iteration 186/500 [0m                      

                       Computation: 40279 steps/s (collection: 0.328s, learning 0.079s)
             Mean action noise std: 0.29
          Mean value_function loss: 0.0827
               Mean surrogate loss: -0.0016
                 Mean entropy loss: 1.2626
                       Mean reward: 75.46
               Mean episode length: 879.04
           Episode_Reward/progress: 5.0309
              Episode_Reward/alive: 0.4613
            Episode_Reward/upright: 0.0895
     Episode_Reward/move_to_target: 0.4583
          Episode_Reward/action_l2: -0.0225
             Episode_Reward/energy: -0.8058
   Episode_Reward/joint_pos_limits: -0.3400
      Episode_Termination/time_out: 0.8542
  Episode_Termination/torso_height: 0.1458
--------------------------------------------------------------------------------
                   Total timesteps: 3063808
                    Iteration time: 0.41s
                      Time elapsed: 00:01:11
                               ETA: 00:02:00

################################################################################
                      [1m Learning iteration 187/500 [0m                      

                       Computation: 38500 steps/s (collection: 0.348s, learning 0.078s)
             Mean action noise std: 0.29
          Mean value_function loss: 0.1055
               Mean surrogate loss: -0.0059
                 Mean entropy loss: 1.2383
                       Mean reward: 73.43
               Mean episode length: 858.02
           Episode_Reward/progress: 4.7735
              Episode_Reward/alive: 0.4448
            Episode_Reward/upright: 0.0869
     Episode_Reward/move_to_target: 0.4420
          Episode_Reward/action_l2: -0.0220
             Episode_Reward/energy: -0.7779
   Episode_Reward/joint_pos_limits: -0.3291
      Episode_Termination/time_out: 0.8544
  Episode_Termination/torso_height: 0.1456
--------------------------------------------------------------------------------
                   Total timesteps: 3080192
                    Iteration time: 0.43s
                      Time elapsed: 00:01:12
                               ETA: 00:02:00

################################################################################
                      [1m Learning iteration 188/500 [0m                      

                       Computation: 41644 steps/s (collection: 0.319s, learning 0.075s)
             Mean action noise std: 0.29
          Mean value_function loss: 0.1025
               Mean surrogate loss: -0.0031
                 Mean entropy loss: 1.2223
                       Mean reward: 73.85
               Mean episode length: 846.66
           Episode_Reward/progress: 4.3798
              Episode_Reward/alive: 0.4044
            Episode_Reward/upright: 0.0782
     Episode_Reward/move_to_target: 0.3962
          Episode_Reward/action_l2: -0.0201
             Episode_Reward/energy: -0.7116
   Episode_Reward/joint_pos_limits: -0.3000
      Episode_Termination/time_out: 0.8504
  Episode_Termination/torso_height: 0.1496
--------------------------------------------------------------------------------
                   Total timesteps: 3096576
                    Iteration time: 0.39s
                      Time elapsed: 00:01:12
                               ETA: 00:01:59

################################################################################
                      [1m Learning iteration 189/500 [0m                      

                       Computation: 45559 steps/s (collection: 0.283s, learning 0.077s)
             Mean action noise std: 0.29
          Mean value_function loss: 0.0823
               Mean surrogate loss: -0.0059
                 Mean entropy loss: 1.2063
                       Mean reward: 75.15
               Mean episode length: 856.31
           Episode_Reward/progress: 5.3111
              Episode_Reward/alive: 0.4977
            Episode_Reward/upright: 0.0988
     Episode_Reward/move_to_target: 0.4761
          Episode_Reward/action_l2: -0.0248
             Episode_Reward/energy: -0.8909
   Episode_Reward/joint_pos_limits: -0.3656
      Episode_Termination/time_out: 0.8466
  Episode_Termination/torso_height: 0.1534
--------------------------------------------------------------------------------
                   Total timesteps: 3112960
                    Iteration time: 0.36s
                      Time elapsed: 00:01:13
                               ETA: 00:01:59

################################################################################
                      [1m Learning iteration 190/500 [0m                      

                       Computation: 44503 steps/s (collection: 0.293s, learning 0.075s)
             Mean action noise std: 0.29
          Mean value_function loss: 0.0897
               Mean surrogate loss: -0.0034
                 Mean entropy loss: 1.1757
                       Mean reward: 73.66
               Mean episode length: 842.61
           Episode_Reward/progress: 5.0197
              Episode_Reward/alive: 0.4748
            Episode_Reward/upright: 0.0939
     Episode_Reward/move_to_target: 0.4347
          Episode_Reward/action_l2: -0.0236
             Episode_Reward/energy: -0.8231
   Episode_Reward/joint_pos_limits: -0.3562
      Episode_Termination/time_out: 0.8459
  Episode_Termination/torso_height: 0.1541
--------------------------------------------------------------------------------
                   Total timesteps: 3129344
                    Iteration time: 0.37s
                      Time elapsed: 00:01:13
                               ETA: 00:01:59

################################################################################
                      [1m Learning iteration 191/500 [0m                      

                       Computation: 44769 steps/s (collection: 0.294s, learning 0.071s)
             Mean action noise std: 0.29
          Mean value_function loss: 0.0624
               Mean surrogate loss: -0.0054
                 Mean entropy loss: 1.1633
                       Mean reward: 73.99
               Mean episode length: 854.15
           Episode_Reward/progress: 4.6681
              Episode_Reward/alive: 0.4409
            Episode_Reward/upright: 0.0846
     Episode_Reward/move_to_target: 0.4208
          Episode_Reward/action_l2: -0.0212
             Episode_Reward/energy: -0.7435
   Episode_Reward/joint_pos_limits: -0.3248
      Episode_Termination/time_out: 0.8445
  Episode_Termination/torso_height: 0.1555
--------------------------------------------------------------------------------
                   Total timesteps: 3145728
                    Iteration time: 0.37s
                      Time elapsed: 00:01:13
                               ETA: 00:01:58

################################################################################
                      [1m Learning iteration 192/500 [0m                      

                       Computation: 44280 steps/s (collection: 0.289s, learning 0.081s)
             Mean action noise std: 0.29
          Mean value_function loss: 0.1249
               Mean surrogate loss: -0.0065
                 Mean entropy loss: 1.1511
                       Mean reward: 73.56
               Mean episode length: 844.07
           Episode_Reward/progress: 4.4651
              Episode_Reward/alive: 0.4075
            Episode_Reward/upright: 0.0796
     Episode_Reward/move_to_target: 0.4039
          Episode_Reward/action_l2: -0.0204
             Episode_Reward/energy: -0.7204
   Episode_Reward/joint_pos_limits: -0.3031
      Episode_Termination/time_out: 0.8498
  Episode_Termination/torso_height: 0.1502
--------------------------------------------------------------------------------
                   Total timesteps: 3162112
                    Iteration time: 0.37s
                      Time elapsed: 00:01:14
                               ETA: 00:01:58

################################################################################
                      [1m Learning iteration 193/500 [0m                      

                       Computation: 45134 steps/s (collection: 0.289s, learning 0.074s)
             Mean action noise std: 0.28
          Mean value_function loss: 0.0659
               Mean surrogate loss: -0.0055
                 Mean entropy loss: 1.1282
                       Mean reward: 75.45
               Mean episode length: 858.98
           Episode_Reward/progress: 4.7697
              Episode_Reward/alive: 0.4295
            Episode_Reward/upright: 0.0843
     Episode_Reward/move_to_target: 0.4252
          Episode_Reward/action_l2: -0.0217
             Episode_Reward/energy: -0.7894
   Episode_Reward/joint_pos_limits: -0.3150
      Episode_Termination/time_out: 0.8514
  Episode_Termination/torso_height: 0.1486
--------------------------------------------------------------------------------
                   Total timesteps: 3178496
                    Iteration time: 0.36s
                      Time elapsed: 00:01:14
                               ETA: 00:01:57

################################################################################
                      [1m Learning iteration 194/500 [0m                      

                       Computation: 44630 steps/s (collection: 0.272s, learning 0.095s)
             Mean action noise std: 0.28
          Mean value_function loss: 0.0885
               Mean surrogate loss: -0.0070
                 Mean entropy loss: 1.0968
                       Mean reward: 75.17
               Mean episode length: 858.58
           Episode_Reward/progress: 5.2738
              Episode_Reward/alive: 0.4690
            Episode_Reward/upright: 0.0931
     Episode_Reward/move_to_target: 0.4645
          Episode_Reward/action_l2: -0.0237
             Episode_Reward/energy: -0.8717
   Episode_Reward/joint_pos_limits: -0.3398
      Episode_Termination/time_out: 0.8488
  Episode_Termination/torso_height: 0.1512
--------------------------------------------------------------------------------
                   Total timesteps: 3194880
                    Iteration time: 0.37s
                      Time elapsed: 00:01:14
                               ETA: 00:01:57

################################################################################
                      [1m Learning iteration 195/500 [0m                      

                       Computation: 42640 steps/s (collection: 0.291s, learning 0.093s)
             Mean action noise std: 0.28
          Mean value_function loss: 0.0645
               Mean surrogate loss: -0.0067
                 Mean entropy loss: 1.0513
                       Mean reward: 74.66
               Mean episode length: 846.29
           Episode_Reward/progress: 4.8616
              Episode_Reward/alive: 0.4226
            Episode_Reward/upright: 0.0819
     Episode_Reward/move_to_target: 0.4129
          Episode_Reward/action_l2: -0.0212
             Episode_Reward/energy: -0.7587
   Episode_Reward/joint_pos_limits: -0.3109
      Episode_Termination/time_out: 0.8478
  Episode_Termination/torso_height: 0.1522
--------------------------------------------------------------------------------
                   Total timesteps: 3211264
                    Iteration time: 0.38s
                      Time elapsed: 00:01:15
                               ETA: 00:01:57

################################################################################
                      [1m Learning iteration 196/500 [0m                      

                       Computation: 41971 steps/s (collection: 0.294s, learning 0.096s)
             Mean action noise std: 0.28
          Mean value_function loss: 0.0721
               Mean surrogate loss: -0.0052
                 Mean entropy loss: 1.0056
                       Mean reward: 76.14
               Mean episode length: 860.92
           Episode_Reward/progress: 5.3611
              Episode_Reward/alive: 0.4926
            Episode_Reward/upright: 0.0969
     Episode_Reward/move_to_target: 0.4854
          Episode_Reward/action_l2: -0.0241
             Episode_Reward/energy: -0.8719
   Episode_Reward/joint_pos_limits: -0.3596
      Episode_Termination/time_out: 0.8508
  Episode_Termination/torso_height: 0.1492
--------------------------------------------------------------------------------
                   Total timesteps: 3227648
                    Iteration time: 0.39s
                      Time elapsed: 00:01:15
                               ETA: 00:01:56

################################################################################
                      [1m Learning iteration 197/500 [0m                      

                       Computation: 42674 steps/s (collection: 0.291s, learning 0.093s)
             Mean action noise std: 0.28
          Mean value_function loss: 0.0513
               Mean surrogate loss: -0.0051
                 Mean entropy loss: 0.9772
                       Mean reward: 76.17
               Mean episode length: 854.26
           Episode_Reward/progress: 5.1893
              Episode_Reward/alive: 0.4597
            Episode_Reward/upright: 0.0903
     Episode_Reward/move_to_target: 0.4482
          Episode_Reward/action_l2: -0.0227
             Episode_Reward/energy: -0.8137
   Episode_Reward/joint_pos_limits: -0.3399
      Episode_Termination/time_out: 0.8589
  Episode_Termination/torso_height: 0.1411
--------------------------------------------------------------------------------
                   Total timesteps: 3244032
                    Iteration time: 0.38s
                      Time elapsed: 00:01:16
                               ETA: 00:01:56

################################################################################
                      [1m Learning iteration 198/500 [0m                      

                       Computation: 42075 steps/s (collection: 0.293s, learning 0.096s)
             Mean action noise std: 0.28
          Mean value_function loss: 0.0974
               Mean surrogate loss: -0.0028
                 Mean entropy loss: 0.9626
                       Mean reward: 78.82
               Mean episode length: 869.10
           Episode_Reward/progress: 4.9440
              Episode_Reward/alive: 0.4409
            Episode_Reward/upright: 0.0869
     Episode_Reward/move_to_target: 0.4379
          Episode_Reward/action_l2: -0.0221
             Episode_Reward/energy: -0.8030
   Episode_Reward/joint_pos_limits: -0.3217
      Episode_Termination/time_out: 0.8619
  Episode_Termination/torso_height: 0.1381
--------------------------------------------------------------------------------
                   Total timesteps: 3260416
                    Iteration time: 0.39s
                      Time elapsed: 00:01:16
                               ETA: 00:01:55

################################################################################
                      [1m Learning iteration 199/500 [0m                      

                       Computation: 43640 steps/s (collection: 0.283s, learning 0.093s)
             Mean action noise std: 0.28
          Mean value_function loss: 0.0736
               Mean surrogate loss: -0.0049
                 Mean entropy loss: 0.9331
                       Mean reward: 78.52
               Mean episode length: 869.05
           Episode_Reward/progress: 5.5357
              Episode_Reward/alive: 0.4855
            Episode_Reward/upright: 0.0967
     Episode_Reward/move_to_target: 0.4835
          Episode_Reward/action_l2: -0.0244
             Episode_Reward/energy: -0.9011
   Episode_Reward/joint_pos_limits: -0.3547
      Episode_Termination/time_out: 0.8648
  Episode_Termination/torso_height: 0.1352
--------------------------------------------------------------------------------
                   Total timesteps: 3276800
                    Iteration time: 0.38s
                      Time elapsed: 00:01:16
                               ETA: 00:01:55

################################################################################
                      [1m Learning iteration 200/500 [0m                      

                       Computation: 41162 steps/s (collection: 0.302s, learning 0.096s)
             Mean action noise std: 0.28
          Mean value_function loss: 0.0991
               Mean surrogate loss: -0.0040
                 Mean entropy loss: 0.9045
                       Mean reward: 81.34
               Mean episode length: 898.18
           Episode_Reward/progress: 4.9508
              Episode_Reward/alive: 0.4533
            Episode_Reward/upright: 0.0888
     Episode_Reward/move_to_target: 0.4454
          Episode_Reward/action_l2: -0.0222
             Episode_Reward/energy: -0.8098
   Episode_Reward/joint_pos_limits: -0.3316
      Episode_Termination/time_out: 0.8630
  Episode_Termination/torso_height: 0.1370
--------------------------------------------------------------------------------
                   Total timesteps: 3293184
                    Iteration time: 0.40s
                      Time elapsed: 00:01:17
                               ETA: 00:01:55

################################################################################
                      [1m Learning iteration 201/500 [0m                      

                       Computation: 40590 steps/s (collection: 0.307s, learning 0.097s)
             Mean action noise std: 0.28
          Mean value_function loss: 0.0949
               Mean surrogate loss: -0.0050
                 Mean entropy loss: 0.8707
                       Mean reward: 79.63
               Mean episode length: 884.40
           Episode_Reward/progress: 5.4036
              Episode_Reward/alive: 0.4821
            Episode_Reward/upright: 0.0949
     Episode_Reward/move_to_target: 0.4792
          Episode_Reward/action_l2: -0.0241
             Episode_Reward/energy: -0.8872
   Episode_Reward/joint_pos_limits: -0.3503
      Episode_Termination/time_out: 0.8649
  Episode_Termination/torso_height: 0.1351
--------------------------------------------------------------------------------
                   Total timesteps: 3309568
                    Iteration time: 0.40s
                      Time elapsed: 00:01:17
                               ETA: 00:01:54

################################################################################
                      [1m Learning iteration 202/500 [0m                      

                       Computation: 43647 steps/s (collection: 0.282s, learning 0.093s)
             Mean action noise std: 0.27
          Mean value_function loss: 0.0796
               Mean surrogate loss: -0.0055
                 Mean entropy loss: 0.8338
                       Mean reward: 78.42
               Mean episode length: 876.49
           Episode_Reward/progress: 4.3067
              Episode_Reward/alive: 0.4201
            Episode_Reward/upright: 0.0820
     Episode_Reward/move_to_target: 0.3851
          Episode_Reward/action_l2: -0.0207
             Episode_Reward/energy: -0.7141
   Episode_Reward/joint_pos_limits: -0.3161
      Episode_Termination/time_out: 0.8641
  Episode_Termination/torso_height: 0.1359
--------------------------------------------------------------------------------
                   Total timesteps: 3325952
                    Iteration time: 0.38s
                      Time elapsed: 00:01:17
                               ETA: 00:01:54

################################################################################
                      [1m Learning iteration 203/500 [0m                      

                       Computation: 43131 steps/s (collection: 0.304s, learning 0.076s)
             Mean action noise std: 0.27
          Mean value_function loss: 0.0746
               Mean surrogate loss: -0.0059
                 Mean entropy loss: 0.8028
                       Mean reward: 76.75
               Mean episode length: 864.70
           Episode_Reward/progress: 4.9012
              Episode_Reward/alive: 0.4342
            Episode_Reward/upright: 0.0842
     Episode_Reward/move_to_target: 0.4276
          Episode_Reward/action_l2: -0.0218
             Episode_Reward/energy: -0.7922
   Episode_Reward/joint_pos_limits: -0.3176
      Episode_Termination/time_out: 0.8625
  Episode_Termination/torso_height: 0.1375
--------------------------------------------------------------------------------
                   Total timesteps: 3342336
                    Iteration time: 0.38s
                      Time elapsed: 00:01:18
                               ETA: 00:01:54

################################################################################
                      [1m Learning iteration 204/500 [0m                      

                       Computation: 44144 steps/s (collection: 0.299s, learning 0.072s)
             Mean action noise std: 0.27
          Mean value_function loss: 0.1300
               Mean surrogate loss: -0.0071
                 Mean entropy loss: 0.7743
                       Mean reward: 74.06
               Mean episode length: 837.67
           Episode_Reward/progress: 4.8954
              Episode_Reward/alive: 0.4340
            Episode_Reward/upright: 0.0850
     Episode_Reward/move_to_target: 0.4315
          Episode_Reward/action_l2: -0.0217
             Episode_Reward/energy: -0.7990
   Episode_Reward/joint_pos_limits: -0.3177
      Episode_Termination/time_out: 0.8591
  Episode_Termination/torso_height: 0.1409
--------------------------------------------------------------------------------
                   Total timesteps: 3358720
                    Iteration time: 0.37s
                      Time elapsed: 00:01:18
                               ETA: 00:01:53

################################################################################
                      [1m Learning iteration 205/500 [0m                      

                       Computation: 41548 steps/s (collection: 0.302s, learning 0.093s)
             Mean action noise std: 0.27
          Mean value_function loss: 0.0785
               Mean surrogate loss: -0.0059
                 Mean entropy loss: 0.7481
                       Mean reward: 74.77
               Mean episode length: 838.18
           Episode_Reward/progress: 4.7629
              Episode_Reward/alive: 0.4150
            Episode_Reward/upright: 0.0817
     Episode_Reward/move_to_target: 0.4115
          Episode_Reward/action_l2: -0.0207
             Episode_Reward/energy: -0.7664
   Episode_Reward/joint_pos_limits: -0.3020
      Episode_Termination/time_out: 0.8553
  Episode_Termination/torso_height: 0.1447
--------------------------------------------------------------------------------
                   Total timesteps: 3375104
                    Iteration time: 0.39s
                      Time elapsed: 00:01:19
                               ETA: 00:01:53

################################################################################
                      [1m Learning iteration 206/500 [0m                      

                       Computation: 41457 steps/s (collection: 0.301s, learning 0.094s)
             Mean action noise std: 0.27
          Mean value_function loss: 0.0656
               Mean surrogate loss: -0.0030
                 Mean entropy loss: 0.7317
                       Mean reward: 73.50
               Mean episode length: 820.54
           Episode_Reward/progress: 5.0491
              Episode_Reward/alive: 0.4433
            Episode_Reward/upright: 0.0860
     Episode_Reward/move_to_target: 0.4331
          Episode_Reward/action_l2: -0.0219
             Episode_Reward/energy: -0.7916
   Episode_Reward/joint_pos_limits: -0.3305
      Episode_Termination/time_out: 0.8563
  Episode_Termination/torso_height: 0.1437
--------------------------------------------------------------------------------
                   Total timesteps: 3391488
                    Iteration time: 0.40s
                      Time elapsed: 00:01:19
                               ETA: 00:01:52

################################################################################
                      [1m Learning iteration 207/500 [0m                      

                       Computation: 42356 steps/s (collection: 0.284s, learning 0.102s)
             Mean action noise std: 0.27
          Mean value_function loss: 0.0738
               Mean surrogate loss: -0.0039
                 Mean entropy loss: 0.7198
                       Mean reward: 73.15
               Mean episode length: 814.39
           Episode_Reward/progress: 4.6616
              Episode_Reward/alive: 0.4135
            Episode_Reward/upright: 0.0806
     Episode_Reward/move_to_target: 0.4035
          Episode_Reward/action_l2: -0.0203
             Episode_Reward/energy: -0.7493
   Episode_Reward/joint_pos_limits: -0.3043
      Episode_Termination/time_out: 0.8567
  Episode_Termination/torso_height: 0.1433
--------------------------------------------------------------------------------
                   Total timesteps: 3407872
                    Iteration time: 0.39s
                      Time elapsed: 00:01:19
                               ETA: 00:01:52

################################################################################
                      [1m Learning iteration 208/500 [0m                      

                       Computation: 42611 steps/s (collection: 0.287s, learning 0.098s)
             Mean action noise std: 0.27
          Mean value_function loss: 0.0770
               Mean surrogate loss: -0.0051
                 Mean entropy loss: 0.7075
                       Mean reward: 74.97
               Mean episode length: 826.23
           Episode_Reward/progress: 5.6212
              Episode_Reward/alive: 0.4859
            Episode_Reward/upright: 0.0963
     Episode_Reward/move_to_target: 0.4842
          Episode_Reward/action_l2: -0.0249
             Episode_Reward/energy: -0.9120
   Episode_Reward/joint_pos_limits: -0.3570
      Episode_Termination/time_out: 0.8558
  Episode_Termination/torso_height: 0.1442
--------------------------------------------------------------------------------
                   Total timesteps: 3424256
                    Iteration time: 0.38s
                      Time elapsed: 00:01:20
                               ETA: 00:01:52

################################################################################
                      [1m Learning iteration 209/500 [0m                      

                       Computation: 41617 steps/s (collection: 0.297s, learning 0.097s)
             Mean action noise std: 0.27
          Mean value_function loss: 0.1073
               Mean surrogate loss: -0.0056
                 Mean entropy loss: 0.6909
                       Mean reward: 75.19
               Mean episode length: 836.33
           Episode_Reward/progress: 4.3007
              Episode_Reward/alive: 0.4425
            Episode_Reward/upright: 0.0860
     Episode_Reward/move_to_target: 0.3486
          Episode_Reward/action_l2: -0.0222
             Episode_Reward/energy: -0.7354
   Episode_Reward/joint_pos_limits: -0.3488
      Episode_Termination/time_out: 0.8544
  Episode_Termination/torso_height: 0.1456
--------------------------------------------------------------------------------
                   Total timesteps: 3440640
                    Iteration time: 0.39s
                      Time elapsed: 00:01:20
                               ETA: 00:01:51

################################################################################
                      [1m Learning iteration 210/500 [0m                      

                       Computation: 41904 steps/s (collection: 0.299s, learning 0.092s)
             Mean action noise std: 0.27
          Mean value_function loss: 0.0689
               Mean surrogate loss: -0.0039
                 Mean entropy loss: 0.6758
                       Mean reward: 74.97
               Mean episode length: 834.81
           Episode_Reward/progress: 5.5633
              Episode_Reward/alive: 0.4731
            Episode_Reward/upright: 0.0934
     Episode_Reward/move_to_target: 0.4688
          Episode_Reward/action_l2: -0.0244
             Episode_Reward/energy: -0.8890
   Episode_Reward/joint_pos_limits: -0.3497
      Episode_Termination/time_out: 0.8570
  Episode_Termination/torso_height: 0.1430
--------------------------------------------------------------------------------
                   Total timesteps: 3457024
                    Iteration time: 0.39s
                      Time elapsed: 00:01:21
                               ETA: 00:01:51

################################################################################
                      [1m Learning iteration 211/500 [0m                      

                       Computation: 40373 steps/s (collection: 0.310s, learning 0.096s)
             Mean action noise std: 0.27
          Mean value_function loss: 0.1001
               Mean surrogate loss: -0.0031
                 Mean entropy loss: 0.6581
                       Mean reward: 77.73
               Mean episode length: 867.51
           Episode_Reward/progress: 5.3679
              Episode_Reward/alive: 0.4708
            Episode_Reward/upright: 0.0929
     Episode_Reward/move_to_target: 0.4658
          Episode_Reward/action_l2: -0.0239
             Episode_Reward/energy: -0.8804
   Episode_Reward/joint_pos_limits: -0.3434
      Episode_Termination/time_out: 0.8603
  Episode_Termination/torso_height: 0.1397
--------------------------------------------------------------------------------
                   Total timesteps: 3473408
                    Iteration time: 0.41s
                      Time elapsed: 00:01:21
                               ETA: 00:01:51

################################################################################
                      [1m Learning iteration 212/500 [0m                      

                       Computation: 40735 steps/s (collection: 0.305s, learning 0.098s)
             Mean action noise std: 0.27
          Mean value_function loss: 0.0897
               Mean surrogate loss: -0.0020
                 Mean entropy loss: 0.6389
                       Mean reward: 80.55
               Mean episode length: 893.98
           Episode_Reward/progress: 5.7844
              Episode_Reward/alive: 0.4911
            Episode_Reward/upright: 0.0966
     Episode_Reward/move_to_target: 0.4867
          Episode_Reward/action_l2: -0.0250
             Episode_Reward/energy: -0.9252
   Episode_Reward/joint_pos_limits: -0.3592
      Episode_Termination/time_out: 0.8616
  Episode_Termination/torso_height: 0.1384
--------------------------------------------------------------------------------
                   Total timesteps: 3489792
                    Iteration time: 0.40s
                      Time elapsed: 00:01:21
                               ETA: 00:01:50

################################################################################
                      [1m Learning iteration 213/500 [0m                      

                       Computation: 41971 steps/s (collection: 0.314s, learning 0.077s)
             Mean action noise std: 0.27
          Mean value_function loss: 0.0750
               Mean surrogate loss: -0.0025
                 Mean entropy loss: 0.6236
                       Mean reward: 81.79
               Mean episode length: 896.51
           Episode_Reward/progress: 4.5853
              Episode_Reward/alive: 0.4044
            Episode_Reward/upright: 0.0792
     Episode_Reward/move_to_target: 0.3697
          Episode_Reward/action_l2: -0.0206
             Episode_Reward/energy: -0.7228
   Episode_Reward/joint_pos_limits: -0.3056
      Episode_Termination/time_out: 0.8607
  Episode_Termination/torso_height: 0.1393
--------------------------------------------------------------------------------
                   Total timesteps: 3506176
                    Iteration time: 0.39s
                      Time elapsed: 00:01:22
                               ETA: 00:01:50

################################################################################
                      [1m Learning iteration 214/500 [0m                      

                       Computation: 42083 steps/s (collection: 0.300s, learning 0.090s)
             Mean action noise std: 0.27
          Mean value_function loss: 0.0951
               Mean surrogate loss: -0.0051
                 Mean entropy loss: 0.6036
                       Mean reward: 83.90
               Mean episode length: 906.65
           Episode_Reward/progress: 5.2956
              Episode_Reward/alive: 0.4524
            Episode_Reward/upright: 0.0893
     Episode_Reward/move_to_target: 0.4500
          Episode_Reward/action_l2: -0.0230
             Episode_Reward/energy: -0.8537
   Episode_Reward/joint_pos_limits: -0.3342
      Episode_Termination/time_out: 0.8622
  Episode_Termination/torso_height: 0.1378
--------------------------------------------------------------------------------
                   Total timesteps: 3522560
                    Iteration time: 0.39s
                      Time elapsed: 00:01:22
                               ETA: 00:01:49

################################################################################
                      [1m Learning iteration 215/500 [0m                      

                       Computation: 41731 steps/s (collection: 0.295s, learning 0.098s)
             Mean action noise std: 0.27
          Mean value_function loss: 0.1130
               Mean surrogate loss: -0.0057
                 Mean entropy loss: 0.5850
                       Mean reward: 85.31
               Mean episode length: 915.60
           Episode_Reward/progress: 5.9680
              Episode_Reward/alive: 0.5000
            Episode_Reward/upright: 0.0994
     Episode_Reward/move_to_target: 0.4976
          Episode_Reward/action_l2: -0.0254
             Episode_Reward/energy: -0.9453
   Episode_Reward/joint_pos_limits: -0.3624
      Episode_Termination/time_out: 0.8652
  Episode_Termination/torso_height: 0.1348
--------------------------------------------------------------------------------
                   Total timesteps: 3538944
                    Iteration time: 0.39s
                      Time elapsed: 00:01:23
                               ETA: 00:01:49

################################################################################
                      [1m Learning iteration 216/500 [0m                      

                       Computation: 41085 steps/s (collection: 0.306s, learning 0.093s)
             Mean action noise std: 0.27
          Mean value_function loss: 0.0977
               Mean surrogate loss: -0.0060
                 Mean entropy loss: 0.5688
                       Mean reward: 86.60
               Mean episode length: 918.02
           Episode_Reward/progress: 5.8644
              Episode_Reward/alive: 0.4852
            Episode_Reward/upright: 0.0964
     Episode_Reward/move_to_target: 0.4814
          Episode_Reward/action_l2: -0.0247
             Episode_Reward/energy: -0.9160
   Episode_Reward/joint_pos_limits: -0.3580
      Episode_Termination/time_out: 0.8678
  Episode_Termination/torso_height: 0.1322
--------------------------------------------------------------------------------
                   Total timesteps: 3555328
                    Iteration time: 0.40s
                      Time elapsed: 00:01:23
                               ETA: 00:01:49

################################################################################
                      [1m Learning iteration 217/500 [0m                      

                       Computation: 41226 steps/s (collection: 0.301s, learning 0.096s)
             Mean action noise std: 0.27
          Mean value_function loss: 0.1095
               Mean surrogate loss: -0.0045
                 Mean entropy loss: 0.5546
                       Mean reward: 85.17
               Mean episode length: 902.07
           Episode_Reward/progress: 5.5350
              Episode_Reward/alive: 0.4774
            Episode_Reward/upright: 0.0931
     Episode_Reward/move_to_target: 0.4671
          Episode_Reward/action_l2: -0.0242
             Episode_Reward/energy: -0.8925
   Episode_Reward/joint_pos_limits: -0.3492
      Episode_Termination/time_out: 0.8694
  Episode_Termination/torso_height: 0.1306
--------------------------------------------------------------------------------
                   Total timesteps: 3571712
                    Iteration time: 0.40s
                      Time elapsed: 00:01:23
                               ETA: 00:01:48

################################################################################
                      [1m Learning iteration 218/500 [0m                      

                       Computation: 39749 steps/s (collection: 0.318s, learning 0.095s)
             Mean action noise std: 0.27
          Mean value_function loss: 0.1023
               Mean surrogate loss: -0.0072
                 Mean entropy loss: 0.5453
                       Mean reward: 88.58
               Mean episode length: 921.32
           Episode_Reward/progress: 5.8881
              Episode_Reward/alive: 0.4838
            Episode_Reward/upright: 0.0956
     Episode_Reward/move_to_target: 0.4743
          Episode_Reward/action_l2: -0.0248
             Episode_Reward/energy: -0.9135
   Episode_Reward/joint_pos_limits: -0.3573
      Episode_Termination/time_out: 0.8742
  Episode_Termination/torso_height: 0.1258
--------------------------------------------------------------------------------
                   Total timesteps: 3588096
                    Iteration time: 0.41s
                      Time elapsed: 00:01:24
                               ETA: 00:01:48

################################################################################
                      [1m Learning iteration 219/500 [0m                      

                       Computation: 42414 steps/s (collection: 0.296s, learning 0.091s)
             Mean action noise std: 0.27
          Mean value_function loss: 0.0656
               Mean surrogate loss: -0.0027
                 Mean entropy loss: 0.5391
                       Mean reward: 84.44
               Mean episode length: 886.50
           Episode_Reward/progress: 3.9117
              Episode_Reward/alive: 0.3463
            Episode_Reward/upright: 0.0666
     Episode_Reward/move_to_target: 0.3413
          Episode_Reward/action_l2: -0.0174
             Episode_Reward/energy: -0.6296
   Episode_Reward/joint_pos_limits: -0.2582
      Episode_Termination/time_out: 0.8736
  Episode_Termination/torso_height: 0.1264
--------------------------------------------------------------------------------
                   Total timesteps: 3604480
                    Iteration time: 0.39s
                      Time elapsed: 00:01:24
                               ETA: 00:01:48

################################################################################
                      [1m Learning iteration 220/500 [0m                      

                       Computation: 41047 steps/s (collection: 0.305s, learning 0.095s)
             Mean action noise std: 0.27
          Mean value_function loss: 0.0684
               Mean surrogate loss: 0.0001
                 Mean entropy loss: 0.5321
                       Mean reward: 82.49
               Mean episode length: 870.21
           Episode_Reward/progress: 5.0377
              Episode_Reward/alive: 0.4309
            Episode_Reward/upright: 0.0845
     Episode_Reward/move_to_target: 0.4228
          Episode_Reward/action_l2: -0.0222
             Episode_Reward/energy: -0.8267
   Episode_Reward/joint_pos_limits: -0.3177
      Episode_Termination/time_out: 0.8737
  Episode_Termination/torso_height: 0.1263
--------------------------------------------------------------------------------
                   Total timesteps: 3620864
                    Iteration time: 0.40s
                      Time elapsed: 00:01:25
                               ETA: 00:01:47

################################################################################
                      [1m Learning iteration 221/500 [0m                      

                       Computation: 41731 steps/s (collection: 0.298s, learning 0.095s)
             Mean action noise std: 0.27
          Mean value_function loss: 0.1098
               Mean surrogate loss: -0.0052
                 Mean entropy loss: 0.5152
                       Mean reward: 83.52
               Mean episode length: 876.04
           Episode_Reward/progress: 6.3601
              Episode_Reward/alive: 0.5000
            Episode_Reward/upright: 0.0993
     Episode_Reward/move_to_target: 0.4960
          Episode_Reward/action_l2: -0.0255
             Episode_Reward/energy: -0.9740
   Episode_Reward/joint_pos_limits: -0.3623
      Episode_Termination/time_out: 0.8710
  Episode_Termination/torso_height: 0.1290
--------------------------------------------------------------------------------
                   Total timesteps: 3637248
                    Iteration time: 0.39s
                      Time elapsed: 00:01:25
                               ETA: 00:01:47

################################################################################
                      [1m Learning iteration 222/500 [0m                      

                       Computation: 43116 steps/s (collection: 0.286s, learning 0.094s)
             Mean action noise std: 0.26
          Mean value_function loss: 0.1232
               Mean surrogate loss: -0.0029
                 Mean entropy loss: 0.4928
                       Mean reward: 82.14
               Mean episode length: 860.48
           Episode_Reward/progress: 5.1477
              Episode_Reward/alive: 0.4343
            Episode_Reward/upright: 0.0840
     Episode_Reward/move_to_target: 0.4296
          Episode_Reward/action_l2: -0.0223
             Episode_Reward/energy: -0.8054
   Episode_Reward/joint_pos_limits: -0.3238
      Episode_Termination/time_out: 0.8700
  Episode_Termination/torso_height: 0.1300
--------------------------------------------------------------------------------
                   Total timesteps: 3653632
                    Iteration time: 0.38s
                      Time elapsed: 00:01:25
                               ETA: 00:01:46

################################################################################
                      [1m Learning iteration 223/500 [0m                      

                       Computation: 41130 steps/s (collection: 0.302s, learning 0.096s)
             Mean action noise std: 0.26
          Mean value_function loss: 0.0797
               Mean surrogate loss: -0.0066
                 Mean entropy loss: 0.4641
                       Mean reward: 80.46
               Mean episode length: 844.86
           Episode_Reward/progress: 4.7792
              Episode_Reward/alive: 0.4124
            Episode_Reward/upright: 0.0802
     Episode_Reward/move_to_target: 0.4053
          Episode_Reward/action_l2: -0.0215
             Episode_Reward/energy: -0.7758
   Episode_Reward/joint_pos_limits: -0.3089
      Episode_Termination/time_out: 0.8638
  Episode_Termination/torso_height: 0.1362
--------------------------------------------------------------------------------
                   Total timesteps: 3670016
                    Iteration time: 0.40s
                      Time elapsed: 00:01:26
                               ETA: 00:01:46

################################################################################
                      [1m Learning iteration 224/500 [0m                      

                       Computation: 42929 steps/s (collection: 0.289s, learning 0.093s)
             Mean action noise std: 0.26
          Mean value_function loss: 0.0843
               Mean surrogate loss: -0.0047
                 Mean entropy loss: 0.4495
                       Mean reward: 80.29
               Mean episode length: 842.98
           Episode_Reward/progress: 4.8833
              Episode_Reward/alive: 0.3972
            Episode_Reward/upright: 0.0774
     Episode_Reward/move_to_target: 0.3858
          Episode_Reward/action_l2: -0.0206
             Episode_Reward/energy: -0.7517
   Episode_Reward/joint_pos_limits: -0.2934
      Episode_Termination/time_out: 0.8649
  Episode_Termination/torso_height: 0.1351
--------------------------------------------------------------------------------
                   Total timesteps: 3686400
                    Iteration time: 0.38s
                      Time elapsed: 00:01:26
                               ETA: 00:01:46

################################################################################
                      [1m Learning iteration 225/500 [0m                      

                       Computation: 42781 steps/s (collection: 0.289s, learning 0.094s)
             Mean action noise std: 0.26
          Mean value_function loss: 0.1028
               Mean surrogate loss: -0.0041
                 Mean entropy loss: 0.4383
                       Mean reward: 80.05
               Mean episode length: 833.98
           Episode_Reward/progress: 5.7108
              Episode_Reward/alive: 0.4602
            Episode_Reward/upright: 0.0910
     Episode_Reward/move_to_target: 0.4564
          Episode_Reward/action_l2: -0.0239
             Episode_Reward/energy: -0.8944
   Episode_Reward/joint_pos_limits: -0.3351
      Episode_Termination/time_out: 0.8654
  Episode_Termination/torso_height: 0.1346
--------------------------------------------------------------------------------
                   Total timesteps: 3702784
                    Iteration time: 0.38s
                      Time elapsed: 00:01:26
                               ETA: 00:01:45

################################################################################
                      [1m Learning iteration 226/500 [0m                      

                       Computation: 40778 steps/s (collection: 0.308s, learning 0.094s)
             Mean action noise std: 0.26
          Mean value_function loss: 0.0835
               Mean surrogate loss: -0.0064
                 Mean entropy loss: 0.4238
                       Mean reward: 78.42
               Mean episode length: 820.03
           Episode_Reward/progress: 5.0046
              Episode_Reward/alive: 0.4287
            Episode_Reward/upright: 0.0834
     Episode_Reward/move_to_target: 0.4177
          Episode_Reward/action_l2: -0.0218
             Episode_Reward/energy: -0.7908
   Episode_Reward/joint_pos_limits: -0.3242
      Episode_Termination/time_out: 0.8612
  Episode_Termination/torso_height: 0.1388
--------------------------------------------------------------------------------
                   Total timesteps: 3719168
                    Iteration time: 0.40s
                      Time elapsed: 00:01:27
                               ETA: 00:01:45

################################################################################
                      [1m Learning iteration 227/500 [0m                      

                       Computation: 41230 steps/s (collection: 0.303s, learning 0.095s)
             Mean action noise std: 0.26
          Mean value_function loss: 0.0907
               Mean surrogate loss: -0.0054
                 Mean entropy loss: 0.3962
                       Mean reward: 76.21
               Mean episode length: 802.03
           Episode_Reward/progress: 5.5920
              Episode_Reward/alive: 0.4596
            Episode_Reward/upright: 0.0907
     Episode_Reward/move_to_target: 0.4545
          Episode_Reward/action_l2: -0.0234
             Episode_Reward/energy: -0.8623
   Episode_Reward/joint_pos_limits: -0.3393
      Episode_Termination/time_out: 0.8602
  Episode_Termination/torso_height: 0.1398
--------------------------------------------------------------------------------
                   Total timesteps: 3735552
                    Iteration time: 0.40s
                      Time elapsed: 00:01:27
                               ETA: 00:01:45

################################################################################
                      [1m Learning iteration 228/500 [0m                      

                       Computation: 41712 steps/s (collection: 0.296s, learning 0.097s)
             Mean action noise std: 0.26
          Mean value_function loss: 0.1214
               Mean surrogate loss: -0.0039
                 Mean entropy loss: 0.3599
                       Mean reward: 79.95
               Mean episode length: 833.80
           Episode_Reward/progress: 6.1437
              Episode_Reward/alive: 0.5000
            Episode_Reward/upright: 0.0979
     Episode_Reward/move_to_target: 0.4940
          Episode_Reward/action_l2: -0.0260
             Episode_Reward/energy: -0.9738
   Episode_Reward/joint_pos_limits: -0.3651
      Episode_Termination/time_out: 0.8613
  Episode_Termination/torso_height: 0.1387
--------------------------------------------------------------------------------
                   Total timesteps: 3751936
                    Iteration time: 0.39s
                      Time elapsed: 00:01:28
                               ETA: 00:01:44

################################################################################
                      [1m Learning iteration 229/500 [0m                      

                       Computation: 42513 steps/s (collection: 0.295s, learning 0.091s)
             Mean action noise std: 0.26
          Mean value_function loss: 0.1031
               Mean surrogate loss: -0.0052
                 Mean entropy loss: 0.3386
                       Mean reward: 79.09
               Mean episode length: 829.38
           Episode_Reward/progress: 4.7696
              Episode_Reward/alive: 0.4254
            Episode_Reward/upright: 0.0814
     Episode_Reward/move_to_target: 0.3951
          Episode_Reward/action_l2: -0.0216
             Episode_Reward/energy: -0.7675
   Episode_Reward/joint_pos_limits: -0.3242
      Episode_Termination/time_out: 0.8555
  Episode_Termination/torso_height: 0.1445
--------------------------------------------------------------------------------
                   Total timesteps: 3768320
                    Iteration time: 0.39s
                      Time elapsed: 00:01:28
                               ETA: 00:01:44

################################################################################
                      [1m Learning iteration 230/500 [0m                      

                       Computation: 42331 steps/s (collection: 0.296s, learning 0.091s)
             Mean action noise std: 0.26
          Mean value_function loss: 0.1029
               Mean surrogate loss: -0.0042
                 Mean entropy loss: 0.3013
                       Mean reward: 81.34
               Mean episode length: 846.89
           Episode_Reward/progress: 5.4423
              Episode_Reward/alive: 0.4447
            Episode_Reward/upright: 0.0873
     Episode_Reward/move_to_target: 0.4402
          Episode_Reward/action_l2: -0.0224
             Episode_Reward/energy: -0.8335
   Episode_Reward/joint_pos_limits: -0.3294
      Episode_Termination/time_out: 0.8582
  Episode_Termination/torso_height: 0.1418
--------------------------------------------------------------------------------
                   Total timesteps: 3784704
                    Iteration time: 0.39s
                      Time elapsed: 00:01:28
                               ETA: 00:01:43

################################################################################
                      [1m Learning iteration 231/500 [0m                      

                       Computation: 39413 steps/s (collection: 0.319s, learning 0.097s)
             Mean action noise std: 0.26
          Mean value_function loss: 0.0903
               Mean surrogate loss: -0.0038
                 Mean entropy loss: 0.2785
                       Mean reward: 85.87
               Mean episode length: 885.70
           Episode_Reward/progress: 6.0217
              Episode_Reward/alive: 0.4922
            Episode_Reward/upright: 0.0975
     Episode_Reward/move_to_target: 0.4875
          Episode_Reward/action_l2: -0.0257
             Episode_Reward/energy: -0.9645
   Episode_Reward/joint_pos_limits: -0.3614
      Episode_Termination/time_out: 0.8587
  Episode_Termination/torso_height: 0.1413
--------------------------------------------------------------------------------
                   Total timesteps: 3801088
                    Iteration time: 0.42s
                      Time elapsed: 00:01:29
                               ETA: 00:01:43

################################################################################
                      [1m Learning iteration 232/500 [0m                      

                       Computation: 43437 steps/s (collection: 0.281s, learning 0.097s)
             Mean action noise std: 0.26
          Mean value_function loss: 0.0877
               Mean surrogate loss: 0.0029
                 Mean entropy loss: 0.2514
                       Mean reward: 84.87
               Mean episode length: 875.63
           Episode_Reward/progress: 5.7083
              Episode_Reward/alive: 0.4550
            Episode_Reward/upright: 0.0898
     Episode_Reward/move_to_target: 0.4433
          Episode_Reward/action_l2: -0.0236
             Episode_Reward/energy: -0.8880
   Episode_Reward/joint_pos_limits: -0.3344
      Episode_Termination/time_out: 0.8622
  Episode_Termination/torso_height: 0.1378
--------------------------------------------------------------------------------
                   Total timesteps: 3817472
                    Iteration time: 0.38s
                      Time elapsed: 00:01:29
                               ETA: 00:01:43

################################################################################
                      [1m Learning iteration 233/500 [0m                      

                       Computation: 42007 steps/s (collection: 0.294s, learning 0.096s)
             Mean action noise std: 0.26
          Mean value_function loss: 0.0661
               Mean surrogate loss: -0.0039
                 Mean entropy loss: 0.2349
                       Mean reward: 85.19
               Mean episode length: 885.77
           Episode_Reward/progress: 5.7790
              Episode_Reward/alive: 0.4797
            Episode_Reward/upright: 0.0933
     Episode_Reward/move_to_target: 0.4450
          Episode_Reward/action_l2: -0.0253
             Episode_Reward/energy: -0.9129
   Episode_Reward/joint_pos_limits: -0.3560
      Episode_Termination/time_out: 0.8645
  Episode_Termination/torso_height: 0.1355
--------------------------------------------------------------------------------
                   Total timesteps: 3833856
                    Iteration time: 0.39s
                      Time elapsed: 00:01:30
                               ETA: 00:01:42

################################################################################
                      [1m Learning iteration 234/500 [0m                      

                       Computation: 40903 steps/s (collection: 0.304s, learning 0.096s)
             Mean action noise std: 0.26
          Mean value_function loss: 0.0599
               Mean surrogate loss: -0.0036
                 Mean entropy loss: 0.2240
                       Mean reward: 84.22
               Mean episode length: 875.02
           Episode_Reward/progress: 5.8094
              Episode_Reward/alive: 0.4649
            Episode_Reward/upright: 0.0921
     Episode_Reward/move_to_target: 0.4620
          Episode_Reward/action_l2: -0.0243
             Episode_Reward/energy: -0.9101
   Episode_Reward/joint_pos_limits: -0.3443
      Episode_Termination/time_out: 0.8646
  Episode_Termination/torso_height: 0.1354
--------------------------------------------------------------------------------
                   Total timesteps: 3850240
                    Iteration time: 0.40s
                      Time elapsed: 00:01:30
                               ETA: 00:01:42

################################################################################
                      [1m Learning iteration 235/500 [0m                      

                       Computation: 39280 steps/s (collection: 0.313s, learning 0.104s)
             Mean action noise std: 0.26
          Mean value_function loss: 0.0691
               Mean surrogate loss: -0.0057
                 Mean entropy loss: 0.2125
                       Mean reward: 87.70
               Mean episode length: 900.36
           Episode_Reward/progress: 6.1679
              Episode_Reward/alive: 0.4909
            Episode_Reward/upright: 0.0975
     Episode_Reward/move_to_target: 0.4846
          Episode_Reward/action_l2: -0.0258
             Episode_Reward/energy: -0.9782
   Episode_Reward/joint_pos_limits: -0.3622
      Episode_Termination/time_out: 0.8710
  Episode_Termination/torso_height: 0.1290
--------------------------------------------------------------------------------
                   Total timesteps: 3866624
                    Iteration time: 0.42s
                      Time elapsed: 00:01:30
                               ETA: 00:01:42

################################################################################
                      [1m Learning iteration 236/500 [0m                      

                       Computation: 41973 steps/s (collection: 0.297s, learning 0.093s)
             Mean action noise std: 0.26
          Mean value_function loss: 0.0721
               Mean surrogate loss: -0.0036
                 Mean entropy loss: 0.1968
                       Mean reward: 87.58
               Mean episode length: 898.56
           Episode_Reward/progress: 6.1247
              Episode_Reward/alive: 0.4930
            Episode_Reward/upright: 0.0966
     Episode_Reward/move_to_target: 0.4826
          Episode_Reward/action_l2: -0.0256
             Episode_Reward/energy: -0.9478
   Episode_Reward/joint_pos_limits: -0.3669
      Episode_Termination/time_out: 0.8749
  Episode_Termination/torso_height: 0.1251
--------------------------------------------------------------------------------
                   Total timesteps: 3883008
                    Iteration time: 0.39s
                      Time elapsed: 00:01:31
                               ETA: 00:01:41

################################################################################
                      [1m Learning iteration 237/500 [0m                      

                       Computation: 41554 steps/s (collection: 0.294s, learning 0.101s)
             Mean action noise std: 0.26
          Mean value_function loss: 0.0737
               Mean surrogate loss: -0.0061
                 Mean entropy loss: 0.1734
                       Mean reward: 84.83
               Mean episode length: 870.45
           Episode_Reward/progress: 5.9506
              Episode_Reward/alive: 0.4698
            Episode_Reward/upright: 0.0924
     Episode_Reward/move_to_target: 0.4629
          Episode_Reward/action_l2: -0.0249
             Episode_Reward/energy: -0.9284
   Episode_Reward/joint_pos_limits: -0.3522
      Episode_Termination/time_out: 0.8749
  Episode_Termination/torso_height: 0.1251
--------------------------------------------------------------------------------
                   Total timesteps: 3899392
                    Iteration time: 0.39s
                      Time elapsed: 00:01:31
                               ETA: 00:01:41

################################################################################
                      [1m Learning iteration 238/500 [0m                      

                       Computation: 42657 steps/s (collection: 0.293s, learning 0.091s)
             Mean action noise std: 0.26
          Mean value_function loss: 0.0587
               Mean surrogate loss: -0.0042
                 Mean entropy loss: 0.1385
                       Mean reward: 84.92
               Mean episode length: 866.77
           Episode_Reward/progress: 4.5922
              Episode_Reward/alive: 0.3852
            Episode_Reward/upright: 0.0745
     Episode_Reward/move_to_target: 0.3807
          Episode_Reward/action_l2: -0.0200
             Episode_Reward/energy: -0.7405
   Episode_Reward/joint_pos_limits: -0.2884
      Episode_Termination/time_out: 0.8716
  Episode_Termination/torso_height: 0.1284
--------------------------------------------------------------------------------
                   Total timesteps: 3915776
                    Iteration time: 0.38s
                      Time elapsed: 00:01:32
                               ETA: 00:01:40

################################################################################
                      [1m Learning iteration 239/500 [0m                      

                       Computation: 42354 steps/s (collection: 0.288s, learning 0.099s)
             Mean action noise std: 0.25
          Mean value_function loss: 0.0635
               Mean surrogate loss: -0.0003
                 Mean entropy loss: 0.1194
                       Mean reward: 86.90
               Mean episode length: 881.01
           Episode_Reward/progress: 6.0645
              Episode_Reward/alive: 0.4865
            Episode_Reward/upright: 0.0961
     Episode_Reward/move_to_target: 0.4513
          Episode_Reward/action_l2: -0.0257
             Episode_Reward/energy: -0.9364
   Episode_Reward/joint_pos_limits: -0.3680
      Episode_Termination/time_out: 0.8707
  Episode_Termination/torso_height: 0.1293
--------------------------------------------------------------------------------
                   Total timesteps: 3932160
                    Iteration time: 0.39s
                      Time elapsed: 00:01:32
                               ETA: 00:01:40

################################################################################
                      [1m Learning iteration 240/500 [0m                      

                       Computation: 42600 steps/s (collection: 0.295s, learning 0.090s)
             Mean action noise std: 0.25
          Mean value_function loss: 0.0737
               Mean surrogate loss: -0.0048
                 Mean entropy loss: 0.1036
                       Mean reward: 87.98
               Mean episode length: 884.23
           Episode_Reward/progress: 6.2402
              Episode_Reward/alive: 0.4927
            Episode_Reward/upright: 0.0972
     Episode_Reward/move_to_target: 0.4906
          Episode_Reward/action_l2: -0.0266
             Episode_Reward/energy: -0.9832
   Episode_Reward/joint_pos_limits: -0.3655
      Episode_Termination/time_out: 0.8724
  Episode_Termination/torso_height: 0.1276
--------------------------------------------------------------------------------
                   Total timesteps: 3948544
                    Iteration time: 0.38s
                      Time elapsed: 00:01:32
                               ETA: 00:01:40

################################################################################
                      [1m Learning iteration 241/500 [0m                      

                       Computation: 41105 steps/s (collection: 0.304s, learning 0.094s)
             Mean action noise std: 0.25
          Mean value_function loss: 0.0514
               Mean surrogate loss: -0.0036
                 Mean entropy loss: 0.0924
                       Mean reward: 89.53
               Mean episode length: 891.61
           Episode_Reward/progress: 6.3490
              Episode_Reward/alive: 0.5000
            Episode_Reward/upright: 0.0997
     Episode_Reward/move_to_target: 0.4967
          Episode_Reward/action_l2: -0.0267
             Episode_Reward/energy: -0.9892
   Episode_Reward/joint_pos_limits: -0.3686
      Episode_Termination/time_out: 0.8755
  Episode_Termination/torso_height: 0.1245
--------------------------------------------------------------------------------
                   Total timesteps: 3964928
                    Iteration time: 0.40s
                      Time elapsed: 00:01:33
                               ETA: 00:01:39

################################################################################
                      [1m Learning iteration 242/500 [0m                      

                       Computation: 41421 steps/s (collection: 0.303s, learning 0.092s)
             Mean action noise std: 0.25
          Mean value_function loss: 0.0831
               Mean surrogate loss: -0.0051
                 Mean entropy loss: 0.0794
                       Mean reward: 92.52
               Mean episode length: 914.19
           Episode_Reward/progress: 6.4279
              Episode_Reward/alive: 0.4928
            Episode_Reward/upright: 0.0976
     Episode_Reward/move_to_target: 0.4881
          Episode_Reward/action_l2: -0.0263
             Episode_Reward/energy: -0.9808
   Episode_Reward/joint_pos_limits: -0.3670
      Episode_Termination/time_out: 0.8796
  Episode_Termination/torso_height: 0.1204
--------------------------------------------------------------------------------
                   Total timesteps: 3981312
                    Iteration time: 0.40s
                      Time elapsed: 00:01:33
                               ETA: 00:01:39

################################################################################
                      [1m Learning iteration 243/500 [0m                      

                       Computation: 41932 steps/s (collection: 0.301s, learning 0.090s)
             Mean action noise std: 0.25
          Mean value_function loss: 0.0702
               Mean surrogate loss: -0.0039
                 Mean entropy loss: 0.0643
                       Mean reward: 92.91
               Mean episode length: 914.84
           Episode_Reward/progress: 5.6481
              Episode_Reward/alive: 0.4407
            Episode_Reward/upright: 0.0867
     Episode_Reward/move_to_target: 0.4358
          Episode_Reward/action_l2: -0.0238
             Episode_Reward/energy: -0.8679
   Episode_Reward/joint_pos_limits: -0.3304
      Episode_Termination/time_out: 0.8788
  Episode_Termination/torso_height: 0.1212
--------------------------------------------------------------------------------
                   Total timesteps: 3997696
                    Iteration time: 0.39s
                      Time elapsed: 00:01:34
                               ETA: 00:01:39

################################################################################
                      [1m Learning iteration 244/500 [0m                      

                       Computation: 41016 steps/s (collection: 0.304s, learning 0.096s)
             Mean action noise std: 0.25
          Mean value_function loss: 0.0715
               Mean surrogate loss: -0.0041
                 Mean entropy loss: 0.0267
                       Mean reward: 92.98
               Mean episode length: 910.23
           Episode_Reward/progress: 5.9395
              Episode_Reward/alive: 0.4702
            Episode_Reward/upright: 0.0932
     Episode_Reward/move_to_target: 0.4656
          Episode_Reward/action_l2: -0.0251
             Episode_Reward/energy: -0.9411
   Episode_Reward/joint_pos_limits: -0.3488
      Episode_Termination/time_out: 0.8807
  Episode_Termination/torso_height: 0.1193
--------------------------------------------------------------------------------
                   Total timesteps: 4014080
                    Iteration time: 0.40s
                      Time elapsed: 00:01:34
                               ETA: 00:01:38

################################################################################
                      [1m Learning iteration 245/500 [0m                      

                       Computation: 41817 steps/s (collection: 0.298s, learning 0.094s)
             Mean action noise std: 0.25
          Mean value_function loss: 0.1310
               Mean surrogate loss: -0.0062
                 Mean entropy loss: 0.0106
                       Mean reward: 91.55
               Mean episode length: 892.49
           Episode_Reward/progress: 6.2411
              Episode_Reward/alive: 0.4711
            Episode_Reward/upright: 0.0928
     Episode_Reward/move_to_target: 0.4664
          Episode_Reward/action_l2: -0.0253
             Episode_Reward/energy: -0.9472
   Episode_Reward/joint_pos_limits: -0.3485
      Episode_Termination/time_out: 0.8789
  Episode_Termination/torso_height: 0.1211
--------------------------------------------------------------------------------
                   Total timesteps: 4030464
                    Iteration time: 0.39s
                      Time elapsed: 00:01:34
                               ETA: 00:01:38

################################################################################
                      [1m Learning iteration 246/500 [0m                      

                       Computation: 40745 steps/s (collection: 0.310s, learning 0.092s)
             Mean action noise std: 0.25
          Mean value_function loss: 0.0927
               Mean surrogate loss: -0.0040
                 Mean entropy loss: -0.0283
                       Mean reward: 90.63
               Mean episode length: 876.11
           Episode_Reward/progress: 6.3098
              Episode_Reward/alive: 0.4627
            Episode_Reward/upright: 0.0911
     Episode_Reward/move_to_target: 0.4578
          Episode_Reward/action_l2: -0.0245
             Episode_Reward/energy: -0.9096
   Episode_Reward/joint_pos_limits: -0.3465
      Episode_Termination/time_out: 0.8743
  Episode_Termination/torso_height: 0.1257
--------------------------------------------------------------------------------
                   Total timesteps: 4046848
                    Iteration time: 0.40s
                      Time elapsed: 00:01:35
                               ETA: 00:01:37

################################################################################
                      [1m Learning iteration 247/500 [0m                      

                       Computation: 42001 steps/s (collection: 0.295s, learning 0.095s)
             Mean action noise std: 0.25
          Mean value_function loss: 0.1598
               Mean surrogate loss: -0.0059
                 Mean entropy loss: -0.0572
                       Mean reward: 88.71
               Mean episode length: 855.90
           Episode_Reward/progress: 5.7482
              Episode_Reward/alive: 0.4470
            Episode_Reward/upright: 0.0877
     Episode_Reward/move_to_target: 0.4410
          Episode_Reward/action_l2: -0.0238
             Episode_Reward/energy: -0.8804
   Episode_Reward/joint_pos_limits: -0.3322
      Episode_Termination/time_out: 0.8706
  Episode_Termination/torso_height: 0.1294
--------------------------------------------------------------------------------
                   Total timesteps: 4063232
                    Iteration time: 0.39s
                      Time elapsed: 00:01:35
                               ETA: 00:01:37

################################################################################
                      [1m Learning iteration 248/500 [0m                      

                       Computation: 40495 steps/s (collection: 0.309s, learning 0.095s)
             Mean action noise std: 0.25
          Mean value_function loss: 0.0873
               Mean surrogate loss: -0.0031
                 Mean entropy loss: -0.0695
                       Mean reward: 87.48
               Mean episode length: 841.71
           Episode_Reward/progress: 5.7060
              Episode_Reward/alive: 0.4494
            Episode_Reward/upright: 0.0884
     Episode_Reward/move_to_target: 0.4343
          Episode_Reward/action_l2: -0.0239
             Episode_Reward/energy: -0.8780
   Episode_Reward/joint_pos_limits: -0.3354
      Episode_Termination/time_out: 0.8661
  Episode_Termination/torso_height: 0.1339
--------------------------------------------------------------------------------
                   Total timesteps: 4079616
                    Iteration time: 0.40s
                      Time elapsed: 00:01:36
                               ETA: 00:01:37

################################################################################
                      [1m Learning iteration 249/500 [0m                      

                       Computation: 41926 steps/s (collection: 0.296s, learning 0.095s)
             Mean action noise std: 0.25
          Mean value_function loss: 0.0974
               Mean surrogate loss: -0.0069
                 Mean entropy loss: -0.0937
                       Mean reward: 90.19
               Mean episode length: 869.68
           Episode_Reward/progress: 6.4537
              Episode_Reward/alive: 0.4948
            Episode_Reward/upright: 0.0983
     Episode_Reward/move_to_target: 0.4897
          Episode_Reward/action_l2: -0.0266
             Episode_Reward/energy: -0.9761
   Episode_Reward/joint_pos_limits: -0.3701
      Episode_Termination/time_out: 0.8685
  Episode_Termination/torso_height: 0.1315
--------------------------------------------------------------------------------
                   Total timesteps: 4096000
                    Iteration time: 0.39s
                      Time elapsed: 00:01:36
                               ETA: 00:01:36

################################################################################
                      [1m Learning iteration 250/500 [0m                      

                       Computation: 41769 steps/s (collection: 0.298s, learning 0.094s)
             Mean action noise std: 0.25
          Mean value_function loss: 0.1292
               Mean surrogate loss: -0.0048
                 Mean entropy loss: -0.1108
                       Mean reward: 87.97
               Mean episode length: 858.97
           Episode_Reward/progress: 6.0188
              Episode_Reward/alive: 0.4609
            Episode_Reward/upright: 0.0913
     Episode_Reward/move_to_target: 0.4575
          Episode_Reward/action_l2: -0.0244
             Episode_Reward/energy: -0.9012
   Episode_Reward/joint_pos_limits: -0.3432
      Episode_Termination/time_out: 0.8699
  Episode_Termination/torso_height: 0.1301
--------------------------------------------------------------------------------
                   Total timesteps: 4112384
                    Iteration time: 0.39s
                      Time elapsed: 00:01:36
                               ETA: 00:01:36

################################################################################
                      [1m Learning iteration 251/500 [0m                      

                       Computation: 41806 steps/s (collection: 0.298s, learning 0.094s)
             Mean action noise std: 0.25
          Mean value_function loss: 0.0987
               Mean surrogate loss: -0.0053
                 Mean entropy loss: -0.1265
                       Mean reward: 84.60
               Mean episode length: 830.34
           Episode_Reward/progress: 5.0425
              Episode_Reward/alive: 0.3945
            Episode_Reward/upright: 0.0762
     Episode_Reward/move_to_target: 0.3805
          Episode_Reward/action_l2: -0.0204
             Episode_Reward/energy: -0.7443
   Episode_Reward/joint_pos_limits: -0.2943
      Episode_Termination/time_out: 0.8668
  Episode_Termination/torso_height: 0.1332
--------------------------------------------------------------------------------
                   Total timesteps: 4128768
                    Iteration time: 0.39s
                      Time elapsed: 00:01:37
                               ETA: 00:01:36

################################################################################
                      [1m Learning iteration 252/500 [0m                      

                       Computation: 42889 steps/s (collection: 0.287s, learning 0.095s)
             Mean action noise std: 0.25
          Mean value_function loss: 0.0902
               Mean surrogate loss: -0.0039
                 Mean entropy loss: -0.1574
                       Mean reward: 83.76
               Mean episode length: 835.61
           Episode_Reward/progress: 5.6661
              Episode_Reward/alive: 0.4463
            Episode_Reward/upright: 0.0878
     Episode_Reward/move_to_target: 0.4352
          Episode_Reward/action_l2: -0.0235
             Episode_Reward/energy: -0.8647
   Episode_Reward/joint_pos_limits: -0.3315
      Episode_Termination/time_out: 0.8633
  Episode_Termination/torso_height: 0.1367
--------------------------------------------------------------------------------
                   Total timesteps: 4145152
                    Iteration time: 0.38s
                      Time elapsed: 00:01:37
                               ETA: 00:01:35

################################################################################
                      [1m Learning iteration 253/500 [0m                      

                       Computation: 42265 steps/s (collection: 0.293s, learning 0.095s)
             Mean action noise std: 0.25
          Mean value_function loss: 0.0795
               Mean surrogate loss: -0.0040
                 Mean entropy loss: -0.1856
                       Mean reward: 86.84
               Mean episode length: 855.92
           Episode_Reward/progress: 6.2092
              Episode_Reward/alive: 0.4857
            Episode_Reward/upright: 0.0961
     Episode_Reward/move_to_target: 0.4779
          Episode_Reward/action_l2: -0.0264
             Episode_Reward/energy: -0.9622
   Episode_Reward/joint_pos_limits: -0.3625
      Episode_Termination/time_out: 0.8710
  Episode_Termination/torso_height: 0.1290
--------------------------------------------------------------------------------
                   Total timesteps: 4161536
                    Iteration time: 0.39s
                      Time elapsed: 00:01:37
                               ETA: 00:01:35

################################################################################
                      [1m Learning iteration 254/500 [0m                      

                       Computation: 42512 steps/s (collection: 0.291s, learning 0.095s)
             Mean action noise std: 0.24
          Mean value_function loss: 0.1067
               Mean surrogate loss: -0.0038
                 Mean entropy loss: -0.2134
                       Mean reward: 83.94
               Mean episode length: 831.25
           Episode_Reward/progress: 5.1791
              Episode_Reward/alive: 0.4118
            Episode_Reward/upright: 0.0800
     Episode_Reward/move_to_target: 0.3999
          Episode_Reward/action_l2: -0.0218
             Episode_Reward/energy: -0.7952
   Episode_Reward/joint_pos_limits: -0.3042
      Episode_Termination/time_out: 0.8734
  Episode_Termination/torso_height: 0.1266
--------------------------------------------------------------------------------
                   Total timesteps: 4177920
                    Iteration time: 0.39s
                      Time elapsed: 00:01:38
                               ETA: 00:01:34

################################################################################
                      [1m Learning iteration 255/500 [0m                      

                       Computation: 41111 steps/s (collection: 0.301s, learning 0.097s)
             Mean action noise std: 0.24
          Mean value_function loss: 0.1218
               Mean surrogate loss: -0.0054
                 Mean entropy loss: -0.2381
                       Mean reward: 85.56
               Mean episode length: 843.26
           Episode_Reward/progress: 6.3331
              Episode_Reward/alive: 0.4702
            Episode_Reward/upright: 0.0925
     Episode_Reward/move_to_target: 0.4667
          Episode_Reward/action_l2: -0.0248
             Episode_Reward/energy: -0.9301
   Episode_Reward/joint_pos_limits: -0.3431
      Episode_Termination/time_out: 0.8745
  Episode_Termination/torso_height: 0.1255
--------------------------------------------------------------------------------
                   Total timesteps: 4194304
                    Iteration time: 0.40s
                      Time elapsed: 00:01:38
                               ETA: 00:01:34

################################################################################
                      [1m Learning iteration 256/500 [0m                      

                       Computation: 40850 steps/s (collection: 0.305s, learning 0.096s)
             Mean action noise std: 0.24
          Mean value_function loss: 0.1247
               Mean surrogate loss: -0.0043
                 Mean entropy loss: -0.2872
                       Mean reward: 89.05
               Mean episode length: 873.90
           Episode_Reward/progress: 6.1188
              Episode_Reward/alive: 0.4870
            Episode_Reward/upright: 0.0966
     Episode_Reward/move_to_target: 0.4825
          Episode_Reward/action_l2: -0.0252
             Episode_Reward/energy: -0.9478
   Episode_Reward/joint_pos_limits: -0.3576
      Episode_Termination/time_out: 0.8779
  Episode_Termination/torso_height: 0.1221
--------------------------------------------------------------------------------
                   Total timesteps: 4210688
                    Iteration time: 0.40s
                      Time elapsed: 00:01:39
                               ETA: 00:01:34

################################################################################
                      [1m Learning iteration 257/500 [0m                      

                       Computation: 41675 steps/s (collection: 0.298s, learning 0.095s)
             Mean action noise std: 0.24
          Mean value_function loss: 0.1341
               Mean surrogate loss: -0.0036
                 Mean entropy loss: -0.3211
                       Mean reward: 91.49
               Mean episode length: 893.50
           Episode_Reward/progress: 5.9515
              Episode_Reward/alive: 0.4447
            Episode_Reward/upright: 0.0876
     Episode_Reward/move_to_target: 0.4406
          Episode_Reward/action_l2: -0.0233
             Episode_Reward/energy: -0.8704
   Episode_Reward/joint_pos_limits: -0.3276
      Episode_Termination/time_out: 0.8819
  Episode_Termination/torso_height: 0.1181
--------------------------------------------------------------------------------
                   Total timesteps: 4227072
                    Iteration time: 0.39s
                      Time elapsed: 00:01:39
                               ETA: 00:01:33

################################################################################
                      [1m Learning iteration 258/500 [0m                      

                       Computation: 40444 steps/s (collection: 0.308s, learning 0.097s)
             Mean action noise std: 0.24
          Mean value_function loss: 0.1296
               Mean surrogate loss: -0.0036
                 Mean entropy loss: -0.3319
                       Mean reward: 92.01
               Mean episode length: 893.72
           Episode_Reward/progress: 6.0516
              Episode_Reward/alive: 0.4840
            Episode_Reward/upright: 0.0951
     Episode_Reward/move_to_target: 0.4639
          Episode_Reward/action_l2: -0.0251
             Episode_Reward/energy: -0.9082
   Episode_Reward/joint_pos_limits: -0.3624
      Episode_Termination/time_out: 0.8780
  Episode_Termination/torso_height: 0.1220
--------------------------------------------------------------------------------
                   Total timesteps: 4243456
                    Iteration time: 0.41s
                      Time elapsed: 00:01:39
                               ETA: 00:01:33

################################################################################
                      [1m Learning iteration 259/500 [0m                      

                       Computation: 42347 steps/s (collection: 0.293s, learning 0.094s)
             Mean action noise std: 0.24
          Mean value_function loss: 0.1386
               Mean surrogate loss: -0.0050
                 Mean entropy loss: -0.3480
                       Mean reward: 92.10
               Mean episode length: 890.23
           Episode_Reward/progress: 5.1737
              Episode_Reward/alive: 0.4121
            Episode_Reward/upright: 0.0811
     Episode_Reward/move_to_target: 0.4070
          Episode_Reward/action_l2: -0.0215
             Episode_Reward/energy: -0.8034
   Episode_Reward/joint_pos_limits: -0.3047
      Episode_Termination/time_out: 0.8783
  Episode_Termination/torso_height: 0.1217
--------------------------------------------------------------------------------
                   Total timesteps: 4259840
                    Iteration time: 0.39s
                      Time elapsed: 00:01:40
                               ETA: 00:01:33

################################################################################
                      [1m Learning iteration 260/500 [0m                      

                       Computation: 40468 steps/s (collection: 0.310s, learning 0.095s)
             Mean action noise std: 0.24
          Mean value_function loss: 0.1376
               Mean surrogate loss: -0.0063
                 Mean entropy loss: -0.3574
                       Mean reward: 93.63
               Mean episode length: 902.00
           Episode_Reward/progress: 5.9528
              Episode_Reward/alive: 0.4421
            Episode_Reward/upright: 0.0875
     Episode_Reward/move_to_target: 0.4370
          Episode_Reward/action_l2: -0.0230
             Episode_Reward/energy: -0.8510
   Episode_Reward/joint_pos_limits: -0.3285
      Episode_Termination/time_out: 0.8770
  Episode_Termination/torso_height: 0.1230
--------------------------------------------------------------------------------
                   Total timesteps: 4276224
                    Iteration time: 0.40s
                      Time elapsed: 00:01:40
                               ETA: 00:01:32

################################################################################
                      [1m Learning iteration 261/500 [0m                      

                       Computation: 41046 steps/s (collection: 0.312s, learning 0.087s)
             Mean action noise std: 0.24
          Mean value_function loss: 0.1123
               Mean surrogate loss: -0.0045
                 Mean entropy loss: -0.3691
                       Mean reward: 91.27
               Mean episode length: 881.48
           Episode_Reward/progress: 5.5866
              Episode_Reward/alive: 0.4478
            Episode_Reward/upright: 0.0863
     Episode_Reward/move_to_target: 0.4282
          Episode_Reward/action_l2: -0.0232
             Episode_Reward/energy: -0.8308
   Episode_Reward/joint_pos_limits: -0.3379
      Episode_Termination/time_out: 0.8759
  Episode_Termination/torso_height: 0.1241
--------------------------------------------------------------------------------
                   Total timesteps: 4292608
                    Iteration time: 0.40s
                      Time elapsed: 00:01:41
                               ETA: 00:01:32

################################################################################
                      [1m Learning iteration 262/500 [0m                      

                       Computation: 45546 steps/s (collection: 0.272s, learning 0.088s)
             Mean action noise std: 0.24
          Mean value_function loss: 0.1135
               Mean surrogate loss: -0.0025
                 Mean entropy loss: -0.3862
                       Mean reward: 91.52
               Mean episode length: 879.34
           Episode_Reward/progress: 5.5769
              Episode_Reward/alive: 0.4249
            Episode_Reward/upright: 0.0842
     Episode_Reward/move_to_target: 0.4206
          Episode_Reward/action_l2: -0.0220
             Episode_Reward/energy: -0.8252
   Episode_Reward/joint_pos_limits: -0.3156
      Episode_Termination/time_out: 0.8774
  Episode_Termination/torso_height: 0.1226
--------------------------------------------------------------------------------
                   Total timesteps: 4308992
                    Iteration time: 0.36s
                      Time elapsed: 00:01:41
                               ETA: 00:01:31

################################################################################
                      [1m Learning iteration 263/500 [0m                      

                       Computation: 38782 steps/s (collection: 0.326s, learning 0.096s)
             Mean action noise std: 0.24
          Mean value_function loss: 0.0943
               Mean surrogate loss: -0.0042
                 Mean entropy loss: -0.4090
                       Mean reward: 89.35
               Mean episode length: 863.31
           Episode_Reward/progress: 5.0645
              Episode_Reward/alive: 0.3849
            Episode_Reward/upright: 0.0746
     Episode_Reward/move_to_target: 0.3790
          Episode_Reward/action_l2: -0.0202
             Episode_Reward/energy: -0.7464
   Episode_Reward/joint_pos_limits: -0.2834
      Episode_Termination/time_out: 0.8786
  Episode_Termination/torso_height: 0.1214
--------------------------------------------------------------------------------
                   Total timesteps: 4325376
                    Iteration time: 0.42s
                      Time elapsed: 00:01:41
                               ETA: 00:01:31

################################################################################
                      [1m Learning iteration 264/500 [0m                      

                       Computation: 41368 steps/s (collection: 0.321s, learning 0.075s)
             Mean action noise std: 0.24
          Mean value_function loss: 0.0965
               Mean surrogate loss: -0.0044
                 Mean entropy loss: -0.4258
                       Mean reward: 84.38
               Mean episode length: 827.13
           Episode_Reward/progress: 5.4772
              Episode_Reward/alive: 0.4342
            Episode_Reward/upright: 0.0843
     Episode_Reward/move_to_target: 0.3929
          Episode_Reward/action_l2: -0.0230
             Episode_Reward/energy: -0.8246
   Episode_Reward/joint_pos_limits: -0.3302
      Episode_Termination/time_out: 0.8712
  Episode_Termination/torso_height: 0.1288
--------------------------------------------------------------------------------
                   Total timesteps: 4341760
                    Iteration time: 0.40s
                      Time elapsed: 00:01:42
                               ETA: 00:01:31

################################################################################
                      [1m Learning iteration 265/500 [0m                      

                       Computation: 41949 steps/s (collection: 0.314s, learning 0.077s)
             Mean action noise std: 0.24
          Mean value_function loss: 0.1135
               Mean surrogate loss: -0.0014
                 Mean entropy loss: -0.4313
                       Mean reward: 83.90
               Mean episode length: 820.47
           Episode_Reward/progress: 5.9491
              Episode_Reward/alive: 0.4486
            Episode_Reward/upright: 0.0875
     Episode_Reward/move_to_target: 0.4388
          Episode_Reward/action_l2: -0.0235
             Episode_Reward/energy: -0.8688
   Episode_Reward/joint_pos_limits: -0.3360
      Episode_Termination/time_out: 0.8644
  Episode_Termination/torso_height: 0.1356
--------------------------------------------------------------------------------
                   Total timesteps: 4358144
                    Iteration time: 0.39s
                      Time elapsed: 00:01:42
                               ETA: 00:01:30

################################################################################
                      [1m Learning iteration 266/500 [0m                      

                       Computation: 42451 steps/s (collection: 0.306s, learning 0.080s)
             Mean action noise std: 0.24
          Mean value_function loss: 0.1202
               Mean surrogate loss: -0.0059
                 Mean entropy loss: -0.4384
                       Mean reward: 84.33
               Mean episode length: 821.70
           Episode_Reward/progress: 5.5891
              Episode_Reward/alive: 0.4464
            Episode_Reward/upright: 0.0879
     Episode_Reward/move_to_target: 0.4104
          Episode_Reward/action_l2: -0.0232
             Episode_Reward/energy: -0.8148
   Episode_Reward/joint_pos_limits: -0.3483
      Episode_Termination/time_out: 0.8599
  Episode_Termination/torso_height: 0.1401
--------------------------------------------------------------------------------
                   Total timesteps: 4374528
                    Iteration time: 0.39s
                      Time elapsed: 00:01:43
                               ETA: 00:01:30

################################################################################
                      [1m Learning iteration 267/500 [0m                      

                       Computation: 41375 steps/s (collection: 0.319s, learning 0.077s)
             Mean action noise std: 0.24
          Mean value_function loss: 0.1178
               Mean surrogate loss: -0.0051
                 Mean entropy loss: -0.4646
                       Mean reward: 81.38
               Mean episode length: 794.96
           Episode_Reward/progress: 4.7331
              Episode_Reward/alive: 0.3660
            Episode_Reward/upright: 0.0704
     Episode_Reward/move_to_target: 0.3624
          Episode_Reward/action_l2: -0.0190
             Episode_Reward/energy: -0.6921
   Episode_Reward/joint_pos_limits: -0.2785
      Episode_Termination/time_out: 0.8547
  Episode_Termination/torso_height: 0.1453
--------------------------------------------------------------------------------
                   Total timesteps: 4390912
                    Iteration time: 0.40s
                      Time elapsed: 00:01:43
                               ETA: 00:01:30

################################################################################
                      [1m Learning iteration 268/500 [0m                      

                       Computation: 42657 steps/s (collection: 0.305s, learning 0.079s)
             Mean action noise std: 0.24
          Mean value_function loss: 0.1079
               Mean surrogate loss: -0.0037
                 Mean entropy loss: -0.4846
                       Mean reward: 80.30
               Mean episode length: 788.28
           Episode_Reward/progress: 5.9412
              Episode_Reward/alive: 0.4677
            Episode_Reward/upright: 0.0923
     Episode_Reward/move_to_target: 0.4537
          Episode_Reward/action_l2: -0.0243
             Episode_Reward/energy: -0.8994
   Episode_Reward/joint_pos_limits: -0.3494
      Episode_Termination/time_out: 0.8580
  Episode_Termination/torso_height: 0.1420
--------------------------------------------------------------------------------
                   Total timesteps: 4407296
                    Iteration time: 0.38s
                      Time elapsed: 00:01:43
                               ETA: 00:01:29

################################################################################
                      [1m Learning iteration 269/500 [0m                      

                       Computation: 44408 steps/s (collection: 0.294s, learning 0.075s)
             Mean action noise std: 0.24
          Mean value_function loss: 0.1295
               Mean surrogate loss: -0.0066
                 Mean entropy loss: -0.5086
                       Mean reward: 83.70
               Mean episode length: 815.03
           Episode_Reward/progress: 6.7548
              Episode_Reward/alive: 0.5000
            Episode_Reward/upright: 0.0996
     Episode_Reward/move_to_target: 0.4861
          Episode_Reward/action_l2: -0.0267
             Episode_Reward/energy: -1.0087
   Episode_Reward/joint_pos_limits: -0.3693
      Episode_Termination/time_out: 0.8574
  Episode_Termination/torso_height: 0.1426
--------------------------------------------------------------------------------
                   Total timesteps: 4423680
                    Iteration time: 0.37s
                      Time elapsed: 00:01:44
                               ETA: 00:01:29

################################################################################
                      [1m Learning iteration 270/500 [0m                      

                       Computation: 40625 steps/s (collection: 0.303s, learning 0.100s)
             Mean action noise std: 0.24
          Mean value_function loss: 0.1068
               Mean surrogate loss: -0.0026
                 Mean entropy loss: -0.5219
                       Mean reward: 84.73
               Mean episode length: 813.22
           Episode_Reward/progress: 5.7091
              Episode_Reward/alive: 0.4126
            Episode_Reward/upright: 0.0812
     Episode_Reward/move_to_target: 0.4076
          Episode_Reward/action_l2: -0.0221
             Episode_Reward/energy: -0.8238
   Episode_Reward/joint_pos_limits: -0.3036
      Episode_Termination/time_out: 0.8549
  Episode_Termination/torso_height: 0.1451
--------------------------------------------------------------------------------
                   Total timesteps: 4440064
                    Iteration time: 0.40s
                      Time elapsed: 00:01:44
                               ETA: 00:01:28

################################################################################
                      [1m Learning iteration 271/500 [0m                      

                       Computation: 39388 steps/s (collection: 0.312s, learning 0.103s)
             Mean action noise std: 0.24
          Mean value_function loss: 0.1212
               Mean surrogate loss: -0.0064
                 Mean entropy loss: -0.5368
                       Mean reward: 87.40
               Mean episode length: 828.37
           Episode_Reward/progress: 6.1713
              Episode_Reward/alive: 0.4492
            Episode_Reward/upright: 0.0888
     Episode_Reward/move_to_target: 0.4447
          Episode_Reward/action_l2: -0.0240
             Episode_Reward/energy: -0.8827
   Episode_Reward/joint_pos_limits: -0.3362
      Episode_Termination/time_out: 0.8524
  Episode_Termination/torso_height: 0.1476
--------------------------------------------------------------------------------
                   Total timesteps: 4456448
                    Iteration time: 0.42s
                      Time elapsed: 00:01:45
                               ETA: 00:01:28

################################################################################
                      [1m Learning iteration 272/500 [0m                      

                       Computation: 40432 steps/s (collection: 0.315s, learning 0.090s)
             Mean action noise std: 0.24
          Mean value_function loss: 0.1065
               Mean surrogate loss: -0.0053
                 Mean entropy loss: -0.5593
                       Mean reward: 96.30
               Mean episode length: 893.75
           Episode_Reward/progress: 6.6484
              Episode_Reward/alive: 0.4812
            Episode_Reward/upright: 0.0942
     Episode_Reward/move_to_target: 0.4749
          Episode_Reward/action_l2: -0.0254
             Episode_Reward/energy: -0.9441
   Episode_Reward/joint_pos_limits: -0.3580
      Episode_Termination/time_out: 0.8480
  Episode_Termination/torso_height: 0.1520
--------------------------------------------------------------------------------
                   Total timesteps: 4472832
                    Iteration time: 0.41s
                      Time elapsed: 00:01:45
                               ETA: 00:01:28

################################################################################
                      [1m Learning iteration 273/500 [0m                      

                       Computation: 41668 steps/s (collection: 0.315s, learning 0.078s)
             Mean action noise std: 0.23
          Mean value_function loss: 0.0996
               Mean surrogate loss: -0.0058
                 Mean entropy loss: -0.5916
                       Mean reward: 97.62
               Mean episode length: 894.95
           Episode_Reward/progress: 6.6733
              Episode_Reward/alive: 0.4887
            Episode_Reward/upright: 0.0965
     Episode_Reward/move_to_target: 0.4845
          Episode_Reward/action_l2: -0.0262
             Episode_Reward/energy: -0.9619
   Episode_Reward/joint_pos_limits: -0.3671
      Episode_Termination/time_out: 0.8518
  Episode_Termination/torso_height: 0.1482
--------------------------------------------------------------------------------
                   Total timesteps: 4489216
                    Iteration time: 0.39s
                      Time elapsed: 00:01:45
                               ETA: 00:01:27

################################################################################
                      [1m Learning iteration 274/500 [0m                      

                       Computation: 40876 steps/s (collection: 0.304s, learning 0.097s)
             Mean action noise std: 0.23
          Mean value_function loss: 0.0756
               Mean surrogate loss: -0.0038
                 Mean entropy loss: -0.6405
                       Mean reward: 97.98
               Mean episode length: 896.80
           Episode_Reward/progress: 6.0907
              Episode_Reward/alive: 0.4543
            Episode_Reward/upright: 0.0894
     Episode_Reward/move_to_target: 0.4476
          Episode_Reward/action_l2: -0.0238
             Episode_Reward/energy: -0.8824
   Episode_Reward/joint_pos_limits: -0.3378
      Episode_Termination/time_out: 0.8482
  Episode_Termination/torso_height: 0.1518
--------------------------------------------------------------------------------
                   Total timesteps: 4505600
                    Iteration time: 0.40s
                      Time elapsed: 00:01:46
                               ETA: 00:01:27

################################################################################
                      [1m Learning iteration 275/500 [0m                      

                       Computation: 39980 steps/s (collection: 0.312s, learning 0.098s)
             Mean action noise std: 0.23
          Mean value_function loss: 0.0930
               Mean surrogate loss: -0.0036
                 Mean entropy loss: -0.6725
                       Mean reward: 96.29
               Mean episode length: 884.77
           Episode_Reward/progress: 6.0175
              Episode_Reward/alive: 0.4485
            Episode_Reward/upright: 0.0884
     Episode_Reward/move_to_target: 0.4398
          Episode_Reward/action_l2: -0.0232
             Episode_Reward/energy: -0.8606
   Episode_Reward/joint_pos_limits: -0.3352
      Episode_Termination/time_out: 0.8479
  Episode_Termination/torso_height: 0.1521
--------------------------------------------------------------------------------
                   Total timesteps: 4521984
                    Iteration time: 0.41s
                      Time elapsed: 00:01:46
                               ETA: 00:01:26

################################################################################
                      [1m Learning iteration 276/500 [0m                      

                       Computation: 41565 steps/s (collection: 0.315s, learning 0.079s)
             Mean action noise std: 0.23
          Mean value_function loss: 0.0865
               Mean surrogate loss: -0.0018
                 Mean entropy loss: -0.6811
                       Mean reward: 95.16
               Mean episode length: 873.75
           Episode_Reward/progress: 5.8057
              Episode_Reward/alive: 0.4394
            Episode_Reward/upright: 0.0858
     Episode_Reward/move_to_target: 0.4252
          Episode_Reward/action_l2: -0.0226
             Episode_Reward/energy: -0.8370
   Episode_Reward/joint_pos_limits: -0.3283
      Episode_Termination/time_out: 0.8449
  Episode_Termination/torso_height: 0.1551
--------------------------------------------------------------------------------
                   Total timesteps: 4538368
                    Iteration time: 0.39s
                      Time elapsed: 00:01:47
                               ETA: 00:01:26

################################################################################
                      [1m Learning iteration 277/500 [0m                      

                       Computation: 43964 steps/s (collection: 0.284s, learning 0.088s)
             Mean action noise std: 0.23
          Mean value_function loss: 0.1250
               Mean surrogate loss: -0.0044
                 Mean entropy loss: -0.6866
                       Mean reward: 96.08
               Mean episode length: 882.77
           Episode_Reward/progress: 6.8834
              Episode_Reward/alive: 0.5000
            Episode_Reward/upright: 0.0994
     Episode_Reward/move_to_target: 0.4910
          Episode_Reward/action_l2: -0.0266
             Episode_Reward/energy: -0.9888
   Episode_Reward/joint_pos_limits: -0.3701
      Episode_Termination/time_out: 0.8504
  Episode_Termination/torso_height: 0.1496
--------------------------------------------------------------------------------
                   Total timesteps: 4554752
                    Iteration time: 0.37s
                      Time elapsed: 00:01:47
                               ETA: 00:01:26

################################################################################
                      [1m Learning iteration 278/500 [0m                      

                       Computation: 34717 steps/s (collection: 0.371s, learning 0.100s)
             Mean action noise std: 0.23
          Mean value_function loss: 0.1302
               Mean surrogate loss: -0.0046
                 Mean entropy loss: -0.6975
                       Mean reward: 96.73
               Mean episode length: 883.61
           Episode_Reward/progress: 6.1400
              Episode_Reward/alive: 0.4405
            Episode_Reward/upright: 0.0862
     Episode_Reward/move_to_target: 0.4360
          Episode_Reward/action_l2: -0.0230
             Episode_Reward/energy: -0.8617
   Episode_Reward/joint_pos_limits: -0.3277
      Episode_Termination/time_out: 0.8561
  Episode_Termination/torso_height: 0.1439
--------------------------------------------------------------------------------
                   Total timesteps: 4571136
                    Iteration time: 0.47s
                      Time elapsed: 00:01:47
                               ETA: 00:01:25

################################################################################
                      [1m Learning iteration 279/500 [0m                      

                       Computation: 43462 steps/s (collection: 0.299s, learning 0.078s)
             Mean action noise std: 0.23
          Mean value_function loss: 0.1133
               Mean surrogate loss: -0.0025
                 Mean entropy loss: -0.7113
                       Mean reward: 92.46
               Mean episode length: 853.08
           Episode_Reward/progress: 4.9402
              Episode_Reward/alive: 0.3800
            Episode_Reward/upright: 0.0731
     Episode_Reward/move_to_target: 0.3704
          Episode_Reward/action_l2: -0.0201
             Episode_Reward/energy: -0.7299
   Episode_Reward/joint_pos_limits: -0.2893
      Episode_Termination/time_out: 0.8498
  Episode_Termination/torso_height: 0.1502
--------------------------------------------------------------------------------
                   Total timesteps: 4587520
                    Iteration time: 0.38s
                      Time elapsed: 00:01:48
                               ETA: 00:01:25

################################################################################
                      [1m Learning iteration 280/500 [0m                      

                       Computation: 42359 steps/s (collection: 0.312s, learning 0.075s)
             Mean action noise std: 0.23
          Mean value_function loss: 0.0976
               Mean surrogate loss: -0.0052
                 Mean entropy loss: -0.7158
                       Mean reward: 95.57
               Mean episode length: 875.80
           Episode_Reward/progress: 5.8836
              Episode_Reward/alive: 0.4184
            Episode_Reward/upright: 0.0822
     Episode_Reward/move_to_target: 0.4157
          Episode_Reward/action_l2: -0.0221
             Episode_Reward/energy: -0.8128
   Episode_Reward/joint_pos_limits: -0.3156
      Episode_Termination/time_out: 0.8463
  Episode_Termination/torso_height: 0.1537
--------------------------------------------------------------------------------
                   Total timesteps: 4603904
                    Iteration time: 0.39s
                      Time elapsed: 00:01:48
                               ETA: 00:01:25

################################################################################
                      [1m Learning iteration 281/500 [0m                      

                       Computation: 40177 steps/s (collection: 0.311s, learning 0.097s)
             Mean action noise std: 0.23
          Mean value_function loss: 0.0985
               Mean surrogate loss: -0.0036
                 Mean entropy loss: -0.7298
                       Mean reward: 93.56
               Mean episode length: 860.74
           Episode_Reward/progress: 6.8346
              Episode_Reward/alive: 0.4828
            Episode_Reward/upright: 0.0951
     Episode_Reward/move_to_target: 0.4635
          Episode_Reward/action_l2: -0.0249
             Episode_Reward/energy: -0.9164
   Episode_Reward/joint_pos_limits: -0.3647
      Episode_Termination/time_out: 0.8503
  Episode_Termination/torso_height: 0.1497
--------------------------------------------------------------------------------
                   Total timesteps: 4620288
                    Iteration time: 0.41s
                      Time elapsed: 00:01:49
                               ETA: 00:01:24

################################################################################
                      [1m Learning iteration 282/500 [0m                      

                       Computation: 41129 steps/s (collection: 0.304s, learning 0.094s)
             Mean action noise std: 0.23
          Mean value_function loss: 0.1251
               Mean surrogate loss: -0.0060
                 Mean entropy loss: -0.7476
                       Mean reward: 89.24
               Mean episode length: 836.84
           Episode_Reward/progress: 5.5566
              Episode_Reward/alive: 0.4368
            Episode_Reward/upright: 0.0845
     Episode_Reward/move_to_target: 0.4323
          Episode_Reward/action_l2: -0.0224
             Episode_Reward/energy: -0.8202
   Episode_Reward/joint_pos_limits: -0.3289
      Episode_Termination/time_out: 0.8522
  Episode_Termination/torso_height: 0.1478
--------------------------------------------------------------------------------
                   Total timesteps: 4636672
                    Iteration time: 0.40s
                      Time elapsed: 00:01:49
                               ETA: 00:01:24

################################################################################
                      [1m Learning iteration 283/500 [0m                      

                       Computation: 43664 steps/s (collection: 0.300s, learning 0.075s)
             Mean action noise std: 0.23
          Mean value_function loss: 0.1053
               Mean surrogate loss: -0.0001
                 Mean entropy loss: -0.7635
                       Mean reward: 87.53
               Mean episode length: 824.47
           Episode_Reward/progress: 5.0242
              Episode_Reward/alive: 0.3909
            Episode_Reward/upright: 0.0752
     Episode_Reward/move_to_target: 0.3828
          Episode_Reward/action_l2: -0.0207
             Episode_Reward/energy: -0.7440
   Episode_Reward/joint_pos_limits: -0.2958
      Episode_Termination/time_out: 0.8474
  Episode_Termination/torso_height: 0.1526
--------------------------------------------------------------------------------
                   Total timesteps: 4653056
                    Iteration time: 0.38s
                      Time elapsed: 00:01:49
                               ETA: 00:01:23

################################################################################
                      [1m Learning iteration 284/500 [0m                      

                       Computation: 44730 steps/s (collection: 0.288s, learning 0.078s)
             Mean action noise std: 0.23
          Mean value_function loss: 0.0950
               Mean surrogate loss: -0.0060
                 Mean entropy loss: -0.7724
                       Mean reward: 90.08
               Mean episode length: 838.56
           Episode_Reward/progress: 6.6819
              Episode_Reward/alive: 0.4781
            Episode_Reward/upright: 0.0947
     Episode_Reward/move_to_target: 0.4732
          Episode_Reward/action_l2: -0.0256
             Episode_Reward/energy: -0.9639
   Episode_Reward/joint_pos_limits: -0.3514
      Episode_Termination/time_out: 0.8484
  Episode_Termination/torso_height: 0.1516
--------------------------------------------------------------------------------
                   Total timesteps: 4669440
                    Iteration time: 0.37s
                      Time elapsed: 00:01:50
                               ETA: 00:01:23

################################################################################
                      [1m Learning iteration 285/500 [0m                      

                       Computation: 41742 steps/s (collection: 0.315s, learning 0.077s)
             Mean action noise std: 0.23
          Mean value_function loss: 0.0620
               Mean surrogate loss: -0.0020
                 Mean entropy loss: -0.7892
                       Mean reward: 92.36
               Mean episode length: 851.14
           Episode_Reward/progress: 6.3673
              Episode_Reward/alive: 0.4553
            Episode_Reward/upright: 0.0889
     Episode_Reward/move_to_target: 0.4446
          Episode_Reward/action_l2: -0.0239
             Episode_Reward/energy: -0.8882
   Episode_Reward/joint_pos_limits: -0.3361
      Episode_Termination/time_out: 0.8504
  Episode_Termination/torso_height: 0.1496
--------------------------------------------------------------------------------
                   Total timesteps: 4685824
                    Iteration time: 0.39s
                      Time elapsed: 00:01:50
                               ETA: 00:01:23

################################################################################
                      [1m Learning iteration 286/500 [0m                      

                       Computation: 40911 steps/s (collection: 0.318s, learning 0.083s)
             Mean action noise std: 0.23
          Mean value_function loss: 0.0654
               Mean surrogate loss: -0.0030
                 Mean entropy loss: -0.8146
                       Mean reward: 96.46
               Mean episode length: 883.03
           Episode_Reward/progress: 6.7176
              Episode_Reward/alive: 0.5000
            Episode_Reward/upright: 0.0985
     Episode_Reward/move_to_target: 0.4969
          Episode_Reward/action_l2: -0.0256
             Episode_Reward/energy: -0.9581
   Episode_Reward/joint_pos_limits: -0.3744
      Episode_Termination/time_out: 0.8519
  Episode_Termination/torso_height: 0.1481
--------------------------------------------------------------------------------
                   Total timesteps: 4702208
                    Iteration time: 0.40s
                      Time elapsed: 00:01:51
                               ETA: 00:01:22

################################################################################
                      [1m Learning iteration 287/500 [0m                      

                       Computation: 43455 steps/s (collection: 0.299s, learning 0.078s)
             Mean action noise std: 0.23
          Mean value_function loss: 0.1065
               Mean surrogate loss: -0.0037
                 Mean entropy loss: -0.8366
                       Mean reward: 97.73
               Mean episode length: 893.77
           Episode_Reward/progress: 6.9972
              Episode_Reward/alive: 0.4986
            Episode_Reward/upright: 0.0986
     Episode_Reward/move_to_target: 0.4958
          Episode_Reward/action_l2: -0.0264
             Episode_Reward/energy: -0.9826
   Episode_Reward/joint_pos_limits: -0.3703
      Episode_Termination/time_out: 0.8554
  Episode_Termination/torso_height: 0.1446
--------------------------------------------------------------------------------
                   Total timesteps: 4718592
                    Iteration time: 0.38s
                      Time elapsed: 00:01:51
                               ETA: 00:01:22

################################################################################
                      [1m Learning iteration 288/500 [0m                      

                       Computation: 41308 steps/s (collection: 0.307s, learning 0.089s)
             Mean action noise std: 0.23
          Mean value_function loss: 0.0873
               Mean surrogate loss: -0.0062
                 Mean entropy loss: -0.8514
                       Mean reward: 100.47
               Mean episode length: 904.51
           Episode_Reward/progress: 6.4444
              Episode_Reward/alive: 0.4558
            Episode_Reward/upright: 0.0897
     Episode_Reward/move_to_target: 0.4485
          Episode_Reward/action_l2: -0.0242
             Episode_Reward/energy: -0.9083
   Episode_Reward/joint_pos_limits: -0.3377
      Episode_Termination/time_out: 0.8603
  Episode_Termination/torso_height: 0.1397
--------------------------------------------------------------------------------
                   Total timesteps: 4734976
                    Iteration time: 0.40s
                      Time elapsed: 00:01:51
                               ETA: 00:01:22

################################################################################
                      [1m Learning iteration 289/500 [0m                      

                       Computation: 40255 steps/s (collection: 0.308s, learning 0.099s)
             Mean action noise std: 0.23
          Mean value_function loss: 0.1154
               Mean surrogate loss: -0.0014
                 Mean entropy loss: -0.8782
                       Mean reward: 98.16
               Mean episode length: 890.97
           Episode_Reward/progress: 5.6249
              Episode_Reward/alive: 0.4320
            Episode_Reward/upright: 0.0853
     Episode_Reward/move_to_target: 0.4275
          Episode_Reward/action_l2: -0.0220
             Episode_Reward/energy: -0.8171
   Episode_Reward/joint_pos_limits: -0.3237
      Episode_Termination/time_out: 0.8573
  Episode_Termination/torso_height: 0.1427
--------------------------------------------------------------------------------
                   Total timesteps: 4751360
                    Iteration time: 0.41s
                      Time elapsed: 00:01:52
                               ETA: 00:01:21

################################################################################
                      [1m Learning iteration 290/500 [0m                      

                       Computation: 42231 steps/s (collection: 0.312s, learning 0.076s)
             Mean action noise std: 0.23
          Mean value_function loss: 0.0869
               Mean surrogate loss: -0.0045
                 Mean entropy loss: -0.8913
                       Mean reward: 94.26
               Mean episode length: 861.75
           Episode_Reward/progress: 6.4409
              Episode_Reward/alive: 0.4519
            Episode_Reward/upright: 0.0894
     Episode_Reward/move_to_target: 0.4478
          Episode_Reward/action_l2: -0.0236
             Episode_Reward/energy: -0.8839
   Episode_Reward/joint_pos_limits: -0.3335
      Episode_Termination/time_out: 0.8549
  Episode_Termination/torso_height: 0.1451
--------------------------------------------------------------------------------
                   Total timesteps: 4767744
                    Iteration time: 0.39s
                      Time elapsed: 00:01:52
                               ETA: 00:01:21

################################################################################
                      [1m Learning iteration 291/500 [0m                      

                       Computation: 40575 steps/s (collection: 0.323s, learning 0.081s)
             Mean action noise std: 0.23
          Mean value_function loss: 0.0782
               Mean surrogate loss: -0.0033
                 Mean entropy loss: -0.8839
                       Mean reward: 94.77
               Mean episode length: 858.95
           Episode_Reward/progress: 6.6015
              Episode_Reward/alive: 0.4664
            Episode_Reward/upright: 0.0921
     Episode_Reward/move_to_target: 0.4630
          Episode_Reward/action_l2: -0.0247
             Episode_Reward/energy: -0.9221
   Episode_Reward/joint_pos_limits: -0.3486
      Episode_Termination/time_out: 0.8561
  Episode_Termination/torso_height: 0.1439
--------------------------------------------------------------------------------
                   Total timesteps: 4784128
                    Iteration time: 0.40s
                      Time elapsed: 00:01:53
                               ETA: 00:01:20

################################################################################
                      [1m Learning iteration 292/500 [0m                      

                       Computation: 45620 steps/s (collection: 0.277s, learning 0.082s)
             Mean action noise std: 0.23
          Mean value_function loss: 0.0762
               Mean surrogate loss: -0.0064
                 Mean entropy loss: -0.8984
                       Mean reward: 93.77
               Mean episode length: 850.16
           Episode_Reward/progress: 6.4961
              Episode_Reward/alive: 0.4714
            Episode_Reward/upright: 0.0936
     Episode_Reward/move_to_target: 0.4634
          Episode_Reward/action_l2: -0.0242
             Episode_Reward/energy: -0.9110
   Episode_Reward/joint_pos_limits: -0.3490
      Episode_Termination/time_out: 0.8579
  Episode_Termination/torso_height: 0.1421
--------------------------------------------------------------------------------
                   Total timesteps: 4800512
                    Iteration time: 0.36s
                      Time elapsed: 00:01:53
                               ETA: 00:01:20

################################################################################
                      [1m Learning iteration 293/500 [0m                      

                       Computation: 43595 steps/s (collection: 0.297s, learning 0.079s)
             Mean action noise std: 0.23
          Mean value_function loss: 0.1821
               Mean surrogate loss: -0.0040
                 Mean entropy loss: -0.9162
                       Mean reward: 92.50
               Mean episode length: 839.06
           Episode_Reward/progress: 6.0460
              Episode_Reward/alive: 0.4317
            Episode_Reward/upright: 0.0853
     Episode_Reward/move_to_target: 0.4265
          Episode_Reward/action_l2: -0.0228
             Episode_Reward/energy: -0.8547
   Episode_Reward/joint_pos_limits: -0.3169
      Episode_Termination/time_out: 0.8574
  Episode_Termination/torso_height: 0.1426
--------------------------------------------------------------------------------
                   Total timesteps: 4816896
                    Iteration time: 0.38s
                      Time elapsed: 00:01:53
                               ETA: 00:01:20

################################################################################
                      [1m Learning iteration 294/500 [0m                      

                       Computation: 42545 steps/s (collection: 0.311s, learning 0.074s)
             Mean action noise std: 0.23
          Mean value_function loss: 0.0999
               Mean surrogate loss: -0.0034
                 Mean entropy loss: -0.9188
                       Mean reward: 92.06
               Mean episode length: 844.78
           Episode_Reward/progress: 6.2883
              Episode_Reward/alive: 0.4696
            Episode_Reward/upright: 0.0927
     Episode_Reward/move_to_target: 0.4641
          Episode_Reward/action_l2: -0.0245
             Episode_Reward/energy: -0.8965
   Episode_Reward/joint_pos_limits: -0.3534
      Episode_Termination/time_out: 0.8613
  Episode_Termination/torso_height: 0.1387
--------------------------------------------------------------------------------
                   Total timesteps: 4833280
                    Iteration time: 0.39s
                      Time elapsed: 00:01:54
                               ETA: 00:01:19

################################################################################
                      [1m Learning iteration 295/500 [0m                      

                       Computation: 40571 steps/s (collection: 0.305s, learning 0.099s)
             Mean action noise std: 0.22
          Mean value_function loss: 0.1342
               Mean surrogate loss: -0.0069
                 Mean entropy loss: -0.9380
                       Mean reward: 92.63
               Mean episode length: 843.74
           Episode_Reward/progress: 5.7851
              Episode_Reward/alive: 0.4218
            Episode_Reward/upright: 0.0819
     Episode_Reward/move_to_target: 0.4162
          Episode_Reward/action_l2: -0.0218
             Episode_Reward/energy: -0.7990
   Episode_Reward/joint_pos_limits: -0.3185
      Episode_Termination/time_out: 0.8580
  Episode_Termination/torso_height: 0.1420
--------------------------------------------------------------------------------
                   Total timesteps: 4849664
                    Iteration time: 0.40s
                      Time elapsed: 00:01:54
                               ETA: 00:01:19

################################################################################
                      [1m Learning iteration 296/500 [0m                      

                       Computation: 40520 steps/s (collection: 0.308s, learning 0.097s)
             Mean action noise std: 0.22
          Mean value_function loss: 0.0918
               Mean surrogate loss: -0.0045
                 Mean entropy loss: -0.9699
                       Mean reward: 92.43
               Mean episode length: 848.65
           Episode_Reward/progress: 6.5729
              Episode_Reward/alive: 0.4740
            Episode_Reward/upright: 0.0915
     Episode_Reward/move_to_target: 0.4658
          Episode_Reward/action_l2: -0.0247
             Episode_Reward/energy: -0.9037
   Episode_Reward/joint_pos_limits: -0.3552
      Episode_Termination/time_out: 0.8589
  Episode_Termination/torso_height: 0.1411
--------------------------------------------------------------------------------
                   Total timesteps: 4866048
                    Iteration time: 0.40s
                      Time elapsed: 00:01:54
                               ETA: 00:01:18

################################################################################
                      [1m Learning iteration 297/500 [0m                      

                       Computation: 43526 steps/s (collection: 0.297s, learning 0.079s)
             Mean action noise std: 0.22
          Mean value_function loss: 0.1150
               Mean surrogate loss: -0.0046
                 Mean entropy loss: -0.9952
                       Mean reward: 90.58
               Mean episode length: 835.10
           Episode_Reward/progress: 6.3192
              Episode_Reward/alive: 0.4501
            Episode_Reward/upright: 0.0883
     Episode_Reward/move_to_target: 0.4429
          Episode_Reward/action_l2: -0.0235
             Episode_Reward/energy: -0.8644
   Episode_Reward/joint_pos_limits: -0.3408
      Episode_Termination/time_out: 0.8618
  Episode_Termination/torso_height: 0.1382
--------------------------------------------------------------------------------
                   Total timesteps: 4882432
                    Iteration time: 0.38s
                      Time elapsed: 00:01:55
                               ETA: 00:01:18

################################################################################
                      [1m Learning iteration 298/500 [0m                      

                       Computation: 43966 steps/s (collection: 0.294s, learning 0.078s)
             Mean action noise std: 0.22
          Mean value_function loss: 0.1136
               Mean surrogate loss: -0.0041
                 Mean entropy loss: -1.0102
                       Mean reward: 91.46
               Mean episode length: 838.83
           Episode_Reward/progress: 6.0772
              Episode_Reward/alive: 0.4614
            Episode_Reward/upright: 0.0906
     Episode_Reward/move_to_target: 0.4552
          Episode_Reward/action_l2: -0.0241
             Episode_Reward/energy: -0.8818
   Episode_Reward/joint_pos_limits: -0.3496
      Episode_Termination/time_out: 0.8628
  Episode_Termination/torso_height: 0.1372
--------------------------------------------------------------------------------
                   Total timesteps: 4898816
                    Iteration time: 0.37s
                      Time elapsed: 00:01:55
                               ETA: 00:01:18

################################################################################
                      [1m Learning iteration 299/500 [0m                      

                       Computation: 43766 steps/s (collection: 0.297s, learning 0.078s)
             Mean action noise std: 0.22
          Mean value_function loss: 0.0945
               Mean surrogate loss: -0.0034
                 Mean entropy loss: -1.0218
                       Mean reward: 89.78
               Mean episode length: 825.61
           Episode_Reward/progress: 5.9171
              Episode_Reward/alive: 0.4321
            Episode_Reward/upright: 0.0858
     Episode_Reward/move_to_target: 0.4266
          Episode_Reward/action_l2: -0.0224
             Episode_Reward/energy: -0.8298
   Episode_Reward/joint_pos_limits: -0.3211
      Episode_Termination/time_out: 0.8632
  Episode_Termination/torso_height: 0.1368
--------------------------------------------------------------------------------
                   Total timesteps: 4915200
                    Iteration time: 0.37s
                      Time elapsed: 00:01:56
                               ETA: 00:01:17

################################################################################
                      [1m Learning iteration 300/500 [0m                      

                       Computation: 41718 steps/s (collection: 0.298s, learning 0.095s)
             Mean action noise std: 0.22
          Mean value_function loss: 0.1217
               Mean surrogate loss: -0.0045
                 Mean entropy loss: -1.0460
                       Mean reward: 92.63
               Mean episode length: 840.59
           Episode_Reward/progress: 6.7499
              Episode_Reward/alive: 0.4813
            Episode_Reward/upright: 0.0954
     Episode_Reward/move_to_target: 0.4785
          Episode_Reward/action_l2: -0.0253
             Episode_Reward/energy: -0.9423
   Episode_Reward/joint_pos_limits: -0.3562
      Episode_Termination/time_out: 0.8633
  Episode_Termination/torso_height: 0.1367
--------------------------------------------------------------------------------
                   Total timesteps: 4931584
                    Iteration time: 0.39s
                      Time elapsed: 00:01:56
                               ETA: 00:01:17

################################################################################
                      [1m Learning iteration 301/500 [0m                      

                       Computation: 39996 steps/s (collection: 0.314s, learning 0.096s)
             Mean action noise std: 0.22
          Mean value_function loss: 0.0922
               Mean surrogate loss: -0.0026
                 Mean entropy loss: -1.0630
                       Mean reward: 96.24
               Mean episode length: 861.69
           Episode_Reward/progress: 6.7014
              Episode_Reward/alive: 0.4630
            Episode_Reward/upright: 0.0913
     Episode_Reward/move_to_target: 0.4602
          Episode_Reward/action_l2: -0.0244
             Episode_Reward/energy: -0.8978
   Episode_Reward/joint_pos_limits: -0.3443
      Episode_Termination/time_out: 0.8633
  Episode_Termination/torso_height: 0.1367
--------------------------------------------------------------------------------
                   Total timesteps: 4947968
                    Iteration time: 0.41s
                      Time elapsed: 00:01:56
                               ETA: 00:01:17

################################################################################
                      [1m Learning iteration 302/500 [0m                      

                       Computation: 37996 steps/s (collection: 0.332s, learning 0.099s)
             Mean action noise std: 0.22
          Mean value_function loss: 0.1457
               Mean surrogate loss: -0.0030
                 Mean entropy loss: -1.0968
                       Mean reward: 99.58
               Mean episode length: 890.79
           Episode_Reward/progress: 7.0195
              Episode_Reward/alive: 0.5000
            Episode_Reward/upright: 0.0989
     Episode_Reward/move_to_target: 0.4902
          Episode_Reward/action_l2: -0.0260
             Episode_Reward/energy: -0.9580
   Episode_Reward/joint_pos_limits: -0.3729
      Episode_Termination/time_out: 0.8676
  Episode_Termination/torso_height: 0.1324
--------------------------------------------------------------------------------
                   Total timesteps: 4964352
                    Iteration time: 0.43s
                      Time elapsed: 00:01:57
                               ETA: 00:01:16

################################################################################
                      [1m Learning iteration 303/500 [0m                      

                       Computation: 39247 steps/s (collection: 0.321s, learning 0.097s)
             Mean action noise std: 0.22
          Mean value_function loss: 0.1069
               Mean surrogate loss: -0.0030
                 Mean entropy loss: -1.1177
                       Mean reward: 103.15
               Mean episode length: 914.72
           Episode_Reward/progress: 6.0834
              Episode_Reward/alive: 0.4463
            Episode_Reward/upright: 0.0880
     Episode_Reward/move_to_target: 0.4137
          Episode_Reward/action_l2: -0.0231
             Episode_Reward/energy: -0.8190
   Episode_Reward/joint_pos_limits: -0.3387
      Episode_Termination/time_out: 0.8692
  Episode_Termination/torso_height: 0.1308
--------------------------------------------------------------------------------
                   Total timesteps: 4980736
                    Iteration time: 0.42s
                      Time elapsed: 00:01:57
                               ETA: 00:01:16

################################################################################
                      [1m Learning iteration 304/500 [0m                      

                       Computation: 41683 steps/s (collection: 0.297s, learning 0.096s)
             Mean action noise std: 0.22
          Mean value_function loss: 0.1141
               Mean surrogate loss: -0.0045
                 Mean entropy loss: -1.1252
                       Mean reward: 103.18
               Mean episode length: 904.09
           Episode_Reward/progress: 6.1375
              Episode_Reward/alive: 0.4219
            Episode_Reward/upright: 0.0830
     Episode_Reward/move_to_target: 0.4180
          Episode_Reward/action_l2: -0.0224
             Episode_Reward/energy: -0.8305
   Episode_Reward/joint_pos_limits: -0.3114
      Episode_Termination/time_out: 0.8727
  Episode_Termination/torso_height: 0.1273
--------------------------------------------------------------------------------
                   Total timesteps: 4997120
                    Iteration time: 0.39s
                      Time elapsed: 00:01:58
                               ETA: 00:01:15

################################################################################
                      [1m Learning iteration 305/500 [0m                      

                       Computation: 40564 steps/s (collection: 0.308s, learning 0.095s)
             Mean action noise std: 0.22
          Mean value_function loss: 0.1256
               Mean surrogate loss: -0.0038
                 Mean entropy loss: -1.1339
                       Mean reward: 103.66
               Mean episode length: 910.59
           Episode_Reward/progress: 6.2557
              Episode_Reward/alive: 0.4509
            Episode_Reward/upright: 0.0870
     Episode_Reward/move_to_target: 0.4483
          Episode_Reward/action_l2: -0.0232
             Episode_Reward/energy: -0.8465
   Episode_Reward/joint_pos_limits: -0.3403
      Episode_Termination/time_out: 0.8706
  Episode_Termination/torso_height: 0.1294
--------------------------------------------------------------------------------
                   Total timesteps: 5013504
                    Iteration time: 0.40s
                      Time elapsed: 00:01:58
                               ETA: 00:01:15

################################################################################
                      [1m Learning iteration 306/500 [0m                      

                       Computation: 40647 steps/s (collection: 0.309s, learning 0.094s)
             Mean action noise std: 0.22
          Mean value_function loss: 0.1299
               Mean surrogate loss: -0.0057
                 Mean entropy loss: -1.1479
                       Mean reward: 102.79
               Mean episode length: 900.69
           Episode_Reward/progress: 6.5753
              Episode_Reward/alive: 0.4671
            Episode_Reward/upright: 0.0923
     Episode_Reward/move_to_target: 0.4547
          Episode_Reward/action_l2: -0.0241
             Episode_Reward/energy: -0.8702
   Episode_Reward/joint_pos_limits: -0.3555
      Episode_Termination/time_out: 0.8724
  Episode_Termination/torso_height: 0.1276
--------------------------------------------------------------------------------
                   Total timesteps: 5029888
                    Iteration time: 0.40s
                      Time elapsed: 00:01:58
                               ETA: 00:01:15

################################################################################
                      [1m Learning iteration 307/500 [0m                      

                       Computation: 41187 steps/s (collection: 0.302s, learning 0.095s)
             Mean action noise std: 0.22
          Mean value_function loss: 0.0929
               Mean surrogate loss: -0.0027
                 Mean entropy loss: -1.1727
                       Mean reward: 101.12
               Mean episode length: 877.73
           Episode_Reward/progress: 6.4476
              Episode_Reward/alive: 0.4509
            Episode_Reward/upright: 0.0886
     Episode_Reward/move_to_target: 0.4411
          Episode_Reward/action_l2: -0.0237
             Episode_Reward/energy: -0.8646
   Episode_Reward/joint_pos_limits: -0.3392
      Episode_Termination/time_out: 0.8672
  Episode_Termination/torso_height: 0.1328
--------------------------------------------------------------------------------
                   Total timesteps: 5046272
                    Iteration time: 0.40s
                      Time elapsed: 00:01:59
                               ETA: 00:01:14

################################################################################
                      [1m Learning iteration 308/500 [0m                      

                       Computation: 39756 steps/s (collection: 0.320s, learning 0.092s)
             Mean action noise std: 0.22
          Mean value_function loss: 0.1265
               Mean surrogate loss: -0.0013
                 Mean entropy loss: -1.1849
                       Mean reward: 101.75
               Mean episode length: 882.42
           Episode_Reward/progress: 7.1672
              Episode_Reward/alive: 0.4946
            Episode_Reward/upright: 0.0974
     Episode_Reward/move_to_target: 0.4897
          Episode_Reward/action_l2: -0.0253
             Episode_Reward/energy: -0.9506
   Episode_Reward/joint_pos_limits: -0.3637
      Episode_Termination/time_out: 0.8647
  Episode_Termination/torso_height: 0.1353
--------------------------------------------------------------------------------
                   Total timesteps: 5062656
                    Iteration time: 0.41s
                      Time elapsed: 00:01:59
                               ETA: 00:01:14

################################################################################
                      [1m Learning iteration 309/500 [0m                      

                       Computation: 42638 steps/s (collection: 0.301s, learning 0.083s)
             Mean action noise std: 0.22
          Mean value_function loss: 0.1702
               Mean surrogate loss: -0.0053
                 Mean entropy loss: -1.1855
                       Mean reward: 102.08
               Mean episode length: 898.16
           Episode_Reward/progress: 6.0529
              Episode_Reward/alive: 0.4255
            Episode_Reward/upright: 0.0838
     Episode_Reward/move_to_target: 0.4184
          Episode_Reward/action_l2: -0.0226
             Episode_Reward/energy: -0.8144
   Episode_Reward/joint_pos_limits: -0.3200
      Episode_Termination/time_out: 0.8690
  Episode_Termination/torso_height: 0.1310
--------------------------------------------------------------------------------
                   Total timesteps: 5079040
                    Iteration time: 0.38s
                      Time elapsed: 00:02:00
                               ETA: 00:01:14

################################################################################
                      [1m Learning iteration 310/500 [0m                      

                       Computation: 41911 steps/s (collection: 0.314s, learning 0.077s)
             Mean action noise std: 0.22
          Mean value_function loss: 0.1614
               Mean surrogate loss: -0.0039
                 Mean entropy loss: -1.1925
                       Mean reward: 98.78
               Mean episode length: 865.62
           Episode_Reward/progress: 6.8344
              Episode_Reward/alive: 0.4593
            Episode_Reward/upright: 0.0907
     Episode_Reward/move_to_target: 0.4576
          Episode_Reward/action_l2: -0.0241
             Episode_Reward/energy: -0.8842
   Episode_Reward/joint_pos_limits: -0.3421
      Episode_Termination/time_out: 0.8647
  Episode_Termination/torso_height: 0.1353
--------------------------------------------------------------------------------
                   Total timesteps: 5095424
                    Iteration time: 0.39s
                      Time elapsed: 00:02:00
                               ETA: 00:01:13

################################################################################
                      [1m Learning iteration 311/500 [0m                      

                       Computation: 41176 steps/s (collection: 0.319s, learning 0.079s)
             Mean action noise std: 0.22
          Mean value_function loss: 0.1422
               Mean surrogate loss: -0.0035
                 Mean entropy loss: -1.2018
                       Mean reward: 96.68
               Mean episode length: 849.85
           Episode_Reward/progress: 5.4869
              Episode_Reward/alive: 0.3842
            Episode_Reward/upright: 0.0734
     Episode_Reward/move_to_target: 0.3758
          Episode_Reward/action_l2: -0.0199
             Episode_Reward/energy: -0.7232
   Episode_Reward/joint_pos_limits: -0.2880
      Episode_Termination/time_out: 0.8588
  Episode_Termination/torso_height: 0.1412
--------------------------------------------------------------------------------
                   Total timesteps: 5111808
                    Iteration time: 0.40s
                      Time elapsed: 00:02:00
                               ETA: 00:01:13

################################################################################
                      [1m Learning iteration 312/500 [0m                      

                       Computation: 41782 steps/s (collection: 0.309s, learning 0.083s)
             Mean action noise std: 0.22
          Mean value_function loss: 0.1477
               Mean surrogate loss: -0.0048
                 Mean entropy loss: -1.2138
                       Mean reward: 97.50
               Mean episode length: 860.32
           Episode_Reward/progress: 6.9996
              Episode_Reward/alive: 0.4885
            Episode_Reward/upright: 0.0958
     Episode_Reward/move_to_target: 0.4806
          Episode_Reward/action_l2: -0.0255
             Episode_Reward/energy: -0.9285
   Episode_Reward/joint_pos_limits: -0.3636
      Episode_Termination/time_out: 0.8507
  Episode_Termination/torso_height: 0.1493
--------------------------------------------------------------------------------
                   Total timesteps: 5128192
                    Iteration time: 0.39s
                      Time elapsed: 00:02:01
                               ETA: 00:01:12

################################################################################
                      [1m Learning iteration 313/500 [0m                      

                       Computation: 39904 steps/s (collection: 0.312s, learning 0.099s)
             Mean action noise std: 0.22
          Mean value_function loss: 0.1300
               Mean surrogate loss: -0.0048
                 Mean entropy loss: -1.2315
                       Mean reward: 93.89
               Mean episode length: 833.11
           Episode_Reward/progress: 4.2243
              Episode_Reward/alive: 0.3174
            Episode_Reward/upright: 0.0609
     Episode_Reward/move_to_target: 0.3132
          Episode_Reward/action_l2: -0.0162
             Episode_Reward/energy: -0.5876
   Episode_Reward/joint_pos_limits: -0.2368
      Episode_Termination/time_out: 0.8513
  Episode_Termination/torso_height: 0.1487
--------------------------------------------------------------------------------
                   Total timesteps: 5144576
                    Iteration time: 0.41s
                      Time elapsed: 00:02:01
                               ETA: 00:01:12

################################################################################
                      [1m Learning iteration 314/500 [0m                      

                       Computation: 42448 steps/s (collection: 0.288s, learning 0.098s)
             Mean action noise std: 0.22
          Mean value_function loss: 0.1615
               Mean surrogate loss: -0.0031
                 Mean entropy loss: -1.2424
                       Mean reward: 94.73
               Mean episode length: 835.38
           Episode_Reward/progress: 6.6921
              Episode_Reward/alive: 0.4952
            Episode_Reward/upright: 0.0977
     Episode_Reward/move_to_target: 0.4861
          Episode_Reward/action_l2: -0.0262
             Episode_Reward/energy: -0.9561
   Episode_Reward/joint_pos_limits: -0.3654
      Episode_Termination/time_out: 0.8496
  Episode_Termination/torso_height: 0.1504
--------------------------------------------------------------------------------
                   Total timesteps: 5160960
                    Iteration time: 0.39s
                      Time elapsed: 00:02:02
                               ETA: 00:01:12

################################################################################
                      [1m Learning iteration 315/500 [0m                      

                       Computation: 39735 steps/s (collection: 0.314s, learning 0.099s)
             Mean action noise std: 0.22
          Mean value_function loss: 0.1387
               Mean surrogate loss: -0.0039
                 Mean entropy loss: -1.2509
                       Mean reward: 92.55
               Mean episode length: 813.93
           Episode_Reward/progress: 5.8351
              Episode_Reward/alive: 0.4068
            Episode_Reward/upright: 0.0798
     Episode_Reward/move_to_target: 0.4015
          Episode_Reward/action_l2: -0.0217
             Episode_Reward/energy: -0.7831
   Episode_Reward/joint_pos_limits: -0.3036
      Episode_Termination/time_out: 0.8455
  Episode_Termination/torso_height: 0.1545
--------------------------------------------------------------------------------
                   Total timesteps: 5177344
                    Iteration time: 0.41s
                      Time elapsed: 00:02:02
                               ETA: 00:01:11

################################################################################
                      [1m Learning iteration 316/500 [0m                      

                       Computation: 40522 steps/s (collection: 0.309s, learning 0.095s)
             Mean action noise std: 0.22
          Mean value_function loss: 0.0970
               Mean surrogate loss: -0.0027
                 Mean entropy loss: -1.2679
                       Mean reward: 93.53
               Mean episode length: 832.37
           Episode_Reward/progress: 5.8853
              Episode_Reward/alive: 0.4779
            Episode_Reward/upright: 0.0908
     Episode_Reward/move_to_target: 0.4715
          Episode_Reward/action_l2: -0.0243
             Episode_Reward/energy: -0.8721
   Episode_Reward/joint_pos_limits: -0.3615
      Episode_Termination/time_out: 0.8451
  Episode_Termination/torso_height: 0.1549
--------------------------------------------------------------------------------
                   Total timesteps: 5193728
                    Iteration time: 0.40s
                      Time elapsed: 00:02:02
                               ETA: 00:01:11

################################################################################
                      [1m Learning iteration 317/500 [0m                      

                       Computation: 40509 steps/s (collection: 0.304s, learning 0.100s)
             Mean action noise std: 0.22
          Mean value_function loss: 0.1245
               Mean surrogate loss: -0.0058
                 Mean entropy loss: -1.2825
                       Mean reward: 95.17
               Mean episode length: 859.16
           Episode_Reward/progress: 6.4377
              Episode_Reward/alive: 0.4842
            Episode_Reward/upright: 0.0958
     Episode_Reward/move_to_target: 0.4409
          Episode_Reward/action_l2: -0.0257
             Episode_Reward/energy: -0.8881
   Episode_Reward/joint_pos_limits: -0.3688
      Episode_Termination/time_out: 0.8442
  Episode_Termination/torso_height: 0.1558
--------------------------------------------------------------------------------
                   Total timesteps: 5210112
                    Iteration time: 0.40s
                      Time elapsed: 00:02:03
                               ETA: 00:01:10

################################################################################
                      [1m Learning iteration 318/500 [0m                      

                       Computation: 40291 steps/s (collection: 0.308s, learning 0.098s)
             Mean action noise std: 0.22
          Mean value_function loss: 0.0985
               Mean surrogate loss: -0.0033
                 Mean entropy loss: -1.2913
                       Mean reward: 93.02
               Mean episode length: 832.09
           Episode_Reward/progress: 6.1582
              Episode_Reward/alive: 0.4207
            Episode_Reward/upright: 0.0829
     Episode_Reward/move_to_target: 0.4165
          Episode_Reward/action_l2: -0.0223
             Episode_Reward/energy: -0.8211
   Episode_Reward/joint_pos_limits: -0.3117
      Episode_Termination/time_out: 0.8424
  Episode_Termination/torso_height: 0.1576
--------------------------------------------------------------------------------
                   Total timesteps: 5226496
                    Iteration time: 0.41s
                      Time elapsed: 00:02:03
                               ETA: 00:01:10

################################################################################
                      [1m Learning iteration 319/500 [0m                      

                       Computation: 41142 steps/s (collection: 0.298s, learning 0.100s)
             Mean action noise std: 0.22
          Mean value_function loss: 0.0938
               Mean surrogate loss: -0.0039
                 Mean entropy loss: -1.3059
                       Mean reward: 94.91
               Mean episode length: 853.45
           Episode_Reward/progress: 5.8887
              Episode_Reward/alive: 0.4389
            Episode_Reward/upright: 0.0856
     Episode_Reward/move_to_target: 0.4355
          Episode_Reward/action_l2: -0.0223
             Episode_Reward/energy: -0.8172
   Episode_Reward/joint_pos_limits: -0.3264
      Episode_Termination/time_out: 0.8429
  Episode_Termination/torso_height: 0.1571
--------------------------------------------------------------------------------
                   Total timesteps: 5242880
                    Iteration time: 0.40s
                      Time elapsed: 00:02:04
                               ETA: 00:01:10

################################################################################
                      [1m Learning iteration 320/500 [0m                      

                       Computation: 40468 steps/s (collection: 0.308s, learning 0.097s)
             Mean action noise std: 0.22
          Mean value_function loss: 0.0977
               Mean surrogate loss: -0.0042
                 Mean entropy loss: -1.3259
                       Mean reward: 96.14
               Mean episode length: 861.48
           Episode_Reward/progress: 7.1982
              Episode_Reward/alive: 0.4910
            Episode_Reward/upright: 0.0966
     Episode_Reward/move_to_target: 0.4865
          Episode_Reward/action_l2: -0.0250
             Episode_Reward/energy: -0.9253
   Episode_Reward/joint_pos_limits: -0.3596
      Episode_Termination/time_out: 0.8443
  Episode_Termination/torso_height: 0.1557
--------------------------------------------------------------------------------
                   Total timesteps: 5259264
                    Iteration time: 0.40s
                      Time elapsed: 00:02:04
                               ETA: 00:01:09

################################################################################
                      [1m Learning iteration 321/500 [0m                      

                       Computation: 38669 steps/s (collection: 0.326s, learning 0.097s)
             Mean action noise std: 0.22
          Mean value_function loss: 0.0784
               Mean surrogate loss: 0.0009
                 Mean entropy loss: -1.3388
                       Mean reward: 98.77
               Mean episode length: 877.14
           Episode_Reward/progress: 7.1190
              Episode_Reward/alive: 0.4938
            Episode_Reward/upright: 0.0977
     Episode_Reward/move_to_target: 0.4914
          Episode_Reward/action_l2: -0.0258
             Episode_Reward/energy: -0.9504
   Episode_Reward/joint_pos_limits: -0.3643
      Episode_Termination/time_out: 0.8436
  Episode_Termination/torso_height: 0.1564
--------------------------------------------------------------------------------
                   Total timesteps: 5275648
                    Iteration time: 0.42s
                      Time elapsed: 00:02:04
                               ETA: 00:01:09

################################################################################
                      [1m Learning iteration 322/500 [0m                      

                       Computation: 42648 steps/s (collection: 0.284s, learning 0.101s)
             Mean action noise std: 0.21
          Mean value_function loss: 0.1307
               Mean surrogate loss: -0.0060
                 Mean entropy loss: -1.3574
                       Mean reward: 98.16
               Mean episode length: 871.65
           Episode_Reward/progress: 6.3788
              Episode_Reward/alive: 0.4821
            Episode_Reward/upright: 0.0945
     Episode_Reward/move_to_target: 0.4773
          Episode_Reward/action_l2: -0.0246
             Episode_Reward/energy: -0.8932
   Episode_Reward/joint_pos_limits: -0.3592
      Episode_Termination/time_out: 0.8426
  Episode_Termination/torso_height: 0.1574
--------------------------------------------------------------------------------
                   Total timesteps: 5292032
                    Iteration time: 0.38s
                      Time elapsed: 00:02:05
                               ETA: 00:01:09

################################################################################
                      [1m Learning iteration 323/500 [0m                      

                       Computation: 40732 steps/s (collection: 0.304s, learning 0.099s)
             Mean action noise std: 0.21
          Mean value_function loss: 0.0952
               Mean surrogate loss: -0.0042
                 Mean entropy loss: -1.3765
                       Mean reward: 98.79
               Mean episode length: 867.30
           Episode_Reward/progress: 5.3535
              Episode_Reward/alive: 0.3901
            Episode_Reward/upright: 0.0756
     Episode_Reward/move_to_target: 0.3836
          Episode_Reward/action_l2: -0.0201
             Episode_Reward/energy: -0.7243
   Episode_Reward/joint_pos_limits: -0.2892
      Episode_Termination/time_out: 0.8407
  Episode_Termination/torso_height: 0.1593
--------------------------------------------------------------------------------
                   Total timesteps: 5308416
                    Iteration time: 0.40s
                      Time elapsed: 00:02:05
                               ETA: 00:01:08

################################################################################
                      [1m Learning iteration 324/500 [0m                      

                       Computation: 40140 steps/s (collection: 0.311s, learning 0.097s)
             Mean action noise std: 0.21
          Mean value_function loss: 0.1777
               Mean surrogate loss: 0.0003
                 Mean entropy loss: -1.3944
                       Mean reward: 96.51
               Mean episode length: 860.97
           Episode_Reward/progress: 5.7987
              Episode_Reward/alive: 0.4508
            Episode_Reward/upright: 0.0883
     Episode_Reward/move_to_target: 0.3680
          Episode_Reward/action_l2: -0.0237
             Episode_Reward/energy: -0.7947
   Episode_Reward/joint_pos_limits: -0.3601
      Episode_Termination/time_out: 0.8356
  Episode_Termination/torso_height: 0.1644
--------------------------------------------------------------------------------
                   Total timesteps: 5324800
                    Iteration time: 0.41s
                      Time elapsed: 00:02:06
                               ETA: 00:01:08

################################################################################
                      [1m Learning iteration 325/500 [0m                      

                       Computation: 36777 steps/s (collection: 0.342s, learning 0.103s)
             Mean action noise std: 0.21
          Mean value_function loss: 0.2025
               Mean surrogate loss: -0.0008
                 Mean entropy loss: -1.3964
                       Mean reward: 96.01
               Mean episode length: 855.88
           Episode_Reward/progress: 6.8447
              Episode_Reward/alive: 0.4778
            Episode_Reward/upright: 0.0941
     Episode_Reward/move_to_target: 0.4607
          Episode_Reward/action_l2: -0.0246
             Episode_Reward/energy: -0.9022
   Episode_Reward/joint_pos_limits: -0.3567
      Episode_Termination/time_out: 0.8358
  Episode_Termination/torso_height: 0.1642
--------------------------------------------------------------------------------
                   Total timesteps: 5341184
                    Iteration time: 0.45s
                      Time elapsed: 00:02:06
                               ETA: 00:01:07

################################################################################
                      [1m Learning iteration 326/500 [0m                      

                       Computation: 41713 steps/s (collection: 0.296s, learning 0.097s)
             Mean action noise std: 0.21
          Mean value_function loss: 0.1744
               Mean surrogate loss: -0.0053
                 Mean entropy loss: -1.4017
                       Mean reward: 94.84
               Mean episode length: 843.09
           Episode_Reward/progress: 6.0477
              Episode_Reward/alive: 0.4172
            Episode_Reward/upright: 0.0815
     Episode_Reward/move_to_target: 0.4066
          Episode_Reward/action_l2: -0.0220
             Episode_Reward/energy: -0.8031
   Episode_Reward/joint_pos_limits: -0.3107
      Episode_Termination/time_out: 0.8312
  Episode_Termination/torso_height: 0.1688
--------------------------------------------------------------------------------
                   Total timesteps: 5357568
                    Iteration time: 0.39s
                      Time elapsed: 00:02:06
                               ETA: 00:01:07

################################################################################
                      [1m Learning iteration 327/500 [0m                      

                       Computation: 39247 steps/s (collection: 0.320s, learning 0.097s)
             Mean action noise std: 0.21
          Mean value_function loss: 0.2215
               Mean surrogate loss: -0.0067
                 Mean entropy loss: -1.4097
                       Mean reward: 93.02
               Mean episode length: 827.91
           Episode_Reward/progress: 6.2376
              Episode_Reward/alive: 0.4397
            Episode_Reward/upright: 0.0856
     Episode_Reward/move_to_target: 0.4348
          Episode_Reward/action_l2: -0.0228
             Episode_Reward/energy: -0.8179
   Episode_Reward/joint_pos_limits: -0.3315
      Episode_Termination/time_out: 0.8279
  Episode_Termination/torso_height: 0.1721
--------------------------------------------------------------------------------
                   Total timesteps: 5373952
                    Iteration time: 0.42s
                      Time elapsed: 00:02:07
                               ETA: 00:01:07

################################################################################
                      [1m Learning iteration 328/500 [0m                      

                       Computation: 39614 steps/s (collection: 0.314s, learning 0.099s)
             Mean action noise std: 0.21
          Mean value_function loss: 0.1156
               Mean surrogate loss: -0.0057
                 Mean entropy loss: -1.4171
                       Mean reward: 93.81
               Mean episode length: 825.69
           Episode_Reward/progress: 5.5283
              Episode_Reward/alive: 0.3816
            Episode_Reward/upright: 0.0736
     Episode_Reward/move_to_target: 0.3757
          Episode_Reward/action_l2: -0.0198
             Episode_Reward/energy: -0.7242
   Episode_Reward/joint_pos_limits: -0.2858
      Episode_Termination/time_out: 0.8232
  Episode_Termination/torso_height: 0.1768
--------------------------------------------------------------------------------
                   Total timesteps: 5390336
                    Iteration time: 0.41s
                      Time elapsed: 00:02:07
                               ETA: 00:01:06

################################################################################
                      [1m Learning iteration 329/500 [0m                      

                       Computation: 41585 steps/s (collection: 0.296s, learning 0.098s)
             Mean action noise std: 0.21
          Mean value_function loss: 0.1186
               Mean surrogate loss: -0.0016
                 Mean entropy loss: -1.4225
                       Mean reward: 93.14
               Mean episode length: 816.46
           Episode_Reward/progress: 6.7451
              Episode_Reward/alive: 0.4624
            Episode_Reward/upright: 0.0918
     Episode_Reward/move_to_target: 0.4545
          Episode_Reward/action_l2: -0.0246
             Episode_Reward/energy: -0.8918
   Episode_Reward/joint_pos_limits: -0.3460
      Episode_Termination/time_out: 0.8193
  Episode_Termination/torso_height: 0.1807
--------------------------------------------------------------------------------
                   Total timesteps: 5406720
                    Iteration time: 0.39s
                      Time elapsed: 00:02:08
                               ETA: 00:01:06

################################################################################
                      [1m Learning iteration 330/500 [0m                      

                       Computation: 39746 steps/s (collection: 0.313s, learning 0.100s)
             Mean action noise std: 0.21
          Mean value_function loss: 0.1349
               Mean surrogate loss: -0.0030
                 Mean entropy loss: -1.4335
                       Mean reward: 90.68
               Mean episode length: 797.26
           Episode_Reward/progress: 4.6130
              Episode_Reward/alive: 0.3463
            Episode_Reward/upright: 0.0656
     Episode_Reward/move_to_target: 0.3359
          Episode_Reward/action_l2: -0.0178
             Episode_Reward/energy: -0.6316
   Episode_Reward/joint_pos_limits: -0.2594
      Episode_Termination/time_out: 0.8184
  Episode_Termination/torso_height: 0.1816
--------------------------------------------------------------------------------
                   Total timesteps: 5423104
                    Iteration time: 0.41s
                      Time elapsed: 00:02:08
                               ETA: 00:01:06

################################################################################
                      [1m Learning iteration 331/500 [0m                      

                       Computation: 41375 steps/s (collection: 0.299s, learning 0.097s)
             Mean action noise std: 0.21
          Mean value_function loss: 0.1509
               Mean surrogate loss: -0.0046
                 Mean entropy loss: -1.4483
                       Mean reward: 91.79
               Mean episode length: 801.91
           Episode_Reward/progress: 6.4466
              Episode_Reward/alive: 0.4553
            Episode_Reward/upright: 0.0882
     Episode_Reward/move_to_target: 0.4514
          Episode_Reward/action_l2: -0.0238
             Episode_Reward/energy: -0.8455
   Episode_Reward/joint_pos_limits: -0.3463
      Episode_Termination/time_out: 0.8138
  Episode_Termination/torso_height: 0.1862
--------------------------------------------------------------------------------
                   Total timesteps: 5439488
                    Iteration time: 0.40s
                      Time elapsed: 00:02:09
                               ETA: 00:01:05

################################################################################
                      [1m Learning iteration 332/500 [0m                      

                       Computation: 39805 steps/s (collection: 0.331s, learning 0.080s)
             Mean action noise std: 0.21
          Mean value_function loss: 0.1495
               Mean surrogate loss: -0.0034
                 Mean entropy loss: -1.4466
                       Mean reward: 93.12
               Mean episode length: 812.90
           Episode_Reward/progress: 6.6576
              Episode_Reward/alive: 0.4431
            Episode_Reward/upright: 0.0876
     Episode_Reward/move_to_target: 0.4370
          Episode_Reward/action_l2: -0.0242
             Episode_Reward/energy: -0.8695
   Episode_Reward/joint_pos_limits: -0.3303
      Episode_Termination/time_out: 0.8128
  Episode_Termination/torso_height: 0.1872
--------------------------------------------------------------------------------
                   Total timesteps: 5455872
                    Iteration time: 0.41s
                      Time elapsed: 00:02:09
                               ETA: 00:01:05

################################################################################
                      [1m Learning iteration 333/500 [0m                      

                       Computation: 41008 steps/s (collection: 0.325s, learning 0.075s)
             Mean action noise std: 0.21
          Mean value_function loss: 0.1221
               Mean surrogate loss: -0.0041
                 Mean entropy loss: -1.4440
                       Mean reward: 96.83
               Mean episode length: 834.11
           Episode_Reward/progress: 7.0913
              Episode_Reward/alive: 0.4694
            Episode_Reward/upright: 0.0929
     Episode_Reward/move_to_target: 0.4660
          Episode_Reward/action_l2: -0.0249
             Episode_Reward/energy: -0.9039
   Episode_Reward/joint_pos_limits: -0.3485
      Episode_Termination/time_out: 0.8102
  Episode_Termination/torso_height: 0.1898
--------------------------------------------------------------------------------
                   Total timesteps: 5472256
                    Iteration time: 0.40s
                      Time elapsed: 00:02:09
                               ETA: 00:01:04

################################################################################
                      [1m Learning iteration 334/500 [0m                      

                       Computation: 41191 steps/s (collection: 0.305s, learning 0.093s)
             Mean action noise std: 0.21
          Mean value_function loss: 0.1235
               Mean surrogate loss: -0.0035
                 Mean entropy loss: -1.4564
                       Mean reward: 98.70
               Mean episode length: 844.98
           Episode_Reward/progress: 5.3074
              Episode_Reward/alive: 0.3817
            Episode_Reward/upright: 0.0745
     Episode_Reward/move_to_target: 0.3648
          Episode_Reward/action_l2: -0.0200
             Episode_Reward/energy: -0.7018
   Episode_Reward/joint_pos_limits: -0.2930
      Episode_Termination/time_out: 0.8078
  Episode_Termination/torso_height: 0.1922
--------------------------------------------------------------------------------
                   Total timesteps: 5488640
                    Iteration time: 0.40s
                      Time elapsed: 00:02:10
                               ETA: 00:01:04

################################################################################
                      [1m Learning iteration 335/500 [0m                      

                       Computation: 39454 steps/s (collection: 0.316s, learning 0.100s)
             Mean action noise std: 0.21
          Mean value_function loss: 0.0806
               Mean surrogate loss: -0.0038
                 Mean entropy loss: -1.4727
                       Mean reward: 100.75
               Mean episode length: 853.57
           Episode_Reward/progress: 6.5511
              Episode_Reward/alive: 0.4452
            Episode_Reward/upright: 0.0872
     Episode_Reward/move_to_target: 0.4381
          Episode_Reward/action_l2: -0.0234
             Episode_Reward/energy: -0.8496
   Episode_Reward/joint_pos_limits: -0.3357
      Episode_Termination/time_out: 0.8073
  Episode_Termination/torso_height: 0.1927
--------------------------------------------------------------------------------
                   Total timesteps: 5505024
                    Iteration time: 0.42s
                      Time elapsed: 00:02:10
                               ETA: 00:01:04

################################################################################
                      [1m Learning iteration 336/500 [0m                      

                       Computation: 41625 steps/s (collection: 0.292s, learning 0.102s)
             Mean action noise std: 0.21
          Mean value_function loss: 0.1263
               Mean surrogate loss: -0.0028
                 Mean entropy loss: -1.4895
                       Mean reward: 101.56
               Mean episode length: 851.47
           Episode_Reward/progress: 7.2253
              Episode_Reward/alive: 0.4787
            Episode_Reward/upright: 0.0951
     Episode_Reward/move_to_target: 0.4718
          Episode_Reward/action_l2: -0.0248
             Episode_Reward/energy: -0.9124
   Episode_Reward/joint_pos_limits: -0.3589
      Episode_Termination/time_out: 0.8052
  Episode_Termination/torso_height: 0.1948
--------------------------------------------------------------------------------
                   Total timesteps: 5521408
                    Iteration time: 0.39s
                      Time elapsed: 00:02:11
                               ETA: 00:01:03

################################################################################
                      [1m Learning iteration 337/500 [0m                      

                       Computation: 39802 steps/s (collection: 0.312s, learning 0.099s)
             Mean action noise std: 0.21
          Mean value_function loss: 0.1430
               Mean surrogate loss: -0.0056
                 Mean entropy loss: -1.5031
                       Mean reward: 100.07
               Mean episode length: 849.93
           Episode_Reward/progress: 5.3862
              Episode_Reward/alive: 0.3769
            Episode_Reward/upright: 0.0737
     Episode_Reward/move_to_target: 0.3690
          Episode_Reward/action_l2: -0.0197
             Episode_Reward/energy: -0.7078
   Episode_Reward/joint_pos_limits: -0.2829
      Episode_Termination/time_out: 0.8026
  Episode_Termination/torso_height: 0.1974
--------------------------------------------------------------------------------
                   Total timesteps: 5537792
                    Iteration time: 0.41s
                      Time elapsed: 00:02:11
                               ETA: 00:01:03

################################################################################
                      [1m Learning iteration 338/500 [0m                      

                       Computation: 41413 steps/s (collection: 0.307s, learning 0.089s)
             Mean action noise std: 0.21
          Mean value_function loss: 0.1225
               Mean surrogate loss: -0.0056
                 Mean entropy loss: -1.5170
                       Mean reward: 97.63
               Mean episode length: 838.83
           Episode_Reward/progress: 6.4798
              Episode_Reward/alive: 0.4575
            Episode_Reward/upright: 0.0895
     Episode_Reward/move_to_target: 0.4401
          Episode_Reward/action_l2: -0.0233
             Episode_Reward/energy: -0.8426
   Episode_Reward/joint_pos_limits: -0.3454
      Episode_Termination/time_out: 0.8032
  Episode_Termination/torso_height: 0.1968
--------------------------------------------------------------------------------
                   Total timesteps: 5554176
                    Iteration time: 0.40s
                      Time elapsed: 00:02:11
                               ETA: 00:01:03

################################################################################
                      [1m Learning iteration 339/500 [0m                      

                       Computation: 38694 steps/s (collection: 0.345s, learning 0.078s)
             Mean action noise std: 0.21
          Mean value_function loss: 0.1336
               Mean surrogate loss: -0.0016
                 Mean entropy loss: -1.5186
                       Mean reward: 99.12
               Mean episode length: 848.39
           Episode_Reward/progress: 6.7270
              Episode_Reward/alive: 0.4554
            Episode_Reward/upright: 0.0893
     Episode_Reward/move_to_target: 0.4486
          Episode_Reward/action_l2: -0.0245
             Episode_Reward/energy: -0.8707
   Episode_Reward/joint_pos_limits: -0.3434
      Episode_Termination/time_out: 0.8012
  Episode_Termination/torso_height: 0.1988
--------------------------------------------------------------------------------
                   Total timesteps: 5570560
                    Iteration time: 0.42s
                      Time elapsed: 00:02:12
                               ETA: 00:01:02

################################################################################
                      [1m Learning iteration 340/500 [0m                      

                       Computation: 41589 steps/s (collection: 0.317s, learning 0.077s)
             Mean action noise std: 0.21
          Mean value_function loss: 0.1411
               Mean surrogate loss: -0.0050
                 Mean entropy loss: -1.5298
                       Mean reward: 101.60
               Mean episode length: 865.11
           Episode_Reward/progress: 7.6394
              Episode_Reward/alive: 0.4928
            Episode_Reward/upright: 0.0980
     Episode_Reward/move_to_target: 0.4902
          Episode_Reward/action_l2: -0.0266
             Episode_Reward/energy: -0.9655
   Episode_Reward/joint_pos_limits: -0.3662
      Episode_Termination/time_out: 0.8035
  Episode_Termination/torso_height: 0.1965
--------------------------------------------------------------------------------
                   Total timesteps: 5586944
                    Iteration time: 0.39s
                      Time elapsed: 00:02:12
                               ETA: 00:01:02

################################################################################
                      [1m Learning iteration 341/500 [0m                      

                       Computation: 37304 steps/s (collection: 0.339s, learning 0.100s)
             Mean action noise std: 0.21
          Mean value_function loss: 0.1379
               Mean surrogate loss: -0.0028
                 Mean entropy loss: -1.5371
                       Mean reward: 104.88
               Mean episode length: 883.97
           Episode_Reward/progress: 6.7153
              Episode_Reward/alive: 0.4455
            Episode_Reward/upright: 0.0875
     Episode_Reward/move_to_target: 0.4305
          Episode_Reward/action_l2: -0.0236
             Episode_Reward/energy: -0.8651
   Episode_Reward/joint_pos_limits: -0.3335
      Episode_Termination/time_out: 0.8109
  Episode_Termination/torso_height: 0.1891
--------------------------------------------------------------------------------
                   Total timesteps: 5603328
                    Iteration time: 0.44s
                      Time elapsed: 00:02:13
                               ETA: 00:01:01

################################################################################
                      [1m Learning iteration 342/500 [0m                      

                       Computation: 36973 steps/s (collection: 0.333s, learning 0.110s)
             Mean action noise std: 0.21
          Mean value_function loss: 0.2278
               Mean surrogate loss: -0.0041
                 Mean entropy loss: -1.5589
                       Mean reward: 102.39
               Mean episode length: 858.80
           Episode_Reward/progress: 6.1600
              Episode_Reward/alive: 0.4278
            Episode_Reward/upright: 0.0837
     Episode_Reward/move_to_target: 0.4173
          Episode_Reward/action_l2: -0.0226
             Episode_Reward/energy: -0.8207
   Episode_Reward/joint_pos_limits: -0.3195
      Episode_Termination/time_out: 0.8121
  Episode_Termination/torso_height: 0.1879
--------------------------------------------------------------------------------
                   Total timesteps: 5619712
                    Iteration time: 0.44s
                      Time elapsed: 00:02:13
                               ETA: 00:01:01

################################################################################
                      [1m Learning iteration 343/500 [0m                      

                       Computation: 39410 steps/s (collection: 0.325s, learning 0.091s)
             Mean action noise std: 0.21
          Mean value_function loss: 0.1761
               Mean surrogate loss: -0.0029
                 Mean entropy loss: -1.5841
                       Mean reward: 99.17
               Mean episode length: 837.02
           Episode_Reward/progress: 5.2230
              Episode_Reward/alive: 0.4013
            Episode_Reward/upright: 0.0783
     Episode_Reward/move_to_target: 0.3929
          Episode_Reward/action_l2: -0.0217
             Episode_Reward/energy: -0.7555
   Episode_Reward/joint_pos_limits: -0.3096
      Episode_Termination/time_out: 0.8058
  Episode_Termination/torso_height: 0.1942
--------------------------------------------------------------------------------
                   Total timesteps: 5636096
                    Iteration time: 0.42s
                      Time elapsed: 00:02:13
                               ETA: 00:01:01

################################################################################
                      [1m Learning iteration 344/500 [0m                      

                       Computation: 33825 steps/s (collection: 0.383s, learning 0.102s)
             Mean action noise std: 0.21
          Mean value_function loss: 0.1527
               Mean surrogate loss: -0.0023
                 Mean entropy loss: -1.5972
                       Mean reward: 95.90
               Mean episode length: 810.40
           Episode_Reward/progress: 5.2842
              Episode_Reward/alive: 0.3529
            Episode_Reward/upright: 0.0684
     Episode_Reward/move_to_target: 0.3462
          Episode_Reward/action_l2: -0.0185
             Episode_Reward/energy: -0.6763
   Episode_Reward/joint_pos_limits: -0.2668
      Episode_Termination/time_out: 0.8011
  Episode_Termination/torso_height: 0.1989
--------------------------------------------------------------------------------
                   Total timesteps: 5652480
                    Iteration time: 0.48s
                      Time elapsed: 00:02:14
                               ETA: 00:01:00

################################################################################
                      [1m Learning iteration 345/500 [0m                      

                       Computation: 38665 steps/s (collection: 0.341s, learning 0.082s)
             Mean action noise std: 0.21
          Mean value_function loss: 0.1656
               Mean surrogate loss: -0.0035
                 Mean entropy loss: -1.5976
                       Mean reward: 93.47
               Mean episode length: 787.78
           Episode_Reward/progress: 5.3014
              Episode_Reward/alive: 0.3506
            Episode_Reward/upright: 0.0683
     Episode_Reward/move_to_target: 0.3442
          Episode_Reward/action_l2: -0.0186
             Episode_Reward/energy: -0.6745
   Episode_Reward/joint_pos_limits: -0.2632
      Episode_Termination/time_out: 0.7978
  Episode_Termination/torso_height: 0.2022
--------------------------------------------------------------------------------
                   Total timesteps: 5668864
                    Iteration time: 0.42s
                      Time elapsed: 00:02:14
                               ETA: 00:01:00

################################################################################
                      [1m Learning iteration 346/500 [0m                      

                       Computation: 40218 steps/s (collection: 0.324s, learning 0.083s)
             Mean action noise std: 0.21
          Mean value_function loss: 0.1244
               Mean surrogate loss: -0.0045
                 Mean entropy loss: -1.6074
                       Mean reward: 91.99
               Mean episode length: 783.49
           Episode_Reward/progress: 6.0042
              Episode_Reward/alive: 0.4358
            Episode_Reward/upright: 0.0843
     Episode_Reward/move_to_target: 0.4255
          Episode_Reward/action_l2: -0.0220
             Episode_Reward/energy: -0.8021
   Episode_Reward/joint_pos_limits: -0.3260
      Episode_Termination/time_out: 0.7975
  Episode_Termination/torso_height: 0.2025
--------------------------------------------------------------------------------
                   Total timesteps: 5685248
                    Iteration time: 0.41s
                      Time elapsed: 00:02:15
                               ETA: 00:01:00

################################################################################
                      [1m Learning iteration 347/500 [0m                      

                       Computation: 40772 steps/s (collection: 0.321s, learning 0.081s)
             Mean action noise std: 0.21
          Mean value_function loss: 0.1433
               Mean surrogate loss: -0.0043
                 Mean entropy loss: -1.6152
                       Mean reward: 94.26
               Mean episode length: 799.69
           Episode_Reward/progress: 6.9891
              Episode_Reward/alive: 0.4664
            Episode_Reward/upright: 0.0925
     Episode_Reward/move_to_target: 0.4636
          Episode_Reward/action_l2: -0.0247
             Episode_Reward/energy: -0.9147
   Episode_Reward/joint_pos_limits: -0.3463
      Episode_Termination/time_out: 0.7960
  Episode_Termination/torso_height: 0.2040
--------------------------------------------------------------------------------
                   Total timesteps: 5701632
                    Iteration time: 0.40s
                      Time elapsed: 00:02:15
                               ETA: 00:00:59

################################################################################
                      [1m Learning iteration 348/500 [0m                      

                       Computation: 40803 steps/s (collection: 0.308s, learning 0.094s)
             Mean action noise std: 0.21
          Mean value_function loss: 0.1937
               Mean surrogate loss: -0.0041
                 Mean entropy loss: -1.6323
                       Mean reward: 95.84
               Mean episode length: 812.47
           Episode_Reward/progress: 6.8411
              Episode_Reward/alive: 0.4603
            Episode_Reward/upright: 0.0909
     Episode_Reward/move_to_target: 0.4519
          Episode_Reward/action_l2: -0.0249
             Episode_Reward/energy: -0.9124
   Episode_Reward/joint_pos_limits: -0.3418
      Episode_Termination/time_out: 0.7997
  Episode_Termination/torso_height: 0.2003
--------------------------------------------------------------------------------
                   Total timesteps: 5718016
                    Iteration time: 0.40s
                      Time elapsed: 00:02:16
                               ETA: 00:00:59

################################################################################
                      [1m Learning iteration 349/500 [0m                      

                       Computation: 39011 steps/s (collection: 0.325s, learning 0.095s)
             Mean action noise std: 0.21
          Mean value_function loss: 0.1796
               Mean surrogate loss: -0.0033
                 Mean entropy loss: -1.6458
                       Mean reward: 99.83
               Mean episode length: 840.51
           Episode_Reward/progress: 6.3535
              Episode_Reward/alive: 0.4426
            Episode_Reward/upright: 0.0865
     Episode_Reward/move_to_target: 0.4337
          Episode_Reward/action_l2: -0.0230
             Episode_Reward/energy: -0.8407
   Episode_Reward/joint_pos_limits: -0.3326
      Episode_Termination/time_out: 0.8040
  Episode_Termination/torso_height: 0.1960
--------------------------------------------------------------------------------
                   Total timesteps: 5734400
                    Iteration time: 0.42s
                      Time elapsed: 00:02:16
                               ETA: 00:00:58

################################################################################
                      [1m Learning iteration 350/500 [0m                      

                       Computation: 42964 steps/s (collection: 0.302s, learning 0.079s)
             Mean action noise std: 0.21
          Mean value_function loss: 0.1685
               Mean surrogate loss: -0.0041
                 Mean entropy loss: -1.6510
                       Mean reward: 101.50
               Mean episode length: 859.86
           Episode_Reward/progress: 6.6131
              Episode_Reward/alive: 0.4362
            Episode_Reward/upright: 0.0859
     Episode_Reward/move_to_target: 0.4008
          Episode_Reward/action_l2: -0.0228
             Episode_Reward/energy: -0.8220
   Episode_Reward/joint_pos_limits: -0.3342
      Episode_Termination/time_out: 0.8067
  Episode_Termination/torso_height: 0.1933
--------------------------------------------------------------------------------
                   Total timesteps: 5750784
                    Iteration time: 0.38s
                      Time elapsed: 00:02:16
                               ETA: 00:00:58

################################################################################
                      [1m Learning iteration 351/500 [0m                      

                       Computation: 38438 steps/s (collection: 0.327s, learning 0.099s)
             Mean action noise std: 0.21
          Mean value_function loss: 0.2018
               Mean surrogate loss: -0.0072
                 Mean entropy loss: -1.6595
                       Mean reward: 100.77
               Mean episode length: 853.80
           Episode_Reward/progress: 6.6234
              Episode_Reward/alive: 0.4470
            Episode_Reward/upright: 0.0880
     Episode_Reward/move_to_target: 0.4399
          Episode_Reward/action_l2: -0.0232
             Episode_Reward/energy: -0.8605
   Episode_Reward/joint_pos_limits: -0.3333
      Episode_Termination/time_out: 0.8009
  Episode_Termination/torso_height: 0.1991
--------------------------------------------------------------------------------
                   Total timesteps: 5767168
                    Iteration time: 0.43s
                      Time elapsed: 00:02:17
                               ETA: 00:00:58

################################################################################
                      [1m Learning iteration 352/500 [0m                      

                       Computation: 41387 steps/s (collection: 0.297s, learning 0.099s)
             Mean action noise std: 0.21
          Mean value_function loss: 0.1808
               Mean surrogate loss: -0.0051
                 Mean entropy loss: -1.6614
                       Mean reward: 97.65
               Mean episode length: 826.40
           Episode_Reward/progress: 2.1070
              Episode_Reward/alive: 0.1783
            Episode_Reward/upright: 0.0312
     Episode_Reward/move_to_target: 0.1690
          Episode_Reward/action_l2: -0.0087
             Episode_Reward/energy: -0.2924
   Episode_Reward/joint_pos_limits: -0.1393
      Episode_Termination/time_out: 0.7969
  Episode_Termination/torso_height: 0.2031
--------------------------------------------------------------------------------
                   Total timesteps: 5783552
                    Iteration time: 0.40s
                      Time elapsed: 00:02:17
                               ETA: 00:00:57

################################################################################
                      [1m Learning iteration 353/500 [0m                      

                       Computation: 42056 steps/s (collection: 0.307s, learning 0.082s)
             Mean action noise std: 0.21
          Mean value_function loss: 0.1295
               Mean surrogate loss: -0.0047
                 Mean entropy loss: -1.6722
                       Mean reward: 94.74
               Mean episode length: 805.36
           Episode_Reward/progress: 6.4932
              Episode_Reward/alive: 0.4343
            Episode_Reward/upright: 0.0850
     Episode_Reward/move_to_target: 0.4239
          Episode_Reward/action_l2: -0.0229
             Episode_Reward/energy: -0.8501
   Episode_Reward/joint_pos_limits: -0.3245
      Episode_Termination/time_out: 0.7878
  Episode_Termination/torso_height: 0.2122
--------------------------------------------------------------------------------
                   Total timesteps: 5799936
                    Iteration time: 0.39s
                      Time elapsed: 00:02:18
                               ETA: 00:00:57

################################################################################
                      [1m Learning iteration 354/500 [0m                      

                       Computation: 40327 steps/s (collection: 0.321s, learning 0.085s)
             Mean action noise std: 0.21
          Mean value_function loss: 0.2860
               Mean surrogate loss: -0.0012
                 Mean entropy loss: -1.6754
                       Mean reward: 91.61
               Mean episode length: 794.31
           Episode_Reward/progress: 6.2733
              Episode_Reward/alive: 0.4629
            Episode_Reward/upright: 0.0904
     Episode_Reward/move_to_target: 0.4255
          Episode_Reward/action_l2: -0.0238
             Episode_Reward/energy: -0.8362
   Episode_Reward/joint_pos_limits: -0.3619
      Episode_Termination/time_out: 0.7907
  Episode_Termination/torso_height: 0.2093
--------------------------------------------------------------------------------
                   Total timesteps: 5816320
                    Iteration time: 0.41s
                      Time elapsed: 00:02:18
                               ETA: 00:00:56

################################################################################
                      [1m Learning iteration 355/500 [0m                      

                       Computation: 43340 steps/s (collection: 0.300s, learning 0.079s)
             Mean action noise std: 0.21
          Mean value_function loss: 0.1590
               Mean surrogate loss: -0.0010
                 Mean entropy loss: -1.6828
                       Mean reward: 93.13
               Mean episode length: 802.31
           Episode_Reward/progress: 6.9753
              Episode_Reward/alive: 0.4701
            Episode_Reward/upright: 0.0910
     Episode_Reward/move_to_target: 0.4642
          Episode_Reward/action_l2: -0.0241
             Episode_Reward/energy: -0.8941
   Episode_Reward/joint_pos_limits: -0.3539
      Episode_Termination/time_out: 0.7918
  Episode_Termination/torso_height: 0.2082
--------------------------------------------------------------------------------
                   Total timesteps: 5832704
                    Iteration time: 0.38s
                      Time elapsed: 00:02:18
                               ETA: 00:00:56

################################################################################
                      [1m Learning iteration 356/500 [0m                      

                       Computation: 41519 steps/s (collection: 0.317s, learning 0.078s)
             Mean action noise std: 0.21
          Mean value_function loss: 0.1351
               Mean surrogate loss: -0.0064
                 Mean entropy loss: -1.6888
                       Mean reward: 92.19
               Mean episode length: 801.88
           Episode_Reward/progress: 6.1912
              Episode_Reward/alive: 0.4489
            Episode_Reward/upright: 0.0878
     Episode_Reward/move_to_target: 0.4056
          Episode_Reward/action_l2: -0.0241
             Episode_Reward/energy: -0.8450
   Episode_Reward/joint_pos_limits: -0.3440
      Episode_Termination/time_out: 0.7952
  Episode_Termination/torso_height: 0.2048
--------------------------------------------------------------------------------
                   Total timesteps: 5849088
                    Iteration time: 0.39s
                      Time elapsed: 00:02:19
                               ETA: 00:00:56

################################################################################
                      [1m Learning iteration 357/500 [0m                      

                       Computation: 41012 steps/s (collection: 0.306s, learning 0.093s)
             Mean action noise std: 0.21
          Mean value_function loss: 0.1733
               Mean surrogate loss: -0.0036
                 Mean entropy loss: -1.6986
                       Mean reward: 95.77
               Mean episode length: 821.25
           Episode_Reward/progress: 6.3758
              Episode_Reward/alive: 0.4123
            Episode_Reward/upright: 0.0805
     Episode_Reward/move_to_target: 0.4005
          Episode_Reward/action_l2: -0.0220
             Episode_Reward/energy: -0.8299
   Episode_Reward/joint_pos_limits: -0.3059
      Episode_Termination/time_out: 0.7959
  Episode_Termination/torso_height: 0.2041
--------------------------------------------------------------------------------
                   Total timesteps: 5865472
                    Iteration time: 0.40s
                      Time elapsed: 00:02:19
                               ETA: 00:00:55

################################################################################
                      [1m Learning iteration 358/500 [0m                      

                       Computation: 41954 steps/s (collection: 0.303s, learning 0.087s)
             Mean action noise std: 0.21
          Mean value_function loss: 0.1475
               Mean surrogate loss: -0.0037
                 Mean entropy loss: -1.7033
                       Mean reward: 93.44
               Mean episode length: 801.71
           Episode_Reward/progress: 6.5470
              Episode_Reward/alive: 0.4160
            Episode_Reward/upright: 0.0820
     Episode_Reward/move_to_target: 0.4115
          Episode_Reward/action_l2: -0.0220
             Episode_Reward/energy: -0.8299
   Episode_Reward/joint_pos_limits: -0.3091
      Episode_Termination/time_out: 0.7972
  Episode_Termination/torso_height: 0.2028
--------------------------------------------------------------------------------
                   Total timesteps: 5881856
                    Iteration time: 0.39s
                      Time elapsed: 00:02:20
                               ETA: 00:00:55

################################################################################
                      [1m Learning iteration 359/500 [0m                      

                       Computation: 41178 steps/s (collection: 0.304s, learning 0.094s)
             Mean action noise std: 0.21
          Mean value_function loss: 0.1706
               Mean surrogate loss: -0.0044
                 Mean entropy loss: -1.7065
                       Mean reward: 94.21
               Mean episode length: 806.32
           Episode_Reward/progress: 6.4327
              Episode_Reward/alive: 0.4447
            Episode_Reward/upright: 0.0878
     Episode_Reward/move_to_target: 0.4374
          Episode_Reward/action_l2: -0.0233
             Episode_Reward/energy: -0.8542
   Episode_Reward/joint_pos_limits: -0.3338
      Episode_Termination/time_out: 0.7978
  Episode_Termination/torso_height: 0.2022
--------------------------------------------------------------------------------
                   Total timesteps: 5898240
                    Iteration time: 0.40s
                      Time elapsed: 00:02:20
                               ETA: 00:00:55

################################################################################
                      [1m Learning iteration 360/500 [0m                      

                       Computation: 41289 steps/s (collection: 0.302s, learning 0.095s)
             Mean action noise std: 0.21
          Mean value_function loss: 0.1601
               Mean surrogate loss: -0.0011
                 Mean entropy loss: -1.7099
                       Mean reward: 95.28
               Mean episode length: 800.81
           Episode_Reward/progress: 6.4366
              Episode_Reward/alive: 0.4330
            Episode_Reward/upright: 0.0842
     Episode_Reward/move_to_target: 0.4199
          Episode_Reward/action_l2: -0.0227
             Episode_Reward/energy: -0.8429
   Episode_Reward/joint_pos_limits: -0.3193
      Episode_Termination/time_out: 0.7922
  Episode_Termination/torso_height: 0.2078
--------------------------------------------------------------------------------
                   Total timesteps: 5914624
                    Iteration time: 0.40s
                      Time elapsed: 00:02:20
                               ETA: 00:00:54

################################################################################
                      [1m Learning iteration 361/500 [0m                      

                       Computation: 41264 steps/s (collection: 0.298s, learning 0.099s)
             Mean action noise std: 0.21
          Mean value_function loss: 0.1141
               Mean surrogate loss: -0.0020
                 Mean entropy loss: -1.7140
                       Mean reward: 97.70
               Mean episode length: 817.78
           Episode_Reward/progress: 7.1825
              Episode_Reward/alive: 0.4739
            Episode_Reward/upright: 0.0937
     Episode_Reward/move_to_target: 0.4661
          Episode_Reward/action_l2: -0.0254
             Episode_Reward/energy: -0.9471
   Episode_Reward/joint_pos_limits: -0.3538
      Episode_Termination/time_out: 0.7948
  Episode_Termination/torso_height: 0.2052
--------------------------------------------------------------------------------
                   Total timesteps: 5931008
                    Iteration time: 0.40s
                      Time elapsed: 00:02:21
                               ETA: 00:00:54

################################################################################
                      [1m Learning iteration 362/500 [0m                      

                       Computation: 40013 steps/s (collection: 0.317s, learning 0.092s)
             Mean action noise std: 0.21
          Mean value_function loss: 0.1495
               Mean surrogate loss: 0.0002
                 Mean entropy loss: -1.7195
                       Mean reward: 102.15
               Mean episode length: 847.45
           Episode_Reward/progress: 7.9357
              Episode_Reward/alive: 0.5000
            Episode_Reward/upright: 0.0995
     Episode_Reward/move_to_target: 0.4949
          Episode_Reward/action_l2: -0.0268
             Episode_Reward/energy: -1.0160
   Episode_Reward/joint_pos_limits: -0.3684
      Episode_Termination/time_out: 0.7985
  Episode_Termination/torso_height: 0.2015
--------------------------------------------------------------------------------
                   Total timesteps: 5947392
                    Iteration time: 0.41s
                      Time elapsed: 00:02:21
                               ETA: 00:00:53

################################################################################
                      [1m Learning iteration 363/500 [0m                      

                       Computation: 40011 steps/s (collection: 0.312s, learning 0.098s)
             Mean action noise std: 0.21
          Mean value_function loss: 0.1823
               Mean surrogate loss: -0.0033
                 Mean entropy loss: -1.7237
                       Mean reward: 108.61
               Mean episode length: 896.76
           Episode_Reward/progress: 7.8577
              Episode_Reward/alive: 0.4963
            Episode_Reward/upright: 0.0980
     Episode_Reward/move_to_target: 0.4918
          Episode_Reward/action_l2: -0.0266
             Episode_Reward/energy: -1.0003
   Episode_Reward/joint_pos_limits: -0.3663
      Episode_Termination/time_out: 0.8016
  Episode_Termination/torso_height: 0.1984
--------------------------------------------------------------------------------
                   Total timesteps: 5963776
                    Iteration time: 0.41s
                      Time elapsed: 00:02:22
                               ETA: 00:00:53

################################################################################
                      [1m Learning iteration 364/500 [0m                      

                       Computation: 40065 steps/s (collection: 0.312s, learning 0.097s)
             Mean action noise std: 0.21
          Mean value_function loss: 0.1087
               Mean surrogate loss: -0.0029
                 Mean entropy loss: -1.7310
                       Mean reward: 112.05
               Mean episode length: 907.70
           Episode_Reward/progress: 7.0088
              Episode_Reward/alive: 0.4485
            Episode_Reward/upright: 0.0882
     Episode_Reward/move_to_target: 0.4386
          Episode_Reward/action_l2: -0.0246
             Episode_Reward/energy: -0.9211
   Episode_Reward/joint_pos_limits: -0.3321
      Episode_Termination/time_out: 0.8058
  Episode_Termination/torso_height: 0.1942
--------------------------------------------------------------------------------
                   Total timesteps: 5980160
                    Iteration time: 0.41s
                      Time elapsed: 00:02:22
                               ETA: 00:00:53

################################################################################
                      [1m Learning iteration 365/500 [0m                      

                       Computation: 42398 steps/s (collection: 0.290s, learning 0.097s)
             Mean action noise std: 0.21
          Mean value_function loss: 0.1621
               Mean surrogate loss: -0.0017
                 Mean entropy loss: -1.7352
                       Mean reward: 110.06
               Mean episode length: 896.74
           Episode_Reward/progress: 6.6423
              Episode_Reward/alive: 0.4495
            Episode_Reward/upright: 0.0879
     Episode_Reward/move_to_target: 0.4272
          Episode_Reward/action_l2: -0.0242
             Episode_Reward/energy: -0.8999
   Episode_Reward/joint_pos_limits: -0.3359
      Episode_Termination/time_out: 0.8077
  Episode_Termination/torso_height: 0.1923
--------------------------------------------------------------------------------
                   Total timesteps: 5996544
                    Iteration time: 0.39s
                      Time elapsed: 00:02:22
                               ETA: 00:00:52

################################################################################
                      [1m Learning iteration 366/500 [0m                      

                       Computation: 40324 steps/s (collection: 0.308s, learning 0.098s)
             Mean action noise std: 0.21
          Mean value_function loss: 0.1741
               Mean surrogate loss: -0.0048
                 Mean entropy loss: -1.7452
                       Mean reward: 108.32
               Mean episode length: 884.77
           Episode_Reward/progress: 5.1834
              Episode_Reward/alive: 0.3475
            Episode_Reward/upright: 0.0672
     Episode_Reward/move_to_target: 0.3301
          Episode_Reward/action_l2: -0.0183
             Episode_Reward/energy: -0.6777
   Episode_Reward/joint_pos_limits: -0.2614
      Episode_Termination/time_out: 0.8059
  Episode_Termination/torso_height: 0.1941
--------------------------------------------------------------------------------
                   Total timesteps: 6012928
                    Iteration time: 0.41s
                      Time elapsed: 00:02:23
                               ETA: 00:00:52

################################################################################
                      [1m Learning iteration 367/500 [0m                      

                       Computation: 40598 steps/s (collection: 0.306s, learning 0.097s)
             Mean action noise std: 0.21
          Mean value_function loss: 0.1951
               Mean surrogate loss: -0.0026
                 Mean entropy loss: -1.7605
                       Mean reward: 102.56
               Mean episode length: 849.65
           Episode_Reward/progress: 5.5185
              Episode_Reward/alive: 0.3760
            Episode_Reward/upright: 0.0725
     Episode_Reward/move_to_target: 0.3622
          Episode_Reward/action_l2: -0.0200
             Episode_Reward/energy: -0.7411
   Episode_Reward/joint_pos_limits: -0.2805
      Episode_Termination/time_out: 0.8059
  Episode_Termination/torso_height: 0.1941
--------------------------------------------------------------------------------
                   Total timesteps: 6029312
                    Iteration time: 0.40s
                      Time elapsed: 00:02:23
                               ETA: 00:00:51

################################################################################
                      [1m Learning iteration 368/500 [0m                      

                       Computation: 40056 steps/s (collection: 0.311s, learning 0.098s)
             Mean action noise std: 0.20
          Mean value_function loss: 0.2048
               Mean surrogate loss: -0.0046
                 Mean entropy loss: -1.7816
                       Mean reward: 97.50
               Mean episode length: 818.80
           Episode_Reward/progress: 5.8109
              Episode_Reward/alive: 0.4357
            Episode_Reward/upright: 0.0834
     Episode_Reward/move_to_target: 0.3489
          Episode_Reward/action_l2: -0.0223
             Episode_Reward/energy: -0.7740
   Episode_Reward/joint_pos_limits: -0.3478
      Episode_Termination/time_out: 0.8007
  Episode_Termination/torso_height: 0.1993
--------------------------------------------------------------------------------
                   Total timesteps: 6045696
                    Iteration time: 0.41s
                      Time elapsed: 00:02:24
                               ETA: 00:00:51

################################################################################
                      [1m Learning iteration 369/500 [0m                      

                       Computation: 39806 steps/s (collection: 0.315s, learning 0.097s)
             Mean action noise std: 0.20
          Mean value_function loss: 0.0978
               Mean surrogate loss: -0.0044
                 Mean entropy loss: -1.7941
                       Mean reward: 94.98
               Mean episode length: 808.51
           Episode_Reward/progress: 7.1422
              Episode_Reward/alive: 0.4632
            Episode_Reward/upright: 0.0909
     Episode_Reward/move_to_target: 0.4537
          Episode_Reward/action_l2: -0.0254
             Episode_Reward/energy: -0.9388
   Episode_Reward/joint_pos_limits: -0.3474
      Episode_Termination/time_out: 0.7962
  Episode_Termination/torso_height: 0.2038
--------------------------------------------------------------------------------
                   Total timesteps: 6062080
                    Iteration time: 0.41s
                      Time elapsed: 00:02:24
                               ETA: 00:00:51

################################################################################
                      [1m Learning iteration 370/500 [0m                      

                       Computation: 41355 steps/s (collection: 0.304s, learning 0.093s)
             Mean action noise std: 0.20
          Mean value_function loss: 0.1530
               Mean surrogate loss: -0.0031
                 Mean entropy loss: -1.8027
                       Mean reward: 98.14
               Mean episode length: 826.92
           Episode_Reward/progress: 7.2966
              Episode_Reward/alive: 0.4661
            Episode_Reward/upright: 0.0920
     Episode_Reward/move_to_target: 0.4593
          Episode_Reward/action_l2: -0.0256
             Episode_Reward/energy: -0.9636
   Episode_Reward/joint_pos_limits: -0.3454
      Episode_Termination/time_out: 0.7939
  Episode_Termination/torso_height: 0.2061
--------------------------------------------------------------------------------
                   Total timesteps: 6078464
                    Iteration time: 0.40s
                      Time elapsed: 00:02:24
                               ETA: 00:00:50

################################################################################
                      [1m Learning iteration 371/500 [0m                      

                       Computation: 40372 steps/s (collection: 0.311s, learning 0.095s)
             Mean action noise std: 0.20
          Mean value_function loss: 0.1413
               Mean surrogate loss: -0.0018
                 Mean entropy loss: -1.8099
                       Mean reward: 100.04
               Mean episode length: 835.10
           Episode_Reward/progress: 7.5467
              Episode_Reward/alive: 0.4733
            Episode_Reward/upright: 0.0937
     Episode_Reward/move_to_target: 0.4631
          Episode_Reward/action_l2: -0.0260
             Episode_Reward/energy: -0.9977
   Episode_Reward/joint_pos_limits: -0.3518
      Episode_Termination/time_out: 0.7924
  Episode_Termination/torso_height: 0.2076
--------------------------------------------------------------------------------
                   Total timesteps: 6094848
                    Iteration time: 0.41s
                      Time elapsed: 00:02:25
                               ETA: 00:00:50

################################################################################
                      [1m Learning iteration 372/500 [0m                      

                       Computation: 42217 steps/s (collection: 0.295s, learning 0.093s)
             Mean action noise std: 0.20
          Mean value_function loss: 0.1315
               Mean surrogate loss: -0.0041
                 Mean entropy loss: -1.8129
                       Mean reward: 105.03
               Mean episode length: 870.26
           Episode_Reward/progress: 7.3173
              Episode_Reward/alive: 0.4980
            Episode_Reward/upright: 0.0984
     Episode_Reward/move_to_target: 0.4872
          Episode_Reward/action_l2: -0.0264
             Episode_Reward/energy: -0.9936
   Episode_Reward/joint_pos_limits: -0.3672
      Episode_Termination/time_out: 0.7976
  Episode_Termination/torso_height: 0.2024
--------------------------------------------------------------------------------
                   Total timesteps: 6111232
                    Iteration time: 0.39s
                      Time elapsed: 00:02:25
                               ETA: 00:00:49

################################################################################
                      [1m Learning iteration 373/500 [0m                      

                       Computation: 41212 steps/s (collection: 0.310s, learning 0.088s)
             Mean action noise std: 0.20
          Mean value_function loss: 0.0949
               Mean surrogate loss: -0.0034
                 Mean entropy loss: -1.8256
                       Mean reward: 107.26
               Mean episode length: 887.86
           Episode_Reward/progress: 7.7325
              Episode_Reward/alive: 0.5000
            Episode_Reward/upright: 0.0995
     Episode_Reward/move_to_target: 0.4817
          Episode_Reward/action_l2: -0.0270
             Episode_Reward/energy: -1.0170
   Episode_Reward/joint_pos_limits: -0.3711
      Episode_Termination/time_out: 0.8067
  Episode_Termination/torso_height: 0.1933
--------------------------------------------------------------------------------
                   Total timesteps: 6127616
                    Iteration time: 0.40s
                      Time elapsed: 00:02:26
                               ETA: 00:00:49

################################################################################
                      [1m Learning iteration 374/500 [0m                      

                       Computation: 41225 steps/s (collection: 0.320s, learning 0.077s)
             Mean action noise std: 0.20
          Mean value_function loss: 0.1150
               Mean surrogate loss: -0.0050
                 Mean entropy loss: -1.8355
                       Mean reward: 109.84
               Mean episode length: 899.25
           Episode_Reward/progress: 5.7558
              Episode_Reward/alive: 0.3681
            Episode_Reward/upright: 0.0716
     Episode_Reward/move_to_target: 0.3623
          Episode_Reward/action_l2: -0.0197
             Episode_Reward/energy: -0.7536
   Episode_Reward/joint_pos_limits: -0.2725
      Episode_Termination/time_out: 0.8159
  Episode_Termination/torso_height: 0.1841
--------------------------------------------------------------------------------
                   Total timesteps: 6144000
                    Iteration time: 0.40s
                      Time elapsed: 00:02:26
                               ETA: 00:00:49

################################################################################
                      [1m Learning iteration 375/500 [0m                      

                       Computation: 41725 steps/s (collection: 0.314s, learning 0.078s)
             Mean action noise std: 0.20
          Mean value_function loss: 0.1766
               Mean surrogate loss: -0.0050
                 Mean entropy loss: -1.8415
                       Mean reward: 107.75
               Mean episode length: 879.21
           Episode_Reward/progress: 6.5870
              Episode_Reward/alive: 0.4162
            Episode_Reward/upright: 0.0810
     Episode_Reward/move_to_target: 0.4086
          Episode_Reward/action_l2: -0.0224
             Episode_Reward/energy: -0.8499
   Episode_Reward/joint_pos_limits: -0.3103
      Episode_Termination/time_out: 0.8220
  Episode_Termination/torso_height: 0.1780
--------------------------------------------------------------------------------
                   Total timesteps: 6160384
                    Iteration time: 0.39s
                      Time elapsed: 00:02:26
                               ETA: 00:00:48

################################################################################
                      [1m Learning iteration 376/500 [0m                      

                       Computation: 42736 steps/s (collection: 0.304s, learning 0.079s)
             Mean action noise std: 0.20
          Mean value_function loss: 0.1132
               Mean surrogate loss: -0.0015
                 Mean entropy loss: -1.8516
                       Mean reward: 108.60
               Mean episode length: 894.89
           Episode_Reward/progress: 6.5490
              Episode_Reward/alive: 0.4674
            Episode_Reward/upright: 0.0919
     Episode_Reward/move_to_target: 0.4428
          Episode_Reward/action_l2: -0.0237
             Episode_Reward/energy: -0.8666
   Episode_Reward/joint_pos_limits: -0.3555
      Episode_Termination/time_out: 0.8224
  Episode_Termination/torso_height: 0.1776
--------------------------------------------------------------------------------
                   Total timesteps: 6176768
                    Iteration time: 0.38s
                      Time elapsed: 00:02:27
                               ETA: 00:00:48

################################################################################
                      [1m Learning iteration 377/500 [0m                      

                       Computation: 39069 steps/s (collection: 0.321s, learning 0.098s)
             Mean action noise std: 0.20
          Mean value_function loss: 0.1214
               Mean surrogate loss: -0.0011
                 Mean entropy loss: -1.8619
                       Mean reward: 106.12
               Mean episode length: 883.86
           Episode_Reward/progress: 7.4070
              Episode_Reward/alive: 0.4817
            Episode_Reward/upright: 0.0956
     Episode_Reward/move_to_target: 0.4746
          Episode_Reward/action_l2: -0.0267
             Episode_Reward/energy: -1.0223
   Episode_Reward/joint_pos_limits: -0.3524
      Episode_Termination/time_out: 0.8241
  Episode_Termination/torso_height: 0.1759
--------------------------------------------------------------------------------
                   Total timesteps: 6193152
                    Iteration time: 0.42s
                      Time elapsed: 00:02:27
                               ETA: 00:00:48

################################################################################
                      [1m Learning iteration 378/500 [0m                      

                       Computation: 41509 steps/s (collection: 0.303s, learning 0.092s)
             Mean action noise std: 0.20
          Mean value_function loss: 0.1038
               Mean surrogate loss: -0.0036
                 Mean entropy loss: -1.8642
                       Mean reward: 106.60
               Mean episode length: 879.68
           Episode_Reward/progress: 7.3950
              Episode_Reward/alive: 0.4838
            Episode_Reward/upright: 0.0953
     Episode_Reward/move_to_target: 0.4682
          Episode_Reward/action_l2: -0.0270
             Episode_Reward/energy: -1.0267
   Episode_Reward/joint_pos_limits: -0.3551
      Episode_Termination/time_out: 0.8261
  Episode_Termination/torso_height: 0.1739
--------------------------------------------------------------------------------
                   Total timesteps: 6209536
                    Iteration time: 0.39s
                      Time elapsed: 00:02:28
                               ETA: 00:00:47

################################################################################
                      [1m Learning iteration 379/500 [0m                      

                       Computation: 39884 steps/s (collection: 0.313s, learning 0.097s)
             Mean action noise std: 0.20
          Mean value_function loss: 0.1334
               Mean surrogate loss: -0.0023
                 Mean entropy loss: -1.8721
                       Mean reward: 103.78
               Mean episode length: 862.36
           Episode_Reward/progress: 6.2650
              Episode_Reward/alive: 0.4354
            Episode_Reward/upright: 0.0849
     Episode_Reward/move_to_target: 0.4229
          Episode_Reward/action_l2: -0.0225
             Episode_Reward/energy: -0.8481
   Episode_Reward/joint_pos_limits: -0.3252
      Episode_Termination/time_out: 0.8263
  Episode_Termination/torso_height: 0.1737
--------------------------------------------------------------------------------
                   Total timesteps: 6225920
                    Iteration time: 0.41s
                      Time elapsed: 00:02:28
                               ETA: 00:00:47

################################################################################
                      [1m Learning iteration 380/500 [0m                      

                       Computation: 40127 steps/s (collection: 0.308s, learning 0.100s)
             Mean action noise std: 0.20
          Mean value_function loss: 0.1529
               Mean surrogate loss: -0.0042
                 Mean entropy loss: -1.8841
                       Mean reward: 105.43
               Mean episode length: 874.44
           Episode_Reward/progress: 7.7673
              Episode_Reward/alive: 0.4904
            Episode_Reward/upright: 0.0972
     Episode_Reward/move_to_target: 0.4675
          Episode_Reward/action_l2: -0.0262
             Episode_Reward/energy: -1.0035
   Episode_Reward/joint_pos_limits: -0.3619
      Episode_Termination/time_out: 0.8269
  Episode_Termination/torso_height: 0.1731
--------------------------------------------------------------------------------
                   Total timesteps: 6242304
                    Iteration time: 0.41s
                      Time elapsed: 00:02:28
                               ETA: 00:00:46

################################################################################
                      [1m Learning iteration 381/500 [0m                      

                       Computation: 38501 steps/s (collection: 0.329s, learning 0.096s)
             Mean action noise std: 0.20
          Mean value_function loss: 0.1524
               Mean surrogate loss: -0.0052
                 Mean entropy loss: -1.9063
                       Mean reward: 106.17
               Mean episode length: 888.34
           Episode_Reward/progress: 6.8135
              Episode_Reward/alive: 0.4525
            Episode_Reward/upright: 0.0887
     Episode_Reward/move_to_target: 0.4448
          Episode_Reward/action_l2: -0.0242
             Episode_Reward/energy: -0.9202
   Episode_Reward/joint_pos_limits: -0.3327
      Episode_Termination/time_out: 0.8342
  Episode_Termination/torso_height: 0.1658
--------------------------------------------------------------------------------
                   Total timesteps: 6258688
                    Iteration time: 0.43s
                      Time elapsed: 00:02:29
                               ETA: 00:00:46

################################################################################
                      [1m Learning iteration 382/500 [0m                      

                       Computation: 43937 steps/s (collection: 0.286s, learning 0.087s)
             Mean action noise std: 0.20
          Mean value_function loss: 0.1532
               Mean surrogate loss: -0.0043
                 Mean entropy loss: -1.9125
                       Mean reward: 105.67
               Mean episode length: 880.64
           Episode_Reward/progress: 6.4030
              Episode_Reward/alive: 0.4433
            Episode_Reward/upright: 0.0872
     Episode_Reward/move_to_target: 0.4180
          Episode_Reward/action_l2: -0.0230
             Episode_Reward/energy: -0.8626
   Episode_Reward/joint_pos_limits: -0.3316
      Episode_Termination/time_out: 0.8355
  Episode_Termination/torso_height: 0.1645
--------------------------------------------------------------------------------
                   Total timesteps: 6275072
                    Iteration time: 0.37s
                      Time elapsed: 00:02:29
                               ETA: 00:00:46

################################################################################
                      [1m Learning iteration 383/500 [0m                      

                       Computation: 41999 steps/s (collection: 0.297s, learning 0.093s)
             Mean action noise std: 0.20
          Mean value_function loss: 0.1244
               Mean surrogate loss: -0.0008
                 Mean entropy loss: -1.9101
                       Mean reward: 103.62
               Mean episode length: 860.46
           Episode_Reward/progress: 6.3946
              Episode_Reward/alive: 0.4150
            Episode_Reward/upright: 0.0820
     Episode_Reward/move_to_target: 0.4096
          Episode_Reward/action_l2: -0.0227
             Episode_Reward/energy: -0.8717
   Episode_Reward/joint_pos_limits: -0.3022
      Episode_Termination/time_out: 0.8389
  Episode_Termination/torso_height: 0.1611
--------------------------------------------------------------------------------
                   Total timesteps: 6291456
                    Iteration time: 0.39s
                      Time elapsed: 00:02:30
                               ETA: 00:00:45

################################################################################
                      [1m Learning iteration 384/500 [0m                      

                       Computation: 39971 steps/s (collection: 0.318s, learning 0.092s)
             Mean action noise std: 0.20
          Mean value_function loss: 0.1080
               Mean surrogate loss: -0.0051
                 Mean entropy loss: -1.9174
                       Mean reward: 103.08
               Mean episode length: 860.43
           Episode_Reward/progress: 7.0691
              Episode_Reward/alive: 0.4705
            Episode_Reward/upright: 0.0934
     Episode_Reward/move_to_target: 0.4618
          Episode_Reward/action_l2: -0.0253
             Episode_Reward/energy: -0.9719
   Episode_Reward/joint_pos_limits: -0.3470
      Episode_Termination/time_out: 0.8394
  Episode_Termination/torso_height: 0.1606
--------------------------------------------------------------------------------
                   Total timesteps: 6307840
                    Iteration time: 0.41s
                      Time elapsed: 00:02:30
                               ETA: 00:00:45

################################################################################
                      [1m Learning iteration 385/500 [0m                      

                       Computation: 39715 steps/s (collection: 0.308s, learning 0.105s)
             Mean action noise std: 0.20
          Mean value_function loss: 0.2377
               Mean surrogate loss: -0.0039
                 Mean entropy loss: -1.9124
                       Mean reward: 106.52
               Mean episode length: 877.75
           Episode_Reward/progress: 7.7367
              Episode_Reward/alive: 0.5000
            Episode_Reward/upright: 0.0995
     Episode_Reward/move_to_target: 0.4893
          Episode_Reward/action_l2: -0.0265
             Episode_Reward/energy: -1.0276
   Episode_Reward/joint_pos_limits: -0.3693
      Episode_Termination/time_out: 0.8436
  Episode_Termination/torso_height: 0.1564
--------------------------------------------------------------------------------
                   Total timesteps: 6324224
                    Iteration time: 0.41s
                      Time elapsed: 00:02:30
                               ETA: 00:00:44

################################################################################
                      [1m Learning iteration 386/500 [0m                      

                       Computation: 39917 steps/s (collection: 0.312s, learning 0.098s)
             Mean action noise std: 0.20
          Mean value_function loss: 0.2186
               Mean surrogate loss: -0.0045
                 Mean entropy loss: -1.9078
                       Mean reward: 101.88
               Mean episode length: 851.20
           Episode_Reward/progress: 6.3690
              Episode_Reward/alive: 0.4493
            Episode_Reward/upright: 0.0885
     Episode_Reward/move_to_target: 0.4134
          Episode_Reward/action_l2: -0.0248
             Episode_Reward/energy: -0.9117
   Episode_Reward/joint_pos_limits: -0.3386
      Episode_Termination/time_out: 0.8478
  Episode_Termination/torso_height: 0.1522
--------------------------------------------------------------------------------
                   Total timesteps: 6340608
                    Iteration time: 0.41s
                      Time elapsed: 00:02:31
                               ETA: 00:00:44

################################################################################
                      [1m Learning iteration 387/500 [0m                      

                       Computation: 41664 steps/s (collection: 0.301s, learning 0.092s)
             Mean action noise std: 0.20
          Mean value_function loss: 0.1984
               Mean surrogate loss: -0.0036
                 Mean entropy loss: -1.8945
                       Mean reward: 102.65
               Mean episode length: 860.97
           Episode_Reward/progress: 7.0505
              Episode_Reward/alive: 0.4651
            Episode_Reward/upright: 0.0914
     Episode_Reward/move_to_target: 0.4169
          Episode_Reward/action_l2: -0.0252
             Episode_Reward/energy: -0.9408
   Episode_Reward/joint_pos_limits: -0.3528
      Episode_Termination/time_out: 0.8494
  Episode_Termination/torso_height: 0.1506
--------------------------------------------------------------------------------
                   Total timesteps: 6356992
                    Iteration time: 0.39s
                      Time elapsed: 00:02:31
                               ETA: 00:00:44

################################################################################
                      [1m Learning iteration 388/500 [0m                      

                       Computation: 40935 steps/s (collection: 0.318s, learning 0.083s)
             Mean action noise std: 0.20
          Mean value_function loss: 0.1095
               Mean surrogate loss: -0.0018
                 Mean entropy loss: -1.8943
                       Mean reward: 104.52
               Mean episode length: 877.98
           Episode_Reward/progress: 6.8774
              Episode_Reward/alive: 0.4540
            Episode_Reward/upright: 0.0890
     Episode_Reward/move_to_target: 0.4270
          Episode_Reward/action_l2: -0.0248
             Episode_Reward/energy: -0.9380
   Episode_Reward/joint_pos_limits: -0.3342
      Episode_Termination/time_out: 0.8555
  Episode_Termination/torso_height: 0.1445
--------------------------------------------------------------------------------
                   Total timesteps: 6373376
                    Iteration time: 0.40s
                      Time elapsed: 00:02:32
                               ETA: 00:00:43

################################################################################
                      [1m Learning iteration 389/500 [0m                      

                       Computation: 42469 steps/s (collection: 0.299s, learning 0.087s)
             Mean action noise std: 0.20
          Mean value_function loss: 0.1557
               Mean surrogate loss: -0.0055
                 Mean entropy loss: -1.9168
                       Mean reward: 102.60
               Mean episode length: 860.87
           Episode_Reward/progress: 5.9097
              Episode_Reward/alive: 0.4033
            Episode_Reward/upright: 0.0781
     Episode_Reward/move_to_target: 0.3787
          Episode_Reward/action_l2: -0.0217
             Episode_Reward/energy: -0.8106
   Episode_Reward/joint_pos_limits: -0.2981
      Episode_Termination/time_out: 0.8537
  Episode_Termination/torso_height: 0.1463
--------------------------------------------------------------------------------
                   Total timesteps: 6389760
                    Iteration time: 0.39s
                      Time elapsed: 00:02:32
                               ETA: 00:00:43

################################################################################
                      [1m Learning iteration 390/500 [0m                      

                       Computation: 40237 steps/s (collection: 0.313s, learning 0.094s)
             Mean action noise std: 0.20
          Mean value_function loss: 0.1447
               Mean surrogate loss: -0.0029
                 Mean entropy loss: -1.9399
                       Mean reward: 103.13
               Mean episode length: 856.89
           Episode_Reward/progress: 7.1975
              Episode_Reward/alive: 0.4517
            Episode_Reward/upright: 0.0894
     Episode_Reward/move_to_target: 0.4415
          Episode_Reward/action_l2: -0.0246
             Episode_Reward/energy: -0.9415
   Episode_Reward/joint_pos_limits: -0.3313
      Episode_Termination/time_out: 0.8574
  Episode_Termination/torso_height: 0.1426
--------------------------------------------------------------------------------
                   Total timesteps: 6406144
                    Iteration time: 0.41s
                      Time elapsed: 00:02:32
                               ETA: 00:00:43

################################################################################
                      [1m Learning iteration 391/500 [0m                      

                       Computation: 40982 steps/s (collection: 0.309s, learning 0.091s)
             Mean action noise std: 0.20
          Mean value_function loss: 0.2039
               Mean surrogate loss: -0.0042
                 Mean entropy loss: -1.9502
                       Mean reward: 104.87
               Mean episode length: 862.55
           Episode_Reward/progress: 6.6270
              Episode_Reward/alive: 0.4274
            Episode_Reward/upright: 0.0838
     Episode_Reward/move_to_target: 0.4211
          Episode_Reward/action_l2: -0.0234
             Episode_Reward/energy: -0.8807
   Episode_Reward/joint_pos_limits: -0.3185
      Episode_Termination/time_out: 0.8640
  Episode_Termination/torso_height: 0.1360
--------------------------------------------------------------------------------
                   Total timesteps: 6422528
                    Iteration time: 0.40s
                      Time elapsed: 00:02:33
                               ETA: 00:00:42

################################################################################
                      [1m Learning iteration 392/500 [0m                      

                       Computation: 40191 steps/s (collection: 0.309s, learning 0.099s)
             Mean action noise std: 0.20
          Mean value_function loss: 0.1522
               Mean surrogate loss: -0.0052
                 Mean entropy loss: -1.9586
                       Mean reward: 106.87
               Mean episode length: 870.41
           Episode_Reward/progress: 7.5267
              Episode_Reward/alive: 0.4750
            Episode_Reward/upright: 0.0937
     Episode_Reward/move_to_target: 0.4601
          Episode_Reward/action_l2: -0.0263
             Episode_Reward/energy: -0.9986
   Episode_Reward/joint_pos_limits: -0.3482
      Episode_Termination/time_out: 0.8602
  Episode_Termination/torso_height: 0.1398
--------------------------------------------------------------------------------
                   Total timesteps: 6438912
                    Iteration time: 0.41s
                      Time elapsed: 00:02:33
                               ETA: 00:00:42

################################################################################
                      [1m Learning iteration 393/500 [0m                      

                       Computation: 40703 steps/s (collection: 0.315s, learning 0.087s)
             Mean action noise std: 0.20
          Mean value_function loss: 0.1313
               Mean surrogate loss: 0.0005
                 Mean entropy loss: -1.9621
                       Mean reward: 110.65
               Mean episode length: 884.82
           Episode_Reward/progress: 7.7545
              Episode_Reward/alive: 0.4760
            Episode_Reward/upright: 0.0933
     Episode_Reward/move_to_target: 0.4624
          Episode_Reward/action_l2: -0.0262
             Episode_Reward/energy: -1.0050
   Episode_Reward/joint_pos_limits: -0.3485
      Episode_Termination/time_out: 0.8516
  Episode_Termination/torso_height: 0.1484
--------------------------------------------------------------------------------
                   Total timesteps: 6455296
                    Iteration time: 0.40s
                      Time elapsed: 00:02:34
                               ETA: 00:00:41

################################################################################
                      [1m Learning iteration 394/500 [0m                      

                       Computation: 40410 steps/s (collection: 0.309s, learning 0.097s)
             Mean action noise std: 0.20
          Mean value_function loss: 0.1238
               Mean surrogate loss: -0.0051
                 Mean entropy loss: -1.9727
                       Mean reward: 109.58
               Mean episode length: 870.45
           Episode_Reward/progress: 6.2756
              Episode_Reward/alive: 0.3890
            Episode_Reward/upright: 0.0763
     Episode_Reward/move_to_target: 0.3792
          Episode_Reward/action_l2: -0.0215
             Episode_Reward/energy: -0.8220
   Episode_Reward/joint_pos_limits: -0.2862
      Episode_Termination/time_out: 0.8496
  Episode_Termination/torso_height: 0.1504
--------------------------------------------------------------------------------
                   Total timesteps: 6471680
                    Iteration time: 0.41s
                      Time elapsed: 00:02:34
                               ETA: 00:00:41

################################################################################
                      [1m Learning iteration 395/500 [0m                      

                       Computation: 42501 steps/s (collection: 0.305s, learning 0.080s)
             Mean action noise std: 0.20
          Mean value_function loss: 0.1035
               Mean surrogate loss: -0.0052
                 Mean entropy loss: -1.9940
                       Mean reward: 110.74
               Mean episode length: 879.28
           Episode_Reward/progress: 7.3130
              Episode_Reward/alive: 0.4545
            Episode_Reward/upright: 0.0903
     Episode_Reward/move_to_target: 0.4475
          Episode_Reward/action_l2: -0.0248
             Episode_Reward/energy: -0.9498
   Episode_Reward/joint_pos_limits: -0.3320
      Episode_Termination/time_out: 0.8512
  Episode_Termination/torso_height: 0.1488
--------------------------------------------------------------------------------
                   Total timesteps: 6488064
                    Iteration time: 0.39s
                      Time elapsed: 00:02:34
                               ETA: 00:00:41

################################################################################
                      [1m Learning iteration 396/500 [0m                      

                       Computation: 40884 steps/s (collection: 0.306s, learning 0.094s)
             Mean action noise std: 0.20
          Mean value_function loss: 0.1528
               Mean surrogate loss: -0.0023
                 Mean entropy loss: -2.0036
                       Mean reward: 110.35
               Mean episode length: 879.82
           Episode_Reward/progress: 5.8897
              Episode_Reward/alive: 0.4045
            Episode_Reward/upright: 0.0783
     Episode_Reward/move_to_target: 0.3852
          Episode_Reward/action_l2: -0.0217
             Episode_Reward/energy: -0.8091
   Episode_Reward/joint_pos_limits: -0.3046
      Episode_Termination/time_out: 0.8539
  Episode_Termination/torso_height: 0.1461
--------------------------------------------------------------------------------
                   Total timesteps: 6504448
                    Iteration time: 0.40s
                      Time elapsed: 00:02:35
                               ETA: 00:00:40

################################################################################
                      [1m Learning iteration 397/500 [0m                      

                       Computation: 39831 steps/s (collection: 0.315s, learning 0.097s)
             Mean action noise std: 0.20
          Mean value_function loss: 0.1113
               Mean surrogate loss: -0.0042
                 Mean entropy loss: -2.0120
                       Mean reward: 112.37
               Mean episode length: 884.25
           Episode_Reward/progress: 7.3727
              Episode_Reward/alive: 0.4641
            Episode_Reward/upright: 0.0913
     Episode_Reward/move_to_target: 0.4581
          Episode_Reward/action_l2: -0.0256
             Episode_Reward/energy: -0.9779
   Episode_Reward/joint_pos_limits: -0.3378
      Episode_Termination/time_out: 0.8573
  Episode_Termination/torso_height: 0.1427
--------------------------------------------------------------------------------
                   Total timesteps: 6520832
                    Iteration time: 0.41s
                      Time elapsed: 00:02:35
                               ETA: 00:00:40

################################################################################
                      [1m Learning iteration 398/500 [0m                      

                       Computation: 39807 steps/s (collection: 0.315s, learning 0.097s)
             Mean action noise std: 0.20
          Mean value_function loss: 0.1609
               Mean surrogate loss: -0.0049
                 Mean entropy loss: -2.0128
                       Mean reward: 111.97
               Mean episode length: 885.81
           Episode_Reward/progress: 7.4134
              Episode_Reward/alive: 0.4800
            Episode_Reward/upright: 0.0943
     Episode_Reward/move_to_target: 0.4699
          Episode_Reward/action_l2: -0.0258
             Episode_Reward/energy: -0.9841
   Episode_Reward/joint_pos_limits: -0.3508
      Episode_Termination/time_out: 0.8632
  Episode_Termination/torso_height: 0.1368
--------------------------------------------------------------------------------
                   Total timesteps: 6537216
                    Iteration time: 0.41s
                      Time elapsed: 00:02:36
                               ETA: 00:00:39

################################################################################
                      [1m Learning iteration 399/500 [0m                      

                       Computation: 43540 steps/s (collection: 0.296s, learning 0.080s)
             Mean action noise std: 0.20
          Mean value_function loss: 0.1290
               Mean surrogate loss: -0.0038
                 Mean entropy loss: -2.0119
                       Mean reward: 111.27
               Mean episode length: 892.58
           Episode_Reward/progress: 7.3920
              Episode_Reward/alive: 0.4856
            Episode_Reward/upright: 0.0964
     Episode_Reward/move_to_target: 0.4619
          Episode_Reward/action_l2: -0.0271
             Episode_Reward/energy: -1.0031
   Episode_Reward/joint_pos_limits: -0.3580
      Episode_Termination/time_out: 0.8749
  Episode_Termination/torso_height: 0.1251
--------------------------------------------------------------------------------
                   Total timesteps: 6553600
                    Iteration time: 0.38s
                      Time elapsed: 00:02:36
                               ETA: 00:00:39

################################################################################
                      [1m Learning iteration 400/500 [0m                      

                       Computation: 40566 steps/s (collection: 0.313s, learning 0.090s)
             Mean action noise std: 0.20
          Mean value_function loss: 0.1657
               Mean surrogate loss: -0.0053
                 Mean entropy loss: -2.0272
                       Mean reward: 112.44
               Mean episode length: 902.17
           Episode_Reward/progress: 7.3612
              Episode_Reward/alive: 0.4568
            Episode_Reward/upright: 0.0904
     Episode_Reward/move_to_target: 0.4474
          Episode_Reward/action_l2: -0.0259
             Episode_Reward/energy: -0.9760
   Episode_Reward/joint_pos_limits: -0.3351
      Episode_Termination/time_out: 0.8804
  Episode_Termination/torso_height: 0.1196
--------------------------------------------------------------------------------
                   Total timesteps: 6569984
                    Iteration time: 0.40s
                      Time elapsed: 00:02:36
                               ETA: 00:00:39

################################################################################
                      [1m Learning iteration 401/500 [0m                      

                       Computation: 38978 steps/s (collection: 0.325s, learning 0.096s)
             Mean action noise std: 0.20
          Mean value_function loss: 0.1533
               Mean surrogate loss: -0.0033
                 Mean entropy loss: -2.0575
                       Mean reward: 109.38
               Mean episode length: 879.58
           Episode_Reward/progress: 6.6743
              Episode_Reward/alive: 0.4340
            Episode_Reward/upright: 0.0852
     Episode_Reward/move_to_target: 0.4170
          Episode_Reward/action_l2: -0.0239
             Episode_Reward/energy: -0.9025
   Episode_Reward/joint_pos_limits: -0.3222
      Episode_Termination/time_out: 0.8773
  Episode_Termination/torso_height: 0.1227
--------------------------------------------------------------------------------
                   Total timesteps: 6586368
                    Iteration time: 0.42s
                      Time elapsed: 00:02:37
                               ETA: 00:00:38

################################################################################
                      [1m Learning iteration 402/500 [0m                      

                       Computation: 42959 steps/s (collection: 0.304s, learning 0.077s)
             Mean action noise std: 0.20
          Mean value_function loss: 0.1254
               Mean surrogate loss: -0.0044
                 Mean entropy loss: -2.0663
                       Mean reward: 106.76
               Mean episode length: 867.84
           Episode_Reward/progress: 6.7208
              Episode_Reward/alive: 0.4387
            Episode_Reward/upright: 0.0865
     Episode_Reward/move_to_target: 0.4281
          Episode_Reward/action_l2: -0.0240
             Episode_Reward/energy: -0.9106
   Episode_Reward/joint_pos_limits: -0.3194
      Episode_Termination/time_out: 0.8735
  Episode_Termination/torso_height: 0.1265
--------------------------------------------------------------------------------
                   Total timesteps: 6602752
                    Iteration time: 0.38s
                      Time elapsed: 00:02:37
                               ETA: 00:00:38

################################################################################
                      [1m Learning iteration 403/500 [0m                      

                       Computation: 40808 steps/s (collection: 0.307s, learning 0.095s)
             Mean action noise std: 0.20
          Mean value_function loss: 0.1434
               Mean surrogate loss: -0.0061
                 Mean entropy loss: -2.0870
                       Mean reward: 105.39
               Mean episode length: 853.45
           Episode_Reward/progress: 5.7099
              Episode_Reward/alive: 0.3595
            Episode_Reward/upright: 0.0701
     Episode_Reward/move_to_target: 0.3574
          Episode_Reward/action_l2: -0.0196
             Episode_Reward/energy: -0.7512
   Episode_Reward/joint_pos_limits: -0.2591
      Episode_Termination/time_out: 0.8711
  Episode_Termination/torso_height: 0.1289
--------------------------------------------------------------------------------
                   Total timesteps: 6619136
                    Iteration time: 0.40s
                      Time elapsed: 00:02:38
                               ETA: 00:00:37

################################################################################
                      [1m Learning iteration 404/500 [0m                      

                       Computation: 41506 steps/s (collection: 0.299s, learning 0.096s)
             Mean action noise std: 0.20
          Mean value_function loss: 0.1090
               Mean surrogate loss: -0.0049
                 Mean entropy loss: -2.1084
                       Mean reward: 102.16
               Mean episode length: 821.71
           Episode_Reward/progress: 6.1673
              Episode_Reward/alive: 0.3941
            Episode_Reward/upright: 0.0768
     Episode_Reward/move_to_target: 0.3828
          Episode_Reward/action_l2: -0.0215
             Episode_Reward/energy: -0.8130
   Episode_Reward/joint_pos_limits: -0.2879
      Episode_Termination/time_out: 0.8680
  Episode_Termination/torso_height: 0.1320
--------------------------------------------------------------------------------
                   Total timesteps: 6635520
                    Iteration time: 0.39s
                      Time elapsed: 00:02:38
                               ETA: 00:00:37

################################################################################
                      [1m Learning iteration 405/500 [0m                      

                       Computation: 39227 steps/s (collection: 0.317s, learning 0.100s)
             Mean action noise std: 0.20
          Mean value_function loss: 0.1778
               Mean surrogate loss: -0.0052
                 Mean entropy loss: -2.1155
                       Mean reward: 104.79
               Mean episode length: 836.86
           Episode_Reward/progress: 7.6246
              Episode_Reward/alive: 0.4744
            Episode_Reward/upright: 0.0935
     Episode_Reward/move_to_target: 0.4670
          Episode_Reward/action_l2: -0.0259
             Episode_Reward/energy: -0.9851
   Episode_Reward/joint_pos_limits: -0.3483
      Episode_Termination/time_out: 0.8683
  Episode_Termination/torso_height: 0.1317
--------------------------------------------------------------------------------
                   Total timesteps: 6651904
                    Iteration time: 0.42s
                      Time elapsed: 00:02:38
                               ETA: 00:00:37

################################################################################
                      [1m Learning iteration 406/500 [0m                      

                       Computation: 41773 steps/s (collection: 0.300s, learning 0.092s)
             Mean action noise std: 0.20
          Mean value_function loss: 0.1864
               Mean surrogate loss: -0.0042
                 Mean entropy loss: -2.1330
                       Mean reward: 103.97
               Mean episode length: 839.85
           Episode_Reward/progress: 4.9381
              Episode_Reward/alive: 0.3501
            Episode_Reward/upright: 0.0674
     Episode_Reward/move_to_target: 0.3342
          Episode_Reward/action_l2: -0.0184
             Episode_Reward/energy: -0.6911
   Episode_Reward/joint_pos_limits: -0.2575
      Episode_Termination/time_out: 0.8682
  Episode_Termination/torso_height: 0.1318
--------------------------------------------------------------------------------
                   Total timesteps: 6668288
                    Iteration time: 0.39s
                      Time elapsed: 00:02:39
                               ETA: 00:00:36

################################################################################
                      [1m Learning iteration 407/500 [0m                      

                       Computation: 41571 steps/s (collection: 0.295s, learning 0.099s)
             Mean action noise std: 0.20
          Mean value_function loss: 0.1071
               Mean surrogate loss: -0.0057
                 Mean entropy loss: -2.1393
                       Mean reward: 101.90
               Mean episode length: 824.48
           Episode_Reward/progress: 6.3527
              Episode_Reward/alive: 0.4169
            Episode_Reward/upright: 0.0816
     Episode_Reward/move_to_target: 0.4101
          Episode_Reward/action_l2: -0.0231
             Episode_Reward/energy: -0.8654
   Episode_Reward/joint_pos_limits: -0.3045
      Episode_Termination/time_out: 0.8647
  Episode_Termination/torso_height: 0.1353
--------------------------------------------------------------------------------
                   Total timesteps: 6684672
                    Iteration time: 0.39s
                      Time elapsed: 00:02:39
                               ETA: 00:00:36

################################################################################
                      [1m Learning iteration 408/500 [0m                      

                       Computation: 38534 steps/s (collection: 0.320s, learning 0.105s)
             Mean action noise std: 0.20
          Mean value_function loss: 0.1035
               Mean surrogate loss: -0.0036
                 Mean entropy loss: -2.1482
                       Mean reward: 101.59
               Mean episode length: 821.95
           Episode_Reward/progress: 6.8318
              Episode_Reward/alive: 0.4447
            Episode_Reward/upright: 0.0859
     Episode_Reward/move_to_target: 0.4275
          Episode_Reward/action_l2: -0.0250
             Episode_Reward/energy: -0.9293
   Episode_Reward/joint_pos_limits: -0.3274
      Episode_Termination/time_out: 0.8614
  Episode_Termination/torso_height: 0.1386
--------------------------------------------------------------------------------
                   Total timesteps: 6701056
                    Iteration time: 0.43s
                      Time elapsed: 00:02:40
                               ETA: 00:00:36

################################################################################
                      [1m Learning iteration 409/500 [0m                      

                       Computation: 41093 steps/s (collection: 0.297s, learning 0.101s)
             Mean action noise std: 0.20
          Mean value_function loss: 0.1940
               Mean surrogate loss: -0.0027
                 Mean entropy loss: -2.1442
                       Mean reward: 104.25
               Mean episode length: 849.02
           Episode_Reward/progress: 7.4227
              Episode_Reward/alive: 0.4854
            Episode_Reward/upright: 0.0961
     Episode_Reward/move_to_target: 0.4759
          Episode_Reward/action_l2: -0.0256
             Episode_Reward/energy: -0.9889
   Episode_Reward/joint_pos_limits: -0.3537
      Episode_Termination/time_out: 0.8597
  Episode_Termination/torso_height: 0.1403
--------------------------------------------------------------------------------
                   Total timesteps: 6717440
                    Iteration time: 0.40s
                      Time elapsed: 00:02:40
                               ETA: 00:00:35

################################################################################
                      [1m Learning iteration 410/500 [0m                      

                       Computation: 40123 steps/s (collection: 0.316s, learning 0.092s)
             Mean action noise std: 0.20
          Mean value_function loss: 0.1313
               Mean surrogate loss: -0.0039
                 Mean entropy loss: -2.1473
                       Mean reward: 103.61
               Mean episode length: 835.46
           Episode_Reward/progress: 6.8261
              Episode_Reward/alive: 0.4066
            Episode_Reward/upright: 0.0795
     Episode_Reward/move_to_target: 0.3988
          Episode_Reward/action_l2: -0.0218
             Episode_Reward/energy: -0.8386
   Episode_Reward/joint_pos_limits: -0.2929
      Episode_Termination/time_out: 0.8577
  Episode_Termination/torso_height: 0.1423
--------------------------------------------------------------------------------
                   Total timesteps: 6733824
                    Iteration time: 0.41s
                      Time elapsed: 00:02:40
                               ETA: 00:00:35

################################################################################
                      [1m Learning iteration 411/500 [0m                      

                       Computation: 40524 steps/s (collection: 0.307s, learning 0.098s)
             Mean action noise std: 0.20
          Mean value_function loss: 0.1563
               Mean surrogate loss: -0.0045
                 Mean entropy loss: -2.1603
                       Mean reward: 106.16
               Mean episode length: 856.47
           Episode_Reward/progress: 7.5961
              Episode_Reward/alive: 0.4931
            Episode_Reward/upright: 0.0980
     Episode_Reward/move_to_target: 0.4813
          Episode_Reward/action_l2: -0.0272
             Episode_Reward/energy: -1.0299
   Episode_Reward/joint_pos_limits: -0.3602
      Episode_Termination/time_out: 0.8534
  Episode_Termination/torso_height: 0.1466
--------------------------------------------------------------------------------
                   Total timesteps: 6750208
                    Iteration time: 0.40s
                      Time elapsed: 00:02:41
                               ETA: 00:00:34

################################################################################
                      [1m Learning iteration 412/500 [0m                      

                       Computation: 41227 steps/s (collection: 0.299s, learning 0.099s)
             Mean action noise std: 0.20
          Mean value_function loss: 0.1023
               Mean surrogate loss: -0.0061
                 Mean entropy loss: -2.1796
                       Mean reward: 108.37
               Mean episode length: 867.00
           Episode_Reward/progress: 7.9962
              Episode_Reward/alive: 0.5000
            Episode_Reward/upright: 0.1000
     Episode_Reward/move_to_target: 0.4954
          Episode_Reward/action_l2: -0.0272
             Episode_Reward/energy: -1.0509
   Episode_Reward/joint_pos_limits: -0.3570
      Episode_Termination/time_out: 0.8584
  Episode_Termination/torso_height: 0.1416
--------------------------------------------------------------------------------
                   Total timesteps: 6766592
                    Iteration time: 0.40s
                      Time elapsed: 00:02:41
                               ETA: 00:00:34

################################################################################
                      [1m Learning iteration 413/500 [0m                      

                       Computation: 38277 steps/s (collection: 0.344s, learning 0.084s)
             Mean action noise std: 0.20
          Mean value_function loss: 0.1138
               Mean surrogate loss: -0.0036
                 Mean entropy loss: -2.2002
                       Mean reward: 109.58
               Mean episode length: 869.31
           Episode_Reward/progress: 7.2435
              Episode_Reward/alive: 0.4458
            Episode_Reward/upright: 0.0879
     Episode_Reward/move_to_target: 0.4438
          Episode_Reward/action_l2: -0.0247
             Episode_Reward/energy: -0.9413
   Episode_Reward/joint_pos_limits: -0.3205
      Episode_Termination/time_out: 0.8625
  Episode_Termination/torso_height: 0.1375
--------------------------------------------------------------------------------
                   Total timesteps: 6782976
                    Iteration time: 0.43s
                      Time elapsed: 00:02:42
                               ETA: 00:00:34

################################################################################
                      [1m Learning iteration 414/500 [0m                      

                       Computation: 40931 steps/s (collection: 0.306s, learning 0.095s)
             Mean action noise std: 0.20
          Mean value_function loss: 0.1288
               Mean surrogate loss: -0.0063
                 Mean entropy loss: -2.2145
                       Mean reward: 108.93
               Mean episode length: 876.43
           Episode_Reward/progress: 7.0280
              Episode_Reward/alive: 0.4727
            Episode_Reward/upright: 0.0931
     Episode_Reward/move_to_target: 0.4629
          Episode_Reward/action_l2: -0.0255
             Episode_Reward/energy: -0.9675
   Episode_Reward/joint_pos_limits: -0.3465
      Episode_Termination/time_out: 0.8597
  Episode_Termination/torso_height: 0.1403
--------------------------------------------------------------------------------
                   Total timesteps: 6799360
                    Iteration time: 0.40s
                      Time elapsed: 00:02:42
                               ETA: 00:00:33

################################################################################
                      [1m Learning iteration 415/500 [0m                      

                       Computation: 39894 steps/s (collection: 0.314s, learning 0.097s)
             Mean action noise std: 0.20
          Mean value_function loss: 0.0932
               Mean surrogate loss: -0.0036
                 Mean entropy loss: -2.2195
                       Mean reward: 106.13
               Mean episode length: 857.45
           Episode_Reward/progress: 6.1513
              Episode_Reward/alive: 0.3997
            Episode_Reward/upright: 0.0777
     Episode_Reward/move_to_target: 0.3931
          Episode_Reward/action_l2: -0.0215
             Episode_Reward/energy: -0.8044
   Episode_Reward/joint_pos_limits: -0.2968
      Episode_Termination/time_out: 0.8516
  Episode_Termination/torso_height: 0.1484
--------------------------------------------------------------------------------
                   Total timesteps: 6815744
                    Iteration time: 0.41s
                      Time elapsed: 00:02:42
                               ETA: 00:00:33

################################################################################
                      [1m Learning iteration 416/500 [0m                      

                       Computation: 42645 steps/s (collection: 0.308s, learning 0.076s)
             Mean action noise std: 0.20
          Mean value_function loss: 0.1457
               Mean surrogate loss: -0.0049
                 Mean entropy loss: -2.2367
                       Mean reward: 108.89
               Mean episode length: 870.84
           Episode_Reward/progress: 6.6788
              Episode_Reward/alive: 0.4111
            Episode_Reward/upright: 0.0803
     Episode_Reward/move_to_target: 0.3977
          Episode_Reward/action_l2: -0.0233
             Episode_Reward/energy: -0.8737
   Episode_Reward/joint_pos_limits: -0.3031
      Episode_Termination/time_out: 0.8505
  Episode_Termination/torso_height: 0.1495
--------------------------------------------------------------------------------
                   Total timesteps: 6832128
                    Iteration time: 0.38s
                      Time elapsed: 00:02:43
                               ETA: 00:00:32

################################################################################
                      [1m Learning iteration 417/500 [0m                      

                       Computation: 39647 steps/s (collection: 0.317s, learning 0.096s)
             Mean action noise std: 0.20
          Mean value_function loss: 0.1520
               Mean surrogate loss: -0.0060
                 Mean entropy loss: -2.2433
                       Mean reward: 108.78
               Mean episode length: 870.58
           Episode_Reward/progress: 7.2406
              Episode_Reward/alive: 0.4910
            Episode_Reward/upright: 0.0974
     Episode_Reward/move_to_target: 0.4579
          Episode_Reward/action_l2: -0.0261
             Episode_Reward/energy: -0.9536
   Episode_Reward/joint_pos_limits: -0.3725
      Episode_Termination/time_out: 0.8568
  Episode_Termination/torso_height: 0.1432
--------------------------------------------------------------------------------
                   Total timesteps: 6848512
                    Iteration time: 0.41s
                      Time elapsed: 00:02:43
                               ETA: 00:00:32

################################################################################
                      [1m Learning iteration 418/500 [0m                      

                       Computation: 41420 steps/s (collection: 0.316s, learning 0.080s)
             Mean action noise std: 0.20
          Mean value_function loss: 0.1676
               Mean surrogate loss: -0.0058
                 Mean entropy loss: -2.2414
                       Mean reward: 107.08
               Mean episode length: 862.90
           Episode_Reward/progress: 7.0159
              Episode_Reward/alive: 0.4486
            Episode_Reward/upright: 0.0875
     Episode_Reward/move_to_target: 0.4377
          Episode_Reward/action_l2: -0.0248
             Episode_Reward/energy: -0.9352
   Episode_Reward/joint_pos_limits: -0.3262
      Episode_Termination/time_out: 0.8580
  Episode_Termination/torso_height: 0.1420
--------------------------------------------------------------------------------
                   Total timesteps: 6864896
                    Iteration time: 0.40s
                      Time elapsed: 00:02:44
                               ETA: 00:00:32

################################################################################
                      [1m Learning iteration 419/500 [0m                      

                       Computation: 40503 steps/s (collection: 0.308s, learning 0.097s)
             Mean action noise std: 0.20
          Mean value_function loss: 0.1822
               Mean surrogate loss: -0.0048
                 Mean entropy loss: -2.2403
                       Mean reward: 102.27
               Mean episode length: 820.45
           Episode_Reward/progress: 5.9718
              Episode_Reward/alive: 0.3834
            Episode_Reward/upright: 0.0743
     Episode_Reward/move_to_target: 0.3765
          Episode_Reward/action_l2: -0.0214
             Episode_Reward/energy: -0.7972
   Episode_Reward/joint_pos_limits: -0.2824
      Episode_Termination/time_out: 0.8594
  Episode_Termination/torso_height: 0.1406
--------------------------------------------------------------------------------
                   Total timesteps: 6881280
                    Iteration time: 0.40s
                      Time elapsed: 00:02:44
                               ETA: 00:00:31

################################################################################
                      [1m Learning iteration 420/500 [0m                      

                       Computation: 39003 steps/s (collection: 0.323s, learning 0.097s)
             Mean action noise std: 0.19
          Mean value_function loss: 0.1419
               Mean surrogate loss: -0.0041
                 Mean entropy loss: -2.2597
                       Mean reward: 105.79
               Mean episode length: 847.97
           Episode_Reward/progress: 7.4406
              Episode_Reward/alive: 0.4734
            Episode_Reward/upright: 0.0929
     Episode_Reward/move_to_target: 0.4685
          Episode_Reward/action_l2: -0.0260
             Episode_Reward/energy: -0.9819
   Episode_Reward/joint_pos_limits: -0.3436
      Episode_Termination/time_out: 0.8516
  Episode_Termination/torso_height: 0.1484
--------------------------------------------------------------------------------
                   Total timesteps: 6897664
                    Iteration time: 0.42s
                      Time elapsed: 00:02:44
                               ETA: 00:00:31

################################################################################
                      [1m Learning iteration 421/500 [0m                      

                       Computation: 40962 steps/s (collection: 0.301s, learning 0.099s)
             Mean action noise std: 0.19
          Mean value_function loss: 0.1721
               Mean surrogate loss: -0.0047
                 Mean entropy loss: -2.2733
                       Mean reward: 105.69
               Mean episode length: 849.04
           Episode_Reward/progress: 7.5008
              Episode_Reward/alive: 0.4834
            Episode_Reward/upright: 0.0950
     Episode_Reward/move_to_target: 0.4729
          Episode_Reward/action_l2: -0.0261
             Episode_Reward/energy: -0.9902
   Episode_Reward/joint_pos_limits: -0.3503
      Episode_Termination/time_out: 0.8508
  Episode_Termination/torso_height: 0.1492
--------------------------------------------------------------------------------
                   Total timesteps: 6914048
                    Iteration time: 0.40s
                      Time elapsed: 00:02:45
                               ETA: 00:00:30

################################################################################
                      [1m Learning iteration 422/500 [0m                      

                       Computation: 39360 steps/s (collection: 0.316s, learning 0.101s)
             Mean action noise std: 0.19
          Mean value_function loss: 0.1332
               Mean surrogate loss: -0.0046
                 Mean entropy loss: -2.2728
                       Mean reward: 105.57
               Mean episode length: 847.72
           Episode_Reward/progress: 7.0718
              Episode_Reward/alive: 0.4598
            Episode_Reward/upright: 0.0901
     Episode_Reward/move_to_target: 0.4476
          Episode_Reward/action_l2: -0.0260
             Episode_Reward/energy: -0.9644
   Episode_Reward/joint_pos_limits: -0.3350
      Episode_Termination/time_out: 0.8475
  Episode_Termination/torso_height: 0.1525
--------------------------------------------------------------------------------
                   Total timesteps: 6930432
                    Iteration time: 0.42s
                      Time elapsed: 00:02:45
                               ETA: 00:00:30

################################################################################
                      [1m Learning iteration 423/500 [0m                      

                       Computation: 40467 steps/s (collection: 0.316s, learning 0.089s)
             Mean action noise std: 0.19
          Mean value_function loss: 0.1186
               Mean surrogate loss: -0.0063
                 Mean entropy loss: -2.2900
                       Mean reward: 106.43
               Mean episode length: 856.65
           Episode_Reward/progress: 7.4434
              Episode_Reward/alive: 0.4680
            Episode_Reward/upright: 0.0925
     Episode_Reward/move_to_target: 0.4454
          Episode_Reward/action_l2: -0.0261
             Episode_Reward/energy: -0.9623
   Episode_Reward/joint_pos_limits: -0.3421
      Episode_Termination/time_out: 0.8472
  Episode_Termination/torso_height: 0.1528
--------------------------------------------------------------------------------
                   Total timesteps: 6946816
                    Iteration time: 0.40s
                      Time elapsed: 00:02:46
                               ETA: 00:00:30

################################################################################
                      [1m Learning iteration 424/500 [0m                      

                       Computation: 41875 steps/s (collection: 0.312s, learning 0.079s)
             Mean action noise std: 0.19
          Mean value_function loss: 0.0956
               Mean surrogate loss: -0.0020
                 Mean entropy loss: -2.3079
                       Mean reward: 111.45
               Mean episode length: 881.34
           Episode_Reward/progress: 8.2551
              Episode_Reward/alive: 0.4868
            Episode_Reward/upright: 0.0960
     Episode_Reward/move_to_target: 0.4787
          Episode_Reward/action_l2: -0.0277
             Episode_Reward/energy: -1.0495
   Episode_Reward/joint_pos_limits: -0.3515
      Episode_Termination/time_out: 0.8462
  Episode_Termination/torso_height: 0.1538
--------------------------------------------------------------------------------
                   Total timesteps: 6963200
                    Iteration time: 0.39s
                      Time elapsed: 00:02:46
                               ETA: 00:00:29

################################################################################
                      [1m Learning iteration 425/500 [0m                      

                       Computation: 43894 steps/s (collection: 0.294s, learning 0.080s)
             Mean action noise std: 0.19
          Mean value_function loss: 0.1658
               Mean surrogate loss: -0.0058
                 Mean entropy loss: -2.3165
                       Mean reward: 109.97
               Mean episode length: 873.41
           Episode_Reward/progress: 7.0414
              Episode_Reward/alive: 0.4596
            Episode_Reward/upright: 0.0894
     Episode_Reward/move_to_target: 0.4545
          Episode_Reward/action_l2: -0.0255
             Episode_Reward/energy: -0.9510
   Episode_Reward/joint_pos_limits: -0.3332
      Episode_Termination/time_out: 0.8477
  Episode_Termination/torso_height: 0.1523
--------------------------------------------------------------------------------
                   Total timesteps: 6979584
                    Iteration time: 0.37s
                      Time elapsed: 00:02:46
                               ETA: 00:00:29

################################################################################
                      [1m Learning iteration 426/500 [0m                      

                       Computation: 42734 steps/s (collection: 0.291s, learning 0.092s)
             Mean action noise std: 0.19
          Mean value_function loss: 0.1607
               Mean surrogate loss: -0.0048
                 Mean entropy loss: -2.3230
                       Mean reward: 106.80
               Mean episode length: 852.26
           Episode_Reward/progress: 6.4730
              Episode_Reward/alive: 0.4172
            Episode_Reward/upright: 0.0808
     Episode_Reward/move_to_target: 0.3989
          Episode_Reward/action_l2: -0.0238
             Episode_Reward/energy: -0.8703
   Episode_Reward/joint_pos_limits: -0.3149
      Episode_Termination/time_out: 0.8461
  Episode_Termination/torso_height: 0.1539
--------------------------------------------------------------------------------
                   Total timesteps: 6995968
                    Iteration time: 0.38s
                      Time elapsed: 00:02:47
                               ETA: 00:00:29

################################################################################
                      [1m Learning iteration 427/500 [0m                      

                       Computation: 39702 steps/s (collection: 0.313s, learning 0.100s)
             Mean action noise std: 0.19
          Mean value_function loss: 0.1941
               Mean surrogate loss: -0.0044
                 Mean entropy loss: -2.3306
                       Mean reward: 110.33
               Mean episode length: 876.95
           Episode_Reward/progress: 8.0962
              Episode_Reward/alive: 0.4938
            Episode_Reward/upright: 0.0984
     Episode_Reward/move_to_target: 0.4883
          Episode_Reward/action_l2: -0.0284
             Episode_Reward/energy: -1.0749
   Episode_Reward/joint_pos_limits: -0.3537
      Episode_Termination/time_out: 0.8447
  Episode_Termination/torso_height: 0.1553
--------------------------------------------------------------------------------
                   Total timesteps: 7012352
                    Iteration time: 0.41s
                      Time elapsed: 00:02:47
                               ETA: 00:00:28

################################################################################
                      [1m Learning iteration 428/500 [0m                      

                       Computation: 42212 steps/s (collection: 0.315s, learning 0.073s)
             Mean action noise std: 0.19
          Mean value_function loss: 0.1478
               Mean surrogate loss: -0.0025
                 Mean entropy loss: -2.3401
                       Mean reward: 105.24
               Mean episode length: 842.91
           Episode_Reward/progress: 6.5940
              Episode_Reward/alive: 0.4229
            Episode_Reward/upright: 0.0826
     Episode_Reward/move_to_target: 0.4099
          Episode_Reward/action_l2: -0.0233
             Episode_Reward/energy: -0.8569
   Episode_Reward/joint_pos_limits: -0.3110
      Episode_Termination/time_out: 0.8439
  Episode_Termination/torso_height: 0.1561
--------------------------------------------------------------------------------
                   Total timesteps: 7028736
                    Iteration time: 0.39s
                      Time elapsed: 00:02:48
                               ETA: 00:00:28

################################################################################
                      [1m Learning iteration 429/500 [0m                      

                       Computation: 43244 steps/s (collection: 0.302s, learning 0.077s)
             Mean action noise std: 0.19
          Mean value_function loss: 0.1257
               Mean surrogate loss: -0.0039
                 Mean entropy loss: -2.3427
                       Mean reward: 106.47
               Mean episode length: 848.80
           Episode_Reward/progress: 7.0439
              Episode_Reward/alive: 0.4387
            Episode_Reward/upright: 0.0865
     Episode_Reward/move_to_target: 0.4290
          Episode_Reward/action_l2: -0.0251
             Episode_Reward/energy: -0.9233
   Episode_Reward/joint_pos_limits: -0.3198
      Episode_Termination/time_out: 0.8380
  Episode_Termination/torso_height: 0.1620
--------------------------------------------------------------------------------
                   Total timesteps: 7045120
                    Iteration time: 0.38s
                      Time elapsed: 00:02:48
                               ETA: 00:00:27

################################################################################
                      [1m Learning iteration 430/500 [0m                      

                       Computation: 42762 steps/s (collection: 0.307s, learning 0.076s)
             Mean action noise std: 0.19
          Mean value_function loss: 0.1566
               Mean surrogate loss: -0.0044
                 Mean entropy loss: -2.3462
                       Mean reward: 108.14
               Mean episode length: 851.14
           Episode_Reward/progress: 6.6435
              Episode_Reward/alive: 0.4058
            Episode_Reward/upright: 0.0796
     Episode_Reward/move_to_target: 0.3974
          Episode_Reward/action_l2: -0.0232
             Episode_Reward/energy: -0.8590
   Episode_Reward/joint_pos_limits: -0.2957
      Episode_Termination/time_out: 0.8363
  Episode_Termination/torso_height: 0.1637
--------------------------------------------------------------------------------
                   Total timesteps: 7061504
                    Iteration time: 0.38s
                      Time elapsed: 00:02:48
                               ETA: 00:00:27

################################################################################
                      [1m Learning iteration 431/500 [0m                      

                       Computation: 41190 steps/s (collection: 0.299s, learning 0.099s)
             Mean action noise std: 0.19
          Mean value_function loss: 0.1483
               Mean surrogate loss: -0.0035
                 Mean entropy loss: -2.3558
                       Mean reward: 107.86
               Mean episode length: 847.18
           Episode_Reward/progress: 7.6512
              Episode_Reward/alive: 0.4610
            Episode_Reward/upright: 0.0916
     Episode_Reward/move_to_target: 0.4506
          Episode_Reward/action_l2: -0.0261
             Episode_Reward/energy: -0.9809
   Episode_Reward/joint_pos_limits: -0.3375
      Episode_Termination/time_out: 0.8364
  Episode_Termination/torso_height: 0.1636
--------------------------------------------------------------------------------
                   Total timesteps: 7077888
                    Iteration time: 0.40s
                      Time elapsed: 00:02:49
                               ETA: 00:00:27

################################################################################
                      [1m Learning iteration 432/500 [0m                      

                       Computation: 41534 steps/s (collection: 0.299s, learning 0.095s)
             Mean action noise std: 0.19
          Mean value_function loss: 0.1238
               Mean surrogate loss: 0.0018
                 Mean entropy loss: -2.3662
                       Mean reward: 106.15
               Mean episode length: 848.36
           Episode_Reward/progress: 7.0105
              Episode_Reward/alive: 0.4610
            Episode_Reward/upright: 0.0903
     Episode_Reward/move_to_target: 0.4324
          Episode_Reward/action_l2: -0.0259
             Episode_Reward/energy: -0.9306
   Episode_Reward/joint_pos_limits: -0.3417
      Episode_Termination/time_out: 0.8370
  Episode_Termination/torso_height: 0.1630
--------------------------------------------------------------------------------
                   Total timesteps: 7094272
                    Iteration time: 0.39s
                      Time elapsed: 00:02:49
                               ETA: 00:00:26

################################################################################
                      [1m Learning iteration 433/500 [0m                      

                       Computation: 42305 steps/s (collection: 0.296s, learning 0.091s)
             Mean action noise std: 0.19
          Mean value_function loss: 0.0925
               Mean surrogate loss: -0.0024
                 Mean entropy loss: -2.3737
                       Mean reward: 106.77
               Mean episode length: 854.11
           Episode_Reward/progress: 6.9110
              Episode_Reward/alive: 0.4146
            Episode_Reward/upright: 0.0809
     Episode_Reward/move_to_target: 0.4034
          Episode_Reward/action_l2: -0.0234
             Episode_Reward/energy: -0.8927
   Episode_Reward/joint_pos_limits: -0.2959
      Episode_Termination/time_out: 0.8367
  Episode_Termination/torso_height: 0.1633
--------------------------------------------------------------------------------
                   Total timesteps: 7110656
                    Iteration time: 0.39s
                      Time elapsed: 00:02:50
                               ETA: 00:00:26

################################################################################
                      [1m Learning iteration 434/500 [0m                      

                       Computation: 42464 steps/s (collection: 0.288s, learning 0.098s)
             Mean action noise std: 0.19
          Mean value_function loss: 0.1048
               Mean surrogate loss: -0.0037
                 Mean entropy loss: -2.3908
                       Mean reward: 107.60
               Mean episode length: 859.07
           Episode_Reward/progress: 7.8710
              Episode_Reward/alive: 0.5000
            Episode_Reward/upright: 0.0977
     Episode_Reward/move_to_target: 0.4870
          Episode_Reward/action_l2: -0.0277
             Episode_Reward/energy: -1.0155
   Episode_Reward/joint_pos_limits: -0.3654
      Episode_Termination/time_out: 0.8406
  Episode_Termination/torso_height: 0.1594
--------------------------------------------------------------------------------
                   Total timesteps: 7127040
                    Iteration time: 0.39s
                      Time elapsed: 00:02:50
                               ETA: 00:00:25

################################################################################
                      [1m Learning iteration 435/500 [0m                      

                       Computation: 41517 steps/s (collection: 0.318s, learning 0.077s)
             Mean action noise std: 0.19
          Mean value_function loss: 0.1452
               Mean surrogate loss: -0.0040
                 Mean entropy loss: -2.4052
                       Mean reward: 114.01
               Mean episode length: 892.83
           Episode_Reward/progress: 8.2517
              Episode_Reward/alive: 0.4895
            Episode_Reward/upright: 0.0973
     Episode_Reward/move_to_target: 0.4855
          Episode_Reward/action_l2: -0.0277
             Episode_Reward/energy: -1.0488
   Episode_Reward/joint_pos_limits: -0.3502
      Episode_Termination/time_out: 0.8412
  Episode_Termination/torso_height: 0.1588
--------------------------------------------------------------------------------
                   Total timesteps: 7143424
                    Iteration time: 0.39s
                      Time elapsed: 00:02:50
                               ETA: 00:00:25

################################################################################
                      [1m Learning iteration 436/500 [0m                      

                       Computation: 41978 steps/s (collection: 0.293s, learning 0.097s)
             Mean action noise std: 0.19
          Mean value_function loss: 0.1939
               Mean surrogate loss: -0.0030
                 Mean entropy loss: -2.3986
                       Mean reward: 108.01
               Mean episode length: 853.95
           Episode_Reward/progress: 5.9987
              Episode_Reward/alive: 0.3794
            Episode_Reward/upright: 0.0737
     Episode_Reward/move_to_target: 0.3714
          Episode_Reward/action_l2: -0.0213
             Episode_Reward/energy: -0.7964
   Episode_Reward/joint_pos_limits: -0.2731
      Episode_Termination/time_out: 0.8419
  Episode_Termination/torso_height: 0.1581
--------------------------------------------------------------------------------
                   Total timesteps: 7159808
                    Iteration time: 0.39s
                      Time elapsed: 00:02:51
                               ETA: 00:00:25

################################################################################
                      [1m Learning iteration 437/500 [0m                      

                       Computation: 40564 steps/s (collection: 0.307s, learning 0.097s)
             Mean action noise std: 0.19
          Mean value_function loss: 0.1095
               Mean surrogate loss: -0.0019
                 Mean entropy loss: -2.3959
                       Mean reward: 109.32
               Mean episode length: 865.36
           Episode_Reward/progress: 6.2991
              Episode_Reward/alive: 0.3942
            Episode_Reward/upright: 0.0768
     Episode_Reward/move_to_target: 0.3861
          Episode_Reward/action_l2: -0.0225
             Episode_Reward/energy: -0.8279
   Episode_Reward/joint_pos_limits: -0.2844
      Episode_Termination/time_out: 0.8397
  Episode_Termination/torso_height: 0.1603
--------------------------------------------------------------------------------
                   Total timesteps: 7176192
                    Iteration time: 0.40s
                      Time elapsed: 00:02:51
                               ETA: 00:00:24

################################################################################
                      [1m Learning iteration 438/500 [0m                      

                       Computation: 39942 steps/s (collection: 0.308s, learning 0.102s)
             Mean action noise std: 0.19
          Mean value_function loss: 0.1175
               Mean surrogate loss: -0.0031
                 Mean entropy loss: -2.3984
                       Mean reward: 112.16
               Mean episode length: 870.73
           Episode_Reward/progress: 8.1926
              Episode_Reward/alive: 0.5000
            Episode_Reward/upright: 0.0996
     Episode_Reward/move_to_target: 0.4925
          Episode_Reward/action_l2: -0.0284
             Episode_Reward/energy: -1.0556
   Episode_Reward/joint_pos_limits: -0.3587
      Episode_Termination/time_out: 0.8399
  Episode_Termination/torso_height: 0.1601
--------------------------------------------------------------------------------
                   Total timesteps: 7192576
                    Iteration time: 0.41s
                      Time elapsed: 00:02:52
                               ETA: 00:00:24

################################################################################
                      [1m Learning iteration 439/500 [0m                      

                       Computation: 40227 steps/s (collection: 0.311s, learning 0.096s)
             Mean action noise std: 0.19
          Mean value_function loss: 0.1044
               Mean surrogate loss: -0.0049
                 Mean entropy loss: -2.3961
                       Mean reward: 111.33
               Mean episode length: 860.72
           Episode_Reward/progress: 6.9369
              Episode_Reward/alive: 0.4231
            Episode_Reward/upright: 0.0823
     Episode_Reward/move_to_target: 0.4151
          Episode_Reward/action_l2: -0.0239
             Episode_Reward/energy: -0.8898
   Episode_Reward/joint_pos_limits: -0.3052
      Episode_Termination/time_out: 0.8423
  Episode_Termination/torso_height: 0.1577
--------------------------------------------------------------------------------
                   Total timesteps: 7208960
                    Iteration time: 0.41s
                      Time elapsed: 00:02:52
                               ETA: 00:00:23

################################################################################
                      [1m Learning iteration 440/500 [0m                      

                       Computation: 39712 steps/s (collection: 0.312s, learning 0.100s)
             Mean action noise std: 0.19
          Mean value_function loss: 0.0831
               Mean surrogate loss: -0.0031
                 Mean entropy loss: -2.3989
                       Mean reward: 111.71
               Mean episode length: 858.43
           Episode_Reward/progress: 8.3599
              Episode_Reward/alive: 0.4929
            Episode_Reward/upright: 0.0982
     Episode_Reward/move_to_target: 0.4871
          Episode_Reward/action_l2: -0.0279
             Episode_Reward/energy: -1.0487
   Episode_Reward/joint_pos_limits: -0.3515
      Episode_Termination/time_out: 0.8459
  Episode_Termination/torso_height: 0.1541
--------------------------------------------------------------------------------
                   Total timesteps: 7225344
                    Iteration time: 0.41s
                      Time elapsed: 00:02:52
                               ETA: 00:00:23

################################################################################
                      [1m Learning iteration 441/500 [0m                      

                       Computation: 41315 steps/s (collection: 0.300s, learning 0.097s)
             Mean action noise std: 0.19
          Mean value_function loss: 0.1141
               Mean surrogate loss: 0.0000
                 Mean entropy loss: -2.4103
                       Mean reward: 108.20
               Mean episode length: 851.99
           Episode_Reward/progress: 6.8280
              Episode_Reward/alive: 0.4699
            Episode_Reward/upright: 0.0919
     Episode_Reward/move_to_target: 0.4520
          Episode_Reward/action_l2: -0.0254
             Episode_Reward/energy: -0.9182
   Episode_Reward/joint_pos_limits: -0.3443
      Episode_Termination/time_out: 0.8524
  Episode_Termination/torso_height: 0.1476
--------------------------------------------------------------------------------
                   Total timesteps: 7241728
                    Iteration time: 0.40s
                      Time elapsed: 00:02:53
                               ETA: 00:00:23

################################################################################
                      [1m Learning iteration 442/500 [0m                      

                       Computation: 41554 steps/s (collection: 0.298s, learning 0.096s)
             Mean action noise std: 0.19
          Mean value_function loss: 0.1338
               Mean surrogate loss: -0.0032
                 Mean entropy loss: -2.4250
                       Mean reward: 109.87
               Mean episode length: 863.72
           Episode_Reward/progress: 5.5795
              Episode_Reward/alive: 0.3616
            Episode_Reward/upright: 0.0704
     Episode_Reward/move_to_target: 0.3503
          Episode_Reward/action_l2: -0.0200
             Episode_Reward/energy: -0.7339
   Episode_Reward/joint_pos_limits: -0.2607
      Episode_Termination/time_out: 0.8488
  Episode_Termination/torso_height: 0.1512
--------------------------------------------------------------------------------
                   Total timesteps: 7258112
                    Iteration time: 0.39s
                      Time elapsed: 00:02:53
                               ETA: 00:00:22

################################################################################
                      [1m Learning iteration 443/500 [0m                      

                       Computation: 41550 steps/s (collection: 0.300s, learning 0.094s)
             Mean action noise std: 0.19
          Mean value_function loss: 0.2041
               Mean surrogate loss: -0.0001
                 Mean entropy loss: -2.4375
                       Mean reward: 110.28
               Mean episode length: 868.29
           Episode_Reward/progress: 7.8648
              Episode_Reward/alive: 0.4784
            Episode_Reward/upright: 0.0948
     Episode_Reward/move_to_target: 0.4760
          Episode_Reward/action_l2: -0.0271
             Episode_Reward/energy: -1.0131
   Episode_Reward/joint_pos_limits: -0.3379
      Episode_Termination/time_out: 0.8459
  Episode_Termination/torso_height: 0.1541
--------------------------------------------------------------------------------
                   Total timesteps: 7274496
                    Iteration time: 0.39s
                      Time elapsed: 00:02:54
                               ETA: 00:00:22

################################################################################
                      [1m Learning iteration 444/500 [0m                      

                       Computation: 38532 steps/s (collection: 0.326s, learning 0.099s)
             Mean action noise std: 0.19
          Mean value_function loss: 0.1800
               Mean surrogate loss: -0.0045
                 Mean entropy loss: -2.4619
                       Mean reward: 106.72
               Mean episode length: 844.62
           Episode_Reward/progress: 7.0938
              Episode_Reward/alive: 0.4607
            Episode_Reward/upright: 0.0899
     Episode_Reward/move_to_target: 0.4557
          Episode_Reward/action_l2: -0.0253
             Episode_Reward/energy: -0.9314
   Episode_Reward/joint_pos_limits: -0.3321
      Episode_Termination/time_out: 0.8428
  Episode_Termination/torso_height: 0.1572
--------------------------------------------------------------------------------
                   Total timesteps: 7290880
                    Iteration time: 0.43s
                      Time elapsed: 00:02:54
                               ETA: 00:00:21

################################################################################
                      [1m Learning iteration 445/500 [0m                      

                       Computation: 41388 steps/s (collection: 0.308s, learning 0.088s)
             Mean action noise std: 0.19
          Mean value_function loss: 0.1923
               Mean surrogate loss: -0.0032
                 Mean entropy loss: -2.4864
                       Mean reward: 108.26
               Mean episode length: 862.68
           Episode_Reward/progress: 7.4029
              Episode_Reward/alive: 0.4720
            Episode_Reward/upright: 0.0927
     Episode_Reward/move_to_target: 0.4618
          Episode_Reward/action_l2: -0.0258
             Episode_Reward/energy: -0.9401
   Episode_Reward/joint_pos_limits: -0.3430
      Episode_Termination/time_out: 0.8404
  Episode_Termination/torso_height: 0.1596
--------------------------------------------------------------------------------
                   Total timesteps: 7307264
                    Iteration time: 0.40s
                      Time elapsed: 00:02:54
                               ETA: 00:00:21

################################################################################
                      [1m Learning iteration 446/500 [0m                      

                       Computation: 42285 steps/s (collection: 0.306s, learning 0.082s)
             Mean action noise std: 0.19
          Mean value_function loss: 0.1358
               Mean surrogate loss: -0.0036
                 Mean entropy loss: -2.4927
                       Mean reward: 107.72
               Mean episode length: 856.63
           Episode_Reward/progress: 7.6976
              Episode_Reward/alive: 0.4676
            Episode_Reward/upright: 0.0924
     Episode_Reward/move_to_target: 0.4608
          Episode_Reward/action_l2: -0.0264
             Episode_Reward/energy: -0.9809
   Episode_Reward/joint_pos_limits: -0.3346
      Episode_Termination/time_out: 0.8409
  Episode_Termination/torso_height: 0.1591
--------------------------------------------------------------------------------
                   Total timesteps: 7323648
                    Iteration time: 0.39s
                      Time elapsed: 00:02:55
                               ETA: 00:00:21

################################################################################
                      [1m Learning iteration 447/500 [0m                      

                       Computation: 41349 steps/s (collection: 0.316s, learning 0.080s)
             Mean action noise std: 0.19
          Mean value_function loss: 0.1493
               Mean surrogate loss: -0.0003
                 Mean entropy loss: -2.5002
                       Mean reward: 104.71
               Mean episode length: 824.66
           Episode_Reward/progress: 6.5103
              Episode_Reward/alive: 0.4018
            Episode_Reward/upright: 0.0778
     Episode_Reward/move_to_target: 0.3920
          Episode_Reward/action_l2: -0.0226
             Episode_Reward/energy: -0.8205
   Episode_Reward/joint_pos_limits: -0.2921
      Episode_Termination/time_out: 0.8358
  Episode_Termination/torso_height: 0.1642
--------------------------------------------------------------------------------
                   Total timesteps: 7340032
                    Iteration time: 0.40s
                      Time elapsed: 00:02:55
                               ETA: 00:00:20

################################################################################
                      [1m Learning iteration 448/500 [0m                      

                       Computation: 41738 steps/s (collection: 0.317s, learning 0.076s)
             Mean action noise std: 0.19
          Mean value_function loss: 0.1981
               Mean surrogate loss: -0.0057
                 Mean entropy loss: -2.5012
                       Mean reward: 105.27
               Mean episode length: 827.31
           Episode_Reward/progress: 5.9645
              Episode_Reward/alive: 0.3748
            Episode_Reward/upright: 0.0727
     Episode_Reward/move_to_target: 0.3678
          Episode_Reward/action_l2: -0.0211
             Episode_Reward/energy: -0.7710
   Episode_Reward/joint_pos_limits: -0.2706
      Episode_Termination/time_out: 0.8372
  Episode_Termination/torso_height: 0.1628
--------------------------------------------------------------------------------
                   Total timesteps: 7356416
                    Iteration time: 0.39s
                      Time elapsed: 00:02:56
                               ETA: 00:00:20

################################################################################
                      [1m Learning iteration 449/500 [0m                      

                       Computation: 39875 steps/s (collection: 0.313s, learning 0.098s)
             Mean action noise std: 0.19
          Mean value_function loss: 0.1026
               Mean surrogate loss: -0.0043
                 Mean entropy loss: -2.4994
                       Mean reward: 105.31
               Mean episode length: 825.07
           Episode_Reward/progress: 7.4603
              Episode_Reward/alive: 0.4532
            Episode_Reward/upright: 0.0893
     Episode_Reward/move_to_target: 0.4481
          Episode_Reward/action_l2: -0.0257
             Episode_Reward/energy: -0.9494
   Episode_Reward/joint_pos_limits: -0.3242
      Episode_Termination/time_out: 0.8387
  Episode_Termination/torso_height: 0.1613
--------------------------------------------------------------------------------
                   Total timesteps: 7372800
                    Iteration time: 0.41s
                      Time elapsed: 00:02:56
                               ETA: 00:00:20

################################################################################
                      [1m Learning iteration 450/500 [0m                      

                       Computation: 41980 steps/s (collection: 0.312s, learning 0.079s)
             Mean action noise std: 0.19
          Mean value_function loss: 0.1160
               Mean surrogate loss: -0.0060
                 Mean entropy loss: -2.5068
                       Mean reward: 106.38
               Mean episode length: 825.27
           Episode_Reward/progress: 7.5862
              Episode_Reward/alive: 0.4629
            Episode_Reward/upright: 0.0909
     Episode_Reward/move_to_target: 0.4572
          Episode_Reward/action_l2: -0.0261
             Episode_Reward/energy: -0.9720
   Episode_Reward/joint_pos_limits: -0.3292
      Episode_Termination/time_out: 0.8444
  Episode_Termination/torso_height: 0.1556
--------------------------------------------------------------------------------
                   Total timesteps: 7389184
                    Iteration time: 0.39s
                      Time elapsed: 00:02:56
                               ETA: 00:00:19

################################################################################
                      [1m Learning iteration 451/500 [0m                      

                       Computation: 41074 steps/s (collection: 0.301s, learning 0.097s)
             Mean action noise std: 0.19
          Mean value_function loss: 0.1711
               Mean surrogate loss: -0.0052
                 Mean entropy loss: -2.5226
                       Mean reward: 106.37
               Mean episode length: 825.90
           Episode_Reward/progress: 5.9244
              Episode_Reward/alive: 0.3824
            Episode_Reward/upright: 0.0744
     Episode_Reward/move_to_target: 0.3750
          Episode_Reward/action_l2: -0.0208
             Episode_Reward/energy: -0.7657
   Episode_Reward/joint_pos_limits: -0.2757
      Episode_Termination/time_out: 0.8469
  Episode_Termination/torso_height: 0.1531
--------------------------------------------------------------------------------
                   Total timesteps: 7405568
                    Iteration time: 0.40s
                      Time elapsed: 00:02:57
                               ETA: 00:00:19

################################################################################
                      [1m Learning iteration 452/500 [0m                      

                       Computation: 40283 steps/s (collection: 0.312s, learning 0.095s)
             Mean action noise std: 0.19
          Mean value_function loss: 0.1982
               Mean surrogate loss: -0.0058
                 Mean entropy loss: -2.5325
                       Mean reward: 106.75
               Mean episode length: 832.50
           Episode_Reward/progress: 7.3332
              Episode_Reward/alive: 0.4586
            Episode_Reward/upright: 0.0904
     Episode_Reward/move_to_target: 0.4511
          Episode_Reward/action_l2: -0.0260
             Episode_Reward/energy: -0.9636
   Episode_Reward/joint_pos_limits: -0.3258
      Episode_Termination/time_out: 0.8427
  Episode_Termination/torso_height: 0.1573
--------------------------------------------------------------------------------
                   Total timesteps: 7421952
                    Iteration time: 0.41s
                      Time elapsed: 00:02:57
                               ETA: 00:00:18

################################################################################
                      [1m Learning iteration 453/500 [0m                      

                       Computation: 40371 steps/s (collection: 0.309s, learning 0.097s)
             Mean action noise std: 0.19
          Mean value_function loss: 0.1594
               Mean surrogate loss: 0.0006
                 Mean entropy loss: -2.5450
                       Mean reward: 110.99
               Mean episode length: 857.64
           Episode_Reward/progress: 7.2775
              Episode_Reward/alive: 0.4355
            Episode_Reward/upright: 0.0856
     Episode_Reward/move_to_target: 0.4278
          Episode_Reward/action_l2: -0.0248
             Episode_Reward/energy: -0.9240
   Episode_Reward/joint_pos_limits: -0.3110
      Episode_Termination/time_out: 0.8395
  Episode_Termination/torso_height: 0.1605
--------------------------------------------------------------------------------
                   Total timesteps: 7438336
                    Iteration time: 0.41s
                      Time elapsed: 00:02:58
                               ETA: 00:00:18

################################################################################
                      [1m Learning iteration 454/500 [0m                      

                       Computation: 38780 steps/s (collection: 0.323s, learning 0.099s)
             Mean action noise std: 0.19
          Mean value_function loss: 0.2081
               Mean surrogate loss: -0.0048
                 Mean entropy loss: -2.5511
                       Mean reward: 106.81
               Mean episode length: 826.14
           Episode_Reward/progress: 6.2865
              Episode_Reward/alive: 0.3769
            Episode_Reward/upright: 0.0737
     Episode_Reward/move_to_target: 0.3728
          Episode_Reward/action_l2: -0.0218
             Episode_Reward/energy: -0.7971
   Episode_Reward/joint_pos_limits: -0.2720
      Episode_Termination/time_out: 0.8355
  Episode_Termination/torso_height: 0.1645
--------------------------------------------------------------------------------
                   Total timesteps: 7454720
                    Iteration time: 0.42s
                      Time elapsed: 00:02:58
                               ETA: 00:00:18

################################################################################
                      [1m Learning iteration 455/500 [0m                      

                       Computation: 41499 steps/s (collection: 0.294s, learning 0.101s)
             Mean action noise std: 0.19
          Mean value_function loss: 0.1525
               Mean surrogate loss: -0.0053
                 Mean entropy loss: -2.5636
                       Mean reward: 104.25
               Mean episode length: 809.15
           Episode_Reward/progress: 7.2254
              Episode_Reward/alive: 0.4618
            Episode_Reward/upright: 0.0905
     Episode_Reward/move_to_target: 0.4573
          Episode_Reward/action_l2: -0.0257
             Episode_Reward/energy: -0.9475
   Episode_Reward/joint_pos_limits: -0.3293
      Episode_Termination/time_out: 0.8312
  Episode_Termination/torso_height: 0.1688
--------------------------------------------------------------------------------
                   Total timesteps: 7471104
                    Iteration time: 0.39s
                      Time elapsed: 00:02:58
                               ETA: 00:00:17

################################################################################
                      [1m Learning iteration 456/500 [0m                      

                       Computation: 41572 steps/s (collection: 0.299s, learning 0.096s)
             Mean action noise std: 0.19
          Mean value_function loss: 0.1283
               Mean surrogate loss: -0.0064
                 Mean entropy loss: -2.5679
                       Mean reward: 104.78
               Mean episode length: 813.41
           Episode_Reward/progress: 6.5118
              Episode_Reward/alive: 0.4138
            Episode_Reward/upright: 0.0816
     Episode_Reward/move_to_target: 0.4026
          Episode_Reward/action_l2: -0.0240
             Episode_Reward/energy: -0.8666
   Episode_Reward/joint_pos_limits: -0.3021
      Episode_Termination/time_out: 0.8315
  Episode_Termination/torso_height: 0.1685
--------------------------------------------------------------------------------
                   Total timesteps: 7487488
                    Iteration time: 0.39s
                      Time elapsed: 00:02:59
                               ETA: 00:00:17

################################################################################
                      [1m Learning iteration 457/500 [0m                      

                       Computation: 40133 steps/s (collection: 0.314s, learning 0.095s)
             Mean action noise std: 0.19
          Mean value_function loss: 0.1780
               Mean surrogate loss: -0.0005
                 Mean entropy loss: -2.5747
                       Mean reward: 107.44
               Mean episode length: 827.13
           Episode_Reward/progress: 8.2323
              Episode_Reward/alive: 0.4931
            Episode_Reward/upright: 0.0976
     Episode_Reward/move_to_target: 0.4899
          Episode_Reward/action_l2: -0.0285
             Episode_Reward/energy: -1.0648
   Episode_Reward/joint_pos_limits: -0.3512
      Episode_Termination/time_out: 0.8328
  Episode_Termination/torso_height: 0.1672
--------------------------------------------------------------------------------
                   Total timesteps: 7503872
                    Iteration time: 0.41s
                      Time elapsed: 00:02:59
                               ETA: 00:00:16

################################################################################
                      [1m Learning iteration 458/500 [0m                      

                       Computation: 41016 steps/s (collection: 0.305s, learning 0.095s)
             Mean action noise std: 0.19
          Mean value_function loss: 0.1325
               Mean surrogate loss: -0.0050
                 Mean entropy loss: -2.5933
                       Mean reward: 109.59
               Mean episode length: 844.47
           Episode_Reward/progress: 7.7534
              Episode_Reward/alive: 0.4696
            Episode_Reward/upright: 0.0930
     Episode_Reward/move_to_target: 0.4667
          Episode_Reward/action_l2: -0.0263
             Episode_Reward/energy: -0.9833
   Episode_Reward/joint_pos_limits: -0.3357
      Episode_Termination/time_out: 0.8365
  Episode_Termination/torso_height: 0.1635
--------------------------------------------------------------------------------
                   Total timesteps: 7520256
                    Iteration time: 0.40s
                      Time elapsed: 00:03:00
                               ETA: 00:00:16

################################################################################
                      [1m Learning iteration 459/500 [0m                      

                       Computation: 40248 steps/s (collection: 0.322s, learning 0.085s)
             Mean action noise std: 0.19
          Mean value_function loss: 0.1317
               Mean surrogate loss: -0.0036
                 Mean entropy loss: -2.6282
                       Mean reward: 112.96
               Mean episode length: 869.79
           Episode_Reward/progress: 7.3039
              Episode_Reward/alive: 0.4468
            Episode_Reward/upright: 0.0878
     Episode_Reward/move_to_target: 0.4379
          Episode_Reward/action_l2: -0.0259
             Episode_Reward/energy: -0.9417
   Episode_Reward/joint_pos_limits: -0.3253
      Episode_Termination/time_out: 0.8430
  Episode_Termination/torso_height: 0.1570
--------------------------------------------------------------------------------
                   Total timesteps: 7536640
                    Iteration time: 0.41s
                      Time elapsed: 00:03:00
                               ETA: 00:00:16

################################################################################
                      [1m Learning iteration 460/500 [0m                      

                       Computation: 40036 steps/s (collection: 0.316s, learning 0.093s)
             Mean action noise std: 0.19
          Mean value_function loss: 0.1939
               Mean surrogate loss: -0.0020
                 Mean entropy loss: -2.6434
                       Mean reward: 115.53
               Mean episode length: 883.25
           Episode_Reward/progress: 7.7313
              Episode_Reward/alive: 0.4587
            Episode_Reward/upright: 0.0908
     Episode_Reward/move_to_target: 0.4523
          Episode_Reward/action_l2: -0.0268
             Episode_Reward/energy: -0.9865
   Episode_Reward/joint_pos_limits: -0.3292
      Episode_Termination/time_out: 0.8409
  Episode_Termination/torso_height: 0.1591
--------------------------------------------------------------------------------
                   Total timesteps: 7553024
                    Iteration time: 0.41s
                      Time elapsed: 00:03:00
                               ETA: 00:00:15

################################################################################
                      [1m Learning iteration 461/500 [0m                      

                       Computation: 39986 steps/s (collection: 0.308s, learning 0.101s)
             Mean action noise std: 0.19
          Mean value_function loss: 0.1563
               Mean surrogate loss: -0.0036
                 Mean entropy loss: -2.6478
                       Mean reward: 117.11
               Mean episode length: 891.06
           Episode_Reward/progress: 7.4685
              Episode_Reward/alive: 0.4567
            Episode_Reward/upright: 0.0899
     Episode_Reward/move_to_target: 0.4498
          Episode_Reward/action_l2: -0.0265
             Episode_Reward/energy: -0.9743
   Episode_Reward/joint_pos_limits: -0.3319
      Episode_Termination/time_out: 0.8425
  Episode_Termination/torso_height: 0.1575
--------------------------------------------------------------------------------
                   Total timesteps: 7569408
                    Iteration time: 0.41s
                      Time elapsed: 00:03:01
                               ETA: 00:00:15

################################################################################
                      [1m Learning iteration 462/500 [0m                      

                       Computation: 41124 steps/s (collection: 0.299s, learning 0.099s)
             Mean action noise std: 0.19
          Mean value_function loss: 0.1467
               Mean surrogate loss: -0.0044
                 Mean entropy loss: -2.6548
                       Mean reward: 113.78
               Mean episode length: 873.39
           Episode_Reward/progress: 6.8772
              Episode_Reward/alive: 0.4375
            Episode_Reward/upright: 0.0859
     Episode_Reward/move_to_target: 0.4217
          Episode_Reward/action_l2: -0.0251
             Episode_Reward/energy: -0.9128
   Episode_Reward/joint_pos_limits: -0.3176
      Episode_Termination/time_out: 0.8425
  Episode_Termination/torso_height: 0.1575
--------------------------------------------------------------------------------
                   Total timesteps: 7585792
                    Iteration time: 0.40s
                      Time elapsed: 00:03:01
                               ETA: 00:00:14

################################################################################
                      [1m Learning iteration 463/500 [0m                      

                       Computation: 42283 steps/s (collection: 0.292s, learning 0.096s)
             Mean action noise std: 0.19
          Mean value_function loss: 0.1756
               Mean surrogate loss: -0.0033
                 Mean entropy loss: -2.6599
                       Mean reward: 111.56
               Mean episode length: 864.16
           Episode_Reward/progress: 5.0473
              Episode_Reward/alive: 0.3499
            Episode_Reward/upright: 0.0657
     Episode_Reward/move_to_target: 0.3378
          Episode_Reward/action_l2: -0.0191
             Episode_Reward/energy: -0.6788
   Episode_Reward/joint_pos_limits: -0.2547
      Episode_Termination/time_out: 0.8414
  Episode_Termination/torso_height: 0.1586
--------------------------------------------------------------------------------
                   Total timesteps: 7602176
                    Iteration time: 0.39s
                      Time elapsed: 00:03:02
                               ETA: 00:00:14

################################################################################
                      [1m Learning iteration 464/500 [0m                      

                       Computation: 40779 steps/s (collection: 0.304s, learning 0.098s)
             Mean action noise std: 0.19
          Mean value_function loss: 0.1012
               Mean surrogate loss: -0.0054
                 Mean entropy loss: -2.6615
                       Mean reward: 109.39
               Mean episode length: 847.23
           Episode_Reward/progress: 7.0110
              Episode_Reward/alive: 0.4237
            Episode_Reward/upright: 0.0837
     Episode_Reward/move_to_target: 0.4194
          Episode_Reward/action_l2: -0.0243
             Episode_Reward/energy: -0.8899
   Episode_Reward/joint_pos_limits: -0.3056
      Episode_Termination/time_out: 0.8377
  Episode_Termination/torso_height: 0.1623
--------------------------------------------------------------------------------
                   Total timesteps: 7618560
                    Iteration time: 0.40s
                      Time elapsed: 00:03:02
                               ETA: 00:00:14

################################################################################
                      [1m Learning iteration 465/500 [0m                      

                       Computation: 39939 steps/s (collection: 0.314s, learning 0.097s)
             Mean action noise std: 0.19
          Mean value_function loss: 0.1436
               Mean surrogate loss: -0.0035
                 Mean entropy loss: -2.6699
                       Mean reward: 110.99
               Mean episode length: 853.37
           Episode_Reward/progress: 7.9281
              Episode_Reward/alive: 0.4650
            Episode_Reward/upright: 0.0922
     Episode_Reward/move_to_target: 0.4555
          Episode_Reward/action_l2: -0.0269
             Episode_Reward/energy: -0.9980
   Episode_Reward/joint_pos_limits: -0.3364
      Episode_Termination/time_out: 0.8342
  Episode_Termination/torso_height: 0.1658
--------------------------------------------------------------------------------
                   Total timesteps: 7634944
                    Iteration time: 0.41s
                      Time elapsed: 00:03:02
                               ETA: 00:00:13

################################################################################
                      [1m Learning iteration 466/500 [0m                      

                       Computation: 40871 steps/s (collection: 0.301s, learning 0.099s)
             Mean action noise std: 0.19
          Mean value_function loss: 0.0843
               Mean surrogate loss: -0.0041
                 Mean entropy loss: -2.6666
                       Mean reward: 109.24
               Mean episode length: 843.78
           Episode_Reward/progress: 5.9351
              Episode_Reward/alive: 0.3653
            Episode_Reward/upright: 0.0717
     Episode_Reward/move_to_target: 0.3559
          Episode_Reward/action_l2: -0.0211
             Episode_Reward/energy: -0.7696
   Episode_Reward/joint_pos_limits: -0.2615
      Episode_Termination/time_out: 0.8337
  Episode_Termination/torso_height: 0.1663
--------------------------------------------------------------------------------
                   Total timesteps: 7651328
                    Iteration time: 0.40s
                      Time elapsed: 00:03:03
                               ETA: 00:00:13

################################################################################
                      [1m Learning iteration 467/500 [0m                      

                       Computation: 41347 steps/s (collection: 0.302s, learning 0.094s)
             Mean action noise std: 0.19
          Mean value_function loss: 0.1198
               Mean surrogate loss: 0.0026
                 Mean entropy loss: -2.6760
                       Mean reward: 108.80
               Mean episode length: 841.26
           Episode_Reward/progress: 7.3548
              Episode_Reward/alive: 0.4545
            Episode_Reward/upright: 0.0893
     Episode_Reward/move_to_target: 0.4468
          Episode_Reward/action_l2: -0.0268
             Episode_Reward/energy: -0.9783
   Episode_Reward/joint_pos_limits: -0.3247
      Episode_Termination/time_out: 0.8351
  Episode_Termination/torso_height: 0.1649
--------------------------------------------------------------------------------
                   Total timesteps: 7667712
                    Iteration time: 0.40s
                      Time elapsed: 00:03:03
                               ETA: 00:00:12

################################################################################
                      [1m Learning iteration 468/500 [0m                      

                       Computation: 41927 steps/s (collection: 0.296s, learning 0.095s)
             Mean action noise std: 0.19
          Mean value_function loss: 0.1779
               Mean surrogate loss: -0.0045
                 Mean entropy loss: -2.6843
                       Mean reward: 108.04
               Mean episode length: 828.38
           Episode_Reward/progress: 5.5276
              Episode_Reward/alive: 0.3466
            Episode_Reward/upright: 0.0668
     Episode_Reward/move_to_target: 0.3339
          Episode_Reward/action_l2: -0.0195
             Episode_Reward/energy: -0.7075
   Episode_Reward/joint_pos_limits: -0.2511
      Episode_Termination/time_out: 0.8319
  Episode_Termination/torso_height: 0.1681
--------------------------------------------------------------------------------
                   Total timesteps: 7684096
                    Iteration time: 0.39s
                      Time elapsed: 00:03:04
                               ETA: 00:00:12

################################################################################
                      [1m Learning iteration 469/500 [0m                      

                       Computation: 39202 steps/s (collection: 0.316s, learning 0.102s)
             Mean action noise std: 0.19
          Mean value_function loss: 0.1220
               Mean surrogate loss: -0.0037
                 Mean entropy loss: -2.6976
                       Mean reward: 109.65
               Mean episode length: 838.59
           Episode_Reward/progress: 8.2493
              Episode_Reward/alive: 0.4810
            Episode_Reward/upright: 0.0955
     Episode_Reward/move_to_target: 0.4780
          Episode_Reward/action_l2: -0.0278
             Episode_Reward/energy: -1.0368
   Episode_Reward/joint_pos_limits: -0.3441
      Episode_Termination/time_out: 0.8322
  Episode_Termination/torso_height: 0.1678
--------------------------------------------------------------------------------
                   Total timesteps: 7700480
                    Iteration time: 0.42s
                      Time elapsed: 00:03:04
                               ETA: 00:00:12

################################################################################
                      [1m Learning iteration 470/500 [0m                      

                       Computation: 41261 steps/s (collection: 0.302s, learning 0.096s)
             Mean action noise std: 0.19
          Mean value_function loss: 0.0935
               Mean surrogate loss: -0.0018
                 Mean entropy loss: -2.7061
                       Mean reward: 112.88
               Mean episode length: 858.61
           Episode_Reward/progress: 8.5038
              Episode_Reward/alive: 0.4924
            Episode_Reward/upright: 0.0973
     Episode_Reward/move_to_target: 0.4869
          Episode_Reward/action_l2: -0.0289
             Episode_Reward/energy: -1.0694
   Episode_Reward/joint_pos_limits: -0.3520
      Episode_Termination/time_out: 0.8339
  Episode_Termination/torso_height: 0.1661
--------------------------------------------------------------------------------
                   Total timesteps: 7716864
                    Iteration time: 0.40s
                      Time elapsed: 00:03:04
                               ETA: 00:00:11

################################################################################
                      [1m Learning iteration 471/500 [0m                      

                       Computation: 41285 steps/s (collection: 0.302s, learning 0.095s)
             Mean action noise std: 0.19
          Mean value_function loss: 0.1340
               Mean surrogate loss: -0.0028
                 Mean entropy loss: -2.7068
                       Mean reward: 110.87
               Mean episode length: 849.96
           Episode_Reward/progress: 4.9672
              Episode_Reward/alive: 0.3249
            Episode_Reward/upright: 0.0621
     Episode_Reward/move_to_target: 0.3077
          Episode_Reward/action_l2: -0.0187
             Episode_Reward/energy: -0.6602
   Episode_Reward/joint_pos_limits: -0.2433
      Episode_Termination/time_out: 0.8312
  Episode_Termination/torso_height: 0.1688
--------------------------------------------------------------------------------
                   Total timesteps: 7733248
                    Iteration time: 0.40s
                      Time elapsed: 00:03:05
                               ETA: 00:00:11

################################################################################
                      [1m Learning iteration 472/500 [0m                      

                       Computation: 41206 steps/s (collection: 0.301s, learning 0.097s)
             Mean action noise std: 0.19
          Mean value_function loss: 0.1110
               Mean surrogate loss: -0.0037
                 Mean entropy loss: -2.7116
                       Mean reward: 112.13
               Mean episode length: 856.37
           Episode_Reward/progress: 7.1300
              Episode_Reward/alive: 0.4428
            Episode_Reward/upright: 0.0873
     Episode_Reward/move_to_target: 0.4420
          Episode_Reward/action_l2: -0.0255
             Episode_Reward/energy: -0.9384
   Episode_Reward/joint_pos_limits: -0.3192
      Episode_Termination/time_out: 0.8346
  Episode_Termination/torso_height: 0.1654
--------------------------------------------------------------------------------
                   Total timesteps: 7749632
                    Iteration time: 0.40s
                      Time elapsed: 00:03:05
                               ETA: 00:00:10

################################################################################
                      [1m Learning iteration 473/500 [0m                      

                       Computation: 42529 steps/s (collection: 0.289s, learning 0.096s)
             Mean action noise std: 0.19
          Mean value_function loss: 0.1194
               Mean surrogate loss: -0.0037
                 Mean entropy loss: -2.7168
                       Mean reward: 112.47
               Mean episode length: 858.00
           Episode_Reward/progress: 7.5826
              Episode_Reward/alive: 0.4570
            Episode_Reward/upright: 0.0889
     Episode_Reward/move_to_target: 0.4524
          Episode_Reward/action_l2: -0.0266
             Episode_Reward/energy: -0.9832
   Episode_Reward/joint_pos_limits: -0.3257
      Episode_Termination/time_out: 0.8361
  Episode_Termination/torso_height: 0.1639
--------------------------------------------------------------------------------
                   Total timesteps: 7766016
                    Iteration time: 0.39s
                      Time elapsed: 00:03:06
                               ETA: 00:00:10

################################################################################
                      [1m Learning iteration 474/500 [0m                      

                       Computation: 38925 steps/s (collection: 0.325s, learning 0.096s)
             Mean action noise std: 0.19
          Mean value_function loss: 0.1878
               Mean surrogate loss: -0.0051
                 Mean entropy loss: -2.7193
                       Mean reward: 115.48
               Mean episode length: 889.31
           Episode_Reward/progress: 7.3516
              Episode_Reward/alive: 0.4857
            Episode_Reward/upright: 0.0944
     Episode_Reward/move_to_target: 0.4305
          Episode_Reward/action_l2: -0.0274
             Episode_Reward/energy: -0.9532
   Episode_Reward/joint_pos_limits: -0.3651
      Episode_Termination/time_out: 0.8383
  Episode_Termination/torso_height: 0.1617
--------------------------------------------------------------------------------
                   Total timesteps: 7782400
                    Iteration time: 0.42s
                      Time elapsed: 00:03:06
                               ETA: 00:00:10

################################################################################
                      [1m Learning iteration 475/500 [0m                      

                       Computation: 39735 steps/s (collection: 0.315s, learning 0.097s)
             Mean action noise std: 0.19
          Mean value_function loss: 0.1722
               Mean surrogate loss: -0.0034
                 Mean entropy loss: -2.7199
                       Mean reward: 115.93
               Mean episode length: 890.65
           Episode_Reward/progress: 7.3135
              Episode_Reward/alive: 0.4599
            Episode_Reward/upright: 0.0896
     Episode_Reward/move_to_target: 0.4505
          Episode_Reward/action_l2: -0.0257
             Episode_Reward/energy: -0.9418
   Episode_Reward/joint_pos_limits: -0.3318
      Episode_Termination/time_out: 0.8387
  Episode_Termination/torso_height: 0.1613
--------------------------------------------------------------------------------
                   Total timesteps: 7798784
                    Iteration time: 0.41s
                      Time elapsed: 00:03:06
                               ETA: 00:00:09

################################################################################
                      [1m Learning iteration 476/500 [0m                      

                       Computation: 40956 steps/s (collection: 0.307s, learning 0.093s)
             Mean action noise std: 0.19
          Mean value_function loss: 0.0984
               Mean surrogate loss: 0.0014
                 Mean entropy loss: -2.7286
                       Mean reward: 110.84
               Mean episode length: 865.52
           Episode_Reward/progress: 6.8201
              Episode_Reward/alive: 0.4259
            Episode_Reward/upright: 0.0825
     Episode_Reward/move_to_target: 0.4116
          Episode_Reward/action_l2: -0.0248
             Episode_Reward/energy: -0.8977
   Episode_Reward/joint_pos_limits: -0.3126
      Episode_Termination/time_out: 0.8331
  Episode_Termination/torso_height: 0.1669
--------------------------------------------------------------------------------
                   Total timesteps: 7815168
                    Iteration time: 0.40s
                      Time elapsed: 00:03:07
                               ETA: 00:00:09

################################################################################
                      [1m Learning iteration 477/500 [0m                      

                       Computation: 39734 steps/s (collection: 0.315s, learning 0.097s)
             Mean action noise std: 0.19
          Mean value_function loss: 0.1225
               Mean surrogate loss: -0.0049
                 Mean entropy loss: -2.7480
                       Mean reward: 110.68
               Mean episode length: 863.18
           Episode_Reward/progress: 7.0022
              Episode_Reward/alive: 0.4261
            Episode_Reward/upright: 0.0830
     Episode_Reward/move_to_target: 0.4094
          Episode_Reward/action_l2: -0.0247
             Episode_Reward/energy: -0.8973
   Episode_Reward/joint_pos_limits: -0.3125
      Episode_Termination/time_out: 0.8348
  Episode_Termination/torso_height: 0.1652
--------------------------------------------------------------------------------
                   Total timesteps: 7831552
                    Iteration time: 0.41s
                      Time elapsed: 00:03:07
                               ETA: 00:00:09

################################################################################
                      [1m Learning iteration 478/500 [0m                      

                       Computation: 40311 steps/s (collection: 0.309s, learning 0.098s)
             Mean action noise std: 0.18
          Mean value_function loss: 0.1727
               Mean surrogate loss: -0.0025
                 Mean entropy loss: -2.7696
                       Mean reward: 112.53
               Mean episode length: 874.36
           Episode_Reward/progress: 7.8390
              Episode_Reward/alive: 0.4896
            Episode_Reward/upright: 0.0968
     Episode_Reward/move_to_target: 0.4637
          Episode_Reward/action_l2: -0.0289
             Episode_Reward/energy: -1.0298
   Episode_Reward/joint_pos_limits: -0.3596
      Episode_Termination/time_out: 0.8436
  Episode_Termination/torso_height: 0.1564
--------------------------------------------------------------------------------
                   Total timesteps: 7847936
                    Iteration time: 0.41s
                      Time elapsed: 00:03:08
                               ETA: 00:00:08

################################################################################
                      [1m Learning iteration 479/500 [0m                      

                       Computation: 39975 steps/s (collection: 0.314s, learning 0.095s)
             Mean action noise std: 0.18
          Mean value_function loss: 0.1394
               Mean surrogate loss: -0.0039
                 Mean entropy loss: -2.7798
                       Mean reward: 112.35
               Mean episode length: 862.25
           Episode_Reward/progress: 8.0213
              Episode_Reward/alive: 0.4688
            Episode_Reward/upright: 0.0925
     Episode_Reward/move_to_target: 0.4610
          Episode_Reward/action_l2: -0.0276
             Episode_Reward/energy: -1.0115
   Episode_Reward/joint_pos_limits: -0.3390
      Episode_Termination/time_out: 0.8495
  Episode_Termination/torso_height: 0.1505
--------------------------------------------------------------------------------
                   Total timesteps: 7864320
                    Iteration time: 0.41s
                      Time elapsed: 00:03:08
                               ETA: 00:00:08

################################################################################
                      [1m Learning iteration 480/500 [0m                      

                       Computation: 41393 steps/s (collection: 0.313s, learning 0.082s)
             Mean action noise std: 0.18
          Mean value_function loss: 0.1347
               Mean surrogate loss: -0.0060
                 Mean entropy loss: -2.7994
                       Mean reward: 112.63
               Mean episode length: 860.14
           Episode_Reward/progress: 7.7094
              Episode_Reward/alive: 0.4584
            Episode_Reward/upright: 0.0907
     Episode_Reward/move_to_target: 0.4551
          Episode_Reward/action_l2: -0.0269
             Episode_Reward/energy: -1.0004
   Episode_Reward/joint_pos_limits: -0.3310
      Episode_Termination/time_out: 0.8487
  Episode_Termination/torso_height: 0.1513
--------------------------------------------------------------------------------
                   Total timesteps: 7880704
                    Iteration time: 0.40s
                      Time elapsed: 00:03:08
                               ETA: 00:00:07

################################################################################
                      [1m Learning iteration 481/500 [0m                      

                       Computation: 41211 steps/s (collection: 0.321s, learning 0.076s)
             Mean action noise std: 0.18
          Mean value_function loss: 0.1752
               Mean surrogate loss: -0.0033
                 Mean entropy loss: -2.8228
                       Mean reward: 114.17
               Mean episode length: 863.65
           Episode_Reward/progress: 7.0488
              Episode_Reward/alive: 0.4342
            Episode_Reward/upright: 0.0853
     Episode_Reward/move_to_target: 0.4271
          Episode_Reward/action_l2: -0.0250
             Episode_Reward/energy: -0.9156
   Episode_Reward/joint_pos_limits: -0.3116
      Episode_Termination/time_out: 0.8469
  Episode_Termination/torso_height: 0.1531
--------------------------------------------------------------------------------
                   Total timesteps: 7897088
                    Iteration time: 0.40s
                      Time elapsed: 00:03:09
                               ETA: 00:00:07

################################################################################
                      [1m Learning iteration 482/500 [0m                      

                       Computation: 40707 steps/s (collection: 0.309s, learning 0.093s)
             Mean action noise std: 0.18
          Mean value_function loss: 0.1554
               Mean surrogate loss: -0.0037
                 Mean entropy loss: -2.8270
                       Mean reward: 114.70
               Mean episode length: 869.08
           Episode_Reward/progress: 8.5759
              Episode_Reward/alive: 0.5000
            Episode_Reward/upright: 0.0994
     Episode_Reward/move_to_target: 0.4877
          Episode_Reward/action_l2: -0.0300
             Episode_Reward/energy: -1.1015
   Episode_Reward/joint_pos_limits: -0.3632
      Episode_Termination/time_out: 0.8492
  Episode_Termination/torso_height: 0.1508
--------------------------------------------------------------------------------
                   Total timesteps: 7913472
                    Iteration time: 0.40s
                      Time elapsed: 00:03:09
                               ETA: 00:00:07

################################################################################
                      [1m Learning iteration 483/500 [0m                      

                       Computation: 39642 steps/s (collection: 0.315s, learning 0.098s)
             Mean action noise std: 0.18
          Mean value_function loss: 0.1415
               Mean surrogate loss: -0.0026
                 Mean entropy loss: -2.8267
                       Mean reward: 115.35
               Mean episode length: 866.43
           Episode_Reward/progress: 7.5930
              Episode_Reward/alive: 0.4429
            Episode_Reward/upright: 0.0860
     Episode_Reward/move_to_target: 0.4363
          Episode_Reward/action_l2: -0.0261
             Episode_Reward/energy: -0.9467
   Episode_Reward/joint_pos_limits: -0.3246
      Episode_Termination/time_out: 0.8498
  Episode_Termination/torso_height: 0.1502
--------------------------------------------------------------------------------
                   Total timesteps: 7929856
                    Iteration time: 0.41s
                      Time elapsed: 00:03:10
                               ETA: 00:00:06

################################################################################
                      [1m Learning iteration 484/500 [0m                      

                       Computation: 39799 steps/s (collection: 0.310s, learning 0.101s)
             Mean action noise std: 0.18
          Mean value_function loss: 0.2007
               Mean surrogate loss: -0.0038
                 Mean entropy loss: -2.8333
                       Mean reward: 118.35
               Mean episode length: 881.51
           Episode_Reward/progress: 8.0908
              Episode_Reward/alive: 0.4768
            Episode_Reward/upright: 0.0938
     Episode_Reward/move_to_target: 0.4686
          Episode_Reward/action_l2: -0.0288
             Episode_Reward/energy: -1.0522
   Episode_Reward/joint_pos_limits: -0.3447
      Episode_Termination/time_out: 0.8563
  Episode_Termination/torso_height: 0.1437
--------------------------------------------------------------------------------
                   Total timesteps: 7946240
                    Iteration time: 0.41s
                      Time elapsed: 00:03:10
                               ETA: 00:00:06

################################################################################
                      [1m Learning iteration 485/500 [0m                      

                       Computation: 42391 steps/s (collection: 0.295s, learning 0.091s)
             Mean action noise std: 0.18
          Mean value_function loss: 0.1587
               Mean surrogate loss: -0.0032
                 Mean entropy loss: -2.8436
                       Mean reward: 115.10
               Mean episode length: 864.99
           Episode_Reward/progress: 6.9796
              Episode_Reward/alive: 0.4462
            Episode_Reward/upright: 0.0882
     Episode_Reward/move_to_target: 0.4349
          Episode_Reward/action_l2: -0.0261
             Episode_Reward/energy: -0.9410
   Episode_Reward/joint_pos_limits: -0.3245
      Episode_Termination/time_out: 0.8590
  Episode_Termination/torso_height: 0.1410
--------------------------------------------------------------------------------
                   Total timesteps: 7962624
                    Iteration time: 0.39s
                      Time elapsed: 00:03:10
                               ETA: 00:00:05

################################################################################
                      [1m Learning iteration 486/500 [0m                      

                       Computation: 41587 steps/s (collection: 0.313s, learning 0.081s)
             Mean action noise std: 0.18
          Mean value_function loss: 0.1213
               Mean surrogate loss: 0.0016
                 Mean entropy loss: -2.8550
                       Mean reward: 115.70
               Mean episode length: 868.67
           Episode_Reward/progress: 6.6710
              Episode_Reward/alive: 0.4250
            Episode_Reward/upright: 0.0831
     Episode_Reward/move_to_target: 0.3963
          Episode_Reward/action_l2: -0.0252
             Episode_Reward/energy: -0.9072
   Episode_Reward/joint_pos_limits: -0.3131
      Episode_Termination/time_out: 0.8566
  Episode_Termination/torso_height: 0.1434
--------------------------------------------------------------------------------
                   Total timesteps: 7979008
                    Iteration time: 0.39s
                      Time elapsed: 00:03:11
                               ETA: 00:00:05

################################################################################
                      [1m Learning iteration 487/500 [0m                      

                       Computation: 40693 steps/s (collection: 0.311s, learning 0.092s)
             Mean action noise std: 0.18
          Mean value_function loss: 0.1789
               Mean surrogate loss: -0.0039
                 Mean entropy loss: -2.8625
                       Mean reward: 116.79
               Mean episode length: 868.60
           Episode_Reward/progress: 8.5934
              Episode_Reward/alive: 0.4854
            Episode_Reward/upright: 0.0967
     Episode_Reward/move_to_target: 0.4817
          Episode_Reward/action_l2: -0.0295
             Episode_Reward/energy: -1.0997
   Episode_Reward/joint_pos_limits: -0.3480
      Episode_Termination/time_out: 0.8580
  Episode_Termination/torso_height: 0.1420
--------------------------------------------------------------------------------
                   Total timesteps: 7995392
                    Iteration time: 0.40s
                      Time elapsed: 00:03:11
                               ETA: 00:00:05

################################################################################
                      [1m Learning iteration 488/500 [0m                      

                       Computation: 42756 steps/s (collection: 0.306s, learning 0.077s)
             Mean action noise std: 0.18
          Mean value_function loss: 0.1498
               Mean surrogate loss: -0.0037
                 Mean entropy loss: -2.8660
                       Mean reward: 112.29
               Mean episode length: 840.24
           Episode_Reward/progress: 6.9233
              Episode_Reward/alive: 0.4124
            Episode_Reward/upright: 0.0801
     Episode_Reward/move_to_target: 0.3899
          Episode_Reward/action_l2: -0.0246
             Episode_Reward/energy: -0.8856
   Episode_Reward/joint_pos_limits: -0.3038
      Episode_Termination/time_out: 0.8558
  Episode_Termination/torso_height: 0.1442
--------------------------------------------------------------------------------
                   Total timesteps: 8011776
                    Iteration time: 0.38s
                      Time elapsed: 00:03:12
                               ETA: 00:00:04

################################################################################
                      [1m Learning iteration 489/500 [0m                      

                       Computation: 39563 steps/s (collection: 0.318s, learning 0.096s)
             Mean action noise std: 0.18
          Mean value_function loss: 0.1187
               Mean surrogate loss: -0.0025
                 Mean entropy loss: -2.8687
                       Mean reward: 111.63
               Mean episode length: 845.61
           Episode_Reward/progress: 8.0737
              Episode_Reward/alive: 0.4887
            Episode_Reward/upright: 0.0967
     Episode_Reward/move_to_target: 0.4757
          Episode_Reward/action_l2: -0.0294
             Episode_Reward/energy: -1.0753
   Episode_Reward/joint_pos_limits: -0.3548
      Episode_Termination/time_out: 0.8517
  Episode_Termination/torso_height: 0.1483
--------------------------------------------------------------------------------
                   Total timesteps: 8028160
                    Iteration time: 0.41s
                      Time elapsed: 00:03:12
                               ETA: 00:00:04

################################################################################
                      [1m Learning iteration 490/500 [0m                      

                       Computation: 43785 steps/s (collection: 0.294s, learning 0.080s)
             Mean action noise std: 0.18
          Mean value_function loss: 0.1231
               Mean surrogate loss: -0.0040
                 Mean entropy loss: -2.8843
                       Mean reward: 115.82
               Mean episode length: 870.97
           Episode_Reward/progress: 8.4558
              Episode_Reward/alive: 0.4856
            Episode_Reward/upright: 0.0961
     Episode_Reward/move_to_target: 0.4741
          Episode_Reward/action_l2: -0.0300
             Episode_Reward/energy: -1.0953
   Episode_Reward/joint_pos_limits: -0.3527
      Episode_Termination/time_out: 0.8568
  Episode_Termination/torso_height: 0.1432
--------------------------------------------------------------------------------
                   Total timesteps: 8044544
                    Iteration time: 0.37s
                      Time elapsed: 00:03:12
                               ETA: 00:00:03

################################################################################
                      [1m Learning iteration 491/500 [0m                      

                       Computation: 42331 steps/s (collection: 0.309s, learning 0.078s)
             Mean action noise std: 0.18
          Mean value_function loss: 0.2357
               Mean surrogate loss: 0.0002
                 Mean entropy loss: -2.8937
                       Mean reward: 113.98
               Mean episode length: 856.84
           Episode_Reward/progress: 8.2374
              Episode_Reward/alive: 0.4700
            Episode_Reward/upright: 0.0930
     Episode_Reward/move_to_target: 0.4624
          Episode_Reward/action_l2: -0.0288
             Episode_Reward/energy: -1.0608
   Episode_Reward/joint_pos_limits: -0.3437
      Episode_Termination/time_out: 0.8538
  Episode_Termination/torso_height: 0.1462
--------------------------------------------------------------------------------
                   Total timesteps: 8060928
                    Iteration time: 0.39s
                      Time elapsed: 00:03:13
                               ETA: 00:00:03

################################################################################
                      [1m Learning iteration 492/500 [0m                      

                       Computation: 41145 steps/s (collection: 0.302s, learning 0.096s)
             Mean action noise std: 0.18
          Mean value_function loss: 0.2492
               Mean surrogate loss: -0.0061
                 Mean entropy loss: -2.9005
                       Mean reward: 115.68
               Mean episode length: 880.87
           Episode_Reward/progress: 7.8068
              Episode_Reward/alive: 0.4826
            Episode_Reward/upright: 0.0947
     Episode_Reward/move_to_target: 0.4580
          Episode_Reward/action_l2: -0.0292
             Episode_Reward/energy: -1.0501
   Episode_Reward/joint_pos_limits: -0.3524
      Episode_Termination/time_out: 0.8550
  Episode_Termination/torso_height: 0.1450
--------------------------------------------------------------------------------
                   Total timesteps: 8077312
                    Iteration time: 0.40s
                      Time elapsed: 00:03:13
                               ETA: 00:00:03

################################################################################
                      [1m Learning iteration 493/500 [0m                      

                       Computation: 40964 steps/s (collection: 0.304s, learning 0.096s)
             Mean action noise std: 0.18
          Mean value_function loss: 0.2335
               Mean surrogate loss: -0.0037
                 Mean entropy loss: -2.9086
                       Mean reward: 117.96
               Mean episode length: 887.73
           Episode_Reward/progress: 7.9963
              Episode_Reward/alive: 0.4616
            Episode_Reward/upright: 0.0913
     Episode_Reward/move_to_target: 0.4504
          Episode_Reward/action_l2: -0.0279
             Episode_Reward/energy: -1.0327
   Episode_Reward/joint_pos_limits: -0.3324
      Episode_Termination/time_out: 0.8561
  Episode_Termination/torso_height: 0.1439
--------------------------------------------------------------------------------
                   Total timesteps: 8093696
                    Iteration time: 0.40s
                      Time elapsed: 00:03:14
                               ETA: 00:00:02

################################################################################
                      [1m Learning iteration 494/500 [0m                      

                       Computation: 44577 steps/s (collection: 0.289s, learning 0.079s)
             Mean action noise std: 0.18
          Mean value_function loss: 0.2200
               Mean surrogate loss: -0.0057
                 Mean entropy loss: -2.9101
                       Mean reward: 115.39
               Mean episode length: 867.27
           Episode_Reward/progress: 7.4194
              Episode_Reward/alive: 0.4412
            Episode_Reward/upright: 0.0867
     Episode_Reward/move_to_target: 0.4373
          Episode_Reward/action_l2: -0.0263
             Episode_Reward/energy: -0.9674
   Episode_Reward/joint_pos_limits: -0.3236
      Episode_Termination/time_out: 0.8544
  Episode_Termination/torso_height: 0.1456
--------------------------------------------------------------------------------
                   Total timesteps: 8110080
                    Iteration time: 0.37s
                      Time elapsed: 00:03:14
                               ETA: 00:00:02

################################################################################
                      [1m Learning iteration 495/500 [0m                      

                       Computation: 41958 steps/s (collection: 0.314s, learning 0.076s)
             Mean action noise std: 0.18
          Mean value_function loss: 0.1466
               Mean surrogate loss: -0.0056
                 Mean entropy loss: -2.9127
                       Mean reward: 112.19
               Mean episode length: 845.83
           Episode_Reward/progress: 6.3156
              Episode_Reward/alive: 0.3926
            Episode_Reward/upright: 0.0759
     Episode_Reward/move_to_target: 0.3634
          Episode_Reward/action_l2: -0.0231
             Episode_Reward/energy: -0.8211
   Episode_Reward/joint_pos_limits: -0.2944
      Episode_Termination/time_out: 0.8524
  Episode_Termination/torso_height: 0.1476
--------------------------------------------------------------------------------
                   Total timesteps: 8126464
                    Iteration time: 0.39s
                      Time elapsed: 00:03:14
                               ETA: 00:00:01

################################################################################
                      [1m Learning iteration 496/500 [0m                      

                       Computation: 41986 steps/s (collection: 0.298s, learning 0.093s)
             Mean action noise std: 0.18
          Mean value_function loss: 0.1079
               Mean surrogate loss: -0.0041
                 Mean entropy loss: -2.9246
                       Mean reward: 112.47
               Mean episode length: 851.34
           Episode_Reward/progress: 8.0751
              Episode_Reward/alive: 0.4835
            Episode_Reward/upright: 0.0937
     Episode_Reward/move_to_target: 0.4526
          Episode_Reward/action_l2: -0.0298
             Episode_Reward/energy: -1.0722
   Episode_Reward/joint_pos_limits: -0.3515
      Episode_Termination/time_out: 0.8496
  Episode_Termination/torso_height: 0.1504
--------------------------------------------------------------------------------
                   Total timesteps: 8142848
                    Iteration time: 0.39s
                      Time elapsed: 00:03:15
                               ETA: 00:00:01

################################################################################
                      [1m Learning iteration 497/500 [0m                      

                       Computation: 42763 steps/s (collection: 0.299s, learning 0.084s)
             Mean action noise std: 0.18
          Mean value_function loss: 0.1224
               Mean surrogate loss: -0.0044
                 Mean entropy loss: -2.9362
                       Mean reward: 109.52
               Mean episode length: 835.11
           Episode_Reward/progress: 7.1188
              Episode_Reward/alive: 0.4259
            Episode_Reward/upright: 0.0831
     Episode_Reward/move_to_target: 0.3961
          Episode_Reward/action_l2: -0.0264
             Episode_Reward/energy: -0.9288
   Episode_Reward/joint_pos_limits: -0.3117
      Episode_Termination/time_out: 0.8492
  Episode_Termination/torso_height: 0.1508
--------------------------------------------------------------------------------
                   Total timesteps: 8159232
                    Iteration time: 0.38s
                      Time elapsed: 00:03:15
                               ETA: 00:00:01

################################################################################
                      [1m Learning iteration 498/500 [0m                      

                       Computation: 43355 steps/s (collection: 0.298s, learning 0.079s)
             Mean action noise std: 0.18
          Mean value_function loss: 0.1336
               Mean surrogate loss: -0.0043
                 Mean entropy loss: -2.9462
                       Mean reward: 112.78
               Mean episode length: 851.08
           Episode_Reward/progress: 7.1814
              Episode_Reward/alive: 0.4130
            Episode_Reward/upright: 0.0814
     Episode_Reward/move_to_target: 0.4060
          Episode_Reward/action_l2: -0.0260
             Episode_Reward/energy: -0.9429
   Episode_Reward/joint_pos_limits: -0.2979
      Episode_Termination/time_out: 0.8494
  Episode_Termination/torso_height: 0.1506
--------------------------------------------------------------------------------
                   Total timesteps: 8175616
                    Iteration time: 0.38s
                      Time elapsed: 00:03:16
                               ETA: 00:00:00

################################################################################
                      [1m Learning iteration 499/500 [0m                      

                       Computation: 39603 steps/s (collection: 0.321s, learning 0.093s)
             Mean action noise std: 0.18
          Mean value_function loss: 0.2275
               Mean surrogate loss: -0.0051
                 Mean entropy loss: -2.9572
                       Mean reward: 116.25
               Mean episode length: 868.65
           Episode_Reward/progress: 8.9994
              Episode_Reward/alive: 0.4971
            Episode_Reward/upright: 0.0989
     Episode_Reward/move_to_target: 0.4904
          Episode_Reward/action_l2: -0.0304
             Episode_Reward/energy: -1.1348
   Episode_Reward/joint_pos_limits: -0.3574
      Episode_Termination/time_out: 0.8549
  Episode_Termination/torso_height: 0.1451
--------------------------------------------------------------------------------
                   Total timesteps: 8192000
                    Iteration time: 0.41s
                      Time elapsed: 00:03:16
                               ETA: 00:00:00

TRAINING_COMPLETE
2026-09-30T12:28:49Z [9,948ms] [Warning] [omni.physx.plugin] Damping attribute is unsupported for articulation joints and will be ignored (/World/envs/env_0/Robot/joints/right_back_foot).
2026-09-30T12:28:49Z [9,948ms] [Warning] [omni.physx.plugin] Damping attribute is unsupported for articulation joints and will be ignored (/World/envs/env_0/Robot/joints/right_back_leg).
2026-09-30T12:28:49Z [9,948ms] [Warning] [omni.physx.plugin] Damping attribute is unsupported for articulation joints and will be ignored (/World/envs/env_0/Robot/joints/right_back_foot).
