Loading user config located at: '/home/hhm/miniforge3/envs/lerobot-arena/lib/python3.11/site-packages/isaacsim/kit/data/Kit/Isaac-Sim/5.1/user.config.json'
[Info] [carb] Logging to file: /home/hhm/miniforge3/envs/lerobot-arena/lib/python3.11/site-packages/isaacsim/kit/logs/Kit/Isaac-Sim/5.1/kit_20260930_213211.log
2026-09-30T12:32:11Z [98ms] [Warning] [omni.usd_config.extension] Enable omni.materialx.libs extension to use MaterialX
2026-09-30T12:32:12Z [568ms] [Warning] [carb] Acquiring non optional plugin interface which is not listed as dependency: [omni::physx::IPhysxBenchmarks v1.0] (plugin: <default plugin>), by client: omni.physics.physx.plugin. Add it to CARB_PLUGIN_IMPL_DEPS() macro of a client.
2026-09-30T12:32:12Z [775ms] [Warning] [omni.isaac.dynamic_control] omni.isaac.dynamic_control is deprecated as of Isaac Sim 4.5. No action is needed from end-users.

|---------------------------------------------------------------------------------------------|
| Driver Version: 580.178.04    | Graphics API: Vulkan
|=============================================================================================|
| GPU | Name                             | Active | LDA | GPU Memory | Vendor-ID | LUID       |
|     |                                  |        |     |            | Device-ID | UUID       |
|     |                                  |        |     |            | Bus-ID    |            |
|---------------------------------------------------------------------------------------------|
| 0   | NVIDIA GeForce RTX 4050 Laptop.. | Yes: 0 |     | 6141    MB | 10de      | 0          |
|     |                                  |        |     |            | 28e1      | 04c25621.. |
|     |                                  |        |     |            | 1         |            |
|=============================================================================================|
| OS: 22.04.5 LTS (Jammy Jellyfish) ubuntu, Version: 22.04.5, Kernel: 6.8.0-138-generic
| XServer Vendor: The X.Org Foundation, XServer Version: 12101004 (1.21.1.4)
| Processor: AMD Ryzen 7 7435HS
| Cores: 8 | Logical Cores: 16
|---------------------------------------------------------------------------------------------|
| Total Memory (MB): 15805 | Free Memory: 10109
| Total Page/Swap (MB): 2047 | Free Page/Swap: 1437
|---------------------------------------------------------------------------------------------|
2026-09-30T12:32:17Z [5,632ms] [Warning] [gpu.foundation.plugin] CPU performance profile is set to powersave. This profile sets the CPU to the lowest frequency reducing performance.
2026-09-30T12:32:17Z [5,642ms] [Warning] [gpu.foundation.plugin] IOMMU is enabled.
2026-09-30T12:32:20Z [8,824ms] [Warning] [omni.fabric.plugin] Warning: input prim:attr `/World/envs/env_0:omni:rtx:skip` has no valid data.

2026-09-30T12:32:21Z [9,529ms] [Warning] [omni.physx.plugin] Damping attribute is unsupported for articulation joints and will be ignored (/World/envs/env_0/Robot/joints/front_left_leg).
2026-09-30T12:32:21Z [9,529ms] [Warning] [omni.physx.plugin] Damping attribute is unsupported for articulation joints and will be ignored (/World/envs/env_0/Robot/joints/front_left_foot).
2026-09-30T12:32:21Z [9,529ms] [Warning] [omni.physx.plugin] Damping attribute is unsupported for articulation joints and will be ignored (/World/envs/env_0/Robot/joints/front_right_leg).
2026-09-30T12:32:21Z [9,529ms] [Warning] [omni.physx.plugin] Damping attribute is unsupported for articulation joints and will be ignored (/World/envs/env_0/Robot/joints/front_right_foot).
2026-09-30T12:32:21Z [9,529ms] [Warning] [omni.physx.plugin] Damping attribute is unsupported for articulation joints and will be ignored (/World/envs/env_0/Robot/joints/left_back_leg).
2026-09-30T12:32:21Z [9,529ms] [Warning] [omni.physx.plugin] Damping attribute is unsupported for articulation joints and will be ignored (/World/envs/env_0/Robot/joints/left_back_foot).
2026-09-30T12:32:21Z [9,529ms] [Warning] [omni.physx.plugin] Damping attribute is unsupported for articulation joints and will be ignored (/World/envs/env_0/Robot/joints/right_back_leg).
2026-09-30T12:32:21Z [9,529ms] [Warning] [omni.physx.plugin] Damping attribute is unsupported for articulation joints and will be ignored (/World/envs/env_0/Robot/joints/right_back_foot).
2026-09-30T12:32:21Z [9,529ms] [Warning] [omni.physx.plugin] Damping attribute is unsupported for articulation joints and will be ignored (/World/envs/env_0/Robot/joints/front_right_leg).
2026-09-30T12:32:21Z [9,529ms] [Warning] [omni.physx.plugin] Damping attribute is unsupported for articulation joints and will be ignored (/World/envs/env_0/Robot/joints/front_right_foot).
2026-09-30T12:32:21Z [9,529ms] [Warning] [omni.physx.plugin] Damping attribute is unsupported for articulation joints and will be ignored (/World/envs/env_0/Robot/joints/left_back_leg).
2026-09-30T12:32:21Z [9,529ms] [Warning] [omni.physx.plugin] Damping attribute is unsupported for articulation joints and will be ignored (/World/envs/env_0/Robot/joints/left_back_foot).
2026-09-30T12:32:21Z [9,529ms] [Warning] [omni.physx.plugin] Damping attribute is unsupported for articulation joints and will be ignored (/World/envs/env_0/Robot/joints/right_back_leg).
2026-09-30T12:32:21Z [9,529ms] [Warning] [omni.physx.plugin] Damping attribute is unsupported for articulation joints and will be ignored (/World/envs/env_0/Robot/joints/right_back_foot).
2026-09-30T12:32:21Z [9,529ms] [Warning] [omni.physx.plugin] Damping attribute is unsupported for articulation joints and will be ignored (/World/envs/env_0/Robot/joints/front_right_leg).
2026-09-30T12:32:21Z [9,529ms] [Warning] [omni.physx.plugin] Damping attribute is unsupported for articulation joints and will be ignored (/World/envs/env_0/Robot/joints/front_right_foot).
2026-09-30T12:32:21Z [9,529ms] [Warning] [omni.physx.plugin] Damping attribute is unsupported for articulation joints and will be ignored (/World/envs/env_0/Robot/joints/left_back_leg).
2026-09-30T12:32:21Z [9,529ms] [Warning] [omni.physx.plugin] Damping attribute is unsupported for articulation joints and will be ignored (/World/envs/env_0/Robot/joints/left_back_foot).
2026-09-30T12:32:21Z [9,529ms] [Warning] [omni.physx.plugin] Damping attribute is unsupported for articulation joints and will be ignored (/World/envs/env_0/Robot/joints/right_back_leg).
2026-09-30T12:32:21Z [9,529ms] [Warning] [omni.physx.plugin] Damping attribute is unsupported for articulation joints and will be ignored (/World/envs/env_0/Robot/joints/right_back_foot).
2026-09-30T12:32:21Z [9,529ms] [Warning] [omni.physx.plugin] Damping attribute is unsupported for articulation joints and will be ignored (/World/envs/env_0/Robot/joints/left_back_leg).
2026-09-30T12:32:21Z [9,529ms] [Warning] [omni.physx.plugin] Damping attribute is unsupported for articulation joints and will be ignored (/World/envs/env_0/Robot/joints/left_back_foot).
2026-09-30T12:32:21Z [9,529ms] [Warning] [omni.physx.plugin] Damping attribute is unsupported for articulation joints and will be ignored (/World/envs/env_0/Robot/joints/right_back_leg).
2026-09-30T12:32:21Z [9,529ms] [Warning] [omni.physx.plugin] Damping attribute is unsupported for articulation joints and will be ignored (/World/envs/env_0/Robot/joints/right_back_foot).
2026-09-30T12:32:21Z [9,529ms] [Warning] [omni.physx.plugin] Damping attribute is unsupported for articulation joints and will be ignored (/World/envs/env_0/Robot/joints/left_back_leg).
2026-09-30T12:32:21Z [9,529ms] [Warning] [omni.physx.plugin] Damping attribute is unsupported for articulation joints and will be ignored (/World/envs/env_0/Robot/joints/left_back_foot).
2026-09-30T12:32:21Z [9,529ms] [Warning] [omni.physx.plugin] Damping attribute is unsupported for articulation joints and will be ignored (/World/envs/env_0/Robot/joints/right_back_leg).
2026-09-30T12:32:21Z [9,529ms] [Warning] [omni.physx.plugin] Damping attribute is unsupported for articulation joints and will be ignored (/World/envs/env_0/Robot/joints/right_back_foot).
2026-09-30T12:32:21Z [9,529ms] [Warning] [omni.physx.plugin] Damping attribute is unsupported for articulation joints and will be ignored (/World/envs/env_0/Robot/joints/right_back_leg).
/home/hhm/miniforge3/envs/lerobot-arena/lib/python3.11/site-packages/rsl_rl/utils/utils.py:244: UserWarning: The observation configuration dictionary 'obs_groups' must contain the 'policy' key. As an observation group with the name 'policy' was found, this is assumed to be the observation set. Consider adding the 'policy' key to the 'obs_groups' dictionary for clarity. This behavior will be removed in a future version.
  warnings.warn(
/home/hhm/miniforge3/envs/lerobot-arena/lib/python3.11/site-packages/rsl_rl/utils/utils.py:290: UserWarning: The observation configuration dictionary 'obs_groups' must contain the 'critic' key. As the configuration for 'critic' is missing, the observations from the 'policy' set are used. Consider adding the 'critic' key to the 'obs_groups' dictionary for clarity. This behavior will be removed in a future version.
  warnings.warn(
[INFO][AppLauncher]: Using device: cuda:0
[INFO][AppLauncher]: Loading experience file: /home/hhm/IsaacLab_RS/apps/isaaclab.python.headless.kit
Setting seed: 33
[INFO]: Base environment:
	Environment device    : cuda:0
	Environment seed      : 33
	Physics step-size     : 0.008333333333333333
	Rendering step-size   : 0.016666666666666666
	Environment step-size : 0.016666666666666666
[INFO]: Time taken for scene creation : 2.640524 seconds
[INFO]: Scene manager:  <class InteractiveScene>
	Number of environments: 512
	Environment spacing   : 5.0
	Source prim name      : /World/envs/env_0
	Global prim paths     : ['/World/ground']
	Replicate physics     : True
[INFO]: Starting the simulation. This may take a few seconds. Please wait...
[INFO]: Time taken for simulation start : 0.857404 seconds
[INFO] Command Manager:  <CommandManager> contains 0 active terms.
+------------------------+
|  Active Command Terms  |
+--------+-------+-------+
| Index  | Name  |  Type |
+--------+-------+-------+
+--------+-------+-------+

[INFO] Event Manager:  <EventManager> contains 2 active terms.
+-------------------------------------+
| Active Event Terms in Mode: 'reset' |
+---------+---------------------------+
|  Index  | Name                      |
+---------+---------------------------+
|    0    | reset_base                |
|    1    | reset_robot_joints        |
+---------+---------------------------+
+----------------------------------+
| Active Event Terms in Mode: 'startup' |
+-------------+--------------------+
|    Index    | Name               |
+-------------+--------------------+
|      0      | material           |
|      1      | mass               |
+-------------+--------------------+

[INFO] Recorder Manager:  <RecorderManager> contains 0 active terms.
+---------------------+
| Active Recorder Terms |
+-----------+---------+
|   Index   | Name    |
+-----------+---------+
+-----------+---------+

[INFO] Action Manager:  <ActionManager> contains 1 active terms.
+----------------------------------+
|  Active Action Terms (shape: 8)  |
+-------+--------------+-----------+
| Index | Name         | Dimension |
+-------+--------------+-----------+
|   0   | joint_effort |         8 |
+-------+--------------+-----------+

[INFO] Observation Manager: <ObservationManager> contains 1 groups.
+-----------------------------------------------------------+
| Active Observation Terms in Group: 'policy' (shape: (60,)) |
+-----------+-----------------------------------+-----------+
|   Index   | Name                              |   Shape   |
+-----------+-----------------------------------+-----------+
|     0     | base_height                       |    (1,)   |
|     1     | base_lin_vel                      |    (3,)   |
|     2     | base_ang_vel                      |    (3,)   |
|     3     | base_yaw_roll                     |    (2,)   |
|     4     | base_angle_to_target              |    (1,)   |
|     5     | base_up_proj                      |    (1,)   |
|     6     | base_heading_proj                 |    (1,)   |
|     7     | joint_pos_norm                    |    (8,)   |
|     8     | joint_vel_rel                     |    (8,)   |
|     9     | feet_body_forces                  |   (24,)   |
|     10    | actions                           |    (8,)   |
+-----------+-----------------------------------+-----------+

[INFO] Termination Manager:  <TerminationManager> contains 2 active terms.
+---------------------------------+
|     Active Termination Terms    |
+-------+--------------+----------+
| Index | Name         | Time Out |
+-------+--------------+----------+
|   0   | time_out     |   True   |
|   1   | torso_height |  False   |
+-------+--------------+----------+

[INFO] Reward Manager:  <RewardManager> contains 7 active terms.
+-----------------------------------+
|        Active Reward Terms        |
+-------+------------------+--------+
| Index | Name             | Weight |
+-------+------------------+--------+
|   0   | progress         |    1.0 |
|   1   | alive            |    0.5 |
|   2   | upright          |    0.1 |
|   3   | move_to_target   |    0.5 |
|   4   | action_l2        | -0.005 |
|   5   | energy           |  -0.05 |
|   6   | joint_pos_limits |   -0.1 |
+-------+------------------+--------+

[INFO] Curriculum Manager:  <CurriculumManager> contains 0 active terms.
+----------------------+
| Active Curriculum Terms |
+-----------+----------+
|   Index   | Name     |
+-----------+----------+
+-----------+----------+

[INFO]: Completed setting up the environment...
--------------------------------------------------------------------------------
Resolved observation sets: 
	 policy :  ['policy']
	 critic :  ['policy']
--------------------------------------------------------------------------------
Actor MLP: MLP(
  (0): Linear(in_features=60, out_features=400, bias=True)
  (1): ELU(alpha=1.0)
  (2): Linear(in_features=400, out_features=200, bias=True)
  (3): ELU(alpha=1.0)
  (4): Linear(in_features=200, out_features=100, bias=True)
  (5): ELU(alpha=1.0)
  (6): Linear(in_features=100, out_features=8, bias=True)
)
Critic MLP: MLP(
  (0): Linear(in_features=60, out_features=400, bias=True)
  (1): ELU(alpha=1.0)
  (2): Linear(in_features=400, out_features=200, bias=True)
  (3): ELU(alpha=1.0)
  (4): Linear(in_features=200, out_features=100, bias=True)
  (5): ELU(alpha=1.0)
  (6): Linear(in_features=100, out_features=1, bias=True)
)
################################################################################
                       [1m Learning iteration 0/500 [0m                       

                       Computation: 10302 steps/s (collection: 1.326s, learning 0.264s)
             Mean action noise std: 0.99
          Mean value_function loss: 0.0373
               Mean surrogate loss: -0.0122
                 Mean entropy loss: 11.3232
                       Mean reward: -0.36
               Mean episode length: 14.41
           Episode_Reward/progress: 0.0018
              Episode_Reward/alive: 0.0080
            Episode_Reward/upright: 0.0015
     Episode_Reward/move_to_target: 0.0079
          Episode_Reward/action_l2: -0.0007
             Episode_Reward/energy: -0.0394
   Episode_Reward/joint_pos_limits: -0.0021
      Episode_Termination/time_out: 0.0250
  Episode_Termination/torso_height: 0.0000
--------------------------------------------------------------------------------
                   Total timesteps: 16384
                    Iteration time: 1.59s
                      Time elapsed: 00:00:01
                               ETA: 00:13:15

Could not find git repository in /home/hhm/miniforge3/envs/lerobot-arena/lib/python3.11/site-packages/rsl_rl/__init__.py. Skipping.
################################################################################
                       [1m Learning iteration 1/500 [0m                       

                       Computation: 22909 steps/s (collection: 0.616s, learning 0.099s)
             Mean action noise std: 0.98
          Mean value_function loss: 0.0430
               Mean surrogate loss: -0.0137
                 Mean entropy loss: 11.2305
                       Mean reward: -0.97
               Mean episode length: 35.57
           Episode_Reward/progress: 0.0059
              Episode_Reward/alive: 0.0248
            Episode_Reward/upright: 0.0027
     Episode_Reward/move_to_target: 0.0206
          Episode_Reward/action_l2: -0.0020
             Episode_Reward/energy: -0.1233
   Episode_Reward/joint_pos_limits: -0.0087
      Episode_Termination/time_out: 0.0613
  Episode_Termination/torso_height: 0.0054
--------------------------------------------------------------------------------
                   Total timesteps: 32768
                    Iteration time: 0.72s
                      Time elapsed: 00:00:02
                               ETA: 00:09:35

################################################################################
                       [1m Learning iteration 2/500 [0m                       

                       Computation: 37065 steps/s (collection: 0.344s, learning 0.098s)
             Mean action noise std: 0.96
          Mean value_function loss: 0.0395
               Mean surrogate loss: -0.0134
                 Mean entropy loss: 11.0707
                       Mean reward: -1.99
               Mean episode length: 70.65
           Episode_Reward/progress: 0.0097
              Episode_Reward/alive: 0.0406
            Episode_Reward/upright: 0.0027
     Episode_Reward/move_to_target: 0.0250
          Episode_Reward/action_l2: -0.0033
             Episode_Reward/energy: -0.2020
   Episode_Reward/joint_pos_limits: -0.0143
      Episode_Termination/time_out: 0.0876
  Episode_Termination/torso_height: 0.0817
--------------------------------------------------------------------------------
                   Total timesteps: 49152
                    Iteration time: 0.44s
                      Time elapsed: 00:00:02
                               ETA: 00:07:36

################################################################################
                       [1m Learning iteration 3/500 [0m                       

                       Computation: 37908 steps/s (collection: 0.337s, learning 0.095s)
             Mean action noise std: 0.94
          Mean value_function loss: 0.0341
               Mean surrogate loss: -0.0145
                 Mean entropy loss: 10.9408
                       Mean reward: -2.90
               Mean episode length: 101.13
           Episode_Reward/progress: 0.0050
              Episode_Reward/alive: 0.0575
            Episode_Reward/upright: 0.0049
     Episode_Reward/move_to_target: 0.0335
          Episode_Reward/action_l2: -0.0046
             Episode_Reward/energy: -0.2775
   Episode_Reward/joint_pos_limits: -0.0209
      Episode_Termination/time_out: 0.1028
  Episode_Termination/torso_height: 0.1863
--------------------------------------------------------------------------------
                   Total timesteps: 65536
                    Iteration time: 0.43s
                      Time elapsed: 00:00:03
                               ETA: 00:06:35

################################################################################
                       [1m Learning iteration 4/500 [0m                       

                       Computation: 39064 steps/s (collection: 0.327s, learning 0.093s)
             Mean action noise std: 0.92
          Mean value_function loss: 0.0334
               Mean surrogate loss: -0.0153
                 Mean entropy loss: 10.7901
                       Mean reward: -3.48
               Mean episode length: 128.74
           Episode_Reward/progress: 0.0105
              Episode_Reward/alive: 0.0707
            Episode_Reward/upright: 0.0064
     Episode_Reward/move_to_target: 0.0437
          Episode_Reward/action_l2: -0.0055
             Episode_Reward/energy: -0.3297
   Episode_Reward/joint_pos_limits: -0.0252
      Episode_Termination/time_out: 0.1290
  Episode_Termination/torso_height: 0.2791
--------------------------------------------------------------------------------
                   Total timesteps: 81920
                    Iteration time: 0.42s
                      Time elapsed: 00:00:03
                               ETA: 00:05:57

################################################################################
                       [1m Learning iteration 5/500 [0m                       

                       Computation: 37796 steps/s (collection: 0.333s, learning 0.100s)
             Mean action noise std: 0.91
          Mean value_function loss: 0.0276
               Mean surrogate loss: -0.0150
                 Mean entropy loss: 10.6377
                       Mean reward: -3.94
               Mean episode length: 148.32
           Episode_Reward/progress: -0.0182
              Episode_Reward/alive: 0.0778
            Episode_Reward/upright: 0.0083
     Episode_Reward/move_to_target: 0.0511
          Episode_Reward/action_l2: -0.0060
             Episode_Reward/energy: -0.3400
   Episode_Reward/joint_pos_limits: -0.0281
      Episode_Termination/time_out: 0.1429
  Episode_Termination/torso_height: 0.3723
--------------------------------------------------------------------------------
                   Total timesteps: 98304
                    Iteration time: 0.43s
                      Time elapsed: 00:00:04
                               ETA: 00:05:32

################################################################################
                       [1m Learning iteration 6/500 [0m                       

                       Computation: 41229 steps/s (collection: 0.318s, learning 0.079s)
             Mean action noise std: 0.89
          Mean value_function loss: 0.0267
               Mean surrogate loss: -0.0148
                 Mean entropy loss: 10.4976
                       Mean reward: -4.15
               Mean episode length: 164.61
           Episode_Reward/progress: 0.0183
              Episode_Reward/alive: 0.0896
            Episode_Reward/upright: 0.0091
     Episode_Reward/move_to_target: 0.0493
          Episode_Reward/action_l2: -0.0069
             Episode_Reward/energy: -0.3899
   Episode_Reward/joint_pos_limits: -0.0336
      Episode_Termination/time_out: 0.1462
  Episode_Termination/torso_height: 0.4480
--------------------------------------------------------------------------------
                   Total timesteps: 114688
                    Iteration time: 0.40s
                      Time elapsed: 00:00:04
                               ETA: 00:05:12

################################################################################
                       [1m Learning iteration 7/500 [0m                       

                       Computation: 40068 steps/s (collection: 0.332s, learning 0.077s)
             Mean action noise std: 0.88
          Mean value_function loss: 0.0211
               Mean surrogate loss: -0.0155
                 Mean entropy loss: 10.3811
                       Mean reward: -4.33
               Mean episode length: 183.15
           Episode_Reward/progress: 0.0124
              Episode_Reward/alive: 0.0997
            Episode_Reward/upright: 0.0114
     Episode_Reward/move_to_target: 0.0422
          Episode_Reward/action_l2: -0.0074
             Episode_Reward/energy: -0.4116
   Episode_Reward/joint_pos_limits: -0.0385
      Episode_Termination/time_out: 0.1503
  Episode_Termination/torso_height: 0.5060
--------------------------------------------------------------------------------
                   Total timesteps: 131072
                    Iteration time: 0.41s
                      Time elapsed: 00:00:04
                               ETA: 00:04:58

################################################################################
                       [1m Learning iteration 8/500 [0m                       

                       Computation: 39303 steps/s (collection: 0.341s, learning 0.076s)
             Mean action noise std: 0.87
          Mean value_function loss: 0.0197
               Mean surrogate loss: -0.0158
                 Mean entropy loss: 10.2558
                       Mean reward: -4.50
               Mean episode length: 196.54
           Episode_Reward/progress: 0.0071
              Episode_Reward/alive: 0.1026
            Episode_Reward/upright: 0.0118
     Episode_Reward/move_to_target: 0.0424
          Episode_Reward/action_l2: -0.0075
             Episode_Reward/energy: -0.4007
   Episode_Reward/joint_pos_limits: -0.0403
      Episode_Termination/time_out: 0.1545
  Episode_Termination/torso_height: 0.5569
--------------------------------------------------------------------------------
                   Total timesteps: 147456
                    Iteration time: 0.42s
                      Time elapsed: 00:00:05
                               ETA: 00:04:47

################################################################################
                       [1m Learning iteration 9/500 [0m                       

                       Computation: 41065 steps/s (collection: 0.322s, learning 0.077s)
             Mean action noise std: 0.85
          Mean value_function loss: 0.0185
               Mean surrogate loss: -0.0150
                 Mean entropy loss: 10.1371
                       Mean reward: -4.70
               Mean episode length: 207.55
           Episode_Reward/progress: 0.0029
              Episode_Reward/alive: 0.1243
            Episode_Reward/upright: 0.0156
     Episode_Reward/move_to_target: 0.0474
          Episode_Reward/action_l2: -0.0089
             Episode_Reward/energy: -0.4645
   Episode_Reward/joint_pos_limits: -0.0515
      Episode_Termination/time_out: 0.1578
  Episode_Termination/torso_height: 0.5929
--------------------------------------------------------------------------------
                   Total timesteps: 163840
                    Iteration time: 0.40s
                      Time elapsed: 00:00:05
                               ETA: 00:04:37

################################################################################
                      [1m Learning iteration 10/500 [0m                       

                       Computation: 39197 steps/s (collection: 0.320s, learning 0.098s)
             Mean action noise std: 0.84
          Mean value_function loss: 0.0157
               Mean surrogate loss: -0.0150
                 Mean entropy loss: 10.0190
                       Mean reward: -4.59
               Mean episode length: 215.59
           Episode_Reward/progress: 0.0045
              Episode_Reward/alive: 0.1124
            Episode_Reward/upright: 0.0136
     Episode_Reward/move_to_target: 0.0719
          Episode_Reward/action_l2: -0.0080
             Episode_Reward/energy: -0.4007
   Episode_Reward/joint_pos_limits: -0.0472
      Episode_Termination/time_out: 0.1611
  Episode_Termination/torso_height: 0.6193
--------------------------------------------------------------------------------
                   Total timesteps: 180224
                    Iteration time: 0.42s
                      Time elapsed: 00:00:06
                               ETA: 00:04:30

################################################################################
                      [1m Learning iteration 11/500 [0m                       

                       Computation: 40275 steps/s (collection: 0.305s, learning 0.102s)
             Mean action noise std: 0.83
          Mean value_function loss: 0.0145
               Mean surrogate loss: -0.0129
                 Mean entropy loss: 9.8874
                       Mean reward: -4.27
               Mean episode length: 219.91
           Episode_Reward/progress: 0.0247
              Episode_Reward/alive: 0.1202
            Episode_Reward/upright: 0.0157
     Episode_Reward/move_to_target: 0.0837
          Episode_Reward/action_l2: -0.0085
             Episode_Reward/energy: -0.4144
   Episode_Reward/joint_pos_limits: -0.0521
      Episode_Termination/time_out: 0.1624
  Episode_Termination/torso_height: 0.6458
--------------------------------------------------------------------------------
                   Total timesteps: 196608
                    Iteration time: 0.41s
                      Time elapsed: 00:00:06
                               ETA: 00:04:24

################################################################################
                      [1m Learning iteration 12/500 [0m                       

                       Computation: 41884 steps/s (collection: 0.289s, learning 0.102s)
             Mean action noise std: 0.81
          Mean value_function loss: 0.0126
               Mean surrogate loss: -0.0149
                 Mean entropy loss: 9.7511
                       Mean reward: -4.43
               Mean episode length: 232.65
           Episode_Reward/progress: -0.0429
              Episode_Reward/alive: 0.1459
            Episode_Reward/upright: 0.0181
     Episode_Reward/move_to_target: 0.0731
          Episode_Reward/action_l2: -0.0102
             Episode_Reward/energy: -0.4799
   Episode_Reward/joint_pos_limits: -0.0648
      Episode_Termination/time_out: 0.1615
  Episode_Termination/torso_height: 0.6608
--------------------------------------------------------------------------------
                   Total timesteps: 212992
                    Iteration time: 0.39s
                      Time elapsed: 00:00:06
                               ETA: 00:04:17

################################################################################
                      [1m Learning iteration 13/500 [0m                       

                       Computation: 41393 steps/s (collection: 0.312s, learning 0.084s)
             Mean action noise std: 0.80
          Mean value_function loss: 0.0135
               Mean surrogate loss: -0.0132
                 Mean entropy loss: 9.6258
                       Mean reward: -4.18
               Mean episode length: 245.41
           Episode_Reward/progress: 0.0236
              Episode_Reward/alive: 0.1770
            Episode_Reward/upright: 0.0282
     Episode_Reward/move_to_target: 0.1086
          Episode_Reward/action_l2: -0.0124
             Episode_Reward/energy: -0.5666
   Episode_Reward/joint_pos_limits: -0.0798
      Episode_Termination/time_out: 0.1681
  Episode_Termination/torso_height: 0.6675
--------------------------------------------------------------------------------
                   Total timesteps: 229376
                    Iteration time: 0.40s
                      Time elapsed: 00:00:07
                               ETA: 00:04:12

################################################################################
                      [1m Learning iteration 14/500 [0m                       

                       Computation: 39753 steps/s (collection: 0.313s, learning 0.099s)
             Mean action noise std: 0.79
          Mean value_function loss: 0.0110
               Mean surrogate loss: -0.0122
                 Mean entropy loss: 9.4838
                       Mean reward: -4.59
               Mean episode length: 280.73
           Episode_Reward/progress: -0.0032
              Episode_Reward/alive: 0.1876
            Episode_Reward/upright: 0.0291
     Episode_Reward/move_to_target: 0.0793
          Episode_Reward/action_l2: -0.0129
             Episode_Reward/energy: -0.5692
   Episode_Reward/joint_pos_limits: -0.0897
      Episode_Termination/time_out: 0.1818
  Episode_Termination/torso_height: 0.6765
--------------------------------------------------------------------------------
                   Total timesteps: 245760
                    Iteration time: 0.41s
                      Time elapsed: 00:00:07
                               ETA: 00:04:08

################################################################################
                      [1m Learning iteration 15/500 [0m                       

                       Computation: 42312 steps/s (collection: 0.290s, learning 0.097s)
             Mean action noise std: 0.78
          Mean value_function loss: 0.0098
               Mean surrogate loss: -0.0116
                 Mean entropy loss: 9.3792
                       Mean reward: -4.76
               Mean episode length: 286.00
           Episode_Reward/progress: -0.0126
              Episode_Reward/alive: 0.1415
            Episode_Reward/upright: 0.0192
     Episode_Reward/move_to_target: 0.0541
          Episode_Reward/action_l2: -0.0094
             Episode_Reward/energy: -0.4158
   Episode_Reward/joint_pos_limits: -0.0680
      Episode_Termination/time_out: 0.1912
  Episode_Termination/torso_height: 0.6851
--------------------------------------------------------------------------------
                   Total timesteps: 262144
                    Iteration time: 0.39s
                      Time elapsed: 00:00:08
                               ETA: 00:04:04

################################################################################
                      [1m Learning iteration 16/500 [0m                       

                       Computation: 44402 steps/s (collection: 0.266s, learning 0.103s)
             Mean action noise std: 0.76
          Mean value_function loss: 0.0100
               Mean surrogate loss: -0.0120
                 Mean entropy loss: 9.2332
                       Mean reward: -4.90
               Mean episode length: 291.68
           Episode_Reward/progress: -0.0348
              Episode_Reward/alive: 0.1367
            Episode_Reward/upright: 0.0211
     Episode_Reward/move_to_target: -0.0322
          Episode_Reward/action_l2: -0.0091
             Episode_Reward/energy: -0.4087
   Episode_Reward/joint_pos_limits: -0.0645
      Episode_Termination/time_out: 0.1946
  Episode_Termination/torso_height: 0.6875
--------------------------------------------------------------------------------
                   Total timesteps: 278528
                    Iteration time: 0.37s
                      Time elapsed: 00:00:08
                               ETA: 00:04:00

################################################################################
                      [1m Learning iteration 17/500 [0m                       

                       Computation: 46492 steps/s (collection: 0.275s, learning 0.078s)
             Mean action noise std: 0.75
          Mean value_function loss: 0.0079
               Mean surrogate loss: -0.0110
                 Mean entropy loss: 9.0811
                       Mean reward: -5.20
               Mean episode length: 316.02
           Episode_Reward/progress: -0.0068
              Episode_Reward/alive: 0.1989
            Episode_Reward/upright: 0.0322
     Episode_Reward/move_to_target: 0.0463
          Episode_Reward/action_l2: -0.0132
             Episode_Reward/energy: -0.5376
   Episode_Reward/joint_pos_limits: -0.1047
      Episode_Termination/time_out: 0.1996
  Episode_Termination/torso_height: 0.6924
--------------------------------------------------------------------------------
                   Total timesteps: 294912
                    Iteration time: 0.35s
                      Time elapsed: 00:00:08
                               ETA: 00:03:55

################################################################################
                      [1m Learning iteration 18/500 [0m                       

                       Computation: 43750 steps/s (collection: 0.278s, learning 0.096s)
             Mean action noise std: 0.73
          Mean value_function loss: 0.0065
               Mean surrogate loss: -0.0100
                 Mean entropy loss: 8.9344
                       Mean reward: -5.57
               Mean episode length: 335.54
           Episode_Reward/progress: 0.0036
              Episode_Reward/alive: 0.2460
            Episode_Reward/upright: 0.0379
     Episode_Reward/move_to_target: 0.0076
          Episode_Reward/action_l2: -0.0166
             Episode_Reward/energy: -0.6726
   Episode_Reward/joint_pos_limits: -0.1296
      Episode_Termination/time_out: 0.2049
  Episode_Termination/torso_height: 0.6969
--------------------------------------------------------------------------------
                   Total timesteps: 311296
                    Iteration time: 0.37s
                      Time elapsed: 00:00:09
                               ETA: 00:03:52

################################################################################
                      [1m Learning iteration 19/500 [0m                       

                       Computation: 43873 steps/s (collection: 0.270s, learning 0.103s)
             Mean action noise std: 0.72
          Mean value_function loss: 0.0065
               Mean surrogate loss: -0.0079
                 Mean entropy loss: 8.7994
                       Mean reward: -5.52
               Mean episode length: 347.87
           Episode_Reward/progress: 0.0265
              Episode_Reward/alive: 0.1986
            Episode_Reward/upright: 0.0312
     Episode_Reward/move_to_target: 0.0577
          Episode_Reward/action_l2: -0.0132
             Episode_Reward/energy: -0.5023
   Episode_Reward/joint_pos_limits: -0.1108
      Episode_Termination/time_out: 0.2112
  Episode_Termination/torso_height: 0.6973
--------------------------------------------------------------------------------
                   Total timesteps: 327680
                    Iteration time: 0.37s
                      Time elapsed: 00:00:09
                               ETA: 00:03:49

################################################################################
                      [1m Learning iteration 20/500 [0m                       

                       Computation: 43925 steps/s (collection: 0.274s, learning 0.099s)
             Mean action noise std: 0.71
          Mean value_function loss: 0.0052
               Mean surrogate loss: -0.0086
                 Mean entropy loss: 8.6620
                       Mean reward: -5.80
               Mean episode length: 365.36
           Episode_Reward/progress: 0.0433
              Episode_Reward/alive: 0.2814
            Episode_Reward/upright: 0.0501
     Episode_Reward/move_to_target: 0.1877
          Episode_Reward/action_l2: -0.0191
             Episode_Reward/energy: -0.7108
   Episode_Reward/joint_pos_limits: -0.1610
      Episode_Termination/time_out: 0.2192
  Episode_Termination/torso_height: 0.6973
--------------------------------------------------------------------------------
                   Total timesteps: 344064
                    Iteration time: 0.37s
                      Time elapsed: 00:00:09
                               ETA: 00:03:46

################################################################################
                      [1m Learning iteration 21/500 [0m                       

                       Computation: 47056 steps/s (collection: 0.272s, learning 0.077s)
             Mean action noise std: 0.70
          Mean value_function loss: 0.0042
               Mean surrogate loss: -0.0096
                 Mean entropy loss: 8.5369
                       Mean reward: -5.77
               Mean episode length: 373.47
           Episode_Reward/progress: 0.0465
              Episode_Reward/alive: 0.3237
            Episode_Reward/upright: 0.0615
     Episode_Reward/move_to_target: 0.1522
          Episode_Reward/action_l2: -0.0223
             Episode_Reward/energy: -0.7773
   Episode_Reward/joint_pos_limits: -0.1948
      Episode_Termination/time_out: 0.2297
  Episode_Termination/torso_height: 0.6973
--------------------------------------------------------------------------------
                   Total timesteps: 360448
                    Iteration time: 0.35s
                      Time elapsed: 00:00:10
                               ETA: 00:03:43

################################################################################
                      [1m Learning iteration 22/500 [0m                       

                       Computation: 43899 steps/s (collection: 0.277s, learning 0.096s)
             Mean action noise std: 0.69
          Mean value_function loss: 0.0038
               Mean surrogate loss: -0.0074
                 Mean entropy loss: 8.3840
                       Mean reward: -5.87
               Mean episode length: 383.22
           Episode_Reward/progress: -0.0553
              Episode_Reward/alive: 0.3280
            Episode_Reward/upright: 0.0624
     Episode_Reward/move_to_target: 0.1569
          Episode_Reward/action_l2: -0.0218
             Episode_Reward/energy: -0.7574
   Episode_Reward/joint_pos_limits: -0.1928
      Episode_Termination/time_out: 0.2332
  Episode_Termination/torso_height: 0.6992
--------------------------------------------------------------------------------
                   Total timesteps: 376832
                    Iteration time: 0.37s
                      Time elapsed: 00:00:10
                               ETA: 00:03:40

################################################################################
                      [1m Learning iteration 23/500 [0m                       

                       Computation: 43315 steps/s (collection: 0.281s, learning 0.098s)
             Mean action noise std: 0.68
          Mean value_function loss: 0.0034
               Mean surrogate loss: -0.0057
                 Mean entropy loss: 8.2817
                       Mean reward: -6.34
               Mean episode length: 402.51
           Episode_Reward/progress: -0.0646
              Episode_Reward/alive: 0.3829
            Episode_Reward/upright: 0.0745
     Episode_Reward/move_to_target: -0.0221
          Episode_Reward/action_l2: -0.0256
             Episode_Reward/energy: -0.8733
   Episode_Reward/joint_pos_limits: -0.2269
      Episode_Termination/time_out: 0.2375
  Episode_Termination/torso_height: 0.7000
--------------------------------------------------------------------------------
                   Total timesteps: 393216
                    Iteration time: 0.38s
                      Time elapsed: 00:00:11
                               ETA: 00:03:38

################################################################################
                      [1m Learning iteration 24/500 [0m                       

                       Computation: 45815 steps/s (collection: 0.262s, learning 0.095s)
             Mean action noise std: 0.67
          Mean value_function loss: 0.0036
               Mean surrogate loss: -0.0057
                 Mean entropy loss: 8.1894
                       Mean reward: -6.82
               Mean episode length: 437.10
           Episode_Reward/progress: 0.0565
              Episode_Reward/alive: 0.3893
            Episode_Reward/upright: 0.0706
     Episode_Reward/move_to_target: 0.0469
          Episode_Reward/action_l2: -0.0257
             Episode_Reward/energy: -0.8719
   Episode_Reward/joint_pos_limits: -0.2383
      Episode_Termination/time_out: 0.2493
  Episode_Termination/torso_height: 0.7012
--------------------------------------------------------------------------------
                   Total timesteps: 409600
                    Iteration time: 0.36s
                      Time elapsed: 00:00:11
                               ETA: 00:03:36

################################################################################
                      [1m Learning iteration 25/500 [0m                       

                       Computation: 44147 steps/s (collection: 0.272s, learning 0.100s)
             Mean action noise std: 0.66
          Mean value_function loss: 0.0031
               Mean surrogate loss: -0.0069
                 Mean entropy loss: 8.1072
                       Mean reward: -6.95
               Mean episode length: 450.39
           Episode_Reward/progress: 0.0189
              Episode_Reward/alive: 0.3704
            Episode_Reward/upright: 0.0668
     Episode_Reward/move_to_target: 0.0572
          Episode_Reward/action_l2: -0.0241
             Episode_Reward/energy: -0.8430
   Episode_Reward/joint_pos_limits: -0.2221
      Episode_Termination/time_out: 0.2567
  Episode_Termination/torso_height: 0.7020
--------------------------------------------------------------------------------
                   Total timesteps: 425984
                    Iteration time: 0.37s
                      Time elapsed: 00:00:11
                               ETA: 00:03:34

################################################################################
                      [1m Learning iteration 26/500 [0m                       

                       Computation: 44086 steps/s (collection: 0.276s, learning 0.095s)
             Mean action noise std: 0.66
          Mean value_function loss: 0.0035
               Mean surrogate loss: -0.0065
                 Mean entropy loss: 8.0170
                       Mean reward: -7.15
               Mean episode length: 467.97
           Episode_Reward/progress: -0.0197
              Episode_Reward/alive: 0.2750
            Episode_Reward/upright: 0.0491
     Episode_Reward/move_to_target: 0.0201
          Episode_Reward/action_l2: -0.0178
             Episode_Reward/energy: -0.6223
   Episode_Reward/joint_pos_limits: -0.1708
      Episode_Termination/time_out: 0.2609
  Episode_Termination/torso_height: 0.7044
--------------------------------------------------------------------------------
                   Total timesteps: 442368
                    Iteration time: 0.37s
                      Time elapsed: 00:00:12
                               ETA: 00:03:32

################################################################################
                      [1m Learning iteration 27/500 [0m                       

                       Computation: 43796 steps/s (collection: 0.274s, learning 0.100s)
             Mean action noise std: 0.65
          Mean value_function loss: 0.0027
               Mean surrogate loss: -0.0079
                 Mean entropy loss: 7.9180
                       Mean reward: -7.40
               Mean episode length: 499.10
           Episode_Reward/progress: 0.0120
              Episode_Reward/alive: 0.3521
            Episode_Reward/upright: 0.0660
     Episode_Reward/move_to_target: 0.0713
          Episode_Reward/action_l2: -0.0231
             Episode_Reward/energy: -0.7175
   Episode_Reward/joint_pos_limits: -0.2313
      Episode_Termination/time_out: 0.2656
  Episode_Termination/torso_height: 0.7083
--------------------------------------------------------------------------------
                   Total timesteps: 458752
                    Iteration time: 0.37s
                      Time elapsed: 00:00:12
                               ETA: 00:03:30

################################################################################
                      [1m Learning iteration 28/500 [0m                       

                       Computation: 44894 steps/s (collection: 0.268s, learning 0.097s)
             Mean action noise std: 0.64
          Mean value_function loss: 0.0023
               Mean surrogate loss: -0.0084
                 Mean entropy loss: 7.8333
                       Mean reward: -7.57
               Mean episode length: 517.99
           Episode_Reward/progress: 0.0838
              Episode_Reward/alive: 0.4725
            Episode_Reward/upright: 0.0903
     Episode_Reward/move_to_target: 0.1045
          Episode_Reward/action_l2: -0.0316
             Episode_Reward/energy: -0.9914
   Episode_Reward/joint_pos_limits: -0.3133
      Episode_Termination/time_out: 0.2768
  Episode_Termination/torso_height: 0.7090
--------------------------------------------------------------------------------
                   Total timesteps: 475136
                    Iteration time: 0.36s
                      Time elapsed: 00:00:12
                               ETA: 00:03:29

################################################################################
                      [1m Learning iteration 29/500 [0m                       

                       Computation: 44895 steps/s (collection: 0.270s, learning 0.095s)
             Mean action noise std: 0.63
          Mean value_function loss: 0.0024
               Mean surrogate loss: -0.0087
                 Mean entropy loss: 7.7226
                       Mean reward: -7.68
               Mean episode length: 550.21
           Episode_Reward/progress: -0.0026
              Episode_Reward/alive: 0.4904
            Episode_Reward/upright: 0.0942
     Episode_Reward/move_to_target: 0.1247
          Episode_Reward/action_l2: -0.0322
             Episode_Reward/energy: -0.9515
   Episode_Reward/joint_pos_limits: -0.3353
      Episode_Termination/time_out: 0.2863
  Episode_Termination/torso_height: 0.7090
--------------------------------------------------------------------------------
                   Total timesteps: 491520
                    Iteration time: 0.36s
                      Time elapsed: 00:00:13
                               ETA: 00:03:27

################################################################################
                      [1m Learning iteration 30/500 [0m                       

                       Computation: 44953 steps/s (collection: 0.288s, learning 0.077s)
             Mean action noise std: 0.62
          Mean value_function loss: 0.0024
               Mean surrogate loss: -0.0089
                 Mean entropy loss: 7.6125
                       Mean reward: -7.95
               Mean episode length: 605.70
           Episode_Reward/progress: -0.0204
              Episode_Reward/alive: 0.4421
            Episode_Reward/upright: 0.0825
     Episode_Reward/move_to_target: 0.1597
          Episode_Reward/action_l2: -0.0294
             Episode_Reward/energy: -0.8209
   Episode_Reward/joint_pos_limits: -0.3196
      Episode_Termination/time_out: 0.2897
  Episode_Termination/torso_height: 0.7103
--------------------------------------------------------------------------------
                   Total timesteps: 507904
                    Iteration time: 0.36s
                      Time elapsed: 00:00:13
                               ETA: 00:03:25

################################################################################
                      [1m Learning iteration 31/500 [0m                       

                       Computation: 42838 steps/s (collection: 0.279s, learning 0.103s)
             Mean action noise std: 0.62
          Mean value_function loss: 0.0029
               Mean surrogate loss: -0.0101
                 Mean entropy loss: 7.5019
                       Mean reward: -7.85
               Mean episode length: 671.00
           Episode_Reward/progress: 0.0546
              Episode_Reward/alive: 0.5000
            Episode_Reward/upright: 0.0957
     Episode_Reward/move_to_target: 0.2994
          Episode_Reward/action_l2: -0.0325
             Episode_Reward/energy: -0.8520
   Episode_Reward/joint_pos_limits: -0.3667
      Episode_Termination/time_out: 0.2904
  Episode_Termination/torso_height: 0.7096
--------------------------------------------------------------------------------
                   Total timesteps: 524288
                    Iteration time: 0.38s
                      Time elapsed: 00:00:13
                               ETA: 00:03:24

################################################################################
                      [1m Learning iteration 32/500 [0m                       

                       Computation: 44239 steps/s (collection: 0.292s, learning 0.078s)
             Mean action noise std: 0.61
          Mean value_function loss: 0.0035
               Mean surrogate loss: -0.0086
                 Mean entropy loss: 7.4325
                       Mean reward: -6.99
               Mean episode length: 812.95
           Episode_Reward/progress: 0.0269
              Episode_Reward/alive: 0.4835
            Episode_Reward/upright: 0.0911
     Episode_Reward/move_to_target: 0.2767
          Episode_Reward/action_l2: -0.0308
             Episode_Reward/energy: -0.7654
   Episode_Reward/joint_pos_limits: -0.3670
      Episode_Termination/time_out: 0.3151
  Episode_Termination/torso_height: 0.6849
--------------------------------------------------------------------------------
                   Total timesteps: 540672
                    Iteration time: 0.37s
                      Time elapsed: 00:00:14
                               ETA: 00:03:23

################################################################################
                      [1m Learning iteration 33/500 [0m                       

                       Computation: 39326 steps/s (collection: 0.318s, learning 0.099s)
             Mean action noise std: 0.60
          Mean value_function loss: 0.0055
               Mean surrogate loss: -0.0076
                 Mean entropy loss: 7.3521
                       Mean reward: -5.45
               Mean episode length: 888.30
           Episode_Reward/progress: 0.0416
              Episode_Reward/alive: 0.4503
            Episode_Reward/upright: 0.0858
     Episode_Reward/move_to_target: 0.1900
          Episode_Reward/action_l2: -0.0289
             Episode_Reward/energy: -0.6320
   Episode_Reward/joint_pos_limits: -0.3600
      Episode_Termination/time_out: 0.3549
  Episode_Termination/torso_height: 0.6451
--------------------------------------------------------------------------------
                   Total timesteps: 557056
                    Iteration time: 0.42s
                      Time elapsed: 00:00:14
                               ETA: 00:03:22

################################################################################
                      [1m Learning iteration 34/500 [0m                       

                       Computation: 39533 steps/s (collection: 0.318s, learning 0.096s)
             Mean action noise std: 0.60
          Mean value_function loss: 0.0052
               Mean surrogate loss: -0.0079
                 Mean entropy loss: 7.2745
                       Mean reward: -3.93
               Mean episode length: 904.41
           Episode_Reward/progress: 0.0497
              Episode_Reward/alive: 0.4857
            Episode_Reward/upright: 0.0935
     Episode_Reward/move_to_target: 0.1725
          Episode_Reward/action_l2: -0.0308
             Episode_Reward/energy: -0.6462
   Episode_Reward/joint_pos_limits: -0.3920
      Episode_Termination/time_out: 0.4113
  Episode_Termination/torso_height: 0.5887
--------------------------------------------------------------------------------
                   Total timesteps: 573440
                    Iteration time: 0.41s
                      Time elapsed: 00:00:15
                               ETA: 00:03:21

################################################################################
                      [1m Learning iteration 35/500 [0m                       

                       Computation: 38057 steps/s (collection: 0.335s, learning 0.096s)
             Mean action noise std: 0.59
          Mean value_function loss: 0.0066
               Mean surrogate loss: -0.0116
                 Mean entropy loss: 7.1982
                       Mean reward: -2.09
               Mean episode length: 878.95
           Episode_Reward/progress: 0.0576
              Episode_Reward/alive: 0.4104
            Episode_Reward/upright: 0.0798
     Episode_Reward/move_to_target: 0.3045
          Episode_Reward/action_l2: -0.0260
             Episode_Reward/energy: -0.4708
   Episode_Reward/joint_pos_limits: -0.3501
      Episode_Termination/time_out: 0.4681
  Episode_Termination/torso_height: 0.5319
--------------------------------------------------------------------------------
                   Total timesteps: 589824
                    Iteration time: 0.43s
                      Time elapsed: 00:00:15
                               ETA: 00:03:21

################################################################################
                      [1m Learning iteration 36/500 [0m                       

                       Computation: 39997 steps/s (collection: 0.313s, learning 0.097s)
             Mean action noise std: 0.59
          Mean value_function loss: 0.0068
               Mean surrogate loss: -0.0121
                 Mean entropy loss: 7.1246
                       Mean reward: -0.38
               Mean episode length: 852.36
           Episode_Reward/progress: 0.0796
              Episode_Reward/alive: 0.4682
            Episode_Reward/upright: 0.0897
     Episode_Reward/move_to_target: 0.2931
          Episode_Reward/action_l2: -0.0291
             Episode_Reward/energy: -0.5164
   Episode_Reward/joint_pos_limits: -0.3986
      Episode_Termination/time_out: 0.5287
  Episode_Termination/torso_height: 0.4713
--------------------------------------------------------------------------------
                   Total timesteps: 606208
                    Iteration time: 0.41s
                      Time elapsed: 00:00:16
                               ETA: 00:03:20

################################################################################
                      [1m Learning iteration 37/500 [0m                       

                       Computation: 35623 steps/s (collection: 0.346s, learning 0.114s)
             Mean action noise std: 0.58
          Mean value_function loss: 0.0076
               Mean surrogate loss: -0.0105
                 Mean entropy loss: 7.0486
                       Mean reward: 0.52
               Mean episode length: 852.40
           Episode_Reward/progress: 0.0634
              Episode_Reward/alive: 0.4472
            Episode_Reward/upright: 0.0873
     Episode_Reward/move_to_target: 0.2995
          Episode_Reward/action_l2: -0.0277
             Episode_Reward/energy: -0.4539
   Episode_Reward/joint_pos_limits: -0.3882
      Episode_Termination/time_out: 0.5859
  Episode_Termination/torso_height: 0.4141
--------------------------------------------------------------------------------
                   Total timesteps: 622592
                    Iteration time: 0.46s
                      Time elapsed: 00:00:16
                               ETA: 00:03:20

################################################################################
                      [1m Learning iteration 38/500 [0m                       

                       Computation: 39075 steps/s (collection: 0.327s, learning 0.092s)
             Mean action noise std: 0.58
          Mean value_function loss: 0.0077
               Mean surrogate loss: -0.0113
                 Mean entropy loss: 6.9758
                       Mean reward: 1.60
               Mean episode length: 870.64
           Episode_Reward/progress: 0.1093
              Episode_Reward/alive: 0.4740
            Episode_Reward/upright: 0.0930
     Episode_Reward/move_to_target: 0.3408
          Episode_Reward/action_l2: -0.0285
             Episode_Reward/energy: -0.4642
   Episode_Reward/joint_pos_limits: -0.4095
      Episode_Termination/time_out: 0.6475
  Episode_Termination/torso_height: 0.3525
--------------------------------------------------------------------------------
                   Total timesteps: 638976
                    Iteration time: 0.42s
                      Time elapsed: 00:00:16
                               ETA: 00:03:19

################################################################################
                      [1m Learning iteration 39/500 [0m                       

                       Computation: 38106 steps/s (collection: 0.323s, learning 0.107s)
             Mean action noise std: 0.57
          Mean value_function loss: 0.0060
               Mean surrogate loss: -0.0091
                 Mean entropy loss: 6.9104
                       Mean reward: 2.27
               Mean episode length: 845.36
           Episode_Reward/progress: 0.0852
              Episode_Reward/alive: 0.4087
            Episode_Reward/upright: 0.0793
     Episode_Reward/move_to_target: 0.2958
          Episode_Reward/action_l2: -0.0250
             Episode_Reward/energy: -0.3308
   Episode_Reward/joint_pos_limits: -0.3768
      Episode_Termination/time_out: 0.6927
  Episode_Termination/torso_height: 0.3073
--------------------------------------------------------------------------------
                   Total timesteps: 655360
                    Iteration time: 0.43s
                      Time elapsed: 00:00:17
                               ETA: 00:03:19

################################################################################
                      [1m Learning iteration 40/500 [0m                       

                       Computation: 43060 steps/s (collection: 0.291s, learning 0.090s)
             Mean action noise std: 0.57
          Mean value_function loss: 0.0060
               Mean surrogate loss: -0.0104
                 Mean entropy loss: 6.8538
                       Mean reward: 3.08
               Mean episode length: 855.11
           Episode_Reward/progress: 0.1215
              Episode_Reward/alive: 0.4227
            Episode_Reward/upright: 0.0822
     Episode_Reward/move_to_target: 0.3735
          Episode_Reward/action_l2: -0.0250
             Episode_Reward/energy: -0.3480
   Episode_Reward/joint_pos_limits: -0.3826
      Episode_Termination/time_out: 0.7338
  Episode_Termination/torso_height: 0.2662
--------------------------------------------------------------------------------
                   Total timesteps: 671744
                    Iteration time: 0.38s
                      Time elapsed: 00:00:17
                               ETA: 00:03:18

################################################################################
                      [1m Learning iteration 41/500 [0m                       

                       Computation: 46351 steps/s (collection: 0.265s, learning 0.089s)
             Mean action noise std: 0.56
          Mean value_function loss: 0.0080
               Mean surrogate loss: -0.0093
                 Mean entropy loss: 6.7854
                       Mean reward: 3.84
               Mean episode length: 863.98
           Episode_Reward/progress: 0.1469
              Episode_Reward/alive: 0.4789
            Episode_Reward/upright: 0.0949
     Episode_Reward/move_to_target: 0.4390
          Episode_Reward/action_l2: -0.0285
             Episode_Reward/energy: -0.3516
   Episode_Reward/joint_pos_limits: -0.4453
      Episode_Termination/time_out: 0.7758
  Episode_Termination/torso_height: 0.2242
--------------------------------------------------------------------------------
                   Total timesteps: 688128
                    Iteration time: 0.35s
                      Time elapsed: 00:00:18
                               ETA: 00:03:17

################################################################################
                      [1m Learning iteration 42/500 [0m                       

                       Computation: 48673 steps/s (collection: 0.248s, learning 0.089s)
             Mean action noise std: 0.56
          Mean value_function loss: 0.0092
               Mean surrogate loss: -0.0107
                 Mean entropy loss: 6.7196
                       Mean reward: 4.23
               Mean episode length: 836.80
           Episode_Reward/progress: 0.1382
              Episode_Reward/alive: 0.2892
            Episode_Reward/upright: 0.0543
     Episode_Reward/move_to_target: 0.2711
          Episode_Reward/action_l2: -0.0159
             Episode_Reward/energy: -0.2349
   Episode_Reward/joint_pos_limits: -0.2561
      Episode_Termination/time_out: 0.7977
  Episode_Termination/torso_height: 0.2023
--------------------------------------------------------------------------------
                   Total timesteps: 704512
                    Iteration time: 0.34s
                      Time elapsed: 00:00:18
                               ETA: 00:03:15

################################################################################
                      [1m Learning iteration 43/500 [0m                       

                       Computation: 46576 steps/s (collection: 0.262s, learning 0.089s)
             Mean action noise std: 0.55
          Mean value_function loss: 0.0079
               Mean surrogate loss: -0.0110
                 Mean entropy loss: 6.6455
                       Mean reward: 4.93
               Mean episode length: 828.49
           Episode_Reward/progress: 0.1929
              Episode_Reward/alive: 0.4286
            Episode_Reward/upright: 0.0836
     Episode_Reward/move_to_target: 0.4005
          Episode_Reward/action_l2: -0.0244
             Episode_Reward/energy: -0.3136
   Episode_Reward/joint_pos_limits: -0.3961
      Episode_Termination/time_out: 0.8074
  Episode_Termination/torso_height: 0.1926
--------------------------------------------------------------------------------
                   Total timesteps: 720896
                    Iteration time: 0.35s
                      Time elapsed: 00:00:18
                               ETA: 00:03:14

################################################################################
                      [1m Learning iteration 44/500 [0m                       

                       Computation: 50213 steps/s (collection: 0.254s, learning 0.072s)
             Mean action noise std: 0.55
          Mean value_function loss: 0.0103
               Mean surrogate loss: -0.0113
                 Mean entropy loss: 6.5768
                       Mean reward: 5.58
               Mean episode length: 836.76
           Episode_Reward/progress: 0.2478
              Episode_Reward/alive: 0.4785
            Episode_Reward/upright: 0.0945
     Episode_Reward/move_to_target: 0.4714
          Episode_Reward/action_l2: -0.0268
             Episode_Reward/energy: -0.3356
   Episode_Reward/joint_pos_limits: -0.4436
      Episode_Termination/time_out: 0.8313
  Episode_Termination/torso_height: 0.1687
--------------------------------------------------------------------------------
                   Total timesteps: 737280
                    Iteration time: 0.33s
                      Time elapsed: 00:00:19
                               ETA: 00:03:13

################################################################################
                      [1m Learning iteration 45/500 [0m                       

                       Computation: 50738 steps/s (collection: 0.251s, learning 0.072s)
             Mean action noise std: 0.55
          Mean value_function loss: 0.0104
               Mean surrogate loss: -0.0107
                 Mean entropy loss: 6.5231
                       Mean reward: 5.72
               Mean episode length: 809.64
           Episode_Reward/progress: 0.2657
              Episode_Reward/alive: 0.4631
            Episode_Reward/upright: 0.0921
     Episode_Reward/move_to_target: 0.4579
          Episode_Reward/action_l2: -0.0256
             Episode_Reward/energy: -0.3132
   Episode_Reward/joint_pos_limits: -0.4313
      Episode_Termination/time_out: 0.8474
  Episode_Termination/torso_height: 0.1526
--------------------------------------------------------------------------------
                   Total timesteps: 753664
                    Iteration time: 0.32s
                      Time elapsed: 00:00:19
                               ETA: 00:03:11

################################################################################
                      [1m Learning iteration 46/500 [0m                       

                       Computation: 53495 steps/s (collection: 0.237s, learning 0.070s)
             Mean action noise std: 0.54
          Mean value_function loss: 0.0115
               Mean surrogate loss: -0.0118
                 Mean entropy loss: 6.4714
                       Mean reward: 5.92
               Mean episode length: 809.79
           Episode_Reward/progress: 0.3313
              Episode_Reward/alive: 0.4497
            Episode_Reward/upright: 0.0883
     Episode_Reward/move_to_target: 0.4272
          Episode_Reward/action_l2: -0.0235
             Episode_Reward/energy: -0.3542
   Episode_Reward/joint_pos_limits: -0.3972
      Episode_Termination/time_out: 0.8525
  Episode_Termination/torso_height: 0.1475
--------------------------------------------------------------------------------
                   Total timesteps: 770048
                    Iteration time: 0.31s
                      Time elapsed: 00:00:19
                               ETA: 00:03:10

################################################################################
                      [1m Learning iteration 47/500 [0m                       

                       Computation: 49303 steps/s (collection: 0.242s, learning 0.090s)
             Mean action noise std: 0.54
          Mean value_function loss: 0.0105
               Mean surrogate loss: -0.0122
                 Mean entropy loss: 6.4073
                       Mean reward: 6.38
               Mean episode length: 795.25
           Episode_Reward/progress: 0.2752
              Episode_Reward/alive: 0.4059
            Episode_Reward/upright: 0.0797
     Episode_Reward/move_to_target: 0.3821
          Episode_Reward/action_l2: -0.0224
             Episode_Reward/energy: -0.2835
   Episode_Reward/joint_pos_limits: -0.3791
      Episode_Termination/time_out: 0.8621
  Episode_Termination/torso_height: 0.1379
--------------------------------------------------------------------------------
                   Total timesteps: 786432
                    Iteration time: 0.33s
                      Time elapsed: 00:00:20
                               ETA: 00:03:08

################################################################################
                      [1m Learning iteration 48/500 [0m                       

                       Computation: 50272 steps/s (collection: 0.236s, learning 0.090s)
             Mean action noise std: 0.53
          Mean value_function loss: 0.0131
               Mean surrogate loss: -0.0085
                 Mean entropy loss: 6.3420
                       Mean reward: 6.70
               Mean episode length: 814.03
           Episode_Reward/progress: 0.3145
              Episode_Reward/alive: 0.4612
            Episode_Reward/upright: 0.0901
     Episode_Reward/move_to_target: 0.4475
          Episode_Reward/action_l2: -0.0254
             Episode_Reward/energy: -0.3420
   Episode_Reward/joint_pos_limits: -0.4274
      Episode_Termination/time_out: 0.8662
  Episode_Termination/torso_height: 0.1338
--------------------------------------------------------------------------------
                   Total timesteps: 802816
                    Iteration time: 0.33s
                      Time elapsed: 00:00:20
                               ETA: 00:03:07

################################################################################
                      [1m Learning iteration 49/500 [0m                       

                       Computation: 49466 steps/s (collection: 0.240s, learning 0.092s)
             Mean action noise std: 0.53
          Mean value_function loss: 0.0108
               Mean surrogate loss: -0.0090
                 Mean entropy loss: 6.2629
                       Mean reward: 7.03
               Mean episode length: 814.40
           Episode_Reward/progress: 0.3522
              Episode_Reward/alive: 0.4076
            Episode_Reward/upright: 0.0788
     Episode_Reward/move_to_target: 0.4012
          Episode_Reward/action_l2: -0.0213
             Episode_Reward/energy: -0.2933
   Episode_Reward/joint_pos_limits: -0.3710
      Episode_Termination/time_out: 0.8704
  Episode_Termination/torso_height: 0.1296
--------------------------------------------------------------------------------
                   Total timesteps: 819200
                    Iteration time: 0.33s
                      Time elapsed: 00:00:20
                               ETA: 00:03:06

################################################################################
                      [1m Learning iteration 50/500 [0m                       

                       Computation: 49553 steps/s (collection: 0.240s, learning 0.090s)
             Mean action noise std: 0.53
          Mean value_function loss: 0.0124
               Mean surrogate loss: -0.0107
                 Mean entropy loss: 6.2188
                       Mean reward: 7.30
               Mean episode length: 807.72
           Episode_Reward/progress: 0.4474
              Episode_Reward/alive: 0.4245
            Episode_Reward/upright: 0.0805
     Episode_Reward/move_to_target: 0.4204
          Episode_Reward/action_l2: -0.0215
             Episode_Reward/energy: -0.3332
   Episode_Reward/joint_pos_limits: -0.3732
      Episode_Termination/time_out: 0.8688
  Episode_Termination/torso_height: 0.1312
--------------------------------------------------------------------------------
                   Total timesteps: 835584
                    Iteration time: 0.33s
                      Time elapsed: 00:00:21
                               ETA: 00:03:05

################################################################################
                      [1m Learning iteration 51/500 [0m                       

                       Computation: 49977 steps/s (collection: 0.237s, learning 0.091s)
             Mean action noise std: 0.52
          Mean value_function loss: 0.0166
               Mean surrogate loss: -0.0085
                 Mean entropy loss: 6.1809
                       Mean reward: 7.64
               Mean episode length: 806.55
           Episode_Reward/progress: 0.4274
              Episode_Reward/alive: 0.3921
            Episode_Reward/upright: 0.0751
     Episode_Reward/move_to_target: 0.3766
          Episode_Reward/action_l2: -0.0191
             Episode_Reward/energy: -0.3279
   Episode_Reward/joint_pos_limits: -0.3330
      Episode_Termination/time_out: 0.8662
  Episode_Termination/torso_height: 0.1338
--------------------------------------------------------------------------------
                   Total timesteps: 851968
                    Iteration time: 0.33s
                      Time elapsed: 00:00:21
                               ETA: 00:03:04

################################################################################
                      [1m Learning iteration 52/500 [0m                       

                       Computation: 49864 steps/s (collection: 0.237s, learning 0.092s)
             Mean action noise std: 0.52
          Mean value_function loss: 0.0164
               Mean surrogate loss: -0.0112
                 Mean entropy loss: 6.1050
                       Mean reward: 7.88
               Mean episode length: 805.23
           Episode_Reward/progress: 0.4266
              Episode_Reward/alive: 0.3573
            Episode_Reward/upright: 0.0660
     Episode_Reward/move_to_target: 0.3529
          Episode_Reward/action_l2: -0.0169
             Episode_Reward/energy: -0.3018
   Episode_Reward/joint_pos_limits: -0.3009
      Episode_Termination/time_out: 0.8668
  Episode_Termination/torso_height: 0.1332
--------------------------------------------------------------------------------
                   Total timesteps: 868352
                    Iteration time: 0.33s
                      Time elapsed: 00:00:21
                               ETA: 00:03:03

################################################################################
                      [1m Learning iteration 53/500 [0m                       

                       Computation: 50558 steps/s (collection: 0.235s, learning 0.089s)
             Mean action noise std: 0.52
          Mean value_function loss: 0.0181
               Mean surrogate loss: -0.0103
                 Mean entropy loss: 6.0697
                       Mean reward: 8.12
               Mean episode length: 787.31
           Episode_Reward/progress: 0.4028
              Episode_Reward/alive: 0.3129
            Episode_Reward/upright: 0.0575
     Episode_Reward/move_to_target: 0.3026
          Episode_Reward/action_l2: -0.0150
             Episode_Reward/energy: -0.2695
   Episode_Reward/joint_pos_limits: -0.2635
      Episode_Termination/time_out: 0.8636
  Episode_Termination/torso_height: 0.1364
--------------------------------------------------------------------------------
                   Total timesteps: 884736
                    Iteration time: 0.32s
                      Time elapsed: 00:00:21
                               ETA: 00:03:02

################################################################################
                      [1m Learning iteration 54/500 [0m                       

                       Computation: 50279 steps/s (collection: 0.237s, learning 0.089s)
             Mean action noise std: 0.51
          Mean value_function loss: 0.0208
               Mean surrogate loss: -0.0107
                 Mean entropy loss: 6.0328
                       Mean reward: 8.38
               Mean episode length: 775.50
           Episode_Reward/progress: 0.5106
              Episode_Reward/alive: 0.3750
            Episode_Reward/upright: 0.0714
     Episode_Reward/move_to_target: 0.3644
          Episode_Reward/action_l2: -0.0181
             Episode_Reward/energy: -0.3209
   Episode_Reward/joint_pos_limits: -0.3232
      Episode_Termination/time_out: 0.8589
  Episode_Termination/torso_height: 0.1411
--------------------------------------------------------------------------------
                   Total timesteps: 901120
                    Iteration time: 0.33s
                      Time elapsed: 00:00:22
                               ETA: 00:03:00

################################################################################
                      [1m Learning iteration 55/500 [0m                       

                       Computation: 48903 steps/s (collection: 0.244s, learning 0.091s)
             Mean action noise std: 0.51
          Mean value_function loss: 0.0227
               Mean surrogate loss: -0.0081
                 Mean entropy loss: 5.9784
                       Mean reward: 8.44
               Mean episode length: 728.68
           Episode_Reward/progress: 0.4612
              Episode_Reward/alive: 0.2854
            Episode_Reward/upright: 0.0496
     Episode_Reward/move_to_target: 0.2596
          Episode_Reward/action_l2: -0.0131
             Episode_Reward/energy: -0.2865
   Episode_Reward/joint_pos_limits: -0.2295
      Episode_Termination/time_out: 0.8484
  Episode_Termination/torso_height: 0.1516
--------------------------------------------------------------------------------
                   Total timesteps: 917504
                    Iteration time: 0.34s
                      Time elapsed: 00:00:22
                               ETA: 00:02:59

################################################################################
                      [1m Learning iteration 56/500 [0m                       

                       Computation: 51133 steps/s (collection: 0.232s, learning 0.088s)
             Mean action noise std: 0.51
          Mean value_function loss: 0.0228
               Mean surrogate loss: -0.0084
                 Mean entropy loss: 5.9507
                       Mean reward: 9.02
               Mean episode length: 731.07
           Episode_Reward/progress: 0.5063
              Episode_Reward/alive: 0.2689
            Episode_Reward/upright: 0.0453
     Episode_Reward/move_to_target: 0.2464
          Episode_Reward/action_l2: -0.0128
             Episode_Reward/energy: -0.2676
   Episode_Reward/joint_pos_limits: -0.2190
      Episode_Termination/time_out: 0.8409
  Episode_Termination/torso_height: 0.1591
--------------------------------------------------------------------------------
                   Total timesteps: 933888
                    Iteration time: 0.32s
                      Time elapsed: 00:00:22
                               ETA: 00:02:58

################################################################################
                      [1m Learning iteration 57/500 [0m                       

                       Computation: 49836 steps/s (collection: 0.238s, learning 0.091s)
             Mean action noise std: 0.51
          Mean value_function loss: 0.0278
               Mean surrogate loss: -0.0080
                 Mean entropy loss: 5.9157
                       Mean reward: 9.37
               Mean episode length: 718.69
           Episode_Reward/progress: 0.6702
              Episode_Reward/alive: 0.4407
            Episode_Reward/upright: 0.0853
     Episode_Reward/move_to_target: 0.4356
          Episode_Reward/action_l2: -0.0206
             Episode_Reward/energy: -0.4164
   Episode_Reward/joint_pos_limits: -0.3629
      Episode_Termination/time_out: 0.8417
  Episode_Termination/torso_height: 0.1583
--------------------------------------------------------------------------------
                   Total timesteps: 950272
                    Iteration time: 0.33s
                      Time elapsed: 00:00:23
                               ETA: 00:02:57

################################################################################
                      [1m Learning iteration 58/500 [0m                       

                       Computation: 50616 steps/s (collection: 0.234s, learning 0.090s)
             Mean action noise std: 0.50
          Mean value_function loss: 0.0272
               Mean surrogate loss: -0.0105
                 Mean entropy loss: 5.8566
                       Mean reward: 9.88
               Mean episode length: 707.22
           Episode_Reward/progress: 0.5296
              Episode_Reward/alive: 0.3237
            Episode_Reward/upright: 0.0582
     Episode_Reward/move_to_target: 0.3065
          Episode_Reward/action_l2: -0.0149
             Episode_Reward/energy: -0.3341
   Episode_Reward/joint_pos_limits: -0.2608
      Episode_Termination/time_out: 0.8376
  Episode_Termination/torso_height: 0.1624
--------------------------------------------------------------------------------
                   Total timesteps: 966656
                    Iteration time: 0.32s
                      Time elapsed: 00:00:23
                               ETA: 00:02:56

################################################################################
                      [1m Learning iteration 59/500 [0m                       

                       Computation: 49154 steps/s (collection: 0.243s, learning 0.091s)
             Mean action noise std: 0.50
          Mean value_function loss: 0.0285
               Mean surrogate loss: -0.0094
                 Mean entropy loss: 5.8192
                       Mean reward: 10.47
               Mean episode length: 706.59
           Episode_Reward/progress: 0.7816
              Episode_Reward/alive: 0.4341
            Episode_Reward/upright: 0.0820
     Episode_Reward/move_to_target: 0.4062
          Episode_Reward/action_l2: -0.0201
             Episode_Reward/energy: -0.4348
   Episode_Reward/joint_pos_limits: -0.3515
      Episode_Termination/time_out: 0.8225
  Episode_Termination/torso_height: 0.1775
--------------------------------------------------------------------------------
                   Total timesteps: 983040
                    Iteration time: 0.33s
                      Time elapsed: 00:00:23
                               ETA: 00:02:56

################################################################################
                      [1m Learning iteration 60/500 [0m                       

                       Computation: 48042 steps/s (collection: 0.252s, learning 0.090s)
             Mean action noise std: 0.50
          Mean value_function loss: 0.0328
               Mean surrogate loss: -0.0105
                 Mean entropy loss: 5.7921
                       Mean reward: 11.42
               Mean episode length: 709.71
           Episode_Reward/progress: 0.7829
              Episode_Reward/alive: 0.3919
            Episode_Reward/upright: 0.0735
     Episode_Reward/move_to_target: 0.3809
          Episode_Reward/action_l2: -0.0178
             Episode_Reward/energy: -0.4269
   Episode_Reward/joint_pos_limits: -0.3066
      Episode_Termination/time_out: 0.8074
  Episode_Termination/torso_height: 0.1926
--------------------------------------------------------------------------------
                   Total timesteps: 999424
                    Iteration time: 0.34s
                      Time elapsed: 00:00:24
                               ETA: 00:02:55

################################################################################
                      [1m Learning iteration 61/500 [0m                       

                       Computation: 42050 steps/s (collection: 0.293s, learning 0.097s)
             Mean action noise std: 0.49
          Mean value_function loss: 0.0316
               Mean surrogate loss: -0.0104
                 Mean entropy loss: 5.7350
                       Mean reward: 12.38
               Mean episode length: 712.16
           Episode_Reward/progress: 0.8340
              Episode_Reward/alive: 0.4010
            Episode_Reward/upright: 0.0751
     Episode_Reward/move_to_target: 0.3840
          Episode_Reward/action_l2: -0.0177
             Episode_Reward/energy: -0.4337
   Episode_Reward/joint_pos_limits: -0.3124
      Episode_Termination/time_out: 0.7909
  Episode_Termination/torso_height: 0.2091
--------------------------------------------------------------------------------
                   Total timesteps: 1015808
                    Iteration time: 0.39s
                      Time elapsed: 00:00:24
                               ETA: 00:02:54

################################################################################
                      [1m Learning iteration 62/500 [0m                       

                       Computation: 46864 steps/s (collection: 0.259s, learning 0.090s)
             Mean action noise std: 0.49
          Mean value_function loss: 0.0308
               Mean surrogate loss: -0.0083
                 Mean entropy loss: 5.6812
                       Mean reward: 14.33
               Mean episode length: 768.59
           Episode_Reward/progress: 0.8564
              Episode_Reward/alive: 0.4204
            Episode_Reward/upright: 0.0805
     Episode_Reward/move_to_target: 0.4140
          Episode_Reward/action_l2: -0.0187
             Episode_Reward/energy: -0.4481
   Episode_Reward/joint_pos_limits: -0.3303
      Episode_Termination/time_out: 0.7817
  Episode_Termination/torso_height: 0.2183
--------------------------------------------------------------------------------
                   Total timesteps: 1032192
                    Iteration time: 0.35s
                      Time elapsed: 00:00:25
                               ETA: 00:02:54

################################################################################
                      [1m Learning iteration 63/500 [0m                       

                       Computation: 42164 steps/s (collection: 0.301s, learning 0.088s)
             Mean action noise std: 0.49
          Mean value_function loss: 0.0336
               Mean surrogate loss: -0.0092
                 Mean entropy loss: 5.6448
                       Mean reward: 15.42
               Mean episode length: 792.67
           Episode_Reward/progress: 0.8887
              Episode_Reward/alive: 0.3890
            Episode_Reward/upright: 0.0734
     Episode_Reward/move_to_target: 0.3778
          Episode_Reward/action_l2: -0.0174
             Episode_Reward/energy: -0.4400
   Episode_Reward/joint_pos_limits: -0.3027
      Episode_Termination/time_out: 0.7723
  Episode_Termination/torso_height: 0.2277
--------------------------------------------------------------------------------
                   Total timesteps: 1048576
                    Iteration time: 0.39s
                      Time elapsed: 00:00:25
                               ETA: 00:02:53

################################################################################
                      [1m Learning iteration 64/500 [0m                       

                       Computation: 45859 steps/s (collection: 0.268s, learning 0.090s)
             Mean action noise std: 0.49
          Mean value_function loss: 0.0322
               Mean surrogate loss: -0.0091
                 Mean entropy loss: 5.6026
                       Mean reward: 16.41
               Mean episode length: 820.55
           Episode_Reward/progress: 0.9637
              Episode_Reward/alive: 0.4343
            Episode_Reward/upright: 0.0837
     Episode_Reward/move_to_target: 0.4287
          Episode_Reward/action_l2: -0.0191
             Episode_Reward/energy: -0.4809
   Episode_Reward/joint_pos_limits: -0.3370
      Episode_Termination/time_out: 0.7588
  Episode_Termination/torso_height: 0.2412
--------------------------------------------------------------------------------
                   Total timesteps: 1064960
                    Iteration time: 0.36s
                      Time elapsed: 00:00:25
                               ETA: 00:02:52

################################################################################
                      [1m Learning iteration 65/500 [0m                       

                       Computation: 46116 steps/s (collection: 0.267s, learning 0.089s)
             Mean action noise std: 0.48
          Mean value_function loss: 0.0317
               Mean surrogate loss: -0.0093
                 Mean entropy loss: 5.5565
                       Mean reward: 16.91
               Mean episode length: 814.48
           Episode_Reward/progress: 1.0440
              Episode_Reward/alive: 0.4415
            Episode_Reward/upright: 0.0846
     Episode_Reward/move_to_target: 0.4339
          Episode_Reward/action_l2: -0.0194
             Episode_Reward/energy: -0.5003
   Episode_Reward/joint_pos_limits: -0.3418
      Episode_Termination/time_out: 0.7498
  Episode_Termination/torso_height: 0.2502
--------------------------------------------------------------------------------
                   Total timesteps: 1081344
                    Iteration time: 0.36s
                      Time elapsed: 00:00:26
                               ETA: 00:02:52

################################################################################
                      [1m Learning iteration 66/500 [0m                       

                       Computation: 46424 steps/s (collection: 0.263s, learning 0.090s)
             Mean action noise std: 0.48
          Mean value_function loss: 0.0313
               Mean surrogate loss: -0.0111
                 Mean entropy loss: 5.5173
                       Mean reward: 18.08
               Mean episode length: 850.31
           Episode_Reward/progress: 1.1103
              Episode_Reward/alive: 0.4607
            Episode_Reward/upright: 0.0891
     Episode_Reward/move_to_target: 0.4556
          Episode_Reward/action_l2: -0.0201
             Episode_Reward/energy: -0.5226
   Episode_Reward/joint_pos_limits: -0.3548
      Episode_Termination/time_out: 0.7446
  Episode_Termination/torso_height: 0.2554
--------------------------------------------------------------------------------
                   Total timesteps: 1097728
                    Iteration time: 0.35s
                      Time elapsed: 00:00:26
                               ETA: 00:02:51

################################################################################
                      [1m Learning iteration 67/500 [0m                       

                       Computation: 44751 steps/s (collection: 0.277s, learning 0.089s)
             Mean action noise std: 0.48
          Mean value_function loss: 0.0301
               Mean surrogate loss: -0.0077
                 Mean entropy loss: 5.4744
                       Mean reward: 18.43
               Mean episode length: 844.29
           Episode_Reward/progress: 1.0374
              Episode_Reward/alive: 0.4205
            Episode_Reward/upright: 0.0805
     Episode_Reward/move_to_target: 0.4081
          Episode_Reward/action_l2: -0.0185
             Episode_Reward/energy: -0.4949
   Episode_Reward/joint_pos_limits: -0.3231
      Episode_Termination/time_out: 0.7396
  Episode_Termination/torso_height: 0.2604
--------------------------------------------------------------------------------
                   Total timesteps: 1114112
                    Iteration time: 0.37s
                      Time elapsed: 00:00:26
                               ETA: 00:02:51

################################################################################
                      [1m Learning iteration 68/500 [0m                       

                       Computation: 44506 steps/s (collection: 0.277s, learning 0.091s)
             Mean action noise std: 0.48
          Mean value_function loss: 0.0377
               Mean surrogate loss: -0.0108
                 Mean entropy loss: 5.4294
                       Mean reward: 17.98
               Mean episode length: 809.57
           Episode_Reward/progress: 0.9888
              Episode_Reward/alive: 0.3883
            Episode_Reward/upright: 0.0738
     Episode_Reward/move_to_target: 0.3793
          Episode_Reward/action_l2: -0.0170
             Episode_Reward/energy: -0.4595
   Episode_Reward/joint_pos_limits: -0.2961
      Episode_Termination/time_out: 0.7292
  Episode_Termination/torso_height: 0.2708
--------------------------------------------------------------------------------
                   Total timesteps: 1130496
                    Iteration time: 0.37s
                      Time elapsed: 00:00:27
                               ETA: 00:02:50

################################################################################
                      [1m Learning iteration 69/500 [0m                       

                       Computation: 44582 steps/s (collection: 0.276s, learning 0.091s)
             Mean action noise std: 0.47
          Mean value_function loss: 0.0388
               Mean surrogate loss: -0.0100
                 Mean entropy loss: 5.3794
                       Mean reward: 18.00
               Mean episode length: 786.53
           Episode_Reward/progress: 0.9896
              Episode_Reward/alive: 0.3740
            Episode_Reward/upright: 0.0715
     Episode_Reward/move_to_target: 0.3663
          Episode_Reward/action_l2: -0.0162
             Episode_Reward/energy: -0.4497
   Episode_Reward/joint_pos_limits: -0.2849
      Episode_Termination/time_out: 0.7203
  Episode_Termination/torso_height: 0.2797
--------------------------------------------------------------------------------
                   Total timesteps: 1146880
                    Iteration time: 0.37s
                      Time elapsed: 00:00:27
                               ETA: 00:02:49

################################################################################
                      [1m Learning iteration 70/500 [0m                       

                       Computation: 46101 steps/s (collection: 0.266s, learning 0.089s)
             Mean action noise std: 0.47
          Mean value_function loss: 0.0375
               Mean surrogate loss: -0.0110
                 Mean entropy loss: 5.3408
                       Mean reward: 18.28
               Mean episode length: 788.62
           Episode_Reward/progress: 1.1000
              Episode_Reward/alive: 0.4229
            Episode_Reward/upright: 0.0809
     Episode_Reward/move_to_target: 0.4154
          Episode_Reward/action_l2: -0.0185
             Episode_Reward/energy: -0.5159
   Episode_Reward/joint_pos_limits: -0.3215
      Episode_Termination/time_out: 0.7128
  Episode_Termination/torso_height: 0.2872
--------------------------------------------------------------------------------
                   Total timesteps: 1163264
                    Iteration time: 0.36s
                      Time elapsed: 00:00:27
                               ETA: 00:02:49

################################################################################
                      [1m Learning iteration 71/500 [0m                       

                       Computation: 46629 steps/s (collection: 0.261s, learning 0.090s)
             Mean action noise std: 0.47
          Mean value_function loss: 0.0414
               Mean surrogate loss: -0.0113
                 Mean entropy loss: 5.2932
                       Mean reward: 17.96
               Mean episode length: 766.20
           Episode_Reward/progress: 1.1160
              Episode_Reward/alive: 0.3967
            Episode_Reward/upright: 0.0754
     Episode_Reward/move_to_target: 0.3871
          Episode_Reward/action_l2: -0.0171
             Episode_Reward/energy: -0.4922
   Episode_Reward/joint_pos_limits: -0.2982
      Episode_Termination/time_out: 0.7075
  Episode_Termination/torso_height: 0.2925
--------------------------------------------------------------------------------
                   Total timesteps: 1179648
                    Iteration time: 0.35s
                      Time elapsed: 00:00:28
                               ETA: 00:02:48

################################################################################
                      [1m Learning iteration 72/500 [0m                       

                       Computation: 47193 steps/s (collection: 0.258s, learning 0.089s)
             Mean action noise std: 0.47
          Mean value_function loss: 0.0384
               Mean surrogate loss: -0.0101
                 Mean entropy loss: 5.2454
                       Mean reward: 16.80
               Mean episode length: 722.80
           Episode_Reward/progress: 0.6941
              Episode_Reward/alive: 0.2697
            Episode_Reward/upright: 0.0483
     Episode_Reward/move_to_target: 0.2522
          Episode_Reward/action_l2: -0.0118
             Episode_Reward/energy: -0.3402
   Episode_Reward/joint_pos_limits: -0.2044
      Episode_Termination/time_out: 0.6993
  Episode_Termination/torso_height: 0.3007
--------------------------------------------------------------------------------
                   Total timesteps: 1196032
                    Iteration time: 0.35s
                      Time elapsed: 00:00:28
                               ETA: 00:02:47

################################################################################
                      [1m Learning iteration 73/500 [0m                       

                       Computation: 46431 steps/s (collection: 0.264s, learning 0.089s)
             Mean action noise std: 0.46
          Mean value_function loss: 0.0385
               Mean surrogate loss: -0.0110
                 Mean entropy loss: 5.1973
                       Mean reward: 16.05
               Mean episode length: 679.40
           Episode_Reward/progress: 1.0564
              Episode_Reward/alive: 0.3731
            Episode_Reward/upright: 0.0687
     Episode_Reward/move_to_target: 0.3563
          Episode_Reward/action_l2: -0.0161
             Episode_Reward/energy: -0.4712
   Episode_Reward/joint_pos_limits: -0.2813
      Episode_Termination/time_out: 0.6890
  Episode_Termination/torso_height: 0.3110
--------------------------------------------------------------------------------
                   Total timesteps: 1212416
                    Iteration time: 0.35s
                      Time elapsed: 00:00:28
                               ETA: 00:02:47

################################################################################
                      [1m Learning iteration 74/500 [0m                       

                       Computation: 48003 steps/s (collection: 0.252s, learning 0.090s)
             Mean action noise std: 0.46
          Mean value_function loss: 0.0316
               Mean surrogate loss: -0.0089
                 Mean entropy loss: 5.1590
                       Mean reward: 16.01
               Mean episode length: 678.15
           Episode_Reward/progress: 1.0926
              Episode_Reward/alive: 0.3740
            Episode_Reward/upright: 0.0699
     Episode_Reward/move_to_target: 0.3553
          Episode_Reward/action_l2: -0.0163
             Episode_Reward/energy: -0.4824
   Episode_Reward/joint_pos_limits: -0.2799
      Episode_Termination/time_out: 0.6749
  Episode_Termination/torso_height: 0.3251
--------------------------------------------------------------------------------
                   Total timesteps: 1228800
                    Iteration time: 0.34s
                      Time elapsed: 00:00:29
                               ETA: 00:02:46

################################################################################
                      [1m Learning iteration 75/500 [0m                       

                       Computation: 48563 steps/s (collection: 0.248s, learning 0.090s)
             Mean action noise std: 0.46
          Mean value_function loss: 0.0264
               Mean surrogate loss: -0.0070
                 Mean entropy loss: 5.1157
                       Mean reward: 16.28
               Mean episode length: 674.95
           Episode_Reward/progress: 1.1557
              Episode_Reward/alive: 0.3720
            Episode_Reward/upright: 0.0699
     Episode_Reward/move_to_target: 0.3618
          Episode_Reward/action_l2: -0.0158
             Episode_Reward/energy: -0.4642
   Episode_Reward/joint_pos_limits: -0.2799
      Episode_Termination/time_out: 0.6641
  Episode_Termination/torso_height: 0.3359
--------------------------------------------------------------------------------
                   Total timesteps: 1245184
                    Iteration time: 0.34s
                      Time elapsed: 00:00:29
                               ETA: 00:02:45

################################################################################
                      [1m Learning iteration 76/500 [0m                       

                       Computation: 49590 steps/s (collection: 0.239s, learning 0.091s)
             Mean action noise std: 0.46
          Mean value_function loss: 0.0326
               Mean surrogate loss: 0.0028
                 Mean entropy loss: 5.0711
                       Mean reward: 16.18
               Mean episode length: 672.80
           Episode_Reward/progress: 0.5229
              Episode_Reward/alive: 0.1980
            Episode_Reward/upright: 0.0321
     Episode_Reward/move_to_target: 0.1746
          Episode_Reward/action_l2: -0.0085
             Episode_Reward/energy: -0.2524
   Episode_Reward/joint_pos_limits: -0.1467
      Episode_Termination/time_out: 0.6523
  Episode_Termination/torso_height: 0.3477
--------------------------------------------------------------------------------
                   Total timesteps: 1261568
                    Iteration time: 0.33s
                      Time elapsed: 00:00:30
                               ETA: 00:02:45

################################################################################
                      [1m Learning iteration 77/500 [0m                       

                       Computation: 49161 steps/s (collection: 0.245s, learning 0.088s)
             Mean action noise std: 0.46
          Mean value_function loss: 0.0317
               Mean surrogate loss: -0.0094
                 Mean entropy loss: 5.0526
                       Mean reward: 16.79
               Mean episode length: 685.66
           Episode_Reward/progress: 1.3472
              Episode_Reward/alive: 0.4385
            Episode_Reward/upright: 0.0847
     Episode_Reward/move_to_target: 0.4338
          Episode_Reward/action_l2: -0.0187
             Episode_Reward/energy: -0.5450
   Episode_Reward/joint_pos_limits: -0.3307
      Episode_Termination/time_out: 0.6462
  Episode_Termination/torso_height: 0.3538
--------------------------------------------------------------------------------
                   Total timesteps: 1277952
                    Iteration time: 0.33s
                      Time elapsed: 00:00:30
                               ETA: 00:02:44

################################################################################
                      [1m Learning iteration 78/500 [0m                       

                       Computation: 51391 steps/s (collection: 0.249s, learning 0.069s)
             Mean action noise std: 0.45
          Mean value_function loss: 0.0443
               Mean surrogate loss: -0.0089
                 Mean entropy loss: 5.0220
                       Mean reward: 16.75
               Mean episode length: 668.43
           Episode_Reward/progress: 1.0601
              Episode_Reward/alive: 0.3264
            Episode_Reward/upright: 0.0606
     Episode_Reward/move_to_target: 0.3148
          Episode_Reward/action_l2: -0.0137
             Episode_Reward/energy: -0.4120
   Episode_Reward/joint_pos_limits: -0.2441
      Episode_Termination/time_out: 0.6365
  Episode_Termination/torso_height: 0.3635
--------------------------------------------------------------------------------
                   Total timesteps: 1294336
                    Iteration time: 0.32s
                      Time elapsed: 00:00:30
                               ETA: 00:02:43

################################################################################
                      [1m Learning iteration 79/500 [0m                       

                       Computation: 49610 steps/s (collection: 0.257s, learning 0.073s)
             Mean action noise std: 0.45
          Mean value_function loss: 0.0507
               Mean surrogate loss: -0.0070
                 Mean entropy loss: 4.9640
                       Mean reward: 17.05
               Mean episode length: 667.61
           Episode_Reward/progress: 0.9480
              Episode_Reward/alive: 0.2974
            Episode_Reward/upright: 0.0546
     Episode_Reward/move_to_target: 0.2791
          Episode_Reward/action_l2: -0.0129
             Episode_Reward/energy: -0.3945
   Episode_Reward/joint_pos_limits: -0.2207
      Episode_Termination/time_out: 0.6274
  Episode_Termination/torso_height: 0.3726
--------------------------------------------------------------------------------
                   Total timesteps: 1310720
                    Iteration time: 0.33s
                      Time elapsed: 00:00:30
                               ETA: 00:02:43

################################################################################
                      [1m Learning iteration 80/500 [0m                       

                       Computation: 50873 steps/s (collection: 0.253s, learning 0.069s)
             Mean action noise std: 0.45
          Mean value_function loss: 0.0487
               Mean surrogate loss: -0.0098
                 Mean entropy loss: 4.9263
                       Mean reward: 16.41
               Mean episode length: 626.68
           Episode_Reward/progress: 0.9706
              Episode_Reward/alive: 0.3047
            Episode_Reward/upright: 0.0534
     Episode_Reward/move_to_target: 0.2901
          Episode_Reward/action_l2: -0.0127
             Episode_Reward/energy: -0.3952
   Episode_Reward/joint_pos_limits: -0.2235
      Episode_Termination/time_out: 0.6168
  Episode_Termination/torso_height: 0.3832
--------------------------------------------------------------------------------
                   Total timesteps: 1327104
                    Iteration time: 0.32s
                      Time elapsed: 00:00:31
                               ETA: 00:02:42

################################################################################
                      [1m Learning iteration 81/500 [0m                       

                       Computation: 49813 steps/s (collection: 0.241s, learning 0.088s)
             Mean action noise std: 0.45
          Mean value_function loss: 0.0387
               Mean surrogate loss: -0.0080
                 Mean entropy loss: 4.9058
                       Mean reward: 15.27
               Mean episode length: 577.56
           Episode_Reward/progress: 0.8552
              Episode_Reward/alive: 0.2675
            Episode_Reward/upright: 0.0467
     Episode_Reward/move_to_target: 0.2351
          Episode_Reward/action_l2: -0.0118
             Episode_Reward/energy: -0.3631
   Episode_Reward/joint_pos_limits: -0.2002
      Episode_Termination/time_out: 0.6103
  Episode_Termination/torso_height: 0.3897
--------------------------------------------------------------------------------
                   Total timesteps: 1343488
                    Iteration time: 0.33s
                      Time elapsed: 00:00:31
                               ETA: 00:02:41

################################################################################
                      [1m Learning iteration 82/500 [0m                       

                       Computation: 49040 steps/s (collection: 0.245s, learning 0.089s)
             Mean action noise std: 0.45
          Mean value_function loss: 0.0407
               Mean surrogate loss: -0.0064
                 Mean entropy loss: 4.8721
                       Mean reward: 14.69
               Mean episode length: 551.55
           Episode_Reward/progress: 0.6482
              Episode_Reward/alive: 0.2059
            Episode_Reward/upright: 0.0341
     Episode_Reward/move_to_target: 0.1670
          Episode_Reward/action_l2: -0.0087
             Episode_Reward/energy: -0.2688
   Episode_Reward/joint_pos_limits: -0.1528
      Episode_Termination/time_out: 0.5923
  Episode_Termination/torso_height: 0.4077
--------------------------------------------------------------------------------
                   Total timesteps: 1359872
                    Iteration time: 0.33s
                      Time elapsed: 00:00:31
                               ETA: 00:02:41

################################################################################
                      [1m Learning iteration 83/500 [0m                       

                       Computation: 49185 steps/s (collection: 0.244s, learning 0.089s)
             Mean action noise std: 0.44
          Mean value_function loss: 0.0513
               Mean surrogate loss: -0.0079
                 Mean entropy loss: 4.8377
                       Mean reward: 14.46
               Mean episode length: 529.97
           Episode_Reward/progress: 0.7327
              Episode_Reward/alive: 0.2413
            Episode_Reward/upright: 0.0410
     Episode_Reward/move_to_target: 0.2093
          Episode_Reward/action_l2: -0.0104
             Episode_Reward/energy: -0.3213
   Episode_Reward/joint_pos_limits: -0.1784
      Episode_Termination/time_out: 0.5828
  Episode_Termination/torso_height: 0.4172
--------------------------------------------------------------------------------
                   Total timesteps: 1376256
                    Iteration time: 0.33s
                      Time elapsed: 00:00:32
                               ETA: 00:02:40

################################################################################
                      [1m Learning iteration 84/500 [0m                       

                       Computation: 48810 steps/s (collection: 0.242s, learning 0.094s)
             Mean action noise std: 0.44
          Mean value_function loss: 0.0458
               Mean surrogate loss: -0.0109
                 Mean entropy loss: 4.7876
                       Mean reward: 14.72
               Mean episode length: 530.26
           Episode_Reward/progress: 1.2796
              Episode_Reward/alive: 0.3698
            Episode_Reward/upright: 0.0665
     Episode_Reward/move_to_target: 0.3499
          Episode_Reward/action_l2: -0.0156
             Episode_Reward/energy: -0.4950
   Episode_Reward/joint_pos_limits: -0.2742
      Episode_Termination/time_out: 0.5742
  Episode_Termination/torso_height: 0.4258
--------------------------------------------------------------------------------
                   Total timesteps: 1392640
                    Iteration time: 0.34s
                      Time elapsed: 00:00:32
                               ETA: 00:02:39

################################################################################
                      [1m Learning iteration 85/500 [0m                       

                       Computation: 46610 steps/s (collection: 0.264s, learning 0.088s)
             Mean action noise std: 0.44
          Mean value_function loss: 0.0434
               Mean surrogate loss: -0.0086
                 Mean entropy loss: 4.7320
                       Mean reward: 15.59
               Mean episode length: 546.19
           Episode_Reward/progress: 1.2312
              Episode_Reward/alive: 0.3412
            Episode_Reward/upright: 0.0609
     Episode_Reward/move_to_target: 0.3249
          Episode_Reward/action_l2: -0.0145
             Episode_Reward/energy: -0.4638
   Episode_Reward/joint_pos_limits: -0.2527
      Episode_Termination/time_out: 0.5641
  Episode_Termination/torso_height: 0.4359
--------------------------------------------------------------------------------
                   Total timesteps: 1409024
                    Iteration time: 0.35s
                      Time elapsed: 00:00:32
                               ETA: 00:02:39

################################################################################
                      [1m Learning iteration 86/500 [0m                       

                       Computation: 48461 steps/s (collection: 0.247s, learning 0.091s)
             Mean action noise std: 0.43
          Mean value_function loss: 0.0439
               Mean surrogate loss: -0.0081
                 Mean entropy loss: 4.7028
                       Mean reward: 15.85
               Mean episode length: 553.58
           Episode_Reward/progress: 0.8823
              Episode_Reward/alive: 0.2725
            Episode_Reward/upright: 0.0457
     Episode_Reward/move_to_target: 0.2498
          Episode_Reward/action_l2: -0.0115
             Episode_Reward/energy: -0.3651
   Episode_Reward/joint_pos_limits: -0.2013
      Episode_Termination/time_out: 0.5515
  Episode_Termination/torso_height: 0.4485
--------------------------------------------------------------------------------
                   Total timesteps: 1425408
                    Iteration time: 0.34s
                      Time elapsed: 00:00:33
                               ETA: 00:02:38

################################################################################
                      [1m Learning iteration 87/500 [0m                       

                       Computation: 49444 steps/s (collection: 0.243s, learning 0.089s)
             Mean action noise std: 0.43
          Mean value_function loss: 0.0414
               Mean surrogate loss: -0.0066
                 Mean entropy loss: 4.6358
                       Mean reward: 16.76
               Mean episode length: 572.45
           Episode_Reward/progress: 1.3810
              Episode_Reward/alive: 0.3764
            Episode_Reward/upright: 0.0707
     Episode_Reward/move_to_target: 0.3609
          Episode_Reward/action_l2: -0.0157
             Episode_Reward/energy: -0.5040
   Episode_Reward/joint_pos_limits: -0.2797
      Episode_Termination/time_out: 0.5477
  Episode_Termination/torso_height: 0.4523
--------------------------------------------------------------------------------
                   Total timesteps: 1441792
                    Iteration time: 0.33s
                      Time elapsed: 00:00:33
                               ETA: 00:02:37

################################################################################
                      [1m Learning iteration 88/500 [0m                       

                       Computation: 48866 steps/s (collection: 0.250s, learning 0.086s)
             Mean action noise std: 0.43
          Mean value_function loss: 0.0473
               Mean surrogate loss: -0.0074
                 Mean entropy loss: 4.6044
                       Mean reward: 17.96
               Mean episode length: 608.50
           Episode_Reward/progress: 1.3297
              Episode_Reward/alive: 0.3827
            Episode_Reward/upright: 0.0686
     Episode_Reward/move_to_target: 0.3555
          Episode_Reward/action_l2: -0.0161
             Episode_Reward/energy: -0.5259
   Episode_Reward/joint_pos_limits: -0.2804
      Episode_Termination/time_out: 0.5433
  Episode_Termination/torso_height: 0.4567
--------------------------------------------------------------------------------
                   Total timesteps: 1458176
                    Iteration time: 0.34s
                      Time elapsed: 00:00:33
                               ETA: 00:02:37

################################################################################
                      [1m Learning iteration 89/500 [0m                       

                       Computation: 48640 steps/s (collection: 0.248s, learning 0.089s)
             Mean action noise std: 0.43
          Mean value_function loss: 0.0414
               Mean surrogate loss: -0.0093
                 Mean entropy loss: 4.5636
                       Mean reward: 20.08
               Mean episode length: 659.92
           Episode_Reward/progress: 1.6186
              Episode_Reward/alive: 0.4217
            Episode_Reward/upright: 0.0783
     Episode_Reward/move_to_target: 0.4068
          Episode_Reward/action_l2: -0.0174
             Episode_Reward/energy: -0.5554
   Episode_Reward/joint_pos_limits: -0.3108
      Episode_Termination/time_out: 0.5503
  Episode_Termination/torso_height: 0.4497
--------------------------------------------------------------------------------
                   Total timesteps: 1474560
                    Iteration time: 0.34s
                      Time elapsed: 00:00:34
                               ETA: 00:02:36

################################################################################
                      [1m Learning iteration 90/500 [0m                       

                       Computation: 46539 steps/s (collection: 0.261s, learning 0.091s)
             Mean action noise std: 0.43
          Mean value_function loss: 0.0534
               Mean surrogate loss: -0.0093
                 Mean entropy loss: 4.5200
                       Mean reward: 21.42
               Mean episode length: 694.75
           Episode_Reward/progress: 1.1702
              Episode_Reward/alive: 0.3203
            Episode_Reward/upright: 0.0573
     Episode_Reward/move_to_target: 0.3026
          Episode_Reward/action_l2: -0.0131
             Episode_Reward/energy: -0.4225
   Episode_Reward/joint_pos_limits: -0.2350
      Episode_Termination/time_out: 0.5426
  Episode_Termination/torso_height: 0.4574
--------------------------------------------------------------------------------
                   Total timesteps: 1490944
                    Iteration time: 0.35s
                      Time elapsed: 00:00:34
                               ETA: 00:02:36

################################################################################
                      [1m Learning iteration 91/500 [0m                       

                       Computation: 46359 steps/s (collection: 0.264s, learning 0.089s)
             Mean action noise std: 0.43
          Mean value_function loss: 0.0572
               Mean surrogate loss: -0.0080
                 Mean entropy loss: 4.4961
                       Mean reward: 23.26
               Mean episode length: 736.06
           Episode_Reward/progress: 1.6353
              Episode_Reward/alive: 0.4131
            Episode_Reward/upright: 0.0770
     Episode_Reward/move_to_target: 0.4017
          Episode_Reward/action_l2: -0.0173
             Episode_Reward/energy: -0.5537
   Episode_Reward/joint_pos_limits: -0.3056
      Episode_Termination/time_out: 0.5364
  Episode_Termination/torso_height: 0.4636
--------------------------------------------------------------------------------
                   Total timesteps: 1507328
                    Iteration time: 0.35s
                      Time elapsed: 00:00:35
                               ETA: 00:02:35

################################################################################
                      [1m Learning iteration 92/500 [0m                       

                       Computation: 46839 steps/s (collection: 0.261s, learning 0.089s)
             Mean action noise std: 0.42
          Mean value_function loss: 0.0537
               Mean surrogate loss: -0.0089
                 Mean entropy loss: 4.4874
                       Mean reward: 24.45
               Mean episode length: 760.23
           Episode_Reward/progress: 1.7042
              Episode_Reward/alive: 0.4375
            Episode_Reward/upright: 0.0815
     Episode_Reward/move_to_target: 0.4233
          Episode_Reward/action_l2: -0.0181
             Episode_Reward/energy: -0.5839
   Episode_Reward/joint_pos_limits: -0.3231
      Episode_Termination/time_out: 0.5414
  Episode_Termination/torso_height: 0.4586
--------------------------------------------------------------------------------
                   Total timesteps: 1523712
                    Iteration time: 0.35s
                      Time elapsed: 00:00:35
                               ETA: 00:02:35

################################################################################
                      [1m Learning iteration 93/500 [0m                       

                       Computation: 46986 steps/s (collection: 0.260s, learning 0.089s)
             Mean action noise std: 0.42
          Mean value_function loss: 0.0471
               Mean surrogate loss: -0.0073
                 Mean entropy loss: 4.4457
                       Mean reward: 25.61
               Mean episode length: 776.83
           Episode_Reward/progress: 1.6235
              Episode_Reward/alive: 0.4082
            Episode_Reward/upright: 0.0771
     Episode_Reward/move_to_target: 0.3973
          Episode_Reward/action_l2: -0.0169
             Episode_Reward/energy: -0.5427
   Episode_Reward/joint_pos_limits: -0.3017
      Episode_Termination/time_out: 0.5421
  Episode_Termination/torso_height: 0.4579
--------------------------------------------------------------------------------
                   Total timesteps: 1540096
                    Iteration time: 0.35s
                      Time elapsed: 00:00:35
                               ETA: 00:02:34

################################################################################
                      [1m Learning iteration 94/500 [0m                       

                       Computation: 47486 steps/s (collection: 0.256s, learning 0.089s)
             Mean action noise std: 0.42
          Mean value_function loss: 0.0464
               Mean surrogate loss: -0.0086
                 Mean entropy loss: 4.4167
                       Mean reward: 26.86
               Mean episode length: 802.96
           Episode_Reward/progress: 1.7837
              Episode_Reward/alive: 0.4448
            Episode_Reward/upright: 0.0840
     Episode_Reward/move_to_target: 0.4337
          Episode_Reward/action_l2: -0.0185
             Episode_Reward/energy: -0.5908
   Episode_Reward/joint_pos_limits: -0.3312
      Episode_Termination/time_out: 0.5471
  Episode_Termination/torso_height: 0.4529
--------------------------------------------------------------------------------
                   Total timesteps: 1556480
                    Iteration time: 0.35s
                      Time elapsed: 00:00:36
                               ETA: 00:02:34

################################################################################
                      [1m Learning iteration 95/500 [0m                       

                       Computation: 45695 steps/s (collection: 0.268s, learning 0.091s)
             Mean action noise std: 0.42
          Mean value_function loss: 0.0458
               Mean surrogate loss: -0.0040
                 Mean entropy loss: 4.3775
                       Mean reward: 27.56
               Mean episode length: 816.94
           Episode_Reward/progress: 1.7637
              Episode_Reward/alive: 0.4568
            Episode_Reward/upright: 0.0844
     Episode_Reward/move_to_target: 0.4264
          Episode_Reward/action_l2: -0.0190
             Episode_Reward/energy: -0.6151
   Episode_Reward/joint_pos_limits: -0.3397
      Episode_Termination/time_out: 0.5529
  Episode_Termination/torso_height: 0.4471
--------------------------------------------------------------------------------
                   Total timesteps: 1572864
                    Iteration time: 0.36s
                      Time elapsed: 00:00:36
                               ETA: 00:02:33

################################################################################
                      [1m Learning iteration 96/500 [0m                       

                       Computation: 47162 steps/s (collection: 0.257s, learning 0.091s)
             Mean action noise std: 0.42
          Mean value_function loss: 0.0452
               Mean surrogate loss: -0.0058
                 Mean entropy loss: 4.3543
                       Mean reward: 27.05
               Mean episode length: 796.75
           Episode_Reward/progress: 1.5000
              Episode_Reward/alive: 0.3726
            Episode_Reward/upright: 0.0679
     Episode_Reward/move_to_target: 0.3563
          Episode_Reward/action_l2: -0.0155
             Episode_Reward/energy: -0.5129
   Episode_Reward/joint_pos_limits: -0.2720
      Episode_Termination/time_out: 0.5552
  Episode_Termination/torso_height: 0.4448
--------------------------------------------------------------------------------
                   Total timesteps: 1589248
                    Iteration time: 0.35s
                      Time elapsed: 00:00:36
                               ETA: 00:02:33

################################################################################
                      [1m Learning iteration 97/500 [0m                       

                       Computation: 46864 steps/s (collection: 0.261s, learning 0.089s)
             Mean action noise std: 0.42
          Mean value_function loss: 0.0479
               Mean surrogate loss: -0.0069
                 Mean entropy loss: 4.3224
                       Mean reward: 27.46
               Mean episode length: 805.33
           Episode_Reward/progress: 1.7043
              Episode_Reward/alive: 0.4138
            Episode_Reward/upright: 0.0786
     Episode_Reward/move_to_target: 0.4080
          Episode_Reward/action_l2: -0.0172
             Episode_Reward/energy: -0.5654
   Episode_Reward/joint_pos_limits: -0.3039
      Episode_Termination/time_out: 0.5598
  Episode_Termination/torso_height: 0.4402
--------------------------------------------------------------------------------
                   Total timesteps: 1605632
                    Iteration time: 0.35s
                      Time elapsed: 00:00:37
                               ETA: 00:02:32

################################################################################
                      [1m Learning iteration 98/500 [0m                       

                       Computation: 46866 steps/s (collection: 0.262s, learning 0.087s)
             Mean action noise std: 0.42
          Mean value_function loss: 0.0482
               Mean surrogate loss: -0.0068
                 Mean entropy loss: 4.3083
                       Mean reward: 25.15
               Mean episode length: 733.70
           Episode_Reward/progress: 1.2957
              Episode_Reward/alive: 0.3189
            Episode_Reward/upright: 0.0580
     Episode_Reward/move_to_target: 0.3064
          Episode_Reward/action_l2: -0.0131
             Episode_Reward/energy: -0.4254
   Episode_Reward/joint_pos_limits: -0.2349
      Episode_Termination/time_out: 0.5578
  Episode_Termination/torso_height: 0.4422
--------------------------------------------------------------------------------
                   Total timesteps: 1622016
                    Iteration time: 0.35s
                      Time elapsed: 00:00:37
                               ETA: 00:02:32

################################################################################
                      [1m Learning iteration 99/500 [0m                       

                       Computation: 45467 steps/s (collection: 0.270s, learning 0.091s)
             Mean action noise std: 0.41
          Mean value_function loss: 0.0507
               Mean surrogate loss: -0.0084
                 Mean entropy loss: 4.2722
                       Mean reward: 26.33
               Mean episode length: 756.47
           Episode_Reward/progress: 1.8988
              Episode_Reward/alive: 0.4465
            Episode_Reward/upright: 0.0848
     Episode_Reward/move_to_target: 0.4328
          Episode_Reward/action_l2: -0.0182
             Episode_Reward/energy: -0.5857
   Episode_Reward/joint_pos_limits: -0.3300
      Episode_Termination/time_out: 0.5497
  Episode_Termination/torso_height: 0.4503
--------------------------------------------------------------------------------
                   Total timesteps: 1638400
                    Iteration time: 0.36s
                      Time elapsed: 00:00:37
                               ETA: 00:02:31

################################################################################
                      [1m Learning iteration 100/500 [0m                      

                       Computation: 46598 steps/s (collection: 0.261s, learning 0.090s)
             Mean action noise std: 0.41
          Mean value_function loss: 0.0614
               Mean surrogate loss: -0.0053
                 Mean entropy loss: 4.2277
                       Mean reward: 26.53
               Mean episode length: 759.71
           Episode_Reward/progress: 1.6108
              Episode_Reward/alive: 0.3800
            Episode_Reward/upright: 0.0704
     Episode_Reward/move_to_target: 0.3591
          Episode_Reward/action_l2: -0.0157
             Episode_Reward/energy: -0.5157
   Episode_Reward/joint_pos_limits: -0.2781
      Episode_Termination/time_out: 0.5493
  Episode_Termination/torso_height: 0.4507
--------------------------------------------------------------------------------
                   Total timesteps: 1654784
                    Iteration time: 0.35s
                      Time elapsed: 00:00:38
                               ETA: 00:02:31

################################################################################
                      [1m Learning iteration 101/500 [0m                      

                       Computation: 47293 steps/s (collection: 0.257s, learning 0.090s)
             Mean action noise std: 0.41
          Mean value_function loss: 0.0499
               Mean surrogate loss: -0.0082
                 Mean entropy loss: 4.2073
                       Mean reward: 25.76
               Mean episode length: 724.07
           Episode_Reward/progress: 1.4864
              Episode_Reward/alive: 0.3418
            Episode_Reward/upright: 0.0629
     Episode_Reward/move_to_target: 0.3275
          Episode_Reward/action_l2: -0.0140
             Episode_Reward/energy: -0.4679
   Episode_Reward/joint_pos_limits: -0.2512
      Episode_Termination/time_out: 0.5466
  Episode_Termination/torso_height: 0.4534
--------------------------------------------------------------------------------
                   Total timesteps: 1671168
                    Iteration time: 0.35s
                      Time elapsed: 00:00:38
                               ETA: 00:02:30

################################################################################
                      [1m Learning iteration 102/500 [0m                      

                       Computation: 46786 steps/s (collection: 0.262s, learning 0.088s)
             Mean action noise std: 0.41
          Mean value_function loss: 0.0477
               Mean surrogate loss: -0.0068
                 Mean entropy loss: 4.1757
                       Mean reward: 26.92
               Mean episode length: 749.93
           Episode_Reward/progress: 1.7424
              Episode_Reward/alive: 0.3964
            Episode_Reward/upright: 0.0756
     Episode_Reward/move_to_target: 0.3869
          Episode_Reward/action_l2: -0.0164
             Episode_Reward/energy: -0.5499
   Episode_Reward/joint_pos_limits: -0.2913
      Episode_Termination/time_out: 0.5526
  Episode_Termination/torso_height: 0.4474
--------------------------------------------------------------------------------
                   Total timesteps: 1687552
                    Iteration time: 0.35s
                      Time elapsed: 00:00:38
                               ETA: 00:02:30

################################################################################
                      [1m Learning iteration 103/500 [0m                      

                       Computation: 46890 steps/s (collection: 0.261s, learning 0.089s)
             Mean action noise std: 0.41
          Mean value_function loss: 0.0582
               Mean surrogate loss: -0.0091
                 Mean entropy loss: 4.1314
                       Mean reward: 26.96
               Mean episode length: 734.20
           Episode_Reward/progress: 1.7541
              Episode_Reward/alive: 0.4010
            Episode_Reward/upright: 0.0752
     Episode_Reward/move_to_target: 0.3828
          Episode_Reward/action_l2: -0.0166
             Episode_Reward/energy: -0.5407
   Episode_Reward/joint_pos_limits: -0.2936
      Episode_Termination/time_out: 0.5590
  Episode_Termination/torso_height: 0.4410
--------------------------------------------------------------------------------
                   Total timesteps: 1703936
                    Iteration time: 0.35s
                      Time elapsed: 00:00:39
                               ETA: 00:02:29

################################################################################
                      [1m Learning iteration 104/500 [0m                      

                       Computation: 47898 steps/s (collection: 0.252s, learning 0.090s)
             Mean action noise std: 0.40
          Mean value_function loss: 0.0681
               Mean surrogate loss: -0.0080
                 Mean entropy loss: 4.0997
                       Mean reward: 26.37
               Mean episode length: 719.63
           Episode_Reward/progress: 1.6425
              Episode_Reward/alive: 0.3844
            Episode_Reward/upright: 0.0702
     Episode_Reward/move_to_target: 0.3640
          Episode_Reward/action_l2: -0.0157
             Episode_Reward/energy: -0.5189
   Episode_Reward/joint_pos_limits: -0.2799
      Episode_Termination/time_out: 0.5573
  Episode_Termination/torso_height: 0.4427
--------------------------------------------------------------------------------
                   Total timesteps: 1720320
                    Iteration time: 0.34s
                      Time elapsed: 00:00:39
                               ETA: 00:02:29

################################################################################
                      [1m Learning iteration 105/500 [0m                      

                       Computation: 47518 steps/s (collection: 0.255s, learning 0.090s)
             Mean action noise std: 0.40
          Mean value_function loss: 0.0598
               Mean surrogate loss: -0.0061
                 Mean entropy loss: 4.0730
                       Mean reward: 26.39
               Mean episode length: 719.90
           Episode_Reward/progress: 1.6346
              Episode_Reward/alive: 0.3675
            Episode_Reward/upright: 0.0659
     Episode_Reward/move_to_target: 0.3462
          Episode_Reward/action_l2: -0.0150
             Episode_Reward/energy: -0.4867
   Episode_Reward/joint_pos_limits: -0.2715
      Episode_Termination/time_out: 0.5596
  Episode_Termination/torso_height: 0.4404
--------------------------------------------------------------------------------
                   Total timesteps: 1736704
                    Iteration time: 0.34s
                      Time elapsed: 00:00:39
                               ETA: 00:02:28

################################################################################
                      [1m Learning iteration 106/500 [0m                      

                       Computation: 49299 steps/s (collection: 0.243s, learning 0.089s)
             Mean action noise std: 0.40
          Mean value_function loss: 0.0660
               Mean surrogate loss: -0.0093
                 Mean entropy loss: 4.0454
                       Mean reward: 23.40
               Mean episode length: 642.52
           Episode_Reward/progress: 0.7434
              Episode_Reward/alive: 0.1808
            Episode_Reward/upright: 0.0291
     Episode_Reward/move_to_target: 0.1548
          Episode_Reward/action_l2: -0.0076
             Episode_Reward/energy: -0.2447
   Episode_Reward/joint_pos_limits: -0.1318
      Episode_Termination/time_out: 0.5472
  Episode_Termination/torso_height: 0.4528
--------------------------------------------------------------------------------
                   Total timesteps: 1753088
                    Iteration time: 0.33s
                      Time elapsed: 00:00:40
                               ETA: 00:02:28

################################################################################
                      [1m Learning iteration 107/500 [0m                      

                       Computation: 50753 steps/s (collection: 0.253s, learning 0.070s)
             Mean action noise std: 0.40
          Mean value_function loss: 0.0624
               Mean surrogate loss: -0.0088
                 Mean entropy loss: 3.9987
                       Mean reward: 22.24
               Mean episode length: 612.77
           Episode_Reward/progress: 1.5722
              Episode_Reward/alive: 0.3419
            Episode_Reward/upright: 0.0615
     Episode_Reward/move_to_target: 0.3171
          Episode_Reward/action_l2: -0.0141
             Episode_Reward/energy: -0.4663
   Episode_Reward/joint_pos_limits: -0.2514
      Episode_Termination/time_out: 0.5360
  Episode_Termination/torso_height: 0.4640
--------------------------------------------------------------------------------
                   Total timesteps: 1769472
                    Iteration time: 0.32s
                      Time elapsed: 00:00:40
                               ETA: 00:02:27

################################################################################
                      [1m Learning iteration 108/500 [0m                      

                       Computation: 49860 steps/s (collection: 0.240s, learning 0.089s)
             Mean action noise std: 0.40
          Mean value_function loss: 0.0534
               Mean surrogate loss: -0.0077
                 Mean entropy loss: 3.9589
                       Mean reward: 22.21
               Mean episode length: 613.00
           Episode_Reward/progress: 1.8675
              Episode_Reward/alive: 0.4093
            Episode_Reward/upright: 0.0747
     Episode_Reward/move_to_target: 0.3914
          Episode_Reward/action_l2: -0.0167
             Episode_Reward/energy: -0.5555
   Episode_Reward/joint_pos_limits: -0.2953
      Episode_Termination/time_out: 0.5381
  Episode_Termination/torso_height: 0.4619
--------------------------------------------------------------------------------
                   Total timesteps: 1785856
                    Iteration time: 0.33s
                      Time elapsed: 00:00:40
                               ETA: 00:02:27

################################################################################
                      [1m Learning iteration 109/500 [0m                      

                       Computation: 49294 steps/s (collection: 0.243s, learning 0.090s)
             Mean action noise std: 0.40
          Mean value_function loss: 0.0648
               Mean surrogate loss: -0.0085
                 Mean entropy loss: 3.9079
                       Mean reward: 22.05
               Mean episode length: 602.31
           Episode_Reward/progress: 1.5887
              Episode_Reward/alive: 0.3543
            Episode_Reward/upright: 0.0637
     Episode_Reward/move_to_target: 0.3287
          Episode_Reward/action_l2: -0.0145
             Episode_Reward/energy: -0.4888
   Episode_Reward/joint_pos_limits: -0.2567
      Episode_Termination/time_out: 0.5370
  Episode_Termination/torso_height: 0.4630
--------------------------------------------------------------------------------
                   Total timesteps: 1802240
                    Iteration time: 0.33s
                      Time elapsed: 00:00:41
                               ETA: 00:02:26

################################################################################
                      [1m Learning iteration 110/500 [0m                      

                       Computation: 47800 steps/s (collection: 0.253s, learning 0.089s)
             Mean action noise std: 0.39
          Mean value_function loss: 0.0501
               Mean surrogate loss: -0.0082
                 Mean entropy loss: 3.8655
                       Mean reward: 22.93
               Mean episode length: 618.43
           Episode_Reward/progress: 1.9409
              Episode_Reward/alive: 0.4006
            Episode_Reward/upright: 0.0735
     Episode_Reward/move_to_target: 0.3827
          Episode_Reward/action_l2: -0.0166
             Episode_Reward/energy: -0.5633
   Episode_Reward/joint_pos_limits: -0.2902
      Episode_Termination/time_out: 0.5433
  Episode_Termination/torso_height: 0.4567
--------------------------------------------------------------------------------
                   Total timesteps: 1818624
                    Iteration time: 0.34s
                      Time elapsed: 00:00:41
                               ETA: 00:02:26

################################################################################
                      [1m Learning iteration 111/500 [0m                      

                       Computation: 49950 steps/s (collection: 0.240s, learning 0.088s)
             Mean action noise std: 0.39
          Mean value_function loss: 0.0479
               Mean surrogate loss: -0.0065
                 Mean entropy loss: 3.8184
                       Mean reward: 24.06
               Mean episode length: 637.72
           Episode_Reward/progress: 1.5393
              Episode_Reward/alive: 0.3075
            Episode_Reward/upright: 0.0562
     Episode_Reward/move_to_target: 0.2885
          Episode_Reward/action_l2: -0.0124
             Episode_Reward/energy: -0.4067
   Episode_Reward/joint_pos_limits: -0.2229
      Episode_Termination/time_out: 0.5435
  Episode_Termination/torso_height: 0.4565
--------------------------------------------------------------------------------
                   Total timesteps: 1835008
                    Iteration time: 0.33s
                      Time elapsed: 00:00:41
                               ETA: 00:02:25

################################################################################
                      [1m Learning iteration 112/500 [0m                      

                       Computation: 49745 steps/s (collection: 0.241s, learning 0.089s)
             Mean action noise std: 0.39
          Mean value_function loss: 0.0490
               Mean surrogate loss: -0.0090
                 Mean entropy loss: 3.7714
                       Mean reward: 25.46
               Mean episode length: 668.75
           Episode_Reward/progress: 1.6432
              Episode_Reward/alive: 0.3635
            Episode_Reward/upright: 0.0663
     Episode_Reward/move_to_target: 0.3437
          Episode_Reward/action_l2: -0.0148
             Episode_Reward/energy: -0.4858
   Episode_Reward/joint_pos_limits: -0.2645
      Episode_Termination/time_out: 0.5464
  Episode_Termination/torso_height: 0.4536
--------------------------------------------------------------------------------
                   Total timesteps: 1851392
                    Iteration time: 0.33s
                      Time elapsed: 00:00:42
                               ETA: 00:02:25

################################################################################
                      [1m Learning iteration 113/500 [0m                      

                       Computation: 50026 steps/s (collection: 0.239s, learning 0.089s)
             Mean action noise std: 0.39
          Mean value_function loss: 0.0516
               Mean surrogate loss: -0.0057
                 Mean entropy loss: 3.7336
                       Mean reward: 27.03
               Mean episode length: 699.14
           Episode_Reward/progress: 1.8901
              Episode_Reward/alive: 0.4140
            Episode_Reward/upright: 0.0750
     Episode_Reward/move_to_target: 0.3766
          Episode_Reward/action_l2: -0.0169
             Episode_Reward/energy: -0.5558
   Episode_Reward/joint_pos_limits: -0.3036
      Episode_Termination/time_out: 0.5545
  Episode_Termination/torso_height: 0.4455
--------------------------------------------------------------------------------
                   Total timesteps: 1867776
                    Iteration time: 0.33s
                      Time elapsed: 00:00:42
                               ETA: 00:02:24

################################################################################
                      [1m Learning iteration 114/500 [0m                      

                       Computation: 50705 steps/s (collection: 0.239s, learning 0.084s)
             Mean action noise std: 0.39
          Mean value_function loss: 0.0609
               Mean surrogate loss: -0.0077
                 Mean entropy loss: 3.7056
                       Mean reward: 26.34
               Mean episode length: 675.60
           Episode_Reward/progress: 0.6368
              Episode_Reward/alive: 0.1521
            Episode_Reward/upright: 0.0230
     Episode_Reward/move_to_target: 0.1329
          Episode_Reward/action_l2: -0.0060
             Episode_Reward/energy: -0.1947
   Episode_Reward/joint_pos_limits: -0.1092
      Episode_Termination/time_out: 0.5599
  Episode_Termination/torso_height: 0.4401
--------------------------------------------------------------------------------
                   Total timesteps: 1884160
                    Iteration time: 0.32s
                      Time elapsed: 00:00:42
                               ETA: 00:02:24

################################################################################
                      [1m Learning iteration 115/500 [0m                      

                       Computation: 48435 steps/s (collection: 0.250s, learning 0.088s)
             Mean action noise std: 0.38
          Mean value_function loss: 0.0502
               Mean surrogate loss: -0.0101
                 Mean entropy loss: 3.6798
                       Mean reward: 28.17
               Mean episode length: 709.68
           Episode_Reward/progress: 2.2346
              Episode_Reward/alive: 0.4580
            Episode_Reward/upright: 0.0871
     Episode_Reward/move_to_target: 0.4507
          Episode_Reward/action_l2: -0.0183
             Episode_Reward/energy: -0.6277
   Episode_Reward/joint_pos_limits: -0.3290
      Episode_Termination/time_out: 0.5651
  Episode_Termination/torso_height: 0.4349
--------------------------------------------------------------------------------
                   Total timesteps: 1900544
                    Iteration time: 0.34s
                      Time elapsed: 00:00:43
                               ETA: 00:02:23

################################################################################
                      [1m Learning iteration 116/500 [0m                      

                       Computation: 48098 steps/s (collection: 0.250s, learning 0.091s)
             Mean action noise std: 0.38
          Mean value_function loss: 0.0567
               Mean surrogate loss: -0.0076
                 Mean entropy loss: 3.6349
                       Mean reward: 26.81
               Mean episode length: 675.53
           Episode_Reward/progress: 1.5516
              Episode_Reward/alive: 0.3356
            Episode_Reward/upright: 0.0584
     Episode_Reward/move_to_target: 0.3054
          Episode_Reward/action_l2: -0.0136
             Episode_Reward/energy: -0.4551
   Episode_Reward/joint_pos_limits: -0.2473
      Episode_Termination/time_out: 0.5662
  Episode_Termination/torso_height: 0.4338
--------------------------------------------------------------------------------
                   Total timesteps: 1916928
                    Iteration time: 0.34s
                      Time elapsed: 00:00:43
                               ETA: 00:02:23

################################################################################
                      [1m Learning iteration 117/500 [0m                      

                       Computation: 48272 steps/s (collection: 0.248s, learning 0.091s)
             Mean action noise std: 0.38
          Mean value_function loss: 0.0620
               Mean surrogate loss: -0.0081
                 Mean entropy loss: 3.6088
                       Mean reward: 27.12
               Mean episode length: 681.54
           Episode_Reward/progress: 1.8367
              Episode_Reward/alive: 0.3790
            Episode_Reward/upright: 0.0696
     Episode_Reward/move_to_target: 0.3659
          Episode_Reward/action_l2: -0.0152
             Episode_Reward/energy: -0.5128
   Episode_Reward/joint_pos_limits: -0.2732
      Episode_Termination/time_out: 0.5650
  Episode_Termination/torso_height: 0.4350
--------------------------------------------------------------------------------
                   Total timesteps: 1933312
                    Iteration time: 0.34s
                      Time elapsed: 00:00:43
                               ETA: 00:02:22

################################################################################
                      [1m Learning iteration 118/500 [0m                      

                       Computation: 50854 steps/s (collection: 0.237s, learning 0.085s)
             Mean action noise std: 0.38
          Mean value_function loss: 0.0539
               Mean surrogate loss: -0.0069
                 Mean entropy loss: 3.5814
                       Mean reward: 28.16
               Mean episode length: 701.16
           Episode_Reward/progress: 1.8462
              Episode_Reward/alive: 0.3631
            Episode_Reward/upright: 0.0667
     Episode_Reward/move_to_target: 0.3526
          Episode_Reward/action_l2: -0.0142
             Episode_Reward/energy: -0.4758
   Episode_Reward/joint_pos_limits: -0.2623
      Episode_Termination/time_out: 0.5629
  Episode_Termination/torso_height: 0.4371
--------------------------------------------------------------------------------
                   Total timesteps: 1949696
                    Iteration time: 0.32s
                      Time elapsed: 00:00:44
                               ETA: 00:02:22

################################################################################
                      [1m Learning iteration 119/500 [0m                      

                       Computation: 50862 steps/s (collection: 0.254s, learning 0.068s)
             Mean action noise std: 0.38
          Mean value_function loss: 0.0665
               Mean surrogate loss: -0.0084
                 Mean entropy loss: 3.5571
                       Mean reward: 28.10
               Mean episode length: 694.49
           Episode_Reward/progress: 2.1236
              Episode_Reward/alive: 0.4240
            Episode_Reward/upright: 0.0781
     Episode_Reward/move_to_target: 0.4089
          Episode_Reward/action_l2: -0.0171
             Episode_Reward/energy: -0.5813
   Episode_Reward/joint_pos_limits: -0.3083
      Episode_Termination/time_out: 0.5716
  Episode_Termination/torso_height: 0.4284
--------------------------------------------------------------------------------
                   Total timesteps: 1966080
                    Iteration time: 0.32s
                      Time elapsed: 00:00:44
                               ETA: 00:02:21

################################################################################
                      [1m Learning iteration 120/500 [0m                      

                       Computation: 48268 steps/s (collection: 0.251s, learning 0.089s)
             Mean action noise std: 0.38
          Mean value_function loss: 0.0580
               Mean surrogate loss: -0.0070
                 Mean entropy loss: 3.5423
                       Mean reward: 29.17
               Mean episode length: 716.99
           Episode_Reward/progress: 2.1768
              Episode_Reward/alive: 0.4375
            Episode_Reward/upright: 0.0815
     Episode_Reward/move_to_target: 0.4144
          Episode_Reward/action_l2: -0.0176
             Episode_Reward/energy: -0.6128
   Episode_Reward/joint_pos_limits: -0.3140
      Episode_Termination/time_out: 0.5774
  Episode_Termination/torso_height: 0.4226
--------------------------------------------------------------------------------
                   Total timesteps: 1982464
                    Iteration time: 0.34s
                      Time elapsed: 00:00:44
                               ETA: 00:02:21

################################################################################
                      [1m Learning iteration 121/500 [0m                      

                       Computation: 47884 steps/s (collection: 0.253s, learning 0.089s)
             Mean action noise std: 0.38
          Mean value_function loss: 0.0706
               Mean surrogate loss: -0.0078
                 Mean entropy loss: 3.5113
                       Mean reward: 30.70
               Mean episode length: 744.79
           Episode_Reward/progress: 2.1807
              Episode_Reward/alive: 0.4282
            Episode_Reward/upright: 0.0792
     Episode_Reward/move_to_target: 0.4064
          Episode_Reward/action_l2: -0.0169
             Episode_Reward/energy: -0.5918
   Episode_Reward/joint_pos_limits: -0.3047
      Episode_Termination/time_out: 0.5806
  Episode_Termination/torso_height: 0.4194
--------------------------------------------------------------------------------
                   Total timesteps: 1998848
                    Iteration time: 0.34s
                      Time elapsed: 00:00:45
                               ETA: 00:02:20

################################################################################
                      [1m Learning iteration 122/500 [0m                      

                       Computation: 46113 steps/s (collection: 0.267s, learning 0.089s)
             Mean action noise std: 0.37
          Mean value_function loss: 0.0595
               Mean surrogate loss: -0.0064
                 Mean entropy loss: 3.4813
                       Mean reward: 31.24
               Mean episode length: 757.51
           Episode_Reward/progress: 2.0582
              Episode_Reward/alive: 0.4214
            Episode_Reward/upright: 0.0780
     Episode_Reward/move_to_target: 0.3864
          Episode_Reward/action_l2: -0.0167
             Episode_Reward/energy: -0.5813
   Episode_Reward/joint_pos_limits: -0.2996
      Episode_Termination/time_out: 0.5825
  Episode_Termination/torso_height: 0.4175
--------------------------------------------------------------------------------
                   Total timesteps: 2015232
                    Iteration time: 0.36s
                      Time elapsed: 00:00:45
                               ETA: 00:02:20

################################################################################
                      [1m Learning iteration 123/500 [0m                      

                       Computation: 47549 steps/s (collection: 0.256s, learning 0.088s)
             Mean action noise std: 0.37
          Mean value_function loss: 0.0721
               Mean surrogate loss: -0.0098
                 Mean entropy loss: 3.4545
                       Mean reward: 32.90
               Mean episode length: 792.28
           Episode_Reward/progress: 2.3997
              Episode_Reward/alive: 0.4603
            Episode_Reward/upright: 0.0854
     Episode_Reward/move_to_target: 0.4432
          Episode_Reward/action_l2: -0.0183
             Episode_Reward/energy: -0.6454
   Episode_Reward/joint_pos_limits: -0.3302
      Episode_Termination/time_out: 0.5929
  Episode_Termination/torso_height: 0.4071
--------------------------------------------------------------------------------
                   Total timesteps: 2031616
                    Iteration time: 0.34s
                      Time elapsed: 00:00:45
                               ETA: 00:02:19

################################################################################
                      [1m Learning iteration 124/500 [0m                      

                       Computation: 47980 steps/s (collection: 0.252s, learning 0.090s)
             Mean action noise std: 0.37
          Mean value_function loss: 0.0641
               Mean surrogate loss: -0.0059
                 Mean entropy loss: 3.4459
                       Mean reward: 34.44
               Mean episode length: 810.84
           Episode_Reward/progress: 2.1403
              Episode_Reward/alive: 0.4135
            Episode_Reward/upright: 0.0759
     Episode_Reward/move_to_target: 0.3948
          Episode_Reward/action_l2: -0.0163
             Episode_Reward/energy: -0.5723
   Episode_Reward/joint_pos_limits: -0.2945
      Episode_Termination/time_out: 0.5964
  Episode_Termination/torso_height: 0.4036
--------------------------------------------------------------------------------
                   Total timesteps: 2048000
                    Iteration time: 0.34s
                      Time elapsed: 00:00:46
                               ETA: 00:02:19

################################################################################
                      [1m Learning iteration 125/500 [0m                      

                       Computation: 48881 steps/s (collection: 0.248s, learning 0.087s)
             Mean action noise std: 0.37
          Mean value_function loss: 0.0508
               Mean surrogate loss: -0.0075
                 Mean entropy loss: 3.4192
                       Mean reward: 34.00
               Mean episode length: 803.50
           Episode_Reward/progress: 1.8050
              Episode_Reward/alive: 0.3710
            Episode_Reward/upright: 0.0662
     Episode_Reward/move_to_target: 0.3560
          Episode_Reward/action_l2: -0.0145
             Episode_Reward/energy: -0.4977
   Episode_Reward/joint_pos_limits: -0.2642
      Episode_Termination/time_out: 0.5966
  Episode_Termination/torso_height: 0.4034
--------------------------------------------------------------------------------
                   Total timesteps: 2064384
                    Iteration time: 0.34s
                      Time elapsed: 00:00:46
                               ETA: 00:02:18

################################################################################
                      [1m Learning iteration 126/500 [0m                      

                       Computation: 45771 steps/s (collection: 0.270s, learning 0.088s)
             Mean action noise std: 0.37
          Mean value_function loss: 0.0696
               Mean surrogate loss: -0.0075
                 Mean entropy loss: 3.3761
                       Mean reward: 35.74
               Mean episode length: 833.88
           Episode_Reward/progress: 2.1886
              Episode_Reward/alive: 0.4212
            Episode_Reward/upright: 0.0798
     Episode_Reward/move_to_target: 0.4093
          Episode_Reward/action_l2: -0.0164
             Episode_Reward/energy: -0.5787
   Episode_Reward/joint_pos_limits: -0.2972
      Episode_Termination/time_out: 0.6031
  Episode_Termination/torso_height: 0.3969
--------------------------------------------------------------------------------
                   Total timesteps: 2080768
                    Iteration time: 0.36s
                      Time elapsed: 00:00:46
                               ETA: 00:02:18

################################################################################
                      [1m Learning iteration 127/500 [0m                      

                       Computation: 46500 steps/s (collection: 0.263s, learning 0.090s)
             Mean action noise std: 0.37
          Mean value_function loss: 0.0786
               Mean surrogate loss: -0.0067
                 Mean entropy loss: 3.3356
                       Mean reward: 34.75
               Mean episode length: 800.24
           Episode_Reward/progress: 2.1978
              Episode_Reward/alive: 0.4185
            Episode_Reward/upright: 0.0791
     Episode_Reward/move_to_target: 0.4073
          Episode_Reward/action_l2: -0.0162
             Episode_Reward/energy: -0.5818
   Episode_Reward/joint_pos_limits: -0.2948
      Episode_Termination/time_out: 0.6097
  Episode_Termination/torso_height: 0.3903
--------------------------------------------------------------------------------
                   Total timesteps: 2097152
                    Iteration time: 0.35s
                      Time elapsed: 00:00:47
                               ETA: 00:02:17

################################################################################
                      [1m Learning iteration 128/500 [0m                      

                       Computation: 46623 steps/s (collection: 0.262s, learning 0.090s)
             Mean action noise std: 0.37
          Mean value_function loss: 0.0588
               Mean surrogate loss: -0.0098
                 Mean entropy loss: 3.3162
                       Mean reward: 33.21
               Mean episode length: 770.41
           Episode_Reward/progress: 2.0757
              Episode_Reward/alive: 0.3912
            Episode_Reward/upright: 0.0735
     Episode_Reward/move_to_target: 0.3774
          Episode_Reward/action_l2: -0.0153
             Episode_Reward/energy: -0.5444
   Episode_Reward/joint_pos_limits: -0.2784
      Episode_Termination/time_out: 0.6085
  Episode_Termination/torso_height: 0.3915
--------------------------------------------------------------------------------
                   Total timesteps: 2113536
                    Iteration time: 0.35s
                      Time elapsed: 00:00:47
                               ETA: 00:02:17

################################################################################
                      [1m Learning iteration 129/500 [0m                      

                       Computation: 47447 steps/s (collection: 0.254s, learning 0.091s)
             Mean action noise std: 0.37
          Mean value_function loss: 0.0482
               Mean surrogate loss: -0.0079
                 Mean entropy loss: 3.2743
                       Mean reward: 33.82
               Mean episode length: 772.73
           Episode_Reward/progress: 2.1340
              Episode_Reward/alive: 0.4006
            Episode_Reward/upright: 0.0749
     Episode_Reward/move_to_target: 0.3830
          Episode_Reward/action_l2: -0.0156
             Episode_Reward/energy: -0.5506
   Episode_Reward/joint_pos_limits: -0.2834
      Episode_Termination/time_out: 0.6063
  Episode_Termination/torso_height: 0.3937
--------------------------------------------------------------------------------
                   Total timesteps: 2129920
                    Iteration time: 0.35s
                      Time elapsed: 00:00:48
                               ETA: 00:02:17

################################################################################
                      [1m Learning iteration 130/500 [0m                      

                       Computation: 46328 steps/s (collection: 0.265s, learning 0.088s)
             Mean action noise std: 0.36
          Mean value_function loss: 0.0621
               Mean surrogate loss: -0.0077
                 Mean entropy loss: 3.2315
                       Mean reward: 32.48
               Mean episode length: 744.89
           Episode_Reward/progress: 1.9368
              Episode_Reward/alive: 0.3802
            Episode_Reward/upright: 0.0707
     Episode_Reward/move_to_target: 0.3655
          Episode_Reward/action_l2: -0.0146
             Episode_Reward/energy: -0.5186
   Episode_Reward/joint_pos_limits: -0.2677
      Episode_Termination/time_out: 0.6089
  Episode_Termination/torso_height: 0.3911
--------------------------------------------------------------------------------
                   Total timesteps: 2146304
                    Iteration time: 0.35s
                      Time elapsed: 00:00:48
                               ETA: 00:02:16

################################################################################
                      [1m Learning iteration 131/500 [0m                      

                       Computation: 49050 steps/s (collection: 0.244s, learning 0.090s)
             Mean action noise std: 0.36
          Mean value_function loss: 0.0485
               Mean surrogate loss: -0.0061
                 Mean entropy loss: 3.1981
                       Mean reward: 32.60
               Mean episode length: 742.20
           Episode_Reward/progress: 2.2226
              Episode_Reward/alive: 0.4123
            Episode_Reward/upright: 0.0786
     Episode_Reward/move_to_target: 0.4008
          Episode_Reward/action_l2: -0.0159
             Episode_Reward/energy: -0.5701
   Episode_Reward/joint_pos_limits: -0.2906
      Episode_Termination/time_out: 0.6098
  Episode_Termination/torso_height: 0.3902
--------------------------------------------------------------------------------
                   Total timesteps: 2162688
                    Iteration time: 0.33s
                      Time elapsed: 00:00:48
                               ETA: 00:02:16

################################################################################
                      [1m Learning iteration 132/500 [0m                      

                       Computation: 48177 steps/s (collection: 0.251s, learning 0.089s)
             Mean action noise std: 0.36
          Mean value_function loss: 0.0817
               Mean surrogate loss: -0.0081
                 Mean entropy loss: 3.1649
                       Mean reward: 33.46
               Mean episode length: 752.61
           Episode_Reward/progress: 2.1001
              Episode_Reward/alive: 0.4025
            Episode_Reward/upright: 0.0735
     Episode_Reward/move_to_target: 0.3728
          Episode_Reward/action_l2: -0.0158
             Episode_Reward/energy: -0.5550
   Episode_Reward/joint_pos_limits: -0.2854
      Episode_Termination/time_out: 0.6157
  Episode_Termination/torso_height: 0.3843
--------------------------------------------------------------------------------
                   Total timesteps: 2179072
                    Iteration time: 0.34s
                      Time elapsed: 00:00:49
                               ETA: 00:02:15

################################################################################
                      [1m Learning iteration 133/500 [0m                      

                       Computation: 46394 steps/s (collection: 0.262s, learning 0.091s)
             Mean action noise std: 0.36
          Mean value_function loss: 0.0543
               Mean surrogate loss: -0.0066
                 Mean entropy loss: 3.1509
                       Mean reward: 34.45
               Mean episode length: 772.26
           Episode_Reward/progress: 1.9815
              Episode_Reward/alive: 0.3772
            Episode_Reward/upright: 0.0706
     Episode_Reward/move_to_target: 0.3647
          Episode_Reward/action_l2: -0.0147
             Episode_Reward/energy: -0.5300
   Episode_Reward/joint_pos_limits: -0.2643
      Episode_Termination/time_out: 0.6213
  Episode_Termination/torso_height: 0.3787
--------------------------------------------------------------------------------
                   Total timesteps: 2195456
                    Iteration time: 0.35s
                      Time elapsed: 00:00:49
                               ETA: 00:02:15

################################################################################
                      [1m Learning iteration 134/500 [0m                      

                       Computation: 46889 steps/s (collection: 0.259s, learning 0.091s)
             Mean action noise std: 0.36
          Mean value_function loss: 0.0674
               Mean surrogate loss: -0.0081
                 Mean entropy loss: 3.1368
                       Mean reward: 36.03
               Mean episode length: 796.02
           Episode_Reward/progress: 2.2699
              Episode_Reward/alive: 0.4150
            Episode_Reward/upright: 0.0780
     Episode_Reward/move_to_target: 0.4024
          Episode_Reward/action_l2: -0.0159
             Episode_Reward/energy: -0.5836
   Episode_Reward/joint_pos_limits: -0.2878
      Episode_Termination/time_out: 0.6263
  Episode_Termination/torso_height: 0.3737
--------------------------------------------------------------------------------
                   Total timesteps: 2211840
                    Iteration time: 0.35s
                      Time elapsed: 00:00:49
                               ETA: 00:02:14

################################################################################
                      [1m Learning iteration 135/500 [0m                      

                       Computation: 47537 steps/s (collection: 0.257s, learning 0.088s)
             Mean action noise std: 0.36
          Mean value_function loss: 0.0625
               Mean surrogate loss: -0.0070
                 Mean entropy loss: 3.1291
                       Mean reward: 34.76
               Mean episode length: 773.04
           Episode_Reward/progress: 1.5881
              Episode_Reward/alive: 0.3073
            Episode_Reward/upright: 0.0554
     Episode_Reward/move_to_target: 0.2914
          Episode_Reward/action_l2: -0.0119
             Episode_Reward/energy: -0.4152
   Episode_Reward/joint_pos_limits: -0.2199
      Episode_Termination/time_out: 0.6282
  Episode_Termination/torso_height: 0.3718
--------------------------------------------------------------------------------
                   Total timesteps: 2228224
                    Iteration time: 0.34s
                      Time elapsed: 00:00:50
                               ETA: 00:02:14

################################################################################
                      [1m Learning iteration 136/500 [0m                      

                       Computation: 49226 steps/s (collection: 0.244s, learning 0.089s)
             Mean action noise std: 0.36
          Mean value_function loss: 0.0491
               Mean surrogate loss: -0.0041
                 Mean entropy loss: 3.1164
                       Mean reward: 33.67
               Mean episode length: 744.93
           Episode_Reward/progress: 1.7911
              Episode_Reward/alive: 0.3353
            Episode_Reward/upright: 0.0603
     Episode_Reward/move_to_target: 0.3176
          Episode_Reward/action_l2: -0.0132
             Episode_Reward/energy: -0.4715
   Episode_Reward/joint_pos_limits: -0.2373
      Episode_Termination/time_out: 0.6371
  Episode_Termination/torso_height: 0.3629
--------------------------------------------------------------------------------
                   Total timesteps: 2244608
                    Iteration time: 0.33s
                      Time elapsed: 00:00:50
                               ETA: 00:02:14

################################################################################
                      [1m Learning iteration 137/500 [0m                      

                       Computation: 47474 steps/s (collection: 0.256s, learning 0.089s)
             Mean action noise std: 0.36
          Mean value_function loss: 0.0557
               Mean surrogate loss: -0.0079
                 Mean entropy loss: 3.0860
                       Mean reward: 34.10
               Mean episode length: 753.47
           Episode_Reward/progress: 2.1618
              Episode_Reward/alive: 0.4067
            Episode_Reward/upright: 0.0764
     Episode_Reward/move_to_target: 0.3825
          Episode_Reward/action_l2: -0.0156
             Episode_Reward/energy: -0.5650
   Episode_Reward/joint_pos_limits: -0.2824
      Episode_Termination/time_out: 0.6409
  Episode_Termination/torso_height: 0.3591
--------------------------------------------------------------------------------
                   Total timesteps: 2260992
                    Iteration time: 0.35s
                      Time elapsed: 00:00:50
                               ETA: 00:02:13

################################################################################
                      [1m Learning iteration 138/500 [0m                      

                       Computation: 49723 steps/s (collection: 0.240s, learning 0.090s)
             Mean action noise std: 0.36
          Mean value_function loss: 0.0614
               Mean surrogate loss: -0.0059
                 Mean entropy loss: 3.0331
                       Mean reward: 32.10
               Mean episode length: 714.92
           Episode_Reward/progress: 1.7061
              Episode_Reward/alive: 0.3345
            Episode_Reward/upright: 0.0596
     Episode_Reward/move_to_target: 0.3040
          Episode_Reward/action_l2: -0.0131
             Episode_Reward/energy: -0.4497
   Episode_Reward/joint_pos_limits: -0.2434
      Episode_Termination/time_out: 0.6427
  Episode_Termination/torso_height: 0.3573
--------------------------------------------------------------------------------
                   Total timesteps: 2277376
                    Iteration time: 0.33s
                      Time elapsed: 00:00:51
                               ETA: 00:02:13

################################################################################
                      [1m Learning iteration 139/500 [0m                      

                       Computation: 49651 steps/s (collection: 0.242s, learning 0.088s)
             Mean action noise std: 0.35
          Mean value_function loss: 0.0509
               Mean surrogate loss: -0.0080
                 Mean entropy loss: 3.0097
                       Mean reward: 32.59
               Mean episode length: 722.37
           Episode_Reward/progress: 2.3234
              Episode_Reward/alive: 0.4153
            Episode_Reward/upright: 0.0778
     Episode_Reward/move_to_target: 0.4090
          Episode_Reward/action_l2: -0.0158
             Episode_Reward/energy: -0.5841
   Episode_Reward/joint_pos_limits: -0.2912
      Episode_Termination/time_out: 0.6461
  Episode_Termination/torso_height: 0.3539
--------------------------------------------------------------------------------
                   Total timesteps: 2293760
                    Iteration time: 0.33s
                      Time elapsed: 00:00:51
                               ETA: 00:02:12

################################################################################
                      [1m Learning iteration 140/500 [0m                      

                       Computation: 49539 steps/s (collection: 0.242s, learning 0.089s)
             Mean action noise std: 0.35
          Mean value_function loss: 0.0445
               Mean surrogate loss: -0.0057
                 Mean entropy loss: 2.9933
                       Mean reward: 33.52
               Mean episode length: 732.57
           Episode_Reward/progress: 2.6568
              Episode_Reward/alive: 0.4654
            Episode_Reward/upright: 0.0883
     Episode_Reward/move_to_target: 0.4529
          Episode_Reward/action_l2: -0.0180
             Episode_Reward/energy: -0.6504
   Episode_Reward/joint_pos_limits: -0.3289
      Episode_Termination/time_out: 0.6525
  Episode_Termination/torso_height: 0.3475
--------------------------------------------------------------------------------
                   Total timesteps: 2310144
                    Iteration time: 0.33s
                      Time elapsed: 00:00:51
                               ETA: 00:02:12

################################################################################
                      [1m Learning iteration 141/500 [0m                      

                       Computation: 50172 steps/s (collection: 0.237s, learning 0.089s)
             Mean action noise std: 0.35
          Mean value_function loss: 0.0446
               Mean surrogate loss: -0.0076
                 Mean entropy loss: 2.9708
                       Mean reward: 34.45
               Mean episode length: 746.64
           Episode_Reward/progress: 2.1771
              Episode_Reward/alive: 0.3877
            Episode_Reward/upright: 0.0700
     Episode_Reward/move_to_target: 0.3724
          Episode_Reward/action_l2: -0.0151
             Episode_Reward/energy: -0.5317
   Episode_Reward/joint_pos_limits: -0.2773
      Episode_Termination/time_out: 0.6533
  Episode_Termination/torso_height: 0.3467
--------------------------------------------------------------------------------
                   Total timesteps: 2326528
                    Iteration time: 0.33s
                      Time elapsed: 00:00:52
                               ETA: 00:02:11

################################################################################
                      [1m Learning iteration 142/500 [0m                      

                       Computation: 49900 steps/s (collection: 0.238s, learning 0.090s)
             Mean action noise std: 0.35
          Mean value_function loss: 0.0627
               Mean surrogate loss: -0.0064
                 Mean entropy loss: 2.9317
                       Mean reward: 36.17
               Mean episode length: 782.29
           Episode_Reward/progress: 2.8309
              Episode_Reward/alive: 0.4952
            Episode_Reward/upright: 0.0963
     Episode_Reward/move_to_target: 0.4821
          Episode_Reward/action_l2: -0.0188
             Episode_Reward/energy: -0.6819
   Episode_Reward/joint_pos_limits: -0.3455
      Episode_Termination/time_out: 0.6620
  Episode_Termination/torso_height: 0.3380
--------------------------------------------------------------------------------
                   Total timesteps: 2342912
                    Iteration time: 0.33s
                      Time elapsed: 00:00:52
                               ETA: 00:02:11

################################################################################
                      [1m Learning iteration 143/500 [0m                      

                       Computation: 50042 steps/s (collection: 0.238s, learning 0.090s)
             Mean action noise std: 0.35
          Mean value_function loss: 0.0599
               Mean surrogate loss: -0.0079
                 Mean entropy loss: 2.8952
                       Mean reward: 36.85
               Mean episode length: 791.19
           Episode_Reward/progress: 2.2693
              Episode_Reward/alive: 0.4027
            Episode_Reward/upright: 0.0757
     Episode_Reward/move_to_target: 0.3897
          Episode_Reward/action_l2: -0.0154
             Episode_Reward/energy: -0.5447
   Episode_Reward/joint_pos_limits: -0.2859
      Episode_Termination/time_out: 0.6681
  Episode_Termination/torso_height: 0.3319
--------------------------------------------------------------------------------
                   Total timesteps: 2359296
                    Iteration time: 0.33s
                      Time elapsed: 00:00:52
                               ETA: 00:02:10

################################################################################
                      [1m Learning iteration 144/500 [0m                      

                       Computation: 48261 steps/s (collection: 0.251s, learning 0.089s)
             Mean action noise std: 0.35
          Mean value_function loss: 0.0556
               Mean surrogate loss: -0.0058
                 Mean entropy loss: 2.8711
                       Mean reward: 35.13
               Mean episode length: 750.53
           Episode_Reward/progress: 1.5317
              Episode_Reward/alive: 0.2872
            Episode_Reward/upright: 0.0511
     Episode_Reward/move_to_target: 0.2755
          Episode_Reward/action_l2: -0.0110
             Episode_Reward/energy: -0.3864
   Episode_Reward/joint_pos_limits: -0.2045
      Episode_Termination/time_out: 0.6646
  Episode_Termination/torso_height: 0.3354
--------------------------------------------------------------------------------
                   Total timesteps: 2375680
                    Iteration time: 0.34s
                      Time elapsed: 00:00:53
                               ETA: 00:02:10

################################################################################
                      [1m Learning iteration 145/500 [0m                      

                       Computation: 47723 steps/s (collection: 0.253s, learning 0.090s)
             Mean action noise std: 0.35
          Mean value_function loss: 0.0572
               Mean surrogate loss: -0.0077
                 Mean entropy loss: 2.8394
                       Mean reward: 37.82
               Mean episode length: 797.01
           Episode_Reward/progress: 2.6179
              Episode_Reward/alive: 0.4508
            Episode_Reward/upright: 0.0845
     Episode_Reward/move_to_target: 0.4319
          Episode_Reward/action_l2: -0.0174
             Episode_Reward/energy: -0.6269
   Episode_Reward/joint_pos_limits: -0.3188
      Episode_Termination/time_out: 0.6562
  Episode_Termination/torso_height: 0.3438
--------------------------------------------------------------------------------
                   Total timesteps: 2392064
                    Iteration time: 0.34s
                      Time elapsed: 00:00:53
                               ETA: 00:02:09

################################################################################
                      [1m Learning iteration 146/500 [0m                      

                       Computation: 47549 steps/s (collection: 0.256s, learning 0.089s)
             Mean action noise std: 0.35
          Mean value_function loss: 0.0559
               Mean surrogate loss: -0.0078
                 Mean entropy loss: 2.7933
                       Mean reward: 36.01
               Mean episode length: 756.74
           Episode_Reward/progress: 1.9007
              Episode_Reward/alive: 0.3239
            Episode_Reward/upright: 0.0589
     Episode_Reward/move_to_target: 0.3073
          Episode_Reward/action_l2: -0.0126
             Episode_Reward/energy: -0.4420
   Episode_Reward/joint_pos_limits: -0.2323
      Episode_Termination/time_out: 0.6583
  Episode_Termination/torso_height: 0.3417
--------------------------------------------------------------------------------
                   Total timesteps: 2408448
                    Iteration time: 0.34s
                      Time elapsed: 00:00:53
                               ETA: 00:02:09

################################################################################
                      [1m Learning iteration 147/500 [0m                      

                       Computation: 52728 steps/s (collection: 0.241s, learning 0.069s)
             Mean action noise std: 0.34
          Mean value_function loss: 0.0747
               Mean surrogate loss: -0.0072
                 Mean entropy loss: 2.7714
                       Mean reward: 36.66
               Mean episode length: 764.31
           Episode_Reward/progress: 2.7191
              Episode_Reward/alive: 0.4628
            Episode_Reward/upright: 0.0878
     Episode_Reward/move_to_target: 0.4498
          Episode_Reward/action_l2: -0.0177
             Episode_Reward/energy: -0.6395
   Episode_Reward/joint_pos_limits: -0.3291
      Episode_Termination/time_out: 0.6634
  Episode_Termination/torso_height: 0.3366
--------------------------------------------------------------------------------
                   Total timesteps: 2424832
                    Iteration time: 0.31s
                      Time elapsed: 00:00:54
                               ETA: 00:02:09

################################################################################
                      [1m Learning iteration 148/500 [0m                      

                       Computation: 50270 steps/s (collection: 0.236s, learning 0.090s)
             Mean action noise std: 0.34
          Mean value_function loss: 0.0758
               Mean surrogate loss: -0.0075
                 Mean entropy loss: 2.7515
                       Mean reward: 35.84
               Mean episode length: 745.58
           Episode_Reward/progress: 2.0351
              Episode_Reward/alive: 0.3562
            Episode_Reward/upright: 0.0661
     Episode_Reward/move_to_target: 0.3400
          Episode_Reward/action_l2: -0.0135
             Episode_Reward/energy: -0.4850
   Episode_Reward/joint_pos_limits: -0.2479
      Episode_Termination/time_out: 0.6708
  Episode_Termination/torso_height: 0.3292
--------------------------------------------------------------------------------
                   Total timesteps: 2441216
                    Iteration time: 0.33s
                      Time elapsed: 00:00:54
                               ETA: 00:02:08

################################################################################
                      [1m Learning iteration 149/500 [0m                      

                       Computation: 49332 steps/s (collection: 0.260s, learning 0.072s)
             Mean action noise std: 0.34
          Mean value_function loss: 0.0671
               Mean surrogate loss: -0.0092
                 Mean entropy loss: 2.7462
                       Mean reward: 37.34
               Mean episode length: 769.34
           Episode_Reward/progress: 2.3968
              Episode_Reward/alive: 0.4053
            Episode_Reward/upright: 0.0743
     Episode_Reward/move_to_target: 0.3843
          Episode_Reward/action_l2: -0.0155
             Episode_Reward/energy: -0.5574
   Episode_Reward/joint_pos_limits: -0.2828
      Episode_Termination/time_out: 0.6633
  Episode_Termination/torso_height: 0.3367
--------------------------------------------------------------------------------
                   Total timesteps: 2457600
                    Iteration time: 0.33s
                      Time elapsed: 00:00:54
                               ETA: 00:02:08

################################################################################
                      [1m Learning iteration 150/500 [0m                      

                       Computation: 47169 steps/s (collection: 0.260s, learning 0.087s)
             Mean action noise std: 0.34
          Mean value_function loss: 0.0556
               Mean surrogate loss: -0.0055
                 Mean entropy loss: 2.7396
                       Mean reward: 37.68
               Mean episode length: 770.32
           Episode_Reward/progress: 2.7719
              Episode_Reward/alive: 0.4624
            Episode_Reward/upright: 0.0880
     Episode_Reward/move_to_target: 0.4492
          Episode_Reward/action_l2: -0.0177
             Episode_Reward/energy: -0.6473
   Episode_Reward/joint_pos_limits: -0.3287
      Episode_Termination/time_out: 0.6672
  Episode_Termination/torso_height: 0.3328
--------------------------------------------------------------------------------
                   Total timesteps: 2473984
                    Iteration time: 0.35s
                      Time elapsed: 00:00:55
                               ETA: 00:02:07

################################################################################
                      [1m Learning iteration 151/500 [0m                      

                       Computation: 50832 steps/s (collection: 0.250s, learning 0.072s)
             Mean action noise std: 0.34
          Mean value_function loss: 0.0836
               Mean surrogate loss: -0.0080
                 Mean entropy loss: 2.7111
                       Mean reward: 37.61
               Mean episode length: 769.60
           Episode_Reward/progress: 2.1440
              Episode_Reward/alive: 0.3652
            Episode_Reward/upright: 0.0687
     Episode_Reward/move_to_target: 0.3516
          Episode_Reward/action_l2: -0.0141
             Episode_Reward/energy: -0.4999
   Episode_Reward/joint_pos_limits: -0.2621
      Episode_Termination/time_out: 0.6693
  Episode_Termination/torso_height: 0.3307
--------------------------------------------------------------------------------
                   Total timesteps: 2490368
                    Iteration time: 0.32s
                      Time elapsed: 00:00:55
                               ETA: 00:02:07

################################################################################
                      [1m Learning iteration 152/500 [0m                      

                       Computation: 49080 steps/s (collection: 0.266s, learning 0.068s)
             Mean action noise std: 0.34
          Mean value_function loss: 0.0674
               Mean surrogate loss: -0.0079
                 Mean entropy loss: 2.6748
                       Mean reward: 38.40
               Mean episode length: 783.97
           Episode_Reward/progress: 2.6315
              Episode_Reward/alive: 0.4416
            Episode_Reward/upright: 0.0834
     Episode_Reward/move_to_target: 0.4319
          Episode_Reward/action_l2: -0.0171
             Episode_Reward/energy: -0.6277
   Episode_Reward/joint_pos_limits: -0.3098
      Episode_Termination/time_out: 0.6668
  Episode_Termination/torso_height: 0.3332
--------------------------------------------------------------------------------
                   Total timesteps: 2506752
                    Iteration time: 0.33s
                      Time elapsed: 00:00:55
                               ETA: 00:02:06

################################################################################
                      [1m Learning iteration 153/500 [0m                      

                       Computation: 48368 steps/s (collection: 0.268s, learning 0.071s)
             Mean action noise std: 0.34
          Mean value_function loss: 0.0671
               Mean surrogate loss: -0.0078
                 Mean entropy loss: 2.6339
                       Mean reward: 39.45
               Mean episode length: 804.84
           Episode_Reward/progress: 2.3893
              Episode_Reward/alive: 0.4039
            Episode_Reward/upright: 0.0762
     Episode_Reward/move_to_target: 0.3918
          Episode_Reward/action_l2: -0.0155
             Episode_Reward/energy: -0.5649
   Episode_Reward/joint_pos_limits: -0.2843
      Episode_Termination/time_out: 0.6624
  Episode_Termination/torso_height: 0.3376
--------------------------------------------------------------------------------
                   Total timesteps: 2523136
                    Iteration time: 0.34s
                      Time elapsed: 00:00:56
                               ETA: 00:02:06

################################################################################
                      [1m Learning iteration 154/500 [0m                      

                       Computation: 47601 steps/s (collection: 0.255s, learning 0.089s)
             Mean action noise std: 0.34
          Mean value_function loss: 0.0632
               Mean surrogate loss: -0.0077
                 Mean entropy loss: 2.6073
                       Mean reward: 40.14
               Mean episode length: 813.46
           Episode_Reward/progress: 2.8910
              Episode_Reward/alive: 0.4716
            Episode_Reward/upright: 0.0900
     Episode_Reward/move_to_target: 0.4600
          Episode_Reward/action_l2: -0.0183
             Episode_Reward/energy: -0.6754
   Episode_Reward/joint_pos_limits: -0.3310
      Episode_Termination/time_out: 0.6633
  Episode_Termination/torso_height: 0.3367
--------------------------------------------------------------------------------
                   Total timesteps: 2539520
                    Iteration time: 0.34s
                      Time elapsed: 00:00:56
                               ETA: 00:02:05

################################################################################
                      [1m Learning iteration 155/500 [0m                      

                       Computation: 48748 steps/s (collection: 0.247s, learning 0.089s)
             Mean action noise std: 0.34
          Mean value_function loss: 0.0809
               Mean surrogate loss: -0.0059
                 Mean entropy loss: 2.5888
                       Mean reward: 40.52
               Mean episode length: 821.54
           Episode_Reward/progress: 2.1167
              Episode_Reward/alive: 0.3740
            Episode_Reward/upright: 0.0694
     Episode_Reward/move_to_target: 0.3433
          Episode_Reward/action_l2: -0.0148
             Episode_Reward/energy: -0.5278
   Episode_Reward/joint_pos_limits: -0.2687
      Episode_Termination/time_out: 0.6672
  Episode_Termination/torso_height: 0.3328
--------------------------------------------------------------------------------
                   Total timesteps: 2555904
                    Iteration time: 0.34s
                      Time elapsed: 00:00:56
                               ETA: 00:02:05

################################################################################
                      [1m Learning iteration 156/500 [0m                      

                       Computation: 47442 steps/s (collection: 0.254s, learning 0.091s)
             Mean action noise std: 0.34
          Mean value_function loss: 0.0800
               Mean surrogate loss: -0.0090
                 Mean entropy loss: 2.5591
                       Mean reward: 39.58
               Mean episode length: 803.31
           Episode_Reward/progress: 2.2438
              Episode_Reward/alive: 0.3876
            Episode_Reward/upright: 0.0737
     Episode_Reward/move_to_target: 0.3791
          Episode_Reward/action_l2: -0.0149
             Episode_Reward/energy: -0.5390
   Episode_Reward/joint_pos_limits: -0.2728
      Episode_Termination/time_out: 0.6652
  Episode_Termination/torso_height: 0.3348
--------------------------------------------------------------------------------
                   Total timesteps: 2572288
                    Iteration time: 0.35s
                      Time elapsed: 00:00:57
                               ETA: 00:02:05

################################################################################
                      [1m Learning iteration 157/500 [0m                      

                       Computation: 46760 steps/s (collection: 0.262s, learning 0.088s)
             Mean action noise std: 0.33
          Mean value_function loss: 0.0726
               Mean surrogate loss: -0.0073
                 Mean entropy loss: 2.5386
                       Mean reward: 40.81
               Mean episode length: 821.59
           Episode_Reward/progress: 2.8319
              Episode_Reward/alive: 0.4700
            Episode_Reward/upright: 0.0895
     Episode_Reward/move_to_target: 0.4567
          Episode_Reward/action_l2: -0.0181
             Episode_Reward/energy: -0.6657
   Episode_Reward/joint_pos_limits: -0.3332
      Episode_Termination/time_out: 0.6682
  Episode_Termination/torso_height: 0.3318
--------------------------------------------------------------------------------
                   Total timesteps: 2588672
                    Iteration time: 0.35s
                      Time elapsed: 00:00:57
                               ETA: 00:02:04

################################################################################
                      [1m Learning iteration 158/500 [0m                      

                       Computation: 48096 steps/s (collection: 0.272s, learning 0.069s)
             Mean action noise std: 0.33
          Mean value_function loss: 0.0746
               Mean surrogate loss: -0.0058
                 Mean entropy loss: 2.5221
                       Mean reward: 39.89
               Mean episode length: 800.86
           Episode_Reward/progress: 2.4462
              Episode_Reward/alive: 0.4044
            Episode_Reward/upright: 0.0754
     Episode_Reward/move_to_target: 0.3890
          Episode_Reward/action_l2: -0.0157
             Episode_Reward/energy: -0.5769
   Episode_Reward/joint_pos_limits: -0.2863
      Episode_Termination/time_out: 0.6774
  Episode_Termination/torso_height: 0.3226
--------------------------------------------------------------------------------
                   Total timesteps: 2605056
                    Iteration time: 0.34s
                      Time elapsed: 00:00:57
                               ETA: 00:02:04

################################################################################
                      [1m Learning iteration 159/500 [0m                      

                       Computation: 47742 steps/s (collection: 0.253s, learning 0.090s)
             Mean action noise std: 0.33
          Mean value_function loss: 0.0787
               Mean surrogate loss: -0.0081
                 Mean entropy loss: 2.4946
                       Mean reward: 39.89
               Mean episode length: 800.97
           Episode_Reward/progress: 2.2952
              Episode_Reward/alive: 0.3808
            Episode_Reward/upright: 0.0701
     Episode_Reward/move_to_target: 0.3619
          Episode_Reward/action_l2: -0.0148
             Episode_Reward/energy: -0.5407
   Episode_Reward/joint_pos_limits: -0.2692
      Episode_Termination/time_out: 0.6819
  Episode_Termination/torso_height: 0.3181
--------------------------------------------------------------------------------
                   Total timesteps: 2621440
                    Iteration time: 0.34s
                      Time elapsed: 00:00:58
                               ETA: 00:02:03

################################################################################
                      [1m Learning iteration 160/500 [0m                      

                       Computation: 47340 steps/s (collection: 0.257s, learning 0.089s)
             Mean action noise std: 0.33
          Mean value_function loss: 0.0708
               Mean surrogate loss: -0.0070
                 Mean entropy loss: 2.4748
                       Mean reward: 40.50
               Mean episode length: 797.38
           Episode_Reward/progress: 2.6748
              Episode_Reward/alive: 0.4375
            Episode_Reward/upright: 0.0822
     Episode_Reward/move_to_target: 0.4211
          Episode_Reward/action_l2: -0.0171
             Episode_Reward/energy: -0.6228
   Episode_Reward/joint_pos_limits: -0.3114
      Episode_Termination/time_out: 0.6800
  Episode_Termination/torso_height: 0.3200
--------------------------------------------------------------------------------
                   Total timesteps: 2637824
                    Iteration time: 0.35s
                      Time elapsed: 00:00:58
                               ETA: 00:02:03

################################################################################
                      [1m Learning iteration 161/500 [0m                      

                       Computation: 47703 steps/s (collection: 0.255s, learning 0.088s)
             Mean action noise std: 0.33
          Mean value_function loss: 0.0791
               Mean surrogate loss: -0.0082
                 Mean entropy loss: 2.4636
                       Mean reward: 40.40
               Mean episode length: 799.08
           Episode_Reward/progress: 2.7443
              Episode_Reward/alive: 0.4456
            Episode_Reward/upright: 0.0841
     Episode_Reward/move_to_target: 0.4387
          Episode_Reward/action_l2: -0.0171
             Episode_Reward/energy: -0.6256
   Episode_Reward/joint_pos_limits: -0.3172
      Episode_Termination/time_out: 0.6790
  Episode_Termination/torso_height: 0.3210
--------------------------------------------------------------------------------
                   Total timesteps: 2654208
                    Iteration time: 0.34s
                      Time elapsed: 00:00:58
                               ETA: 00:02:03

################################################################################
                      [1m Learning iteration 162/500 [0m                      

                       Computation: 46902 steps/s (collection: 0.261s, learning 0.088s)
             Mean action noise std: 0.33
          Mean value_function loss: 0.0741
               Mean surrogate loss: -0.0062
                 Mean entropy loss: 2.4332
                       Mean reward: 41.57
               Mean episode length: 820.86
           Episode_Reward/progress: 2.6628
              Episode_Reward/alive: 0.4366
            Episode_Reward/upright: 0.0806
     Episode_Reward/move_to_target: 0.4162
          Episode_Reward/action_l2: -0.0171
             Episode_Reward/energy: -0.6227
   Episode_Reward/joint_pos_limits: -0.3102
      Episode_Termination/time_out: 0.6774
  Episode_Termination/torso_height: 0.3226
--------------------------------------------------------------------------------
                   Total timesteps: 2670592
                    Iteration time: 0.35s
                      Time elapsed: 00:00:59
                               ETA: 00:02:02

################################################################################
                      [1m Learning iteration 163/500 [0m                      

                       Computation: 48062 steps/s (collection: 0.249s, learning 0.092s)
             Mean action noise std: 0.33
          Mean value_function loss: 0.0685
               Mean surrogate loss: -0.0073
                 Mean entropy loss: 2.3913
                       Mean reward: 42.31
               Mean episode length: 832.46
           Episode_Reward/progress: 2.7780
              Episode_Reward/alive: 0.4461
            Episode_Reward/upright: 0.0857
     Episode_Reward/move_to_target: 0.4395
          Episode_Reward/action_l2: -0.0171
             Episode_Reward/energy: -0.6389
   Episode_Reward/joint_pos_limits: -0.3161
      Episode_Termination/time_out: 0.6785
  Episode_Termination/torso_height: 0.3215
--------------------------------------------------------------------------------
                   Total timesteps: 2686976
                    Iteration time: 0.34s
                      Time elapsed: 00:00:59
                               ETA: 00:02:02

################################################################################
                      [1m Learning iteration 164/500 [0m                      

                       Computation: 48167 steps/s (collection: 0.250s, learning 0.090s)
             Mean action noise std: 0.33
          Mean value_function loss: 0.0688
               Mean surrogate loss: -0.0076
                 Mean entropy loss: 2.3651
                       Mean reward: 41.78
               Mean episode length: 821.14
           Episode_Reward/progress: 2.2091
              Episode_Reward/alive: 0.3622
            Episode_Reward/upright: 0.0662
     Episode_Reward/move_to_target: 0.3491
          Episode_Reward/action_l2: -0.0142
             Episode_Reward/energy: -0.5177
   Episode_Reward/joint_pos_limits: -0.2603
      Episode_Termination/time_out: 0.6738
  Episode_Termination/torso_height: 0.3262
--------------------------------------------------------------------------------
                   Total timesteps: 2703360
                    Iteration time: 0.34s
                      Time elapsed: 00:00:59
                               ETA: 00:02:01

################################################################################
                      [1m Learning iteration 165/500 [0m                      

                       Computation: 46897 steps/s (collection: 0.262s, learning 0.087s)
             Mean action noise std: 0.33
          Mean value_function loss: 0.0665
               Mean surrogate loss: -0.0067
                 Mean entropy loss: 2.3323
                       Mean reward: 41.15
               Mean episode length: 804.90
           Episode_Reward/progress: 1.9140
              Episode_Reward/alive: 0.3124
            Episode_Reward/upright: 0.0585
     Episode_Reward/move_to_target: 0.3004
          Episode_Reward/action_l2: -0.0121
             Episode_Reward/energy: -0.4359
   Episode_Reward/joint_pos_limits: -0.2278
      Episode_Termination/time_out: 0.6758
  Episode_Termination/torso_height: 0.3242
--------------------------------------------------------------------------------
                   Total timesteps: 2719744
                    Iteration time: 0.35s
                      Time elapsed: 00:01:00
                               ETA: 00:02:01

################################################################################
                      [1m Learning iteration 166/500 [0m                      

                       Computation: 48472 steps/s (collection: 0.250s, learning 0.088s)
             Mean action noise std: 0.32
          Mean value_function loss: 0.0641
               Mean surrogate loss: -0.0069
                 Mean entropy loss: 2.2925
                       Mean reward: 40.31
               Mean episode length: 791.77
           Episode_Reward/progress: 2.4540
              Episode_Reward/alive: 0.4073
            Episode_Reward/upright: 0.0744
     Episode_Reward/move_to_target: 0.3850
          Episode_Reward/action_l2: -0.0160
             Episode_Reward/energy: -0.5818
   Episode_Reward/joint_pos_limits: -0.2882
      Episode_Termination/time_out: 0.6826
  Episode_Termination/torso_height: 0.3174
--------------------------------------------------------------------------------
                   Total timesteps: 2736128
                    Iteration time: 0.34s
                      Time elapsed: 00:01:00
                               ETA: 00:02:01

################################################################################
                      [1m Learning iteration 167/500 [0m                      

                       Computation: 48935 steps/s (collection: 0.245s, learning 0.090s)
             Mean action noise std: 0.32
          Mean value_function loss: 0.0659
               Mean surrogate loss: -0.0066
                 Mean entropy loss: 2.2688
                       Mean reward: 39.75
               Mean episode length: 778.67
           Episode_Reward/progress: 2.5792
              Episode_Reward/alive: 0.4112
            Episode_Reward/upright: 0.0771
     Episode_Reward/move_to_target: 0.3926
          Episode_Reward/action_l2: -0.0160
             Episode_Reward/energy: -0.5979
   Episode_Reward/joint_pos_limits: -0.2905
      Episode_Termination/time_out: 0.6757
  Episode_Termination/torso_height: 0.3243
--------------------------------------------------------------------------------
                   Total timesteps: 2752512
                    Iteration time: 0.33s
                      Time elapsed: 00:01:00
                               ETA: 00:02:00

################################################################################
                      [1m Learning iteration 168/500 [0m                      

                       Computation: 48928 steps/s (collection: 0.247s, learning 0.088s)
             Mean action noise std: 0.32
          Mean value_function loss: 0.0797
               Mean surrogate loss: -0.0073
                 Mean entropy loss: 2.2662
                       Mean reward: 39.26
               Mean episode length: 768.85
           Episode_Reward/progress: 2.5941
              Episode_Reward/alive: 0.4002
            Episode_Reward/upright: 0.0768
     Episode_Reward/move_to_target: 0.3885
          Episode_Reward/action_l2: -0.0156
             Episode_Reward/energy: -0.5902
   Episode_Reward/joint_pos_limits: -0.2807
      Episode_Termination/time_out: 0.6754
  Episode_Termination/torso_height: 0.3246
--------------------------------------------------------------------------------
                   Total timesteps: 2768896
                    Iteration time: 0.33s
                      Time elapsed: 00:01:01
                               ETA: 00:02:00

################################################################################
                      [1m Learning iteration 169/500 [0m                      

                       Computation: 49907 steps/s (collection: 0.239s, learning 0.089s)
             Mean action noise std: 0.32
          Mean value_function loss: 0.0789
               Mean surrogate loss: -0.0091
                 Mean entropy loss: 2.2477
                       Mean reward: 40.40
               Mean episode length: 786.46
           Episode_Reward/progress: 2.8754
              Episode_Reward/alive: 0.4524
            Episode_Reward/upright: 0.0864
     Episode_Reward/move_to_target: 0.4446
          Episode_Reward/action_l2: -0.0177
             Episode_Reward/energy: -0.6691
   Episode_Reward/joint_pos_limits: -0.3206
      Episode_Termination/time_out: 0.6812
  Episode_Termination/torso_height: 0.3188
--------------------------------------------------------------------------------
                   Total timesteps: 2785280
                    Iteration time: 0.33s
                      Time elapsed: 00:01:01
                               ETA: 00:01:59

################################################################################
                      [1m Learning iteration 170/500 [0m                      

                       Computation: 46644 steps/s (collection: 0.260s, learning 0.092s)
             Mean action noise std: 0.32
          Mean value_function loss: 0.0761
               Mean surrogate loss: -0.0075
                 Mean entropy loss: 2.2126
                       Mean reward: 40.26
               Mean episode length: 781.99
           Episode_Reward/progress: 2.4844
              Episode_Reward/alive: 0.3886
            Episode_Reward/upright: 0.0716
     Episode_Reward/move_to_target: 0.3750
          Episode_Reward/action_l2: -0.0154
             Episode_Reward/energy: -0.5685
   Episode_Reward/joint_pos_limits: -0.2814
      Episode_Termination/time_out: 0.6822
  Episode_Termination/torso_height: 0.3178
--------------------------------------------------------------------------------
                   Total timesteps: 2801664
                    Iteration time: 0.35s
                      Time elapsed: 00:01:01
                               ETA: 00:01:59

################################################################################
                      [1m Learning iteration 171/500 [0m                      

                       Computation: 47890 steps/s (collection: 0.254s, learning 0.088s)
             Mean action noise std: 0.32
          Mean value_function loss: 0.0763
               Mean surrogate loss: -0.0056
                 Mean entropy loss: 2.1768
                       Mean reward: 39.59
               Mean episode length: 768.39
           Episode_Reward/progress: 1.9749
              Episode_Reward/alive: 0.3195
            Episode_Reward/upright: 0.0581
     Episode_Reward/move_to_target: 0.3058
          Episode_Reward/action_l2: -0.0128
             Episode_Reward/energy: -0.4646
   Episode_Reward/joint_pos_limits: -0.2320
      Episode_Termination/time_out: 0.6787
  Episode_Termination/torso_height: 0.3213
--------------------------------------------------------------------------------
                   Total timesteps: 2818048
                    Iteration time: 0.34s
                      Time elapsed: 00:01:02
                               ETA: 00:01:59

################################################################################
                      [1m Learning iteration 172/500 [0m                      

                       Computation: 47676 steps/s (collection: 0.253s, learning 0.091s)
             Mean action noise std: 0.32
          Mean value_function loss: 0.0674
               Mean surrogate loss: -0.0063
                 Mean entropy loss: 2.1520
                       Mean reward: 39.48
               Mean episode length: 758.60
           Episode_Reward/progress: 2.0771
              Episode_Reward/alive: 0.3324
            Episode_Reward/upright: 0.0598
     Episode_Reward/move_to_target: 0.3068
          Episode_Reward/action_l2: -0.0134
             Episode_Reward/energy: -0.4751
   Episode_Reward/joint_pos_limits: -0.2344
      Episode_Termination/time_out: 0.6695
  Episode_Termination/torso_height: 0.3305
--------------------------------------------------------------------------------
                   Total timesteps: 2834432
                    Iteration time: 0.34s
                      Time elapsed: 00:01:02
                               ETA: 00:01:58

################################################################################
                      [1m Learning iteration 173/500 [0m                      

                       Computation: 49349 steps/s (collection: 0.243s, learning 0.089s)
             Mean action noise std: 0.32
          Mean value_function loss: 0.0663
               Mean surrogate loss: -0.0053
                 Mean entropy loss: 2.1435
                       Mean reward: 37.35
               Mean episode length: 723.77
           Episode_Reward/progress: 1.8792
              Episode_Reward/alive: 0.3120
            Episode_Reward/upright: 0.0552
     Episode_Reward/move_to_target: 0.2799
          Episode_Reward/action_l2: -0.0125
             Episode_Reward/energy: -0.4450
   Episode_Reward/joint_pos_limits: -0.2253
      Episode_Termination/time_out: 0.6599
  Episode_Termination/torso_height: 0.3401
--------------------------------------------------------------------------------
                   Total timesteps: 2850816
                    Iteration time: 0.33s
                      Time elapsed: 00:01:02
                               ETA: 00:01:58

################################################################################
                      [1m Learning iteration 174/500 [0m                      

                       Computation: 47810 steps/s (collection: 0.254s, learning 0.089s)
             Mean action noise std: 0.32
          Mean value_function loss: 0.0556
               Mean surrogate loss: -0.0076
                 Mean entropy loss: 2.1292
                       Mean reward: 38.22
               Mean episode length: 732.45
           Episode_Reward/progress: 2.8980
              Episode_Reward/alive: 0.4306
            Episode_Reward/upright: 0.0801
     Episode_Reward/move_to_target: 0.4177
          Episode_Reward/action_l2: -0.0172
             Episode_Reward/energy: -0.6561
   Episode_Reward/joint_pos_limits: -0.3059
      Episode_Termination/time_out: 0.6583
  Episode_Termination/torso_height: 0.3417
--------------------------------------------------------------------------------
                   Total timesteps: 2867200
                    Iteration time: 0.34s
                      Time elapsed: 00:01:03
                               ETA: 00:01:57

################################################################################
                      [1m Learning iteration 175/500 [0m                      

                       Computation: 48046 steps/s (collection: 0.252s, learning 0.089s)
             Mean action noise std: 0.32
          Mean value_function loss: 0.0552
               Mean surrogate loss: -0.0071
                 Mean entropy loss: 2.1104
                       Mean reward: 38.19
               Mean episode length: 723.50
           Episode_Reward/progress: 2.6514
              Episode_Reward/alive: 0.4000
            Episode_Reward/upright: 0.0755
     Episode_Reward/move_to_target: 0.3922
          Episode_Reward/action_l2: -0.0156
             Episode_Reward/energy: -0.5946
   Episode_Reward/joint_pos_limits: -0.2839
      Episode_Termination/time_out: 0.6643
  Episode_Termination/torso_height: 0.3357
--------------------------------------------------------------------------------
                   Total timesteps: 2883584
                    Iteration time: 0.34s
                      Time elapsed: 00:01:03
                               ETA: 00:01:57

################################################################################
                      [1m Learning iteration 176/500 [0m                      

                       Computation: 52703 steps/s (collection: 0.243s, learning 0.068s)
             Mean action noise std: 0.32
          Mean value_function loss: 0.0727
               Mean surrogate loss: -0.0052
                 Mean entropy loss: 2.0827
                       Mean reward: 38.54
               Mean episode length: 727.31
           Episode_Reward/progress: 2.3900
              Episode_Reward/alive: 0.3618
            Episode_Reward/upright: 0.0688
     Episode_Reward/move_to_target: 0.3544
          Episode_Reward/action_l2: -0.0142
             Episode_Reward/energy: -0.5411
   Episode_Reward/joint_pos_limits: -0.2566
      Episode_Termination/time_out: 0.6664
  Episode_Termination/torso_height: 0.3336
--------------------------------------------------------------------------------
                   Total timesteps: 2899968
                    Iteration time: 0.31s
                      Time elapsed: 00:01:03
                               ETA: 00:01:57

################################################################################
                      [1m Learning iteration 177/500 [0m                      

                       Computation: 48052 steps/s (collection: 0.251s, learning 0.090s)
             Mean action noise std: 0.32
          Mean value_function loss: 0.0540
               Mean surrogate loss: -0.0081
                 Mean entropy loss: 2.0514
                       Mean reward: 39.78
               Mean episode length: 742.68
           Episode_Reward/progress: 2.8341
              Episode_Reward/alive: 0.4274
            Episode_Reward/upright: 0.0805
     Episode_Reward/move_to_target: 0.4065
          Episode_Reward/action_l2: -0.0169
             Episode_Reward/energy: -0.6393
   Episode_Reward/joint_pos_limits: -0.3040
      Episode_Termination/time_out: 0.6658
  Episode_Termination/torso_height: 0.3342
--------------------------------------------------------------------------------
                   Total timesteps: 2916352
                    Iteration time: 0.34s
                      Time elapsed: 00:01:04
                               ETA: 00:01:56

################################################################################
                      [1m Learning iteration 178/500 [0m                      

                       Computation: 49735 steps/s (collection: 0.241s, learning 0.089s)
             Mean action noise std: 0.31
          Mean value_function loss: 0.0620
               Mean surrogate loss: -0.0075
                 Mean entropy loss: 2.0238
                       Mean reward: 40.19
               Mean episode length: 749.11
           Episode_Reward/progress: 2.3513
              Episode_Reward/alive: 0.3735
            Episode_Reward/upright: 0.0694
     Episode_Reward/move_to_target: 0.3592
          Episode_Reward/action_l2: -0.0145
             Episode_Reward/energy: -0.5363
   Episode_Reward/joint_pos_limits: -0.2666
      Episode_Termination/time_out: 0.6589
  Episode_Termination/torso_height: 0.3411
--------------------------------------------------------------------------------
                   Total timesteps: 2932736
                    Iteration time: 0.33s
                      Time elapsed: 00:01:04
                               ETA: 00:01:56

################################################################################
                      [1m Learning iteration 179/500 [0m                      

                       Computation: 47692 steps/s (collection: 0.254s, learning 0.090s)
             Mean action noise std: 0.31
          Mean value_function loss: 0.0679
               Mean surrogate loss: -0.0076
                 Mean entropy loss: 2.0105
                       Mean reward: 42.94
               Mean episode length: 792.39
           Episode_Reward/progress: 2.7381
              Episode_Reward/alive: 0.4075
            Episode_Reward/upright: 0.0778
     Episode_Reward/move_to_target: 0.4028
          Episode_Reward/action_l2: -0.0158
             Episode_Reward/energy: -0.6182
   Episode_Reward/joint_pos_limits: -0.2853
      Episode_Termination/time_out: 0.6702
  Episode_Termination/torso_height: 0.3298
--------------------------------------------------------------------------------
                   Total timesteps: 2949120
                    Iteration time: 0.34s
                      Time elapsed: 00:01:04
                               ETA: 00:01:55

################################################################################
                      [1m Learning iteration 180/500 [0m                      

                       Computation: 47721 steps/s (collection: 0.254s, learning 0.089s)
             Mean action noise std: 0.31
          Mean value_function loss: 0.0648
               Mean surrogate loss: -0.0068
                 Mean entropy loss: 2.0021
                       Mean reward: 41.30
               Mean episode length: 767.25
           Episode_Reward/progress: 2.4880
              Episode_Reward/alive: 0.3801
            Episode_Reward/upright: 0.0699
     Episode_Reward/move_to_target: 0.3626
          Episode_Reward/action_l2: -0.0149
             Episode_Reward/energy: -0.5675
   Episode_Reward/joint_pos_limits: -0.2685
      Episode_Termination/time_out: 0.6754
  Episode_Termination/torso_height: 0.3246
--------------------------------------------------------------------------------
                   Total timesteps: 2965504
                    Iteration time: 0.34s
                      Time elapsed: 00:01:05
                               ETA: 00:01:55

################################################################################
                      [1m Learning iteration 181/500 [0m                      

                       Computation: 49086 steps/s (collection: 0.243s, learning 0.090s)
             Mean action noise std: 0.31
          Mean value_function loss: 0.0616
               Mean surrogate loss: -0.0054
                 Mean entropy loss: 1.9817
                       Mean reward: 42.18
               Mean episode length: 784.88
           Episode_Reward/progress: 2.6942
              Episode_Reward/alive: 0.4243
            Episode_Reward/upright: 0.0785
     Episode_Reward/move_to_target: 0.4023
          Episode_Reward/action_l2: -0.0165
             Episode_Reward/energy: -0.6136
   Episode_Reward/joint_pos_limits: -0.3019
      Episode_Termination/time_out: 0.6745
  Episode_Termination/torso_height: 0.3255
--------------------------------------------------------------------------------
                   Total timesteps: 2981888
                    Iteration time: 0.33s
                      Time elapsed: 00:01:05
                               ETA: 00:01:55

################################################################################
                      [1m Learning iteration 182/500 [0m                      

                       Computation: 46963 steps/s (collection: 0.261s, learning 0.088s)
             Mean action noise std: 0.31
          Mean value_function loss: 0.0709
               Mean surrogate loss: -0.0078
                 Mean entropy loss: 1.9522
                       Mean reward: 42.49
               Mean episode length: 790.56
           Episode_Reward/progress: 2.8297
              Episode_Reward/alive: 0.4320
            Episode_Reward/upright: 0.0816
     Episode_Reward/move_to_target: 0.4123
          Episode_Reward/action_l2: -0.0166
             Episode_Reward/energy: -0.6505
   Episode_Reward/joint_pos_limits: -0.3018
      Episode_Termination/time_out: 0.6770
  Episode_Termination/torso_height: 0.3230
--------------------------------------------------------------------------------
                   Total timesteps: 2998272
                    Iteration time: 0.35s
                      Time elapsed: 00:01:05
                               ETA: 00:01:54

################################################################################
                      [1m Learning iteration 183/500 [0m                      

                       Computation: 47655 steps/s (collection: 0.254s, learning 0.090s)
             Mean action noise std: 0.31
          Mean value_function loss: 0.0673
               Mean surrogate loss: -0.0015
                 Mean entropy loss: 1.9295
                       Mean reward: 43.08
               Mean episode length: 798.44
           Episode_Reward/progress: 3.0796
              Episode_Reward/alive: 0.4653
            Episode_Reward/upright: 0.0887
     Episode_Reward/move_to_target: 0.4565
          Episode_Reward/action_l2: -0.0179
             Episode_Reward/energy: -0.6834
   Episode_Reward/joint_pos_limits: -0.3257
      Episode_Termination/time_out: 0.6734
  Episode_Termination/torso_height: 0.3266
--------------------------------------------------------------------------------
                   Total timesteps: 3014656
                    Iteration time: 0.34s
                      Time elapsed: 00:01:06
                               ETA: 00:01:54

################################################################################
                      [1m Learning iteration 184/500 [0m                      

                       Computation: 48616 steps/s (collection: 0.247s, learning 0.090s)
             Mean action noise std: 0.31
          Mean value_function loss: 0.0813
               Mean surrogate loss: -0.0082
                 Mean entropy loss: 1.9159
                       Mean reward: 44.52
               Mean episode length: 819.93
           Episode_Reward/progress: 2.7292
              Episode_Reward/alive: 0.4058
            Episode_Reward/upright: 0.0765
     Episode_Reward/move_to_target: 0.4018
          Episode_Reward/action_l2: -0.0158
             Episode_Reward/energy: -0.6138
   Episode_Reward/joint_pos_limits: -0.2863
      Episode_Termination/time_out: 0.6761
  Episode_Termination/torso_height: 0.3239
--------------------------------------------------------------------------------
                   Total timesteps: 3031040
                    Iteration time: 0.34s
                      Time elapsed: 00:01:06
                               ETA: 00:01:53

################################################################################
                      [1m Learning iteration 185/500 [0m                      

                       Computation: 49537 steps/s (collection: 0.243s, learning 0.087s)
             Mean action noise std: 0.31
          Mean value_function loss: 0.0740
               Mean surrogate loss: -0.0041
                 Mean entropy loss: 1.9011
                       Mean reward: 45.43
               Mean episode length: 828.08
           Episode_Reward/progress: 2.0275
              Episode_Reward/alive: 0.3084
            Episode_Reward/upright: 0.0574
     Episode_Reward/move_to_target: 0.2946
          Episode_Reward/action_l2: -0.0124
             Episode_Reward/energy: -0.4646
   Episode_Reward/joint_pos_limits: -0.2218
      Episode_Termination/time_out: 0.6756
  Episode_Termination/torso_height: 0.3244
--------------------------------------------------------------------------------
                   Total timesteps: 3047424
                    Iteration time: 0.33s
                      Time elapsed: 00:01:06
                               ETA: 00:01:53

################################################################################
                      [1m Learning iteration 186/500 [0m                      

                       Computation: 48600 steps/s (collection: 0.248s, learning 0.089s)
             Mean action noise std: 0.31
          Mean value_function loss: 0.0601
               Mean surrogate loss: -0.0052
                 Mean entropy loss: 1.8789
                       Mean reward: 44.15
               Mean episode length: 803.53
           Episode_Reward/progress: 2.3607
              Episode_Reward/alive: 0.3654
            Episode_Reward/upright: 0.0677
     Episode_Reward/move_to_target: 0.3584
          Episode_Reward/action_l2: -0.0141
             Episode_Reward/energy: -0.5334
   Episode_Reward/joint_pos_limits: -0.2599
      Episode_Termination/time_out: 0.6761
  Episode_Termination/torso_height: 0.3239
--------------------------------------------------------------------------------
                   Total timesteps: 3063808
                    Iteration time: 0.34s
                      Time elapsed: 00:01:07
                               ETA: 00:01:53

################################################################################
                      [1m Learning iteration 187/500 [0m                      

                       Computation: 46011 steps/s (collection: 0.265s, learning 0.091s)
             Mean action noise std: 0.31
          Mean value_function loss: 0.0739
               Mean surrogate loss: -0.0084
                 Mean entropy loss: 1.8447
                       Mean reward: 43.50
               Mean episode length: 798.83
           Episode_Reward/progress: 2.3448
              Episode_Reward/alive: 0.3654
            Episode_Reward/upright: 0.0672
     Episode_Reward/move_to_target: 0.3461
          Episode_Reward/action_l2: -0.0142
             Episode_Reward/energy: -0.5453
   Episode_Reward/joint_pos_limits: -0.2557
      Episode_Termination/time_out: 0.6678
  Episode_Termination/torso_height: 0.3322
--------------------------------------------------------------------------------
                   Total timesteps: 3080192
                    Iteration time: 0.36s
                      Time elapsed: 00:01:07
                               ETA: 00:01:52

################################################################################
                      [1m Learning iteration 188/500 [0m                      

                       Computation: 47743 steps/s (collection: 0.255s, learning 0.088s)
             Mean action noise std: 0.31
          Mean value_function loss: 0.0738
               Mean surrogate loss: -0.0073
                 Mean entropy loss: 1.8158
                       Mean reward: 43.70
               Mean episode length: 803.95
           Episode_Reward/progress: 3.1237
              Episode_Reward/alive: 0.4721
            Episode_Reward/upright: 0.0905
     Episode_Reward/move_to_target: 0.4645
          Episode_Reward/action_l2: -0.0182
             Episode_Reward/energy: -0.7222
   Episode_Reward/joint_pos_limits: -0.3260
      Episode_Termination/time_out: 0.6722
  Episode_Termination/torso_height: 0.3278
--------------------------------------------------------------------------------
                   Total timesteps: 3096576
                    Iteration time: 0.34s
                      Time elapsed: 00:01:08
                               ETA: 00:01:52

################################################################################
                      [1m Learning iteration 189/500 [0m                      

                       Computation: 47153 steps/s (collection: 0.258s, learning 0.090s)
             Mean action noise std: 0.31
          Mean value_function loss: 0.0709
               Mean surrogate loss: -0.0074
                 Mean entropy loss: 1.7786
                       Mean reward: 41.26
               Mean episode length: 761.12
           Episode_Reward/progress: 2.3340
              Episode_Reward/alive: 0.3371
            Episode_Reward/upright: 0.0645
     Episode_Reward/move_to_target: 0.3317
          Episode_Reward/action_l2: -0.0129
             Episode_Reward/energy: -0.5074
   Episode_Reward/joint_pos_limits: -0.2364
      Episode_Termination/time_out: 0.6705
  Episode_Termination/torso_height: 0.3295
--------------------------------------------------------------------------------
                   Total timesteps: 3112960
                    Iteration time: 0.35s
                      Time elapsed: 00:01:08
                               ETA: 00:01:51

################################################################################
                      [1m Learning iteration 190/500 [0m                      

                       Computation: 47055 steps/s (collection: 0.258s, learning 0.090s)
             Mean action noise std: 0.30
          Mean value_function loss: 0.0652
               Mean surrogate loss: -0.0069
                 Mean entropy loss: 1.7549
                       Mean reward: 42.76
               Mean episode length: 784.00
           Episode_Reward/progress: 2.6970
              Episode_Reward/alive: 0.4066
            Episode_Reward/upright: 0.0768
     Episode_Reward/move_to_target: 0.3929
          Episode_Reward/action_l2: -0.0157
             Episode_Reward/energy: -0.6143
   Episode_Reward/joint_pos_limits: -0.2828
      Episode_Termination/time_out: 0.6694
  Episode_Termination/torso_height: 0.3306
--------------------------------------------------------------------------------
                   Total timesteps: 3129344
                    Iteration time: 0.35s
                      Time elapsed: 00:01:08
                               ETA: 00:01:51

################################################################################
                      [1m Learning iteration 191/500 [0m                      

                       Computation: 48806 steps/s (collection: 0.248s, learning 0.087s)
             Mean action noise std: 0.30
          Mean value_function loss: 0.0630
               Mean surrogate loss: -0.0066
                 Mean entropy loss: 1.7301
                       Mean reward: 43.57
               Mean episode length: 788.87
           Episode_Reward/progress: 3.1044
              Episode_Reward/alive: 0.4587
            Episode_Reward/upright: 0.0886
     Episode_Reward/move_to_target: 0.4537
          Episode_Reward/action_l2: -0.0175
             Episode_Reward/energy: -0.6953
   Episode_Reward/joint_pos_limits: -0.3210
      Episode_Termination/time_out: 0.6776
  Episode_Termination/torso_height: 0.3224
--------------------------------------------------------------------------------
                   Total timesteps: 3145728
                    Iteration time: 0.34s
                      Time elapsed: 00:01:09
                               ETA: 00:01:51

################################################################################
                      [1m Learning iteration 192/500 [0m                      

                       Computation: 47695 steps/s (collection: 0.256s, learning 0.088s)
             Mean action noise std: 0.30
          Mean value_function loss: 0.0586
               Mean surrogate loss: -0.0062
                 Mean entropy loss: 1.7072
                       Mean reward: 42.22
               Mean episode length: 762.42
           Episode_Reward/progress: 2.9836
              Episode_Reward/alive: 0.4384
            Episode_Reward/upright: 0.0835
     Episode_Reward/move_to_target: 0.4224
          Episode_Reward/action_l2: -0.0170
             Episode_Reward/energy: -0.6739
   Episode_Reward/joint_pos_limits: -0.3065
      Episode_Termination/time_out: 0.6796
  Episode_Termination/torso_height: 0.3204
--------------------------------------------------------------------------------
                   Total timesteps: 3162112
                    Iteration time: 0.34s
                      Time elapsed: 00:01:09
                               ETA: 00:01:50

################################################################################
                      [1m Learning iteration 193/500 [0m                      

                       Computation: 47840 steps/s (collection: 0.250s, learning 0.092s)
             Mean action noise std: 0.30
          Mean value_function loss: 0.0531
               Mean surrogate loss: -0.0073
                 Mean entropy loss: 1.6696
                       Mean reward: 44.25
               Mean episode length: 802.53
           Episode_Reward/progress: 2.6813
              Episode_Reward/alive: 0.4044
            Episode_Reward/upright: 0.0751
     Episode_Reward/move_to_target: 0.3869
          Episode_Reward/action_l2: -0.0156
             Episode_Reward/energy: -0.6113
   Episode_Reward/joint_pos_limits: -0.2824
      Episode_Termination/time_out: 0.6788
  Episode_Termination/torso_height: 0.3212
--------------------------------------------------------------------------------
                   Total timesteps: 3178496
                    Iteration time: 0.34s
                      Time elapsed: 00:01:09
                               ETA: 00:01:50

################################################################################
                      [1m Learning iteration 194/500 [0m                      

                       Computation: 48141 steps/s (collection: 0.250s, learning 0.090s)
             Mean action noise std: 0.30
          Mean value_function loss: 0.0672
               Mean surrogate loss: -0.0088
                 Mean entropy loss: 1.6362
                       Mean reward: 47.32
               Mean episode length: 849.37
           Episode_Reward/progress: 3.3549
              Episode_Reward/alive: 0.4874
            Episode_Reward/upright: 0.0925
     Episode_Reward/move_to_target: 0.4817
          Episode_Reward/action_l2: -0.0185
             Episode_Reward/energy: -0.7507
   Episode_Reward/joint_pos_limits: -0.3337
      Episode_Termination/time_out: 0.6858
  Episode_Termination/torso_height: 0.3142
--------------------------------------------------------------------------------
                   Total timesteps: 3194880
                    Iteration time: 0.34s
                      Time elapsed: 00:01:10
                               ETA: 00:01:49

################################################################################
                      [1m Learning iteration 195/500 [0m                      

                       Computation: 47769 steps/s (collection: 0.254s, learning 0.089s)
             Mean action noise std: 0.30
          Mean value_function loss: 0.0613
               Mean surrogate loss: -0.0069
                 Mean entropy loss: 1.6229
                       Mean reward: 47.28
               Mean episode length: 845.32
           Episode_Reward/progress: 3.3562
              Episode_Reward/alive: 0.4755
            Episode_Reward/upright: 0.0919
     Episode_Reward/move_to_target: 0.4701
          Episode_Reward/action_l2: -0.0181
             Episode_Reward/energy: -0.7347
   Episode_Reward/joint_pos_limits: -0.3282
      Episode_Termination/time_out: 0.6945
  Episode_Termination/torso_height: 0.3055
--------------------------------------------------------------------------------
                   Total timesteps: 3211264
                    Iteration time: 0.34s
                      Time elapsed: 00:01:10
                               ETA: 00:01:49

################################################################################
                      [1m Learning iteration 196/500 [0m                      

                       Computation: 47621 steps/s (collection: 0.254s, learning 0.090s)
             Mean action noise std: 0.30
          Mean value_function loss: 0.0468
               Mean surrogate loss: -0.0083
                 Mean entropy loss: 1.6087
                       Mean reward: 48.33
               Mean episode length: 867.17
           Episode_Reward/progress: 3.0090
              Episode_Reward/alive: 0.4347
            Episode_Reward/upright: 0.0828
     Episode_Reward/move_to_target: 0.4145
          Episode_Reward/action_l2: -0.0166
             Episode_Reward/energy: -0.6596
   Episode_Reward/joint_pos_limits: -0.3014
      Episode_Termination/time_out: 0.6986
  Episode_Termination/torso_height: 0.3014
--------------------------------------------------------------------------------
                   Total timesteps: 3227648
                    Iteration time: 0.34s
                      Time elapsed: 00:01:10
                               ETA: 00:01:49

################################################################################
                      [1m Learning iteration 197/500 [0m                      

                       Computation: 50023 steps/s (collection: 0.242s, learning 0.086s)
             Mean action noise std: 0.30
          Mean value_function loss: 0.0498
               Mean surrogate loss: -0.0047
                 Mean entropy loss: 1.5837
                       Mean reward: 49.14
               Mean episode length: 876.89
           Episode_Reward/progress: 3.3642
              Episode_Reward/alive: 0.4874
            Episode_Reward/upright: 0.0953
     Episode_Reward/move_to_target: 0.4834
          Episode_Reward/action_l2: -0.0182
             Episode_Reward/energy: -0.7366
   Episode_Reward/joint_pos_limits: -0.3338
      Episode_Termination/time_out: 0.7044
  Episode_Termination/torso_height: 0.2956
--------------------------------------------------------------------------------
                   Total timesteps: 3244032
                    Iteration time: 0.33s
                      Time elapsed: 00:01:11
                               ETA: 00:01:48

################################################################################
                      [1m Learning iteration 198/500 [0m                      

                       Computation: 49040 steps/s (collection: 0.245s, learning 0.089s)
             Mean action noise std: 0.30
          Mean value_function loss: 0.0578
               Mean surrogate loss: -0.0067
                 Mean entropy loss: 1.5609
                       Mean reward: 48.11
               Mean episode length: 855.36
           Episode_Reward/progress: 1.5021
              Episode_Reward/alive: 0.2467
            Episode_Reward/upright: 0.0427
     Episode_Reward/move_to_target: 0.2199
          Episode_Reward/action_l2: -0.0096
             Episode_Reward/energy: -0.3431
   Episode_Reward/joint_pos_limits: -0.1759
      Episode_Termination/time_out: 0.7050
  Episode_Termination/torso_height: 0.2950
--------------------------------------------------------------------------------
                   Total timesteps: 3260416
                    Iteration time: 0.33s
                      Time elapsed: 00:01:11
                               ETA: 00:01:48

################################################################################
                      [1m Learning iteration 199/500 [0m                      

                       Computation: 50367 steps/s (collection: 0.237s, learning 0.088s)
             Mean action noise std: 0.30
          Mean value_function loss: 0.0470
               Mean surrogate loss: -0.0076
                 Mean entropy loss: 1.5448
                       Mean reward: 46.75
               Mean episode length: 831.63
           Episode_Reward/progress: 3.1852
              Episode_Reward/alive: 0.4429
            Episode_Reward/upright: 0.0851
     Episode_Reward/move_to_target: 0.4320
          Episode_Reward/action_l2: -0.0170
             Episode_Reward/energy: -0.6801
   Episode_Reward/joint_pos_limits: -0.3087
      Episode_Termination/time_out: 0.7034
  Episode_Termination/torso_height: 0.2966
--------------------------------------------------------------------------------
                   Total timesteps: 3276800
                    Iteration time: 0.33s
                      Time elapsed: 00:01:11
                               ETA: 00:01:47

################################################################################
                      [1m Learning iteration 200/500 [0m                      

                       Computation: 47992 steps/s (collection: 0.250s, learning 0.091s)
             Mean action noise std: 0.30
          Mean value_function loss: 0.0510
               Mean surrogate loss: -0.0093
                 Mean entropy loss: 1.5112
                       Mean reward: 46.50
               Mean episode length: 818.47
           Episode_Reward/progress: 3.2683
              Episode_Reward/alive: 0.4648
            Episode_Reward/upright: 0.0893
     Episode_Reward/move_to_target: 0.4628
          Episode_Reward/action_l2: -0.0174
             Episode_Reward/energy: -0.7091
   Episode_Reward/joint_pos_limits: -0.3164
      Episode_Termination/time_out: 0.7038
  Episode_Termination/torso_height: 0.2962
--------------------------------------------------------------------------------
                   Total timesteps: 3293184
                    Iteration time: 0.34s
                      Time elapsed: 00:01:12
                               ETA: 00:01:47

################################################################################
                      [1m Learning iteration 201/500 [0m                      

                       Computation: 48479 steps/s (collection: 0.250s, learning 0.088s)
             Mean action noise std: 0.29
          Mean value_function loss: 0.0520
               Mean surrogate loss: -0.0072
                 Mean entropy loss: 1.4779
                       Mean reward: 46.95
               Mean episode length: 825.41
           Episode_Reward/progress: 3.4726
              Episode_Reward/alive: 0.4969
            Episode_Reward/upright: 0.0964
     Episode_Reward/move_to_target: 0.4944
          Episode_Reward/action_l2: -0.0187
             Episode_Reward/energy: -0.7576
   Episode_Reward/joint_pos_limits: -0.3397
      Episode_Termination/time_out: 0.7179
  Episode_Termination/torso_height: 0.2821
--------------------------------------------------------------------------------
                   Total timesteps: 3309568
                    Iteration time: 0.34s
                      Time elapsed: 00:01:12
                               ETA: 00:01:47

################################################################################
                      [1m Learning iteration 202/500 [0m                      

                       Computation: 49313 steps/s (collection: 0.242s, learning 0.090s)
             Mean action noise std: 0.29
          Mean value_function loss: 0.0588
               Mean surrogate loss: -0.0083
                 Mean entropy loss: 1.4311
                       Mean reward: 47.08
               Mean episode length: 827.17
           Episode_Reward/progress: 3.1982
              Episode_Reward/alive: 0.4609
            Episode_Reward/upright: 0.0898
     Episode_Reward/move_to_target: 0.4560
          Episode_Reward/action_l2: -0.0170
             Episode_Reward/energy: -0.6983
   Episode_Reward/joint_pos_limits: -0.3104
      Episode_Termination/time_out: 0.7269
  Episode_Termination/torso_height: 0.2731
--------------------------------------------------------------------------------
                   Total timesteps: 3325952
                    Iteration time: 0.33s
                      Time elapsed: 00:01:12
                               ETA: 00:01:46

################################################################################
                      [1m Learning iteration 203/500 [0m                      

                       Computation: 48776 steps/s (collection: 0.246s, learning 0.090s)
             Mean action noise std: 0.29
          Mean value_function loss: 0.0601
               Mean surrogate loss: -0.0080
                 Mean entropy loss: 1.4196
                       Mean reward: 46.28
               Mean episode length: 809.30
           Episode_Reward/progress: 2.5862
              Episode_Reward/alive: 0.3819
            Episode_Reward/upright: 0.0720
     Episode_Reward/move_to_target: 0.3749
          Episode_Reward/action_l2: -0.0145
             Episode_Reward/energy: -0.5625
   Episode_Reward/joint_pos_limits: -0.2690
      Episode_Termination/time_out: 0.7344
  Episode_Termination/torso_height: 0.2656
--------------------------------------------------------------------------------
                   Total timesteps: 3342336
                    Iteration time: 0.34s
                      Time elapsed: 00:01:13
                               ETA: 00:01:46

################################################################################
                      [1m Learning iteration 204/500 [0m                      

                       Computation: 50416 steps/s (collection: 0.248s, learning 0.077s)
             Mean action noise std: 0.29
          Mean value_function loss: 0.0767
               Mean surrogate loss: -0.0075
                 Mean entropy loss: 1.4005
                       Mean reward: 47.46
               Mean episode length: 826.28
           Episode_Reward/progress: 3.3341
              Episode_Reward/alive: 0.4664
            Episode_Reward/upright: 0.0901
     Episode_Reward/move_to_target: 0.4555
          Episode_Reward/action_l2: -0.0175
             Episode_Reward/energy: -0.7157
   Episode_Reward/joint_pos_limits: -0.3166
      Episode_Termination/time_out: 0.7380
  Episode_Termination/torso_height: 0.2620
--------------------------------------------------------------------------------
                   Total timesteps: 3358720
                    Iteration time: 0.32s
                      Time elapsed: 00:01:13
                               ETA: 00:01:46

################################################################################
                      [1m Learning iteration 205/500 [0m                      

                       Computation: 47428 steps/s (collection: 0.259s, learning 0.087s)
             Mean action noise std: 0.29
          Mean value_function loss: 0.0841
               Mean surrogate loss: -0.0100
                 Mean entropy loss: 1.3878
                       Mean reward: 47.61
               Mean episode length: 828.69
           Episode_Reward/progress: 3.0530
              Episode_Reward/alive: 0.4340
            Episode_Reward/upright: 0.0824
     Episode_Reward/move_to_target: 0.4206
          Episode_Reward/action_l2: -0.0162
             Episode_Reward/energy: -0.6601
   Episode_Reward/joint_pos_limits: -0.2975
      Episode_Termination/time_out: 0.7365
  Episode_Termination/torso_height: 0.2635
--------------------------------------------------------------------------------
                   Total timesteps: 3375104
                    Iteration time: 0.35s
                      Time elapsed: 00:01:13
                               ETA: 00:01:45

################################################################################
                      [1m Learning iteration 206/500 [0m                      

                       Computation: 50190 steps/s (collection: 0.241s, learning 0.085s)
             Mean action noise std: 0.29
          Mean value_function loss: 0.0688
               Mean surrogate loss: -0.0070
                 Mean entropy loss: 1.3780
                       Mean reward: 46.06
               Mean episode length: 804.75
           Episode_Reward/progress: 2.5167
              Episode_Reward/alive: 0.3658
            Episode_Reward/upright: 0.0687
     Episode_Reward/move_to_target: 0.3542
          Episode_Reward/action_l2: -0.0137
             Episode_Reward/energy: -0.5457
   Episode_Reward/joint_pos_limits: -0.2518
      Episode_Termination/time_out: 0.7384
  Episode_Termination/torso_height: 0.2616
--------------------------------------------------------------------------------
                   Total timesteps: 3391488
                    Iteration time: 0.33s
                      Time elapsed: 00:01:14
                               ETA: 00:01:45

################################################################################
                      [1m Learning iteration 207/500 [0m                      

                       Computation: 50387 steps/s (collection: 0.255s, learning 0.070s)
             Mean action noise std: 0.29
          Mean value_function loss: 0.0622
               Mean surrogate loss: -0.0076
                 Mean entropy loss: 1.3606
                       Mean reward: 42.68
               Mean episode length: 747.79
           Episode_Reward/progress: 2.4233
              Episode_Reward/alive: 0.3497
            Episode_Reward/upright: 0.0642
     Episode_Reward/move_to_target: 0.3307
          Episode_Reward/action_l2: -0.0133
             Episode_Reward/energy: -0.5111
   Episode_Reward/joint_pos_limits: -0.2442
      Episode_Termination/time_out: 0.7270
  Episode_Termination/torso_height: 0.2730
--------------------------------------------------------------------------------
                   Total timesteps: 3407872
                    Iteration time: 0.33s
                      Time elapsed: 00:01:14
                               ETA: 00:01:44

################################################################################
                      [1m Learning iteration 208/500 [0m                      

                       Computation: 50749 steps/s (collection: 0.235s, learning 0.088s)
             Mean action noise std: 0.29
          Mean value_function loss: 0.0634
               Mean surrogate loss: -0.0057
                 Mean entropy loss: 1.3349
                       Mean reward: 43.76
               Mean episode length: 765.81
           Episode_Reward/progress: 3.3663
              Episode_Reward/alive: 0.4780
            Episode_Reward/upright: 0.0911
     Episode_Reward/move_to_target: 0.4585
          Episode_Reward/action_l2: -0.0181
             Episode_Reward/energy: -0.7382
   Episode_Reward/joint_pos_limits: -0.3259
      Episode_Termination/time_out: 0.7267
  Episode_Termination/torso_height: 0.2733
--------------------------------------------------------------------------------
                   Total timesteps: 3424256
                    Iteration time: 0.32s
                      Time elapsed: 00:01:14
                               ETA: 00:01:44

################################################################################
                      [1m Learning iteration 209/500 [0m                      

                       Computation: 47611 steps/s (collection: 0.254s, learning 0.090s)
             Mean action noise std: 0.29
          Mean value_function loss: 0.0824
               Mean surrogate loss: -0.0065
                 Mean entropy loss: 1.3108
                       Mean reward: 45.54
               Mean episode length: 793.82
           Episode_Reward/progress: 3.3971
              Episode_Reward/alive: 0.4728
            Episode_Reward/upright: 0.0912
     Episode_Reward/move_to_target: 0.4633
          Episode_Reward/action_l2: -0.0177
             Episode_Reward/energy: -0.7315
   Episode_Reward/joint_pos_limits: -0.3202
      Episode_Termination/time_out: 0.7290
  Episode_Termination/torso_height: 0.2710
--------------------------------------------------------------------------------
                   Total timesteps: 3440640
                    Iteration time: 0.34s
                      Time elapsed: 00:01:15
                               ETA: 00:01:44

################################################################################
                      [1m Learning iteration 210/500 [0m                      

                       Computation: 47089 steps/s (collection: 0.257s, learning 0.091s)
             Mean action noise std: 0.29
          Mean value_function loss: 0.0553
               Mean surrogate loss: -0.0067
                 Mean entropy loss: 1.2778
                       Mean reward: 46.53
               Mean episode length: 800.57
           Episode_Reward/progress: 2.8548
              Episode_Reward/alive: 0.4032
            Episode_Reward/upright: 0.0773
     Episode_Reward/move_to_target: 0.3979
          Episode_Reward/action_l2: -0.0148
             Episode_Reward/energy: -0.5979
   Episode_Reward/joint_pos_limits: -0.2764
      Episode_Termination/time_out: 0.7367
  Episode_Termination/torso_height: 0.2633
--------------------------------------------------------------------------------
                   Total timesteps: 3457024
                    Iteration time: 0.35s
                      Time elapsed: 00:01:15
                               ETA: 00:01:43

################################################################################
                      [1m Learning iteration 211/500 [0m                      

                       Computation: 49088 steps/s (collection: 0.244s, learning 0.090s)
             Mean action noise std: 0.29
          Mean value_function loss: 0.0601
               Mean surrogate loss: -0.0065
                 Mean entropy loss: 1.2526
                       Mean reward: 46.60
               Mean episode length: 804.86
           Episode_Reward/progress: 3.1581
              Episode_Reward/alive: 0.4625
            Episode_Reward/upright: 0.0869
     Episode_Reward/move_to_target: 0.4499
          Episode_Reward/action_l2: -0.0174
             Episode_Reward/energy: -0.6787
   Episode_Reward/joint_pos_limits: -0.3238
      Episode_Termination/time_out: 0.7451
  Episode_Termination/torso_height: 0.2549
--------------------------------------------------------------------------------
                   Total timesteps: 3473408
                    Iteration time: 0.33s
                      Time elapsed: 00:01:15
                               ETA: 00:01:43

################################################################################
                      [1m Learning iteration 212/500 [0m                      

                       Computation: 46655 steps/s (collection: 0.261s, learning 0.090s)
             Mean action noise std: 0.29
          Mean value_function loss: 0.0571
               Mean surrogate loss: -0.0071
                 Mean entropy loss: 1.2403
                       Mean reward: 50.56
               Mean episode length: 867.23
           Episode_Reward/progress: 3.3581
              Episode_Reward/alive: 0.4675
            Episode_Reward/upright: 0.0905
     Episode_Reward/move_to_target: 0.4649
          Episode_Reward/action_l2: -0.0173
             Episode_Reward/energy: -0.7065
   Episode_Reward/joint_pos_limits: -0.3199
      Episode_Termination/time_out: 0.7503
  Episode_Termination/torso_height: 0.2497
--------------------------------------------------------------------------------
                   Total timesteps: 3489792
                    Iteration time: 0.35s
                      Time elapsed: 00:01:16
                               ETA: 00:01:42

################################################################################
                      [1m Learning iteration 213/500 [0m                      

                       Computation: 46973 steps/s (collection: 0.259s, learning 0.089s)
             Mean action noise std: 0.29
          Mean value_function loss: 0.0700
               Mean surrogate loss: -0.0072
                 Mean entropy loss: 1.2219
                       Mean reward: 49.83
               Mean episode length: 853.46
           Episode_Reward/progress: 3.0836
              Episode_Reward/alive: 0.4425
            Episode_Reward/upright: 0.0835
     Episode_Reward/move_to_target: 0.4371
          Episode_Reward/action_l2: -0.0163
             Episode_Reward/energy: -0.6665
   Episode_Reward/joint_pos_limits: -0.3022
      Episode_Termination/time_out: 0.7578
  Episode_Termination/torso_height: 0.2422
--------------------------------------------------------------------------------
                   Total timesteps: 3506176
                    Iteration time: 0.35s
                      Time elapsed: 00:01:16
                               ETA: 00:01:42

################################################################################
                      [1m Learning iteration 214/500 [0m                      

                       Computation: 47609 steps/s (collection: 0.270s, learning 0.074s)
             Mean action noise std: 0.28
          Mean value_function loss: 0.0799
               Mean surrogate loss: -0.0056
                 Mean entropy loss: 1.1947
                       Mean reward: 48.11
               Mean episode length: 823.87
           Episode_Reward/progress: 2.9657
              Episode_Reward/alive: 0.4125
            Episode_Reward/upright: 0.0769
     Episode_Reward/move_to_target: 0.3981
          Episode_Reward/action_l2: -0.0154
             Episode_Reward/energy: -0.6134
   Episode_Reward/joint_pos_limits: -0.2870
      Episode_Termination/time_out: 0.7541
  Episode_Termination/torso_height: 0.2459
--------------------------------------------------------------------------------
                   Total timesteps: 3522560
                    Iteration time: 0.34s
                      Time elapsed: 00:01:16
                               ETA: 00:01:42

################################################################################
                      [1m Learning iteration 215/500 [0m                      

                       Computation: 51792 steps/s (collection: 0.244s, learning 0.072s)
             Mean action noise std: 0.28
          Mean value_function loss: 0.0825
               Mean surrogate loss: -0.0068
                 Mean entropy loss: 1.1757
                       Mean reward: 47.88
               Mean episode length: 818.72
           Episode_Reward/progress: 3.2453
              Episode_Reward/alive: 0.4583
            Episode_Reward/upright: 0.0873
     Episode_Reward/move_to_target: 0.4443
          Episode_Reward/action_l2: -0.0172
             Episode_Reward/energy: -0.7023
   Episode_Reward/joint_pos_limits: -0.3170
      Episode_Termination/time_out: 0.7542
  Episode_Termination/torso_height: 0.2458
--------------------------------------------------------------------------------
                   Total timesteps: 3538944
                    Iteration time: 0.32s
                      Time elapsed: 00:01:17
                               ETA: 00:01:41

################################################################################
                      [1m Learning iteration 216/500 [0m                      

                       Computation: 50459 steps/s (collection: 0.255s, learning 0.069s)
             Mean action noise std: 0.28
          Mean value_function loss: 0.1117
               Mean surrogate loss: -0.0082
                 Mean entropy loss: 1.1463
                       Mean reward: 47.59
               Mean episode length: 810.74
           Episode_Reward/progress: 3.2368
              Episode_Reward/alive: 0.4430
            Episode_Reward/upright: 0.0849
     Episode_Reward/move_to_target: 0.4361
          Episode_Reward/action_l2: -0.0164
             Episode_Reward/energy: -0.6733
   Episode_Reward/joint_pos_limits: -0.3037
      Episode_Termination/time_out: 0.7545
  Episode_Termination/torso_height: 0.2455
--------------------------------------------------------------------------------
                   Total timesteps: 3555328
                    Iteration time: 0.32s
                      Time elapsed: 00:01:17
                               ETA: 00:01:41

################################################################################
                      [1m Learning iteration 217/500 [0m                      

                       Computation: 45976 steps/s (collection: 0.266s, learning 0.090s)
             Mean action noise std: 0.28
          Mean value_function loss: 0.0644
               Mean surrogate loss: -0.0082
                 Mean entropy loss: 1.1022
                       Mean reward: 47.02
               Mean episode length: 796.53
           Episode_Reward/progress: 3.1342
              Episode_Reward/alive: 0.4353
            Episode_Reward/upright: 0.0828
     Episode_Reward/move_to_target: 0.4269
          Episode_Reward/action_l2: -0.0162
             Episode_Reward/energy: -0.6607
   Episode_Reward/joint_pos_limits: -0.2980
      Episode_Termination/time_out: 0.7609
  Episode_Termination/torso_height: 0.2391
--------------------------------------------------------------------------------
                   Total timesteps: 3571712
                    Iteration time: 0.36s
                      Time elapsed: 00:01:17
                               ETA: 00:01:40

################################################################################
                      [1m Learning iteration 218/500 [0m                      

                       Computation: 50419 steps/s (collection: 0.257s, learning 0.068s)
             Mean action noise std: 0.28
          Mean value_function loss: 0.0710
               Mean surrogate loss: -0.0070
                 Mean entropy loss: 1.0689
                       Mean reward: 48.62
               Mean episode length: 818.00
           Episode_Reward/progress: 3.1600
              Episode_Reward/alive: 0.4400
            Episode_Reward/upright: 0.0832
     Episode_Reward/move_to_target: 0.4281
          Episode_Reward/action_l2: -0.0164
             Episode_Reward/energy: -0.6687
   Episode_Reward/joint_pos_limits: -0.3015
      Episode_Termination/time_out: 0.7556
  Episode_Termination/torso_height: 0.2444
--------------------------------------------------------------------------------
                   Total timesteps: 3588096
                    Iteration time: 0.32s
                      Time elapsed: 00:01:18
                               ETA: 00:01:40

################################################################################
                      [1m Learning iteration 219/500 [0m                      

                       Computation: 49944 steps/s (collection: 0.256s, learning 0.072s)
             Mean action noise std: 0.28
          Mean value_function loss: 0.0815
               Mean surrogate loss: -0.0078
                 Mean entropy loss: 1.0585
                       Mean reward: 48.06
               Mean episode length: 804.96
           Episode_Reward/progress: 3.2252
              Episode_Reward/alive: 0.4311
            Episode_Reward/upright: 0.0834
     Episode_Reward/move_to_target: 0.4237
          Episode_Reward/action_l2: -0.0162
             Episode_Reward/energy: -0.6764
   Episode_Reward/joint_pos_limits: -0.2936
      Episode_Termination/time_out: 0.7543
  Episode_Termination/torso_height: 0.2457
--------------------------------------------------------------------------------
                   Total timesteps: 3604480
                    Iteration time: 0.33s
                      Time elapsed: 00:01:18
                               ETA: 00:01:40

################################################################################
                      [1m Learning iteration 220/500 [0m                      

                       Computation: 49544 steps/s (collection: 0.259s, learning 0.072s)
             Mean action noise std: 0.28
          Mean value_function loss: 0.0857
               Mean surrogate loss: -0.0076
                 Mean entropy loss: 1.0435
                       Mean reward: 49.02
               Mean episode length: 817.99
           Episode_Reward/progress: 3.1180
              Episode_Reward/alive: 0.4273
            Episode_Reward/upright: 0.0812
     Episode_Reward/move_to_target: 0.4253
          Episode_Reward/action_l2: -0.0160
             Episode_Reward/energy: -0.6555
   Episode_Reward/joint_pos_limits: -0.2919
      Episode_Termination/time_out: 0.7672
  Episode_Termination/torso_height: 0.2328
--------------------------------------------------------------------------------
                   Total timesteps: 3620864
                    Iteration time: 0.33s
                      Time elapsed: 00:01:18
                               ETA: 00:01:39

################################################################################
                      [1m Learning iteration 221/500 [0m                      

                       Computation: 49026 steps/s (collection: 0.247s, learning 0.087s)
             Mean action noise std: 0.28
          Mean value_function loss: 0.0665
               Mean surrogate loss: -0.0068
                 Mean entropy loss: 1.0329
                       Mean reward: 49.51
               Mean episode length: 831.52
           Episode_Reward/progress: 3.1620
              Episode_Reward/alive: 0.4545
            Episode_Reward/upright: 0.0863
     Episode_Reward/move_to_target: 0.4135
          Episode_Reward/action_l2: -0.0171
             Episode_Reward/energy: -0.6800
   Episode_Reward/joint_pos_limits: -0.3177
      Episode_Termination/time_out: 0.7680
  Episode_Termination/torso_height: 0.2320
--------------------------------------------------------------------------------
                   Total timesteps: 3637248
                    Iteration time: 0.33s
                      Time elapsed: 00:01:19
                               ETA: 00:01:39

################################################################################
                      [1m Learning iteration 222/500 [0m                      

                       Computation: 49657 steps/s (collection: 0.262s, learning 0.068s)
             Mean action noise std: 0.28
          Mean value_function loss: 0.0843
               Mean surrogate loss: -0.0076
                 Mean entropy loss: 1.0197
                       Mean reward: 49.84
               Mean episode length: 834.48
           Episode_Reward/progress: 3.1418
              Episode_Reward/alive: 0.4347
            Episode_Reward/upright: 0.0828
     Episode_Reward/move_to_target: 0.4248
          Episode_Reward/action_l2: -0.0165
             Episode_Reward/energy: -0.6690
   Episode_Reward/joint_pos_limits: -0.3009
      Episode_Termination/time_out: 0.7682
  Episode_Termination/torso_height: 0.2318
--------------------------------------------------------------------------------
                   Total timesteps: 3653632
                    Iteration time: 0.33s
                      Time elapsed: 00:01:19
                               ETA: 00:01:39

################################################################################
                      [1m Learning iteration 223/500 [0m                      

                       Computation: 50543 steps/s (collection: 0.254s, learning 0.070s)
             Mean action noise std: 0.28
          Mean value_function loss: 0.0839
               Mean surrogate loss: -0.0076
                 Mean entropy loss: 0.9773
                       Mean reward: 50.98
               Mean episode length: 849.35
           Episode_Reward/progress: 2.7276
              Episode_Reward/alive: 0.3623
            Episode_Reward/upright: 0.0685
     Episode_Reward/move_to_target: 0.3532
          Episode_Reward/action_l2: -0.0139
             Episode_Reward/energy: -0.5687
   Episode_Reward/joint_pos_limits: -0.2499
      Episode_Termination/time_out: 0.7690
  Episode_Termination/torso_height: 0.2310
--------------------------------------------------------------------------------
                   Total timesteps: 3670016
                    Iteration time: 0.32s
                      Time elapsed: 00:01:19
                               ETA: 00:01:38

################################################################################
                      [1m Learning iteration 224/500 [0m                      

                       Computation: 47258 steps/s (collection: 0.258s, learning 0.089s)
             Mean action noise std: 0.28
          Mean value_function loss: 0.0762
               Mean surrogate loss: -0.0063
                 Mean entropy loss: 0.9582
                       Mean reward: 49.81
               Mean episode length: 831.50
           Episode_Reward/progress: 2.7256
              Episode_Reward/alive: 0.3703
            Episode_Reward/upright: 0.0701
     Episode_Reward/move_to_target: 0.3602
          Episode_Reward/action_l2: -0.0139
             Episode_Reward/energy: -0.5722
   Episode_Reward/joint_pos_limits: -0.2552
      Episode_Termination/time_out: 0.7599
  Episode_Termination/torso_height: 0.2401
--------------------------------------------------------------------------------
                   Total timesteps: 3686400
                    Iteration time: 0.35s
                      Time elapsed: 00:01:20
                               ETA: 00:01:38

################################################################################
                      [1m Learning iteration 225/500 [0m                      

                       Computation: 46707 steps/s (collection: 0.263s, learning 0.088s)
             Mean action noise std: 0.28
          Mean value_function loss: 0.0792
               Mean surrogate loss: -0.0049
                 Mean entropy loss: 0.9563
                       Mean reward: 49.49
               Mean episode length: 817.16
           Episode_Reward/progress: 3.3817
              Episode_Reward/alive: 0.4538
            Episode_Reward/upright: 0.0865
     Episode_Reward/move_to_target: 0.4254
          Episode_Reward/action_l2: -0.0176
             Episode_Reward/energy: -0.7040
   Episode_Reward/joint_pos_limits: -0.3148
      Episode_Termination/time_out: 0.7554
  Episode_Termination/torso_height: 0.2446
--------------------------------------------------------------------------------
                   Total timesteps: 3702784
                    Iteration time: 0.35s
                      Time elapsed: 00:01:20
                               ETA: 00:01:37

################################################################################
                      [1m Learning iteration 226/500 [0m                      

                       Computation: 50493 steps/s (collection: 0.254s, learning 0.070s)
             Mean action noise std: 0.28
          Mean value_function loss: 0.0702
               Mean surrogate loss: -0.0043
                 Mean entropy loss: 0.9232
                       Mean reward: 49.27
               Mean episode length: 812.00
           Episode_Reward/progress: 2.9392
              Episode_Reward/alive: 0.4081
            Episode_Reward/upright: 0.0769
     Episode_Reward/move_to_target: 0.3943
          Episode_Reward/action_l2: -0.0153
             Episode_Reward/energy: -0.6198
   Episode_Reward/joint_pos_limits: -0.2807
      Episode_Termination/time_out: 0.7527
  Episode_Termination/torso_height: 0.2473
--------------------------------------------------------------------------------
                   Total timesteps: 3719168
                    Iteration time: 0.32s
                      Time elapsed: 00:01:20
                               ETA: 00:01:37

################################################################################
                      [1m Learning iteration 227/500 [0m                      

                       Computation: 51735 steps/s (collection: 0.246s, learning 0.071s)
             Mean action noise std: 0.27
          Mean value_function loss: 0.0724
               Mean surrogate loss: -0.0072
                 Mean entropy loss: 0.9118
                       Mean reward: 47.38
               Mean episode length: 784.62
           Episode_Reward/progress: 2.5092
              Episode_Reward/alive: 0.3566
            Episode_Reward/upright: 0.0657
     Episode_Reward/move_to_target: 0.3312
          Episode_Reward/action_l2: -0.0136
             Episode_Reward/energy: -0.5392
   Episode_Reward/joint_pos_limits: -0.2470
      Episode_Termination/time_out: 0.7513
  Episode_Termination/torso_height: 0.2487
--------------------------------------------------------------------------------
                   Total timesteps: 3735552
                    Iteration time: 0.32s
                      Time elapsed: 00:01:21
                               ETA: 00:01:37

################################################################################
                      [1m Learning iteration 228/500 [0m                      

                       Computation: 50031 steps/s (collection: 0.258s, learning 0.070s)
             Mean action noise std: 0.28
          Mean value_function loss: 0.0940
               Mean surrogate loss: -0.0062
                 Mean entropy loss: 0.8983
                       Mean reward: 45.51
               Mean episode length: 758.46
           Episode_Reward/progress: 2.5081
              Episode_Reward/alive: 0.3541
            Episode_Reward/upright: 0.0656
     Episode_Reward/move_to_target: 0.3389
          Episode_Reward/action_l2: -0.0134
             Episode_Reward/energy: -0.5348
   Episode_Reward/joint_pos_limits: -0.2445
      Episode_Termination/time_out: 0.7444
  Episode_Termination/torso_height: 0.2556
--------------------------------------------------------------------------------
                   Total timesteps: 3751936
                    Iteration time: 0.33s
                      Time elapsed: 00:01:21
                               ETA: 00:01:36

################################################################################
                      [1m Learning iteration 229/500 [0m                      

                       Computation: 53237 steps/s (collection: 0.240s, learning 0.068s)
             Mean action noise std: 0.27
          Mean value_function loss: 0.0700
               Mean surrogate loss: -0.0074
                 Mean entropy loss: 0.8927
                       Mean reward: 46.91
               Mean episode length: 777.38
           Episode_Reward/progress: 3.6391
              Episode_Reward/alive: 0.4771
            Episode_Reward/upright: 0.0926
     Episode_Reward/move_to_target: 0.4750
          Episode_Reward/action_l2: -0.0177
             Episode_Reward/energy: -0.7422
   Episode_Reward/joint_pos_limits: -0.3292
      Episode_Termination/time_out: 0.7466
  Episode_Termination/torso_height: 0.2534
--------------------------------------------------------------------------------
                   Total timesteps: 3768320
                    Iteration time: 0.31s
                      Time elapsed: 00:01:21
                               ETA: 00:01:36

################################################################################
                      [1m Learning iteration 230/500 [0m                      

                       Computation: 47574 steps/s (collection: 0.253s, learning 0.091s)
             Mean action noise std: 0.27
          Mean value_function loss: 0.0832
               Mean surrogate loss: -0.0080
                 Mean entropy loss: 0.8650
                       Mean reward: 44.98
               Mean episode length: 751.05
           Episode_Reward/progress: 3.0834
              Episode_Reward/alive: 0.4169
            Episode_Reward/upright: 0.0782
     Episode_Reward/move_to_target: 0.4053
          Episode_Reward/action_l2: -0.0158
             Episode_Reward/energy: -0.6485
   Episode_Reward/joint_pos_limits: -0.2891
      Episode_Termination/time_out: 0.7466
  Episode_Termination/torso_height: 0.2534
--------------------------------------------------------------------------------
                   Total timesteps: 3784704
                    Iteration time: 0.34s
                      Time elapsed: 00:01:22
                               ETA: 00:01:35

################################################################################
                      [1m Learning iteration 231/500 [0m                      

                       Computation: 47931 steps/s (collection: 0.250s, learning 0.091s)
             Mean action noise std: 0.27
          Mean value_function loss: 0.0680
               Mean surrogate loss: -0.0058
                 Mean entropy loss: 0.8369
                       Mean reward: 46.10
               Mean episode length: 768.48
           Episode_Reward/progress: 2.8874
              Episode_Reward/alive: 0.3962
            Episode_Reward/upright: 0.0744
     Episode_Reward/move_to_target: 0.3803
          Episode_Reward/action_l2: -0.0150
             Episode_Reward/energy: -0.6167
   Episode_Reward/joint_pos_limits: -0.2700
      Episode_Termination/time_out: 0.7433
  Episode_Termination/torso_height: 0.2567
--------------------------------------------------------------------------------
                   Total timesteps: 3801088
                    Iteration time: 0.34s
                      Time elapsed: 00:01:22
                               ETA: 00:01:35

################################################################################
                      [1m Learning iteration 232/500 [0m                      

                       Computation: 47911 steps/s (collection: 0.252s, learning 0.090s)
             Mean action noise std: 0.27
          Mean value_function loss: 0.0714
               Mean surrogate loss: -0.0077
                 Mean entropy loss: 0.8077
                       Mean reward: 45.80
               Mean episode length: 765.76
           Episode_Reward/progress: 2.5815
              Episode_Reward/alive: 0.3612
            Episode_Reward/upright: 0.0671
     Episode_Reward/move_to_target: 0.3455
          Episode_Reward/action_l2: -0.0138
             Episode_Reward/energy: -0.5622
   Episode_Reward/joint_pos_limits: -0.2516
      Episode_Termination/time_out: 0.7354
  Episode_Termination/torso_height: 0.2646
--------------------------------------------------------------------------------
                   Total timesteps: 3817472
                    Iteration time: 0.34s
                      Time elapsed: 00:01:22
                               ETA: 00:01:35

################################################################################
                      [1m Learning iteration 233/500 [0m                      

                       Computation: 49300 steps/s (collection: 0.243s, learning 0.089s)
             Mean action noise std: 0.27
          Mean value_function loss: 0.0588
               Mean surrogate loss: -0.0069
                 Mean entropy loss: 0.7974
                       Mean reward: 46.91
               Mean episode length: 782.19
           Episode_Reward/progress: 2.8892
              Episode_Reward/alive: 0.4005
            Episode_Reward/upright: 0.0751
     Episode_Reward/move_to_target: 0.3884
          Episode_Reward/action_l2: -0.0152
             Episode_Reward/energy: -0.6316
   Episode_Reward/joint_pos_limits: -0.2742
      Episode_Termination/time_out: 0.7343
  Episode_Termination/torso_height: 0.2657
--------------------------------------------------------------------------------
                   Total timesteps: 3833856
                    Iteration time: 0.33s
                      Time elapsed: 00:01:23
                               ETA: 00:01:34

################################################################################
                      [1m Learning iteration 234/500 [0m                      

                       Computation: 49755 steps/s (collection: 0.241s, learning 0.088s)
             Mean action noise std: 0.27
          Mean value_function loss: 0.0668
               Mean surrogate loss: -0.0089
                 Mean entropy loss: 0.7676
                       Mean reward: 48.64
               Mean episode length: 807.67
           Episode_Reward/progress: 3.3193
              Episode_Reward/alive: 0.4543
            Episode_Reward/upright: 0.0877
     Episode_Reward/move_to_target: 0.4484
          Episode_Reward/action_l2: -0.0171
             Episode_Reward/energy: -0.7125
   Episode_Reward/joint_pos_limits: -0.3090
      Episode_Termination/time_out: 0.7379
  Episode_Termination/torso_height: 0.2621
--------------------------------------------------------------------------------
                   Total timesteps: 3850240
                    Iteration time: 0.33s
                      Time elapsed: 00:01:23
                               ETA: 00:01:34

################################################################################
                      [1m Learning iteration 235/500 [0m                      

                       Computation: 48005 steps/s (collection: 0.252s, learning 0.089s)
             Mean action noise std: 0.27
          Mean value_function loss: 0.0751
               Mean surrogate loss: -0.0072
                 Mean entropy loss: 0.7358
                       Mean reward: 49.96
               Mean episode length: 820.06
           Episode_Reward/progress: 3.8296
              Episode_Reward/alive: 0.4821
            Episode_Reward/upright: 0.0940
     Episode_Reward/move_to_target: 0.4795
          Episode_Reward/action_l2: -0.0182
             Episode_Reward/energy: -0.7728
   Episode_Reward/joint_pos_limits: -0.3291
      Episode_Termination/time_out: 0.7429
  Episode_Termination/torso_height: 0.2571
--------------------------------------------------------------------------------
                   Total timesteps: 3866624
                    Iteration time: 0.34s
                      Time elapsed: 00:01:23
                               ETA: 00:01:34

################################################################################
                      [1m Learning iteration 236/500 [0m                      

                       Computation: 49947 steps/s (collection: 0.239s, learning 0.089s)
             Mean action noise std: 0.27
          Mean value_function loss: 0.0720
               Mean surrogate loss: -0.0073
                 Mean entropy loss: 0.7076
                       Mean reward: 50.18
               Mean episode length: 819.86
           Episode_Reward/progress: 3.1874
              Episode_Reward/alive: 0.4209
            Episode_Reward/upright: 0.0799
     Episode_Reward/move_to_target: 0.4174
          Episode_Reward/action_l2: -0.0160
             Episode_Reward/energy: -0.6641
   Episode_Reward/joint_pos_limits: -0.2879
      Episode_Termination/time_out: 0.7478
  Episode_Termination/torso_height: 0.2522
--------------------------------------------------------------------------------
                   Total timesteps: 3883008
                    Iteration time: 0.33s
                      Time elapsed: 00:01:24
                               ETA: 00:01:33

################################################################################
                      [1m Learning iteration 237/500 [0m                      

                       Computation: 48620 steps/s (collection: 0.249s, learning 0.088s)
             Mean action noise std: 0.27
          Mean value_function loss: 0.0591
               Mean surrogate loss: -0.0092
                 Mean entropy loss: 0.6956
                       Mean reward: 51.44
               Mean episode length: 836.45
           Episode_Reward/progress: 3.2861
              Episode_Reward/alive: 0.4327
            Episode_Reward/upright: 0.0828
     Episode_Reward/move_to_target: 0.4201
          Episode_Reward/action_l2: -0.0167
             Episode_Reward/energy: -0.6971
   Episode_Reward/joint_pos_limits: -0.2958
      Episode_Termination/time_out: 0.7595
  Episode_Termination/torso_height: 0.2405
--------------------------------------------------------------------------------
                   Total timesteps: 3899392
                    Iteration time: 0.34s
                      Time elapsed: 00:01:24
                               ETA: 00:01:33

################################################################################
                      [1m Learning iteration 238/500 [0m                      

                       Computation: 48819 steps/s (collection: 0.247s, learning 0.089s)
             Mean action noise std: 0.27
          Mean value_function loss: 0.0708
               Mean surrogate loss: -0.0056
                 Mean entropy loss: 0.6977
                       Mean reward: 50.94
               Mean episode length: 828.55
           Episode_Reward/progress: 2.6694
              Episode_Reward/alive: 0.3725
            Episode_Reward/upright: 0.0681
     Episode_Reward/move_to_target: 0.3493
          Episode_Reward/action_l2: -0.0144
             Episode_Reward/energy: -0.5828
   Episode_Reward/joint_pos_limits: -0.2547
      Episode_Termination/time_out: 0.7618
  Episode_Termination/torso_height: 0.2382
--------------------------------------------------------------------------------
                   Total timesteps: 3915776
                    Iteration time: 0.34s
                      Time elapsed: 00:01:24
                               ETA: 00:01:32

################################################################################
                      [1m Learning iteration 239/500 [0m                      

                       Computation: 48654 steps/s (collection: 0.250s, learning 0.086s)
             Mean action noise std: 0.27
          Mean value_function loss: 0.0578
               Mean surrogate loss: -0.0041
                 Mean entropy loss: 0.6967
                       Mean reward: 51.13
               Mean episode length: 828.38
           Episode_Reward/progress: 3.3178
              Episode_Reward/alive: 0.4490
            Episode_Reward/upright: 0.0852
     Episode_Reward/move_to_target: 0.4327
          Episode_Reward/action_l2: -0.0173
             Episode_Reward/energy: -0.7086
   Episode_Reward/joint_pos_limits: -0.3091
      Episode_Termination/time_out: 0.7572
  Episode_Termination/torso_height: 0.2428
--------------------------------------------------------------------------------
                   Total timesteps: 3932160
                    Iteration time: 0.34s
                      Time elapsed: 00:01:25
                               ETA: 00:01:32

################################################################################
                      [1m Learning iteration 240/500 [0m                      

                       Computation: 47397 steps/s (collection: 0.257s, learning 0.089s)
             Mean action noise std: 0.27
          Mean value_function loss: 0.0597
               Mean surrogate loss: -0.0068
                 Mean entropy loss: 0.6923
                       Mean reward: 49.65
               Mean episode length: 813.43
           Episode_Reward/progress: 3.3693
              Episode_Reward/alive: 0.4525
            Episode_Reward/upright: 0.0864
     Episode_Reward/move_to_target: 0.4426
          Episode_Reward/action_l2: -0.0173
             Episode_Reward/energy: -0.7244
   Episode_Reward/joint_pos_limits: -0.3068
      Episode_Termination/time_out: 0.7563
  Episode_Termination/torso_height: 0.2437
--------------------------------------------------------------------------------
                   Total timesteps: 3948544
                    Iteration time: 0.35s
                      Time elapsed: 00:01:25
                               ETA: 00:01:32

################################################################################
                      [1m Learning iteration 241/500 [0m                      

                       Computation: 50357 steps/s (collection: 0.236s, learning 0.089s)
             Mean action noise std: 0.27
          Mean value_function loss: 0.0744
               Mean surrogate loss: -0.0054
                 Mean entropy loss: 0.6640
                       Mean reward: 48.64
               Mean episode length: 799.02
           Episode_Reward/progress: 2.9122
              Episode_Reward/alive: 0.3875
            Episode_Reward/upright: 0.0744
     Episode_Reward/move_to_target: 0.3709
          Episode_Reward/action_l2: -0.0149
             Episode_Reward/energy: -0.6118
   Episode_Reward/joint_pos_limits: -0.2655
      Episode_Termination/time_out: 0.7540
  Episode_Termination/torso_height: 0.2460
--------------------------------------------------------------------------------
                   Total timesteps: 3964928
                    Iteration time: 0.33s
                      Time elapsed: 00:01:25
                               ETA: 00:01:31

################################################################################
                      [1m Learning iteration 242/500 [0m                      

                       Computation: 47694 steps/s (collection: 0.255s, learning 0.088s)
             Mean action noise std: 0.27
          Mean value_function loss: 0.0660
               Mean surrogate loss: -0.0071
                 Mean entropy loss: 0.6313
                       Mean reward: 48.29
               Mean episode length: 792.89
           Episode_Reward/progress: 3.4143
              Episode_Reward/alive: 0.4459
            Episode_Reward/upright: 0.0859
     Episode_Reward/move_to_target: 0.4418
          Episode_Reward/action_l2: -0.0171
             Episode_Reward/energy: -0.7197
   Episode_Reward/joint_pos_limits: -0.3040
      Episode_Termination/time_out: 0.7515
  Episode_Termination/torso_height: 0.2485
--------------------------------------------------------------------------------
                   Total timesteps: 3981312
                    Iteration time: 0.34s
                      Time elapsed: 00:01:26
                               ETA: 00:01:31

################################################################################
                      [1m Learning iteration 243/500 [0m                      

                       Computation: 48710 steps/s (collection: 0.247s, learning 0.089s)
             Mean action noise std: 0.27
          Mean value_function loss: 0.0639
               Mean surrogate loss: -0.0061
                 Mean entropy loss: 0.6113
                       Mean reward: 48.81
               Mean episode length: 803.44
           Episode_Reward/progress: 2.9706
              Episode_Reward/alive: 0.3992
            Episode_Reward/upright: 0.0763
     Episode_Reward/move_to_target: 0.3860
          Episode_Reward/action_l2: -0.0153
             Episode_Reward/energy: -0.6335
   Episode_Reward/joint_pos_limits: -0.2711
      Episode_Termination/time_out: 0.7505
  Episode_Termination/torso_height: 0.2495
--------------------------------------------------------------------------------
                   Total timesteps: 3997696
                    Iteration time: 0.34s
                      Time elapsed: 00:01:26
                               ETA: 00:01:31

################################################################################
                      [1m Learning iteration 244/500 [0m                      

                       Computation: 48956 steps/s (collection: 0.246s, learning 0.089s)
             Mean action noise std: 0.27
          Mean value_function loss: 0.0627
               Mean surrogate loss: -0.0064
                 Mean entropy loss: 0.6035
                       Mean reward: 50.02
               Mean episode length: 814.73
           Episode_Reward/progress: 3.6477
              Episode_Reward/alive: 0.4558
            Episode_Reward/upright: 0.0883
     Episode_Reward/move_to_target: 0.4448
          Episode_Reward/action_l2: -0.0175
             Episode_Reward/energy: -0.7476
   Episode_Reward/joint_pos_limits: -0.3093
      Episode_Termination/time_out: 0.7568
  Episode_Termination/torso_height: 0.2432
--------------------------------------------------------------------------------
                   Total timesteps: 4014080
                    Iteration time: 0.33s
                      Time elapsed: 00:01:26
                               ETA: 00:01:30

################################################################################
                      [1m Learning iteration 245/500 [0m                      

                       Computation: 49976 steps/s (collection: 0.240s, learning 0.088s)
             Mean action noise std: 0.26
          Mean value_function loss: 0.0633
               Mean surrogate loss: -0.0059
                 Mean entropy loss: 0.5744
                       Mean reward: 48.21
               Mean episode length: 786.40
           Episode_Reward/progress: 2.3525
              Episode_Reward/alive: 0.3179
            Episode_Reward/upright: 0.0578
     Episode_Reward/move_to_target: 0.2845
          Episode_Reward/action_l2: -0.0125
             Episode_Reward/energy: -0.4904
   Episode_Reward/joint_pos_limits: -0.2186
      Episode_Termination/time_out: 0.7548
  Episode_Termination/torso_height: 0.2452
--------------------------------------------------------------------------------
                   Total timesteps: 4030464
                    Iteration time: 0.33s
                      Time elapsed: 00:01:27
                               ETA: 00:01:30

################################################################################
                      [1m Learning iteration 246/500 [0m                      

                       Computation: 47467 steps/s (collection: 0.255s, learning 0.090s)
             Mean action noise std: 0.26
          Mean value_function loss: 0.0590
               Mean surrogate loss: -0.0057
                 Mean entropy loss: 0.5617
                       Mean reward: 50.22
               Mean episode length: 814.56
           Episode_Reward/progress: 3.5934
              Episode_Reward/alive: 0.4810
            Episode_Reward/upright: 0.0921
     Episode_Reward/move_to_target: 0.4734
          Episode_Reward/action_l2: -0.0182
             Episode_Reward/energy: -0.7633
   Episode_Reward/joint_pos_limits: -0.3285
      Episode_Termination/time_out: 0.7610
  Episode_Termination/torso_height: 0.2390
--------------------------------------------------------------------------------
                   Total timesteps: 4046848
                    Iteration time: 0.35s
                      Time elapsed: 00:01:27
                               ETA: 00:01:29

################################################################################
                      [1m Learning iteration 247/500 [0m                      

                       Computation: 46060 steps/s (collection: 0.266s, learning 0.089s)
             Mean action noise std: 0.26
          Mean value_function loss: 0.0539
               Mean surrogate loss: -0.0068
                 Mean entropy loss: 0.5427
                       Mean reward: 53.37
               Mean episode length: 853.03
           Episode_Reward/progress: 3.7939
              Episode_Reward/alive: 0.4795
            Episode_Reward/upright: 0.0930
     Episode_Reward/move_to_target: 0.4766
          Episode_Reward/action_l2: -0.0184
             Episode_Reward/energy: -0.7933
   Episode_Reward/joint_pos_limits: -0.3210
      Episode_Termination/time_out: 0.7663
  Episode_Termination/torso_height: 0.2337
--------------------------------------------------------------------------------
                   Total timesteps: 4063232
                    Iteration time: 0.36s
                      Time elapsed: 00:01:27
                               ETA: 00:01:29

################################################################################
                      [1m Learning iteration 248/500 [0m                      

                       Computation: 50576 steps/s (collection: 0.253s, learning 0.071s)
             Mean action noise std: 0.26
          Mean value_function loss: 0.0632
               Mean surrogate loss: -0.0069
                 Mean entropy loss: 0.5178
                       Mean reward: 54.47
               Mean episode length: 867.65
           Episode_Reward/progress: 3.2573
              Episode_Reward/alive: 0.4367
            Episode_Reward/upright: 0.0836
     Episode_Reward/move_to_target: 0.4224
          Episode_Reward/action_l2: -0.0166
             Episode_Reward/energy: -0.6899
   Episode_Reward/joint_pos_limits: -0.2958
      Episode_Termination/time_out: 0.7761
  Episode_Termination/torso_height: 0.2239
--------------------------------------------------------------------------------
                   Total timesteps: 4079616
                    Iteration time: 0.32s
                      Time elapsed: 00:01:28
                               ETA: 00:01:29

################################################################################
                      [1m Learning iteration 249/500 [0m                      

                       Computation: 49971 steps/s (collection: 0.257s, learning 0.071s)
             Mean action noise std: 0.26
          Mean value_function loss: 0.0423
               Mean surrogate loss: -0.0079
                 Mean entropy loss: 0.4979
                       Mean reward: 53.68
               Mean episode length: 854.09
           Episode_Reward/progress: 2.7823
              Episode_Reward/alive: 0.3725
            Episode_Reward/upright: 0.0693
     Episode_Reward/move_to_target: 0.3568
          Episode_Reward/action_l2: -0.0141
             Episode_Reward/energy: -0.5781
   Episode_Reward/joint_pos_limits: -0.2540
      Episode_Termination/time_out: 0.7780
  Episode_Termination/torso_height: 0.2220
--------------------------------------------------------------------------------
                   Total timesteps: 4096000
                    Iteration time: 0.33s
                      Time elapsed: 00:01:28
                               ETA: 00:01:28

################################################################################
                      [1m Learning iteration 250/500 [0m                      

                       Computation: 47866 steps/s (collection: 0.254s, learning 0.088s)
             Mean action noise std: 0.26
          Mean value_function loss: 0.0423
               Mean surrogate loss: -0.0038
                 Mean entropy loss: 0.4776
                       Mean reward: 53.84
               Mean episode length: 853.15
           Episode_Reward/progress: 3.3771
              Episode_Reward/alive: 0.4398
            Episode_Reward/upright: 0.0837
     Episode_Reward/move_to_target: 0.4351
          Episode_Reward/action_l2: -0.0167
             Episode_Reward/energy: -0.7038
   Episode_Reward/joint_pos_limits: -0.2948
      Episode_Termination/time_out: 0.7698
  Episode_Termination/torso_height: 0.2302
--------------------------------------------------------------------------------
                   Total timesteps: 4112384
                    Iteration time: 0.34s
                      Time elapsed: 00:01:28
                               ETA: 00:01:28

################################################################################
                      [1m Learning iteration 251/500 [0m                      

                       Computation: 53249 steps/s (collection: 0.240s, learning 0.068s)
             Mean action noise std: 0.26
          Mean value_function loss: 0.0410
               Mean surrogate loss: -0.0066
                 Mean entropy loss: 0.4453
                       Mean reward: 54.17
               Mean episode length: 856.78
           Episode_Reward/progress: 3.8605
              Episode_Reward/alive: 0.4854
            Episode_Reward/upright: 0.0948
     Episode_Reward/move_to_target: 0.4842
          Episode_Reward/action_l2: -0.0182
             Episode_Reward/energy: -0.7768
   Episode_Reward/joint_pos_limits: -0.3261
      Episode_Termination/time_out: 0.7735
  Episode_Termination/torso_height: 0.2265
--------------------------------------------------------------------------------
                   Total timesteps: 4128768
                    Iteration time: 0.31s
                      Time elapsed: 00:01:29
                               ETA: 00:01:28

################################################################################
                      [1m Learning iteration 252/500 [0m                      

                       Computation: 49592 steps/s (collection: 0.260s, learning 0.070s)
             Mean action noise std: 0.26
          Mean value_function loss: 0.0622
               Mean surrogate loss: -0.0032
                 Mean entropy loss: 0.4169
                       Mean reward: 54.61
               Mean episode length: 860.54
           Episode_Reward/progress: 3.8241
              Episode_Reward/alive: 0.4854
            Episode_Reward/upright: 0.0945
     Episode_Reward/move_to_target: 0.4825
          Episode_Reward/action_l2: -0.0183
             Episode_Reward/energy: -0.7931
   Episode_Reward/joint_pos_limits: -0.3244
      Episode_Termination/time_out: 0.7831
  Episode_Termination/torso_height: 0.2169
--------------------------------------------------------------------------------
                   Total timesteps: 4145152
                    Iteration time: 0.33s
                      Time elapsed: 00:01:29
                               ETA: 00:01:27

################################################################################
                      [1m Learning iteration 253/500 [0m                      

                       Computation: 51012 steps/s (collection: 0.253s, learning 0.068s)
             Mean action noise std: 0.26
          Mean value_function loss: 0.0818
               Mean surrogate loss: -0.0069
                 Mean entropy loss: 0.4007
                       Mean reward: 54.57
               Mean episode length: 856.60
           Episode_Reward/progress: 3.4406
              Episode_Reward/alive: 0.4431
            Episode_Reward/upright: 0.0848
     Episode_Reward/move_to_target: 0.4351
          Episode_Reward/action_l2: -0.0170
             Episode_Reward/energy: -0.7381
   Episode_Reward/joint_pos_limits: -0.2946
      Episode_Termination/time_out: 0.7871
  Episode_Termination/torso_height: 0.2129
--------------------------------------------------------------------------------
                   Total timesteps: 4161536
                    Iteration time: 0.32s
                      Time elapsed: 00:01:29
                               ETA: 00:01:27

################################################################################
                      [1m Learning iteration 254/500 [0m                      

                       Computation: 47434 steps/s (collection: 0.257s, learning 0.088s)
             Mean action noise std: 0.26
          Mean value_function loss: 0.0729
               Mean surrogate loss: -0.0061
                 Mean entropy loss: 0.3657
                       Mean reward: 56.61
               Mean episode length: 882.38
           Episode_Reward/progress: 3.5148
              Episode_Reward/alive: 0.4435
            Episode_Reward/upright: 0.0866
     Episode_Reward/move_to_target: 0.4361
          Episode_Reward/action_l2: -0.0169
             Episode_Reward/energy: -0.7372
   Episode_Reward/joint_pos_limits: -0.2926
      Episode_Termination/time_out: 0.7899
  Episode_Termination/torso_height: 0.2101
--------------------------------------------------------------------------------
                   Total timesteps: 4177920
                    Iteration time: 0.35s
                      Time elapsed: 00:01:30
                               ETA: 00:01:26

################################################################################
                      [1m Learning iteration 255/500 [0m                      

                       Computation: 48901 steps/s (collection: 0.266s, learning 0.069s)
             Mean action noise std: 0.26
          Mean value_function loss: 0.0816
               Mean surrogate loss: -0.0045
                 Mean entropy loss: 0.3444
                       Mean reward: 54.99
               Mean episode length: 859.63
           Episode_Reward/progress: 3.3529
              Episode_Reward/alive: 0.4269
            Episode_Reward/upright: 0.0821
     Episode_Reward/move_to_target: 0.4187
          Episode_Reward/action_l2: -0.0162
             Episode_Reward/energy: -0.6965
   Episode_Reward/joint_pos_limits: -0.2846
      Episode_Termination/time_out: 0.7865
  Episode_Termination/torso_height: 0.2135
--------------------------------------------------------------------------------
                   Total timesteps: 4194304
                    Iteration time: 0.34s
                      Time elapsed: 00:01:30
                               ETA: 00:01:26

################################################################################
                      [1m Learning iteration 256/500 [0m                      

                       Computation: 52297 steps/s (collection: 0.244s, learning 0.070s)
             Mean action noise std: 0.26
          Mean value_function loss: 0.0844
               Mean surrogate loss: -0.0082
                 Mean entropy loss: 0.3179
                       Mean reward: 53.87
               Mean episode length: 842.11
           Episode_Reward/progress: 3.9362
              Episode_Reward/alive: 0.4857
            Episode_Reward/upright: 0.0953
     Episode_Reward/move_to_target: 0.4832
          Episode_Reward/action_l2: -0.0182
             Episode_Reward/energy: -0.7898
   Episode_Reward/joint_pos_limits: -0.3265
      Episode_Termination/time_out: 0.7856
  Episode_Termination/torso_height: 0.2144
--------------------------------------------------------------------------------
                   Total timesteps: 4210688
                    Iteration time: 0.31s
                      Time elapsed: 00:01:30
                               ETA: 00:01:26

################################################################################
                      [1m Learning iteration 257/500 [0m                      

                       Computation: 52546 steps/s (collection: 0.244s, learning 0.068s)
             Mean action noise std: 0.26
          Mean value_function loss: 0.0636
               Mean surrogate loss: -0.0082
                 Mean entropy loss: 0.2914
                       Mean reward: 53.12
               Mean episode length: 832.88
           Episode_Reward/progress: 3.4820
              Episode_Reward/alive: 0.4567
            Episode_Reward/upright: 0.0845
     Episode_Reward/move_to_target: 0.4346
          Episode_Reward/action_l2: -0.0178
             Episode_Reward/energy: -0.7445
   Episode_Reward/joint_pos_limits: -0.3083
      Episode_Termination/time_out: 0.7883
  Episode_Termination/torso_height: 0.2117
--------------------------------------------------------------------------------
                   Total timesteps: 4227072
                    Iteration time: 0.31s
                      Time elapsed: 00:01:31
                               ETA: 00:01:25

################################################################################
                      [1m Learning iteration 258/500 [0m                      

                       Computation: 47890 steps/s (collection: 0.253s, learning 0.089s)
             Mean action noise std: 0.26
          Mean value_function loss: 0.0801
               Mean surrogate loss: -0.0053
                 Mean entropy loss: 0.2828
                       Mean reward: 53.25
               Mean episode length: 828.84
           Episode_Reward/progress: 3.5771
              Episode_Reward/alive: 0.4460
            Episode_Reward/upright: 0.0852
     Episode_Reward/move_to_target: 0.4332
          Episode_Reward/action_l2: -0.0173
             Episode_Reward/energy: -0.7306
   Episode_Reward/joint_pos_limits: -0.3027
      Episode_Termination/time_out: 0.7927
  Episode_Termination/torso_height: 0.2073
--------------------------------------------------------------------------------
                   Total timesteps: 4243456
                    Iteration time: 0.34s
                      Time elapsed: 00:01:31
                               ETA: 00:01:25

################################################################################
                      [1m Learning iteration 259/500 [0m                      

                       Computation: 51590 steps/s (collection: 0.231s, learning 0.087s)
             Mean action noise std: 0.26
          Mean value_function loss: 0.0508
               Mean surrogate loss: -0.0061
                 Mean entropy loss: 0.2679
                       Mean reward: 52.78
               Mean episode length: 823.30
           Episode_Reward/progress: 3.8714
              Episode_Reward/alive: 0.4729
            Episode_Reward/upright: 0.0909
     Episode_Reward/move_to_target: 0.4710
          Episode_Reward/action_l2: -0.0179
             Episode_Reward/energy: -0.7692
   Episode_Reward/joint_pos_limits: -0.3221
      Episode_Termination/time_out: 0.7935
  Episode_Termination/torso_height: 0.2065
--------------------------------------------------------------------------------
                   Total timesteps: 4259840
                    Iteration time: 0.32s
                      Time elapsed: 00:01:31
                               ETA: 00:01:25

################################################################################
                      [1m Learning iteration 260/500 [0m                      

                       Computation: 48918 steps/s (collection: 0.245s, learning 0.090s)
             Mean action noise std: 0.26
          Mean value_function loss: 0.0690
               Mean surrogate loss: -0.0071
                 Mean entropy loss: 0.2580
                       Mean reward: 53.75
               Mean episode length: 838.51
           Episode_Reward/progress: 3.3260
              Episode_Reward/alive: 0.4283
            Episode_Reward/upright: 0.0821
     Episode_Reward/move_to_target: 0.4246
          Episode_Reward/action_l2: -0.0161
             Episode_Reward/energy: -0.6913
   Episode_Reward/joint_pos_limits: -0.2888
      Episode_Termination/time_out: 0.8028
  Episode_Termination/torso_height: 0.1972
--------------------------------------------------------------------------------
                   Total timesteps: 4276224
                    Iteration time: 0.33s
                      Time elapsed: 00:01:32
                               ETA: 00:01:24

################################################################################
                      [1m Learning iteration 261/500 [0m                      

                       Computation: 48920 steps/s (collection: 0.244s, learning 0.091s)
             Mean action noise std: 0.26
          Mean value_function loss: 0.0544
               Mean surrogate loss: -0.0036
                 Mean entropy loss: 0.2605
                       Mean reward: 56.18
               Mean episode length: 876.73
           Episode_Reward/progress: 3.9754
              Episode_Reward/alive: 0.5000
            Episode_Reward/upright: 0.0965
     Episode_Reward/move_to_target: 0.4962
          Episode_Reward/action_l2: -0.0188
             Episode_Reward/energy: -0.8193
   Episode_Reward/joint_pos_limits: -0.3355
      Episode_Termination/time_out: 0.8093
  Episode_Termination/torso_height: 0.1907
--------------------------------------------------------------------------------
                   Total timesteps: 4292608
                    Iteration time: 0.33s
                      Time elapsed: 00:01:32
                               ETA: 00:01:24

################################################################################
                      [1m Learning iteration 262/500 [0m                      

                       Computation: 47594 steps/s (collection: 0.254s, learning 0.090s)
             Mean action noise std: 0.25
          Mean value_function loss: 0.0760
               Mean surrogate loss: -0.0091
                 Mean entropy loss: 0.2499
                       Mean reward: 55.71
               Mean episode length: 868.13
           Episode_Reward/progress: 3.6486
              Episode_Reward/alive: 0.4540
            Episode_Reward/upright: 0.0869
     Episode_Reward/move_to_target: 0.4430
          Episode_Reward/action_l2: -0.0174
             Episode_Reward/energy: -0.7486
   Episode_Reward/joint_pos_limits: -0.3047
      Episode_Termination/time_out: 0.8163
  Episode_Termination/torso_height: 0.1837
--------------------------------------------------------------------------------
                   Total timesteps: 4308992
                    Iteration time: 0.34s
                      Time elapsed: 00:01:32
                               ETA: 00:01:23

################################################################################
                      [1m Learning iteration 263/500 [0m                      

                       Computation: 49658 steps/s (collection: 0.240s, learning 0.090s)
             Mean action noise std: 0.25
          Mean value_function loss: 0.0621
               Mean surrogate loss: -0.0066
                 Mean entropy loss: 0.2352
                       Mean reward: 56.98
               Mean episode length: 880.72
           Episode_Reward/progress: 3.3357
              Episode_Reward/alive: 0.4084
            Episode_Reward/upright: 0.0786
     Episode_Reward/move_to_target: 0.4022
          Episode_Reward/action_l2: -0.0157
             Episode_Reward/energy: -0.6715
   Episode_Reward/joint_pos_limits: -0.2752
      Episode_Termination/time_out: 0.8173
  Episode_Termination/torso_height: 0.1827
--------------------------------------------------------------------------------
                   Total timesteps: 4325376
                    Iteration time: 0.33s
                      Time elapsed: 00:01:33
                               ETA: 00:01:23

################################################################################
                      [1m Learning iteration 264/500 [0m                      

                       Computation: 49696 steps/s (collection: 0.240s, learning 0.090s)
             Mean action noise std: 0.25
          Mean value_function loss: 0.0618
               Mean surrogate loss: -0.0061
                 Mean entropy loss: 0.2071
                       Mean reward: 58.15
               Mean episode length: 897.75
           Episode_Reward/progress: 3.9189
              Episode_Reward/alive: 0.5000
            Episode_Reward/upright: 0.0969
     Episode_Reward/move_to_target: 0.4969
          Episode_Reward/action_l2: -0.0188
             Episode_Reward/energy: -0.8020
   Episode_Reward/joint_pos_limits: -0.3376
      Episode_Termination/time_out: 0.8203
  Episode_Termination/torso_height: 0.1797
--------------------------------------------------------------------------------
                   Total timesteps: 4341760
                    Iteration time: 0.33s
                      Time elapsed: 00:01:33
                               ETA: 00:01:23

################################################################################
                      [1m Learning iteration 265/500 [0m                      

                       Computation: 47906 steps/s (collection: 0.252s, learning 0.090s)
             Mean action noise std: 0.25
          Mean value_function loss: 0.0681
               Mean surrogate loss: -0.0060
                 Mean entropy loss: 0.1889
                       Mean reward: 58.03
               Mean episode length: 895.20
           Episode_Reward/progress: 3.7532
              Episode_Reward/alive: 0.4616
            Episode_Reward/upright: 0.0893
     Episode_Reward/move_to_target: 0.4517
          Episode_Reward/action_l2: -0.0176
             Episode_Reward/energy: -0.7560
   Episode_Reward/joint_pos_limits: -0.3148
      Episode_Termination/time_out: 0.8240
  Episode_Termination/torso_height: 0.1760
--------------------------------------------------------------------------------
                   Total timesteps: 4358144
                    Iteration time: 0.34s
                      Time elapsed: 00:01:33
                               ETA: 00:01:22

################################################################################
                      [1m Learning iteration 266/500 [0m                      

                       Computation: 52569 steps/s (collection: 0.241s, learning 0.070s)
             Mean action noise std: 0.25
          Mean value_function loss: 0.0536
               Mean surrogate loss: -0.0074
                 Mean entropy loss: 0.1715
                       Mean reward: 57.00
               Mean episode length: 880.72
           Episode_Reward/progress: 3.3466
              Episode_Reward/alive: 0.4331
            Episode_Reward/upright: 0.0829
     Episode_Reward/move_to_target: 0.4146
          Episode_Reward/action_l2: -0.0164
             Episode_Reward/energy: -0.6872
   Episode_Reward/joint_pos_limits: -0.2958
      Episode_Termination/time_out: 0.8195
  Episode_Termination/torso_height: 0.1805
--------------------------------------------------------------------------------
                   Total timesteps: 4374528
                    Iteration time: 0.31s
                      Time elapsed: 00:01:34
                               ETA: 00:01:22

################################################################################
                      [1m Learning iteration 267/500 [0m                      

                       Computation: 50067 steps/s (collection: 0.255s, learning 0.072s)
             Mean action noise std: 0.25
          Mean value_function loss: 0.0747
               Mean surrogate loss: -0.0078
                 Mean entropy loss: 0.1679
                       Mean reward: 56.43
               Mean episode length: 862.81
           Episode_Reward/progress: 3.4291
              Episode_Reward/alive: 0.4220
            Episode_Reward/upright: 0.0807
     Episode_Reward/move_to_target: 0.4084
          Episode_Reward/action_l2: -0.0162
             Episode_Reward/energy: -0.6945
   Episode_Reward/joint_pos_limits: -0.2839
      Episode_Termination/time_out: 0.8163
  Episode_Termination/torso_height: 0.1837
--------------------------------------------------------------------------------
                   Total timesteps: 4390912
                    Iteration time: 0.33s
                      Time elapsed: 00:01:34
                               ETA: 00:01:22

################################################################################
                      [1m Learning iteration 268/500 [0m                      

                       Computation: 48964 steps/s (collection: 0.247s, learning 0.087s)
             Mean action noise std: 0.25
          Mean value_function loss: 0.0614
               Mean surrogate loss: -0.0054
                 Mean entropy loss: 0.1622
                       Mean reward: 55.99
               Mean episode length: 856.97
           Episode_Reward/progress: 3.4833
              Episode_Reward/alive: 0.4435
            Episode_Reward/upright: 0.0844
     Episode_Reward/move_to_target: 0.4358
          Episode_Reward/action_l2: -0.0170
             Episode_Reward/energy: -0.6968
   Episode_Reward/joint_pos_limits: -0.3083
      Episode_Termination/time_out: 0.8160
  Episode_Termination/torso_height: 0.1840
--------------------------------------------------------------------------------
                   Total timesteps: 4407296
                    Iteration time: 0.33s
                      Time elapsed: 00:01:34
                               ETA: 00:01:21

################################################################################
                      [1m Learning iteration 269/500 [0m                      

                       Computation: 47571 steps/s (collection: 0.249s, learning 0.096s)
             Mean action noise std: 0.25
          Mean value_function loss: 0.0484
               Mean surrogate loss: -0.0095
                 Mean entropy loss: 0.1524
                       Mean reward: 53.25
               Mean episode length: 822.08
           Episode_Reward/progress: 3.0411
              Episode_Reward/alive: 0.3903
            Episode_Reward/upright: 0.0740
     Episode_Reward/move_to_target: 0.3777
          Episode_Reward/action_l2: -0.0148
             Episode_Reward/energy: -0.6203
   Episode_Reward/joint_pos_limits: -0.2676
      Episode_Termination/time_out: 0.8151
  Episode_Termination/torso_height: 0.1849
--------------------------------------------------------------------------------
                   Total timesteps: 4423680
                    Iteration time: 0.34s
                      Time elapsed: 00:01:35
                               ETA: 00:01:21

################################################################################
                      [1m Learning iteration 270/500 [0m                      

                       Computation: 44440 steps/s (collection: 0.281s, learning 0.087s)
             Mean action noise std: 0.25
          Mean value_function loss: 0.0622
               Mean surrogate loss: -0.0065
                 Mean entropy loss: 0.1228
                       Mean reward: 52.76
               Mean episode length: 812.60
           Episode_Reward/progress: 3.6686
              Episode_Reward/alive: 0.4594
            Episode_Reward/upright: 0.0881
     Episode_Reward/move_to_target: 0.4550
          Episode_Reward/action_l2: -0.0173
             Episode_Reward/energy: -0.7437
   Episode_Reward/joint_pos_limits: -0.3051
      Episode_Termination/time_out: 0.8125
  Episode_Termination/torso_height: 0.1875
--------------------------------------------------------------------------------
                   Total timesteps: 4440064
                    Iteration time: 0.37s
                      Time elapsed: 00:01:35
                               ETA: 00:01:21

################################################################################
                      [1m Learning iteration 271/500 [0m                      

                       Computation: 48683 steps/s (collection: 0.246s, learning 0.090s)
             Mean action noise std: 0.25
          Mean value_function loss: 0.0419
               Mean surrogate loss: -0.0073
                 Mean entropy loss: 0.0792
                       Mean reward: 52.54
               Mean episode length: 815.07
           Episode_Reward/progress: 3.2322
              Episode_Reward/alive: 0.4200
            Episode_Reward/upright: 0.0778
     Episode_Reward/move_to_target: 0.3934
          Episode_Reward/action_l2: -0.0164
             Episode_Reward/energy: -0.6576
   Episode_Reward/joint_pos_limits: -0.2929
      Episode_Termination/time_out: 0.8152
  Episode_Termination/torso_height: 0.1848
--------------------------------------------------------------------------------
                   Total timesteps: 4456448
                    Iteration time: 0.34s
                      Time elapsed: 00:01:35
                               ETA: 00:01:20

################################################################################
                      [1m Learning iteration 272/500 [0m                      

                       Computation: 42223 steps/s (collection: 0.299s, learning 0.089s)
             Mean action noise std: 0.25
          Mean value_function loss: 0.0537
               Mean surrogate loss: -0.0030
                 Mean entropy loss: 0.0544
                       Mean reward: 53.41
               Mean episode length: 828.68
           Episode_Reward/progress: 3.8809
              Episode_Reward/alive: 0.4895
            Episode_Reward/upright: 0.0954
     Episode_Reward/move_to_target: 0.4877
          Episode_Reward/action_l2: -0.0183
             Episode_Reward/energy: -0.7885
   Episode_Reward/joint_pos_limits: -0.3279
      Episode_Termination/time_out: 0.8199
  Episode_Termination/torso_height: 0.1801
--------------------------------------------------------------------------------
                   Total timesteps: 4472832
                    Iteration time: 0.39s
                      Time elapsed: 00:01:36
                               ETA: 00:01:20

################################################################################
                      [1m Learning iteration 273/500 [0m                      

                       Computation: 46253 steps/s (collection: 0.261s, learning 0.093s)
             Mean action noise std: 0.25
          Mean value_function loss: 0.0583
               Mean surrogate loss: -0.0076
                 Mean entropy loss: 0.0436
                       Mean reward: 51.97
               Mean episode length: 810.27
           Episode_Reward/progress: 3.5705
              Episode_Reward/alive: 0.4401
            Episode_Reward/upright: 0.0850
     Episode_Reward/move_to_target: 0.4363
          Episode_Reward/action_l2: -0.0168
             Episode_Reward/energy: -0.7272
   Episode_Reward/joint_pos_limits: -0.2992
      Episode_Termination/time_out: 0.8209
  Episode_Termination/torso_height: 0.1791
--------------------------------------------------------------------------------
                   Total timesteps: 4489216
                    Iteration time: 0.35s
                      Time elapsed: 00:01:36
                               ETA: 00:01:19

################################################################################
                      [1m Learning iteration 274/500 [0m                      

                       Computation: 49474 steps/s (collection: 0.242s, learning 0.089s)
             Mean action noise std: 0.25
          Mean value_function loss: 0.0672
               Mean surrogate loss: -0.0074
                 Mean entropy loss: 0.0322
                       Mean reward: 52.93
               Mean episode length: 833.93
           Episode_Reward/progress: 3.6515
              Episode_Reward/alive: 0.5000
            Episode_Reward/upright: 0.0946
     Episode_Reward/move_to_target: 0.4362
          Episode_Reward/action_l2: -0.0195
             Episode_Reward/energy: -0.7509
   Episode_Reward/joint_pos_limits: -0.3556
      Episode_Termination/time_out: 0.8221
  Episode_Termination/torso_height: 0.1779
--------------------------------------------------------------------------------
                   Total timesteps: 4505600
                    Iteration time: 0.33s
                      Time elapsed: 00:01:36
                               ETA: 00:01:19

################################################################################
                      [1m Learning iteration 275/500 [0m                      

                       Computation: 50073 steps/s (collection: 0.241s, learning 0.086s)
             Mean action noise std: 0.25
          Mean value_function loss: 0.0737
               Mean surrogate loss: -0.0081
                 Mean entropy loss: 0.0017
                       Mean reward: 54.95
               Mean episode length: 867.12
           Episode_Reward/progress: 3.3915
              Episode_Reward/alive: 0.4254
            Episode_Reward/upright: 0.0817
     Episode_Reward/move_to_target: 0.4047
          Episode_Reward/action_l2: -0.0162
             Episode_Reward/energy: -0.6666
   Episode_Reward/joint_pos_limits: -0.2958
      Episode_Termination/time_out: 0.8282
  Episode_Termination/torso_height: 0.1718
--------------------------------------------------------------------------------
                   Total timesteps: 4521984
                    Iteration time: 0.33s
                      Time elapsed: 00:01:37
                               ETA: 00:01:19

################################################################################
                      [1m Learning iteration 276/500 [0m                      

                       Computation: 48109 steps/s (collection: 0.250s, learning 0.091s)
             Mean action noise std: 0.25
          Mean value_function loss: 0.0411
               Mean surrogate loss: -0.0083
                 Mean entropy loss: -0.0145
                       Mean reward: 55.60
               Mean episode length: 870.83
           Episode_Reward/progress: 3.5610
              Episode_Reward/alive: 0.4598
            Episode_Reward/upright: 0.0866
     Episode_Reward/move_to_target: 0.4492
          Episode_Reward/action_l2: -0.0173
             Episode_Reward/energy: -0.7254
   Episode_Reward/joint_pos_limits: -0.3136
      Episode_Termination/time_out: 0.8311
  Episode_Termination/torso_height: 0.1689
--------------------------------------------------------------------------------
                   Total timesteps: 4538368
                    Iteration time: 0.34s
                      Time elapsed: 00:01:37
                               ETA: 00:01:18

################################################################################
                      [1m Learning iteration 277/500 [0m                      

                       Computation: 47459 steps/s (collection: 0.257s, learning 0.088s)
             Mean action noise std: 0.25
          Mean value_function loss: 0.0374
               Mean surrogate loss: -0.0071
                 Mean entropy loss: -0.0247
                       Mean reward: 56.37
               Mean episode length: 886.89
           Episode_Reward/progress: 3.7897
              Episode_Reward/alive: 0.4794
            Episode_Reward/upright: 0.0922
     Episode_Reward/move_to_target: 0.4532
          Episode_Reward/action_l2: -0.0186
             Episode_Reward/energy: -0.7671
   Episode_Reward/joint_pos_limits: -0.3312
      Episode_Termination/time_out: 0.8243
  Episode_Termination/torso_height: 0.1757
--------------------------------------------------------------------------------
                   Total timesteps: 4554752
                    Iteration time: 0.35s
                      Time elapsed: 00:01:37
                               ETA: 00:01:18

################################################################################
                      [1m Learning iteration 278/500 [0m                      

                       Computation: 46954 steps/s (collection: 0.258s, learning 0.091s)
             Mean action noise std: 0.25
          Mean value_function loss: 0.0491
               Mean surrogate loss: -0.0042
                 Mean entropy loss: -0.0357
                       Mean reward: 56.88
               Mean episode length: 886.08
           Episode_Reward/progress: 3.2844
              Episode_Reward/alive: 0.4133
            Episode_Reward/upright: 0.0792
     Episode_Reward/move_to_target: 0.4095
          Episode_Reward/action_l2: -0.0158
             Episode_Reward/energy: -0.6569
   Episode_Reward/joint_pos_limits: -0.2859
      Episode_Termination/time_out: 0.8236
  Episode_Termination/torso_height: 0.1764
--------------------------------------------------------------------------------
                   Total timesteps: 4571136
                    Iteration time: 0.35s
                      Time elapsed: 00:01:38
                               ETA: 00:01:18

################################################################################
                      [1m Learning iteration 279/500 [0m                      

                       Computation: 48983 steps/s (collection: 0.245s, learning 0.089s)
             Mean action noise std: 0.25
          Mean value_function loss: 0.0429
               Mean surrogate loss: -0.0046
                 Mean entropy loss: -0.0560
                       Mean reward: 57.23
               Mean episode length: 879.07
           Episode_Reward/progress: 3.6305
              Episode_Reward/alive: 0.4421
            Episode_Reward/upright: 0.0860
     Episode_Reward/move_to_target: 0.4398
          Episode_Reward/action_l2: -0.0167
             Episode_Reward/energy: -0.7233
   Episode_Reward/joint_pos_limits: -0.2993
      Episode_Termination/time_out: 0.8258
  Episode_Termination/torso_height: 0.1742
--------------------------------------------------------------------------------
                   Total timesteps: 4587520
                    Iteration time: 0.33s
                      Time elapsed: 00:01:38
                               ETA: 00:01:17

################################################################################
                      [1m Learning iteration 280/500 [0m                      

                       Computation: 48367 steps/s (collection: 0.249s, learning 0.090s)
             Mean action noise std: 0.24
          Mean value_function loss: 0.0439
               Mean surrogate loss: -0.0083
                 Mean entropy loss: -0.0876
                       Mean reward: 58.51
               Mean episode length: 895.11
           Episode_Reward/progress: 3.7738
              Episode_Reward/alive: 0.4906
            Episode_Reward/upright: 0.0951
     Episode_Reward/move_to_target: 0.4325
          Episode_Reward/action_l2: -0.0190
             Episode_Reward/energy: -0.7496
   Episode_Reward/joint_pos_limits: -0.3493
      Episode_Termination/time_out: 0.8299
  Episode_Termination/torso_height: 0.1701
--------------------------------------------------------------------------------
                   Total timesteps: 4603904
                    Iteration time: 0.34s
                      Time elapsed: 00:01:38
                               ETA: 00:01:17

################################################################################
                      [1m Learning iteration 281/500 [0m                      

                       Computation: 51987 steps/s (collection: 0.245s, learning 0.070s)
             Mean action noise std: 0.24
          Mean value_function loss: 0.0478
               Mean surrogate loss: -0.0060
                 Mean entropy loss: -0.1350
                       Mean reward: 59.48
               Mean episode length: 904.97
           Episode_Reward/progress: 4.1812
              Episode_Reward/alive: 0.5000
            Episode_Reward/upright: 0.0983
     Episode_Reward/move_to_target: 0.4968
          Episode_Reward/action_l2: -0.0188
             Episode_Reward/energy: -0.8288
   Episode_Reward/joint_pos_limits: -0.3335
      Episode_Termination/time_out: 0.8345
  Episode_Termination/torso_height: 0.1655
--------------------------------------------------------------------------------
                   Total timesteps: 4620288
                    Iteration time: 0.32s
                      Time elapsed: 00:01:39
                               ETA: 00:01:17

################################################################################
                      [1m Learning iteration 282/500 [0m                      

                       Computation: 49967 steps/s (collection: 0.258s, learning 0.070s)
             Mean action noise std: 0.24
          Mean value_function loss: 0.0483
               Mean surrogate loss: -0.0077
                 Mean entropy loss: -0.1633
                       Mean reward: 58.92
               Mean episode length: 899.93
           Episode_Reward/progress: 3.3803
              Episode_Reward/alive: 0.4729
            Episode_Reward/upright: 0.0900
     Episode_Reward/move_to_target: 0.3912
          Episode_Reward/action_l2: -0.0185
             Episode_Reward/energy: -0.6858
   Episode_Reward/joint_pos_limits: -0.3456
      Episode_Termination/time_out: 0.8340
  Episode_Termination/torso_height: 0.1660
--------------------------------------------------------------------------------
                   Total timesteps: 4636672
                    Iteration time: 0.33s
                      Time elapsed: 00:01:39
                               ETA: 00:01:16

################################################################################
                      [1m Learning iteration 283/500 [0m                      

                       Computation: 51323 steps/s (collection: 0.251s, learning 0.068s)
             Mean action noise std: 0.24
          Mean value_function loss: 0.0478
               Mean surrogate loss: -0.0074
                 Mean entropy loss: -0.1861
                       Mean reward: 58.61
               Mean episode length: 899.58
           Episode_Reward/progress: 3.8182
              Episode_Reward/alive: 0.4710
            Episode_Reward/upright: 0.0924
     Episode_Reward/move_to_target: 0.4663
          Episode_Reward/action_l2: -0.0179
             Episode_Reward/energy: -0.7492
   Episode_Reward/joint_pos_limits: -0.3231
      Episode_Termination/time_out: 0.8339
  Episode_Termination/torso_height: 0.1661
--------------------------------------------------------------------------------
                   Total timesteps: 4653056
                    Iteration time: 0.32s
                      Time elapsed: 00:01:39
                               ETA: 00:01:16

################################################################################
                      [1m Learning iteration 284/500 [0m                      

                       Computation: 47838 steps/s (collection: 0.255s, learning 0.088s)
             Mean action noise std: 0.24
          Mean value_function loss: 0.0441
               Mean surrogate loss: -0.0073
                 Mean entropy loss: -0.2093
                       Mean reward: 59.87
               Mean episode length: 917.43
           Episode_Reward/progress: 4.1024
              Episode_Reward/alive: 0.5000
            Episode_Reward/upright: 0.0973
     Episode_Reward/move_to_target: 0.4939
          Episode_Reward/action_l2: -0.0188
             Episode_Reward/energy: -0.8149
   Episode_Reward/joint_pos_limits: -0.3352
      Episode_Termination/time_out: 0.8402
  Episode_Termination/torso_height: 0.1598
--------------------------------------------------------------------------------
                   Total timesteps: 4669440
                    Iteration time: 0.34s
                      Time elapsed: 00:01:40
                               ETA: 00:01:15

################################################################################
                      [1m Learning iteration 285/500 [0m                      

                       Computation: 46285 steps/s (collection: 0.265s, learning 0.089s)
             Mean action noise std: 0.24
          Mean value_function loss: 0.0617
               Mean surrogate loss: -0.0073
                 Mean entropy loss: -0.2157
                       Mean reward: 60.18
               Mean episode length: 923.16
           Episode_Reward/progress: 3.4283
              Episode_Reward/alive: 0.4386
            Episode_Reward/upright: 0.0834
     Episode_Reward/move_to_target: 0.4201
          Episode_Reward/action_l2: -0.0166
             Episode_Reward/energy: -0.6911
   Episode_Reward/joint_pos_limits: -0.2995
      Episode_Termination/time_out: 0.8466
  Episode_Termination/torso_height: 0.1534
--------------------------------------------------------------------------------
                   Total timesteps: 4685824
                    Iteration time: 0.35s
                      Time elapsed: 00:01:40
                               ETA: 00:01:15

################################################################################
                      [1m Learning iteration 286/500 [0m                      

                       Computation: 48825 steps/s (collection: 0.246s, learning 0.089s)
             Mean action noise std: 0.24
          Mean value_function loss: 0.0563
               Mean surrogate loss: -0.0078
                 Mean entropy loss: -0.2368
                       Mean reward: 58.72
               Mean episode length: 900.06
           Episode_Reward/progress: 3.2670
              Episode_Reward/alive: 0.4083
            Episode_Reward/upright: 0.0772
     Episode_Reward/move_to_target: 0.3998
          Episode_Reward/action_l2: -0.0157
             Episode_Reward/energy: -0.6592
   Episode_Reward/joint_pos_limits: -0.2808
      Episode_Termination/time_out: 0.8480
  Episode_Termination/torso_height: 0.1520
--------------------------------------------------------------------------------
                   Total timesteps: 4702208
                    Iteration time: 0.34s
                      Time elapsed: 00:01:40
                               ETA: 00:01:15

################################################################################
                      [1m Learning iteration 287/500 [0m                      

                       Computation: 48805 steps/s (collection: 0.246s, learning 0.089s)
             Mean action noise std: 0.24
          Mean value_function loss: 0.0548
               Mean surrogate loss: -0.0034
                 Mean entropy loss: -0.2504
                       Mean reward: 58.31
               Mean episode length: 891.39
           Episode_Reward/progress: 3.5371
              Episode_Reward/alive: 0.4402
            Episode_Reward/upright: 0.0846
     Episode_Reward/move_to_target: 0.4283
          Episode_Reward/action_l2: -0.0169
             Episode_Reward/energy: -0.7008
   Episode_Reward/joint_pos_limits: -0.3023
      Episode_Termination/time_out: 0.8491
  Episode_Termination/torso_height: 0.1509
--------------------------------------------------------------------------------
                   Total timesteps: 4718592
                    Iteration time: 0.34s
                      Time elapsed: 00:01:41
                               ETA: 00:01:14

################################################################################
                      [1m Learning iteration 288/500 [0m                      

                       Computation: 47614 steps/s (collection: 0.255s, learning 0.089s)
             Mean action noise std: 0.24
          Mean value_function loss: 0.0501
               Mean surrogate loss: -0.0065
                 Mean entropy loss: -0.2561
                       Mean reward: 58.91
               Mean episode length: 891.30
           Episode_Reward/progress: 3.7082
              Episode_Reward/alive: 0.4415
            Episode_Reward/upright: 0.0864
     Episode_Reward/move_to_target: 0.4385
          Episode_Reward/action_l2: -0.0169
             Episode_Reward/energy: -0.7236
   Episode_Reward/joint_pos_limits: -0.3000
      Episode_Termination/time_out: 0.8555
  Episode_Termination/torso_height: 0.1445
--------------------------------------------------------------------------------
                   Total timesteps: 4734976
                    Iteration time: 0.34s
                      Time elapsed: 00:01:41
                               ETA: 00:01:14

################################################################################
                      [1m Learning iteration 289/500 [0m                      

                       Computation: 51103 steps/s (collection: 0.231s, learning 0.089s)
             Mean action noise std: 0.24
          Mean value_function loss: 0.0638
               Mean surrogate loss: -0.0065
                 Mean entropy loss: -0.2561
                       Mean reward: 56.91
               Mean episode length: 867.39
           Episode_Reward/progress: 2.8869
              Episode_Reward/alive: 0.3724
            Episode_Reward/upright: 0.0719
     Episode_Reward/move_to_target: 0.3635
          Episode_Reward/action_l2: -0.0140
             Episode_Reward/energy: -0.5760
   Episode_Reward/joint_pos_limits: -0.2548
      Episode_Termination/time_out: 0.8580
  Episode_Termination/torso_height: 0.1420
--------------------------------------------------------------------------------
                   Total timesteps: 4751360
                    Iteration time: 0.32s
                      Time elapsed: 00:01:41
                               ETA: 00:01:14

################################################################################
                      [1m Learning iteration 290/500 [0m                      

                       Computation: 47811 steps/s (collection: 0.252s, learning 0.090s)
             Mean action noise std: 0.24
          Mean value_function loss: 0.0548
               Mean surrogate loss: -0.0049
                 Mean entropy loss: -0.2769
                       Mean reward: 56.26
               Mean episode length: 857.69
           Episode_Reward/progress: 3.7245
              Episode_Reward/alive: 0.4650
            Episode_Reward/upright: 0.0893
     Episode_Reward/move_to_target: 0.4618
          Episode_Reward/action_l2: -0.0177
             Episode_Reward/energy: -0.7417
   Episode_Reward/joint_pos_limits: -0.3171
      Episode_Termination/time_out: 0.8580
  Episode_Termination/torso_height: 0.1420
--------------------------------------------------------------------------------
                   Total timesteps: 4767744
                    Iteration time: 0.34s
                      Time elapsed: 00:01:42
                               ETA: 00:01:13

################################################################################
                      [1m Learning iteration 291/500 [0m                      

                       Computation: 47730 steps/s (collection: 0.253s, learning 0.090s)
             Mean action noise std: 0.24
          Mean value_function loss: 0.0628
               Mean surrogate loss: -0.0060
                 Mean entropy loss: -0.2864
                       Mean reward: 56.60
               Mean episode length: 853.23
           Episode_Reward/progress: 4.1480
              Episode_Reward/alive: 0.4922
            Episode_Reward/upright: 0.0958
     Episode_Reward/move_to_target: 0.4910
          Episode_Reward/action_l2: -0.0187
             Episode_Reward/energy: -0.8102
   Episode_Reward/joint_pos_limits: -0.3360
      Episode_Termination/time_out: 0.8519
  Episode_Termination/torso_height: 0.1481
--------------------------------------------------------------------------------
                   Total timesteps: 4784128
                    Iteration time: 0.34s
                      Time elapsed: 00:01:42
                               ETA: 00:01:13

################################################################################
                      [1m Learning iteration 292/500 [0m                      

                       Computation: 48378 steps/s (collection: 0.249s, learning 0.090s)
             Mean action noise std: 0.24
          Mean value_function loss: 0.0699
               Mean surrogate loss: -0.0060
                 Mean entropy loss: -0.2984
                       Mean reward: 58.95
               Mean episode length: 880.25
           Episode_Reward/progress: 4.0409
              Episode_Reward/alive: 0.4901
            Episode_Reward/upright: 0.0960
     Episode_Reward/move_to_target: 0.4845
          Episode_Reward/action_l2: -0.0186
             Episode_Reward/energy: -0.7983
   Episode_Reward/joint_pos_limits: -0.3318
      Episode_Termination/time_out: 0.8547
  Episode_Termination/torso_height: 0.1453
--------------------------------------------------------------------------------
                   Total timesteps: 4800512
                    Iteration time: 0.34s
                      Time elapsed: 00:01:42
                               ETA: 00:01:13

################################################################################
                      [1m Learning iteration 293/500 [0m                      

                       Computation: 49871 steps/s (collection: 0.241s, learning 0.087s)
             Mean action noise std: 0.24
          Mean value_function loss: 0.0560
               Mean surrogate loss: -0.0077
                 Mean entropy loss: -0.3047
                       Mean reward: 58.26
               Mean episode length: 873.58
           Episode_Reward/progress: 3.4391
              Episode_Reward/alive: 0.4277
            Episode_Reward/upright: 0.0825
     Episode_Reward/move_to_target: 0.4212
          Episode_Reward/action_l2: -0.0160
             Episode_Reward/energy: -0.6758
   Episode_Reward/joint_pos_limits: -0.2930
      Episode_Termination/time_out: 0.8569
  Episode_Termination/torso_height: 0.1431
--------------------------------------------------------------------------------
                   Total timesteps: 4816896
                    Iteration time: 0.33s
                      Time elapsed: 00:01:43
                               ETA: 00:01:12

################################################################################
                      [1m Learning iteration 294/500 [0m                      

                       Computation: 49757 steps/s (collection: 0.240s, learning 0.089s)
             Mean action noise std: 0.24
          Mean value_function loss: 0.0595
               Mean surrogate loss: -0.0065
                 Mean entropy loss: -0.3109
                       Mean reward: 57.75
               Mean episode length: 867.84
           Episode_Reward/progress: 3.7359
              Episode_Reward/alive: 0.4532
            Episode_Reward/upright: 0.0879
     Episode_Reward/move_to_target: 0.4461
          Episode_Reward/action_l2: -0.0171
             Episode_Reward/energy: -0.7356
   Episode_Reward/joint_pos_limits: -0.3065
      Episode_Termination/time_out: 0.8508
  Episode_Termination/torso_height: 0.1492
--------------------------------------------------------------------------------
                   Total timesteps: 4833280
                    Iteration time: 0.33s
                      Time elapsed: 00:01:43
                               ETA: 00:01:12

################################################################################
                      [1m Learning iteration 295/500 [0m                      

                       Computation: 48070 steps/s (collection: 0.254s, learning 0.087s)
             Mean action noise std: 0.24
          Mean value_function loss: 0.0657
               Mean surrogate loss: -0.0054
                 Mean entropy loss: -0.3290
                       Mean reward: 57.96
               Mean episode length: 869.80
           Episode_Reward/progress: 3.6915
              Episode_Reward/alive: 0.4476
            Episode_Reward/upright: 0.0863
     Episode_Reward/move_to_target: 0.4412
          Episode_Reward/action_l2: -0.0171
             Episode_Reward/energy: -0.7318
   Episode_Reward/joint_pos_limits: -0.3043
      Episode_Termination/time_out: 0.8523
  Episode_Termination/torso_height: 0.1477
--------------------------------------------------------------------------------
                   Total timesteps: 4849664
                    Iteration time: 0.34s
                      Time elapsed: 00:01:43
                               ETA: 00:01:11

################################################################################
                      [1m Learning iteration 296/500 [0m                      

                       Computation: 52992 steps/s (collection: 0.241s, learning 0.068s)
             Mean action noise std: 0.24
          Mean value_function loss: 0.0495
               Mean surrogate loss: -0.0075
                 Mean entropy loss: -0.3384
                       Mean reward: 59.16
               Mean episode length: 884.01
           Episode_Reward/progress: 3.9014
              Episode_Reward/alive: 0.4769
            Episode_Reward/upright: 0.0927
     Episode_Reward/move_to_target: 0.4712
          Episode_Reward/action_l2: -0.0179
             Episode_Reward/energy: -0.7645
   Episode_Reward/joint_pos_limits: -0.3237
      Episode_Termination/time_out: 0.8537
  Episode_Termination/torso_height: 0.1463
--------------------------------------------------------------------------------
                   Total timesteps: 4866048
                    Iteration time: 0.31s
                      Time elapsed: 00:01:44
                               ETA: 00:01:11

################################################################################
                      [1m Learning iteration 297/500 [0m                      

                       Computation: 50346 steps/s (collection: 0.256s, learning 0.069s)
             Mean action noise std: 0.24
          Mean value_function loss: 0.0657
               Mean surrogate loss: -0.0069
                 Mean entropy loss: -0.3455
                       Mean reward: 58.10
               Mean episode length: 871.19
           Episode_Reward/progress: 3.8286
              Episode_Reward/alive: 0.4602
            Episode_Reward/upright: 0.0885
     Episode_Reward/move_to_target: 0.4533
          Episode_Reward/action_l2: -0.0174
             Episode_Reward/energy: -0.7421
   Episode_Reward/joint_pos_limits: -0.3169
      Episode_Termination/time_out: 0.8568
  Episode_Termination/torso_height: 0.1432
--------------------------------------------------------------------------------
                   Total timesteps: 4882432
                    Iteration time: 0.33s
                      Time elapsed: 00:01:44
                               ETA: 00:01:11

################################################################################
                      [1m Learning iteration 298/500 [0m                      

                       Computation: 52489 steps/s (collection: 0.243s, learning 0.070s)
             Mean action noise std: 0.24
          Mean value_function loss: 0.0608
               Mean surrogate loss: -0.0081
                 Mean entropy loss: -0.3588
                       Mean reward: 56.64
               Mean episode length: 849.24
           Episode_Reward/progress: 3.7121
              Episode_Reward/alive: 0.4428
            Episode_Reward/upright: 0.0851
     Episode_Reward/move_to_target: 0.4381
          Episode_Reward/action_l2: -0.0169
             Episode_Reward/energy: -0.7251
   Episode_Reward/joint_pos_limits: -0.3034
      Episode_Termination/time_out: 0.8568
  Episode_Termination/torso_height: 0.1432
--------------------------------------------------------------------------------
                   Total timesteps: 4898816
                    Iteration time: 0.31s
                      Time elapsed: 00:01:44
                               ETA: 00:01:10

################################################################################
                      [1m Learning iteration 299/500 [0m                      

                       Computation: 46915 steps/s (collection: 0.258s, learning 0.091s)
             Mean action noise std: 0.24
          Mean value_function loss: 0.0591
               Mean surrogate loss: -0.0068
                 Mean entropy loss: -0.3734
                       Mean reward: 55.87
               Mean episode length: 834.79
           Episode_Reward/progress: 3.3367
              Episode_Reward/alive: 0.4061
            Episode_Reward/upright: 0.0772
     Episode_Reward/move_to_target: 0.3951
          Episode_Reward/action_l2: -0.0154
             Episode_Reward/energy: -0.6419
   Episode_Reward/joint_pos_limits: -0.2782
      Episode_Termination/time_out: 0.8546
  Episode_Termination/torso_height: 0.1454
--------------------------------------------------------------------------------
                   Total timesteps: 4915200
                    Iteration time: 0.35s
                      Time elapsed: 00:01:45
                               ETA: 00:01:10

################################################################################
                      [1m Learning iteration 300/500 [0m                      

                       Computation: 50172 steps/s (collection: 0.259s, learning 0.068s)
             Mean action noise std: 0.24
          Mean value_function loss: 0.0427
               Mean surrogate loss: -0.0077
                 Mean entropy loss: -0.3752
                       Mean reward: 55.44
               Mean episode length: 821.84
           Episode_Reward/progress: 3.6216
              Episode_Reward/alive: 0.4288
            Episode_Reward/upright: 0.0830
     Episode_Reward/move_to_target: 0.4263
          Episode_Reward/action_l2: -0.0162
             Episode_Reward/energy: -0.7008
   Episode_Reward/joint_pos_limits: -0.2918
      Episode_Termination/time_out: 0.8554
  Episode_Termination/torso_height: 0.1446
--------------------------------------------------------------------------------
                   Total timesteps: 4931584
                    Iteration time: 0.33s
                      Time elapsed: 00:01:45
                               ETA: 00:01:10

################################################################################
                      [1m Learning iteration 301/500 [0m                      

                       Computation: 51613 steps/s (collection: 0.249s, learning 0.068s)
             Mean action noise std: 0.24
          Mean value_function loss: 0.0500
               Mean surrogate loss: -0.0060
                 Mean entropy loss: -0.3944
                       Mean reward: 54.84
               Mean episode length: 813.12
           Episode_Reward/progress: 3.8325
              Episode_Reward/alive: 0.4602
            Episode_Reward/upright: 0.0887
     Episode_Reward/move_to_target: 0.4492
          Episode_Reward/action_l2: -0.0173
             Episode_Reward/energy: -0.7427
   Episode_Reward/joint_pos_limits: -0.3098
      Episode_Termination/time_out: 0.8559
  Episode_Termination/torso_height: 0.1441
--------------------------------------------------------------------------------
                   Total timesteps: 4947968
                    Iteration time: 0.32s
                      Time elapsed: 00:01:45
                               ETA: 00:01:09

################################################################################
                      [1m Learning iteration 302/500 [0m                      

                       Computation: 50561 steps/s (collection: 0.254s, learning 0.070s)
             Mean action noise std: 0.24
          Mean value_function loss: 0.0711
               Mean surrogate loss: -0.0051
                 Mean entropy loss: -0.4088
                       Mean reward: 55.77
               Mean episode length: 826.67
           Episode_Reward/progress: 4.0722
              Episode_Reward/alive: 0.4855
            Episode_Reward/upright: 0.0948
     Episode_Reward/move_to_target: 0.4838
          Episode_Reward/action_l2: -0.0181
             Episode_Reward/energy: -0.7934
   Episode_Reward/joint_pos_limits: -0.3269
      Episode_Termination/time_out: 0.8559
  Episode_Termination/torso_height: 0.1441
--------------------------------------------------------------------------------
                   Total timesteps: 4964352
                    Iteration time: 0.32s
                      Time elapsed: 00:01:46
                               ETA: 00:01:09

################################################################################
                      [1m Learning iteration 303/500 [0m                      

                       Computation: 48840 steps/s (collection: 0.245s, learning 0.090s)
             Mean action noise std: 0.24
          Mean value_function loss: 0.0533
               Mean surrogate loss: -0.0061
                 Mean entropy loss: -0.4230
                       Mean reward: 57.45
               Mean episode length: 853.15
           Episode_Reward/progress: 4.0082
              Episode_Reward/alive: 0.5000
            Episode_Reward/upright: 0.0974
     Episode_Reward/move_to_target: 0.4754
          Episode_Reward/action_l2: -0.0188
             Episode_Reward/energy: -0.7851
   Episode_Reward/joint_pos_limits: -0.3467
      Episode_Termination/time_out: 0.8637
  Episode_Termination/torso_height: 0.1363
--------------------------------------------------------------------------------
                   Total timesteps: 4980736
                    Iteration time: 0.34s
                      Time elapsed: 00:01:46
                               ETA: 00:01:09

################################################################################
                      [1m Learning iteration 304/500 [0m                      

                       Computation: 49515 steps/s (collection: 0.241s, learning 0.090s)
             Mean action noise std: 0.23
          Mean value_function loss: 0.0391
               Mean surrogate loss: -0.0079
                 Mean entropy loss: -0.4357
                       Mean reward: 58.54
               Mean episode length: 864.75
           Episode_Reward/progress: 3.1181
              Episode_Reward/alive: 0.3710
            Episode_Reward/upright: 0.0710
     Episode_Reward/move_to_target: 0.3623
          Episode_Reward/action_l2: -0.0141
             Episode_Reward/energy: -0.6031
   Episode_Reward/joint_pos_limits: -0.2530
      Episode_Termination/time_out: 0.8628
  Episode_Termination/torso_height: 0.1372
--------------------------------------------------------------------------------
                   Total timesteps: 4997120
                    Iteration time: 0.33s
                      Time elapsed: 00:01:46
                               ETA: 00:01:08

################################################################################
                      [1m Learning iteration 305/500 [0m                      

                       Computation: 48222 steps/s (collection: 0.252s, learning 0.087s)
             Mean action noise std: 0.23
          Mean value_function loss: 0.0498
               Mean surrogate loss: -0.0054
                 Mean entropy loss: -0.4487
                       Mean reward: 57.13
               Mean episode length: 850.89
           Episode_Reward/progress: 2.9361
              Episode_Reward/alive: 0.3590
            Episode_Reward/upright: 0.0667
     Episode_Reward/move_to_target: 0.3436
          Episode_Reward/action_l2: -0.0138
             Episode_Reward/energy: -0.5662
   Episode_Reward/joint_pos_limits: -0.2495
      Episode_Termination/time_out: 0.8571
  Episode_Termination/torso_height: 0.1429
--------------------------------------------------------------------------------
                   Total timesteps: 5013504
                    Iteration time: 0.34s
                      Time elapsed: 00:01:47
                               ETA: 00:01:08

################################################################################
                      [1m Learning iteration 306/500 [0m                      

                       Computation: 51336 steps/s (collection: 0.242s, learning 0.077s)
             Mean action noise std: 0.23
          Mean value_function loss: 0.0483
               Mean surrogate loss: -0.0055
                 Mean entropy loss: -0.4854
                       Mean reward: 58.94
               Mean episode length: 873.89
           Episode_Reward/progress: 4.3620
              Episode_Reward/alive: 0.5000
            Episode_Reward/upright: 0.0985
     Episode_Reward/move_to_target: 0.4986
          Episode_Reward/action_l2: -0.0190
             Episode_Reward/energy: -0.8377
   Episode_Reward/joint_pos_limits: -0.3354
      Episode_Termination/time_out: 0.8584
  Episode_Termination/torso_height: 0.1416
--------------------------------------------------------------------------------
                   Total timesteps: 5029888
                    Iteration time: 0.32s
                      Time elapsed: 00:01:47
                               ETA: 00:01:07

################################################################################
                      [1m Learning iteration 307/500 [0m                      

                       Computation: 47055 steps/s (collection: 0.256s, learning 0.092s)
             Mean action noise std: 0.23
          Mean value_function loss: 0.0485
               Mean surrogate loss: -0.0062
                 Mean entropy loss: -0.5104
                       Mean reward: 59.40
               Mean episode length: 878.71
           Episode_Reward/progress: 4.0880
              Episode_Reward/alive: 0.4894
            Episode_Reward/upright: 0.0949
     Episode_Reward/move_to_target: 0.4806
          Episode_Reward/action_l2: -0.0185
             Episode_Reward/energy: -0.7929
   Episode_Reward/joint_pos_limits: -0.3306
      Episode_Termination/time_out: 0.8676
  Episode_Termination/torso_height: 0.1324
--------------------------------------------------------------------------------
                   Total timesteps: 5046272
                    Iteration time: 0.35s
                      Time elapsed: 00:01:47
                               ETA: 00:01:07

################################################################################
                      [1m Learning iteration 308/500 [0m                      

                       Computation: 47718 steps/s (collection: 0.255s, learning 0.089s)
             Mean action noise std: 0.23
          Mean value_function loss: 0.0573
               Mean surrogate loss: -0.0079
                 Mean entropy loss: -0.5338
                       Mean reward: 60.77
               Mean episode length: 891.38
           Episode_Reward/progress: 4.2080
              Episode_Reward/alive: 0.4953
            Episode_Reward/upright: 0.0969
     Episode_Reward/move_to_target: 0.4900
          Episode_Reward/action_l2: -0.0184
             Episode_Reward/energy: -0.8004
   Episode_Reward/joint_pos_limits: -0.3327
      Episode_Termination/time_out: 0.8685
  Episode_Termination/torso_height: 0.1315
--------------------------------------------------------------------------------
                   Total timesteps: 5062656
                    Iteration time: 0.34s
                      Time elapsed: 00:01:48
                               ETA: 00:01:07

################################################################################
                      [1m Learning iteration 309/500 [0m                      

                       Computation: 47243 steps/s (collection: 0.257s, learning 0.089s)
             Mean action noise std: 0.23
          Mean value_function loss: 0.0517
               Mean surrogate loss: -0.0033
                 Mean entropy loss: -0.5490
                       Mean reward: 61.40
               Mean episode length: 897.61
           Episode_Reward/progress: 3.5053
              Episode_Reward/alive: 0.4168
            Episode_Reward/upright: 0.0802
     Episode_Reward/move_to_target: 0.4103
          Episode_Reward/action_l2: -0.0157
             Episode_Reward/energy: -0.6760
   Episode_Reward/joint_pos_limits: -0.2798
      Episode_Termination/time_out: 0.8676
  Episode_Termination/torso_height: 0.1324
--------------------------------------------------------------------------------
                   Total timesteps: 5079040
                    Iteration time: 0.35s
                      Time elapsed: 00:01:48
                               ETA: 00:01:06

################################################################################
                      [1m Learning iteration 310/500 [0m                      

                       Computation: 47879 steps/s (collection: 0.252s, learning 0.090s)
             Mean action noise std: 0.23
          Mean value_function loss: 0.0529
               Mean surrogate loss: -0.0088
                 Mean entropy loss: -0.5801
                       Mean reward: 59.45
               Mean episode length: 868.11
           Episode_Reward/progress: 3.6733
              Episode_Reward/alive: 0.4354
            Episode_Reward/upright: 0.0841
     Episode_Reward/move_to_target: 0.4298
          Episode_Reward/action_l2: -0.0165
             Episode_Reward/energy: -0.7125
   Episode_Reward/joint_pos_limits: -0.2916
      Episode_Termination/time_out: 0.8596
  Episode_Termination/torso_height: 0.1404
--------------------------------------------------------------------------------
                   Total timesteps: 5095424
                    Iteration time: 0.34s
                      Time elapsed: 00:01:48
                               ETA: 00:01:06

################################################################################
                      [1m Learning iteration 311/500 [0m                      

                       Computation: 49294 steps/s (collection: 0.242s, learning 0.090s)
             Mean action noise std: 0.23
          Mean value_function loss: 0.0568
               Mean surrogate loss: -0.0070
                 Mean entropy loss: -0.6195
                       Mean reward: 57.73
               Mean episode length: 843.52
           Episode_Reward/progress: 2.6836
              Episode_Reward/alive: 0.3343
            Episode_Reward/upright: 0.0631
     Episode_Reward/move_to_target: 0.3207
          Episode_Reward/action_l2: -0.0127
             Episode_Reward/energy: -0.5249
   Episode_Reward/joint_pos_limits: -0.2272
      Episode_Termination/time_out: 0.8525
  Episode_Termination/torso_height: 0.1475
--------------------------------------------------------------------------------
                   Total timesteps: 5111808
                    Iteration time: 0.33s
                      Time elapsed: 00:01:49
                               ETA: 00:01:06

################################################################################
                      [1m Learning iteration 312/500 [0m                      

                       Computation: 46630 steps/s (collection: 0.261s, learning 0.090s)
             Mean action noise std: 0.23
          Mean value_function loss: 0.0434
               Mean surrogate loss: -0.0036
                 Mean entropy loss: -0.6152
                       Mean reward: 57.26
               Mean episode length: 834.52
           Episode_Reward/progress: 4.0626
              Episode_Reward/alive: 0.4740
            Episode_Reward/upright: 0.0925
     Episode_Reward/move_to_target: 0.4707
          Episode_Reward/action_l2: -0.0176
             Episode_Reward/energy: -0.7722
   Episode_Reward/joint_pos_limits: -0.3158
      Episode_Termination/time_out: 0.8483
  Episode_Termination/torso_height: 0.1517
--------------------------------------------------------------------------------
                   Total timesteps: 5128192
                    Iteration time: 0.35s
                      Time elapsed: 00:01:49
                               ETA: 00:01:05

################################################################################
                      [1m Learning iteration 313/500 [0m                      

                       Computation: 48182 steps/s (collection: 0.251s, learning 0.089s)
             Mean action noise std: 0.23
          Mean value_function loss: 0.0652
               Mean surrogate loss: -0.0072
                 Mean entropy loss: -0.6291
                       Mean reward: 56.30
               Mean episode length: 818.52
           Episode_Reward/progress: 3.9035
              Episode_Reward/alive: 0.4782
            Episode_Reward/upright: 0.0927
     Episode_Reward/move_to_target: 0.4738
          Episode_Reward/action_l2: -0.0180
             Episode_Reward/energy: -0.7645
   Episode_Reward/joint_pos_limits: -0.3219
      Episode_Termination/time_out: 0.8476
  Episode_Termination/torso_height: 0.1524
--------------------------------------------------------------------------------
                   Total timesteps: 5144576
                    Iteration time: 0.34s
                      Time elapsed: 00:01:49
                               ETA: 00:01:05

################################################################################
                      [1m Learning iteration 314/500 [0m                      

                       Computation: 47598 steps/s (collection: 0.254s, learning 0.090s)
             Mean action noise std: 0.23
          Mean value_function loss: 0.0443
               Mean surrogate loss: -0.0070
                 Mean entropy loss: -0.6396
                       Mean reward: 57.75
               Mean episode length: 835.68
           Episode_Reward/progress: 4.3031
              Episode_Reward/alive: 0.4908
            Episode_Reward/upright: 0.0967
     Episode_Reward/move_to_target: 0.4893
          Episode_Reward/action_l2: -0.0184
             Episode_Reward/energy: -0.8199
   Episode_Reward/joint_pos_limits: -0.3272
      Episode_Termination/time_out: 0.8451
  Episode_Termination/torso_height: 0.1549
--------------------------------------------------------------------------------
                   Total timesteps: 5160960
                    Iteration time: 0.34s
                      Time elapsed: 00:01:50
                               ETA: 00:01:05

################################################################################
                      [1m Learning iteration 315/500 [0m                      

                       Computation: 46007 steps/s (collection: 0.267s, learning 0.089s)
             Mean action noise std: 0.23
          Mean value_function loss: 0.0685
               Mean surrogate loss: -0.0061
                 Mean entropy loss: -0.6546
                       Mean reward: 60.24
               Mean episode length: 866.19
           Episode_Reward/progress: 3.5999
              Episode_Reward/alive: 0.4317
            Episode_Reward/upright: 0.0822
     Episode_Reward/move_to_target: 0.4136
          Episode_Reward/action_l2: -0.0162
             Episode_Reward/energy: -0.6783
   Episode_Reward/joint_pos_limits: -0.2952
      Episode_Termination/time_out: 0.8430
  Episode_Termination/torso_height: 0.1570
--------------------------------------------------------------------------------
                   Total timesteps: 5177344
                    Iteration time: 0.36s
                      Time elapsed: 00:01:50
                               ETA: 00:01:04

################################################################################
                      [1m Learning iteration 316/500 [0m                      

                       Computation: 49257 steps/s (collection: 0.244s, learning 0.089s)
             Mean action noise std: 0.23
          Mean value_function loss: 0.0618
               Mean surrogate loss: -0.0088
                 Mean entropy loss: -0.6680
                       Mean reward: 60.72
               Mean episode length: 872.90
           Episode_Reward/progress: 3.6956
              Episode_Reward/alive: 0.4663
            Episode_Reward/upright: 0.0886
     Episode_Reward/move_to_target: 0.4260
          Episode_Reward/action_l2: -0.0176
             Episode_Reward/energy: -0.7185
   Episode_Reward/joint_pos_limits: -0.3212
      Episode_Termination/time_out: 0.8447
  Episode_Termination/torso_height: 0.1553
--------------------------------------------------------------------------------
                   Total timesteps: 5193728
                    Iteration time: 0.33s
                      Time elapsed: 00:01:50
                               ETA: 00:01:04

################################################################################
                      [1m Learning iteration 317/500 [0m                      

                       Computation: 48307 steps/s (collection: 0.250s, learning 0.089s)
             Mean action noise std: 0.23
          Mean value_function loss: 0.0701
               Mean surrogate loss: -0.0056
                 Mean entropy loss: -0.6727
                       Mean reward: 59.63
               Mean episode length: 862.01
           Episode_Reward/progress: 3.5119
              Episode_Reward/alive: 0.4250
            Episode_Reward/upright: 0.0817
     Episode_Reward/move_to_target: 0.4200
          Episode_Reward/action_l2: -0.0158
             Episode_Reward/energy: -0.6830
   Episode_Reward/joint_pos_limits: -0.2864
      Episode_Termination/time_out: 0.8442
  Episode_Termination/torso_height: 0.1558
--------------------------------------------------------------------------------
                   Total timesteps: 5210112
                    Iteration time: 0.34s
                      Time elapsed: 00:01:51
                               ETA: 00:01:04

################################################################################
                      [1m Learning iteration 318/500 [0m                      

                       Computation: 47790 steps/s (collection: 0.254s, learning 0.089s)
             Mean action noise std: 0.23
          Mean value_function loss: 0.0644
               Mean surrogate loss: -0.0062
                 Mean entropy loss: -0.6850
                       Mean reward: 57.47
               Mean episode length: 835.88
           Episode_Reward/progress: 3.1233
              Episode_Reward/alive: 0.3807
            Episode_Reward/upright: 0.0712
     Episode_Reward/move_to_target: 0.3729
          Episode_Reward/action_l2: -0.0143
             Episode_Reward/energy: -0.6049
   Episode_Reward/joint_pos_limits: -0.2575
      Episode_Termination/time_out: 0.8405
  Episode_Termination/torso_height: 0.1595
--------------------------------------------------------------------------------
                   Total timesteps: 5226496
                    Iteration time: 0.34s
                      Time elapsed: 00:01:51
                               ETA: 00:01:03

################################################################################
                      [1m Learning iteration 319/500 [0m                      

                       Computation: 49982 steps/s (collection: 0.238s, learning 0.089s)
             Mean action noise std: 0.23
          Mean value_function loss: 0.0677
               Mean surrogate loss: -0.0084
                 Mean entropy loss: -0.6968
                       Mean reward: 55.25
               Mean episode length: 807.20
           Episode_Reward/progress: 2.5601
              Episode_Reward/alive: 0.3204
            Episode_Reward/upright: 0.0587
     Episode_Reward/move_to_target: 0.3021
          Episode_Reward/action_l2: -0.0123
             Episode_Reward/energy: -0.4951
   Episode_Reward/joint_pos_limits: -0.2205
      Episode_Termination/time_out: 0.8364
  Episode_Termination/torso_height: 0.1636
--------------------------------------------------------------------------------
                   Total timesteps: 5242880
                    Iteration time: 0.33s
                      Time elapsed: 00:01:51
                               ETA: 00:01:03

################################################################################
                      [1m Learning iteration 320/500 [0m                      

                       Computation: 48395 steps/s (collection: 0.250s, learning 0.089s)
             Mean action noise std: 0.23
          Mean value_function loss: 0.0550
               Mean surrogate loss: -0.0055
                 Mean entropy loss: -0.7084
                       Mean reward: 55.49
               Mean episode length: 810.33
           Episode_Reward/progress: 3.4982
              Episode_Reward/alive: 0.4053
            Episode_Reward/upright: 0.0782
     Episode_Reward/move_to_target: 0.3961
          Episode_Reward/action_l2: -0.0154
             Episode_Reward/energy: -0.6669
   Episode_Reward/joint_pos_limits: -0.2704
      Episode_Termination/time_out: 0.8333
  Episode_Termination/torso_height: 0.1667
--------------------------------------------------------------------------------
                   Total timesteps: 5259264
                    Iteration time: 0.34s
                      Time elapsed: 00:01:52
                               ETA: 00:01:02

################################################################################
                      [1m Learning iteration 321/500 [0m                      

                       Computation: 48201 steps/s (collection: 0.251s, learning 0.089s)
             Mean action noise std: 0.23
          Mean value_function loss: 0.0630
               Mean surrogate loss: -0.0070
                 Mean entropy loss: -0.7225
                       Mean reward: 55.16
               Mean episode length: 803.82
           Episode_Reward/progress: 3.8482
              Episode_Reward/alive: 0.4702
            Episode_Reward/upright: 0.0886
     Episode_Reward/move_to_target: 0.4591
          Episode_Reward/action_l2: -0.0175
             Episode_Reward/energy: -0.7447
   Episode_Reward/joint_pos_limits: -0.3132
      Episode_Termination/time_out: 0.8366
  Episode_Termination/torso_height: 0.1634
--------------------------------------------------------------------------------
                   Total timesteps: 5275648
                    Iteration time: 0.34s
                      Time elapsed: 00:01:52
                               ETA: 00:01:02

################################################################################
                      [1m Learning iteration 322/500 [0m                      

                       Computation: 47579 steps/s (collection: 0.254s, learning 0.090s)
             Mean action noise std: 0.23
          Mean value_function loss: 0.0590
               Mean surrogate loss: -0.0077
                 Mean entropy loss: -0.7274
                       Mean reward: 56.43
               Mean episode length: 817.27
           Episode_Reward/progress: 4.1472
              Episode_Reward/alive: 0.4801
            Episode_Reward/upright: 0.0942
     Episode_Reward/move_to_target: 0.4769
          Episode_Reward/action_l2: -0.0179
             Episode_Reward/energy: -0.7879
   Episode_Reward/joint_pos_limits: -0.3180
      Episode_Termination/time_out: 0.8328
  Episode_Termination/torso_height: 0.1672
--------------------------------------------------------------------------------
                   Total timesteps: 5292032
                    Iteration time: 0.34s
                      Time elapsed: 00:01:52
                               ETA: 00:01:02

################################################################################
                      [1m Learning iteration 323/500 [0m                      

                       Computation: 48770 steps/s (collection: 0.244s, learning 0.092s)
             Mean action noise std: 0.23
          Mean value_function loss: 0.0558
               Mean surrogate loss: -0.0076
                 Mean entropy loss: -0.7416
                       Mean reward: 57.88
               Mean episode length: 833.75
           Episode_Reward/progress: 3.6206
              Episode_Reward/alive: 0.4278
            Episode_Reward/upright: 0.0827
     Episode_Reward/move_to_target: 0.4211
          Episode_Reward/action_l2: -0.0162
             Episode_Reward/energy: -0.7091
   Episode_Reward/joint_pos_limits: -0.2822
      Episode_Termination/time_out: 0.8322
  Episode_Termination/torso_height: 0.1678
--------------------------------------------------------------------------------
                   Total timesteps: 5308416
                    Iteration time: 0.34s
                      Time elapsed: 00:01:53
                               ETA: 00:01:01

################################################################################
                      [1m Learning iteration 324/500 [0m                      

                       Computation: 49143 steps/s (collection: 0.245s, learning 0.088s)
             Mean action noise std: 0.23
          Mean value_function loss: 0.0468
               Mean surrogate loss: -0.0066
                 Mean entropy loss: -0.7604
                       Mean reward: 57.31
               Mean episode length: 824.79
           Episode_Reward/progress: 3.9289
              Episode_Reward/alive: 0.4423
            Episode_Reward/upright: 0.0868
     Episode_Reward/move_to_target: 0.4402
          Episode_Reward/action_l2: -0.0168
             Episode_Reward/energy: -0.7605
   Episode_Reward/joint_pos_limits: -0.2898
      Episode_Termination/time_out: 0.8352
  Episode_Termination/torso_height: 0.1648
--------------------------------------------------------------------------------
                   Total timesteps: 5324800
                    Iteration time: 0.33s
                      Time elapsed: 00:01:53
                               ETA: 00:01:01

################################################################################
                      [1m Learning iteration 325/500 [0m                      

                       Computation: 47994 steps/s (collection: 0.253s, learning 0.088s)
             Mean action noise std: 0.23
          Mean value_function loss: 0.0697
               Mean surrogate loss: -0.0081
                 Mean entropy loss: -0.7967
                       Mean reward: 60.25
               Mean episode length: 863.91
           Episode_Reward/progress: 4.1902
              Episode_Reward/alive: 0.4877
            Episode_Reward/upright: 0.0947
     Episode_Reward/move_to_target: 0.4826
          Episode_Reward/action_l2: -0.0183
             Episode_Reward/energy: -0.8075
   Episode_Reward/joint_pos_limits: -0.3197
      Episode_Termination/time_out: 0.8337
  Episode_Termination/torso_height: 0.1663
--------------------------------------------------------------------------------
                   Total timesteps: 5341184
                    Iteration time: 0.34s
                      Time elapsed: 00:01:53
                               ETA: 00:01:01

################################################################################
                      [1m Learning iteration 326/500 [0m                      

                       Computation: 48631 steps/s (collection: 0.247s, learning 0.090s)
             Mean action noise std: 0.22
          Mean value_function loss: 0.0580
               Mean surrogate loss: -0.0065
                 Mean entropy loss: -0.8174
                       Mean reward: 59.75
               Mean episode length: 858.59
           Episode_Reward/progress: 3.1993
              Episode_Reward/alive: 0.3940
            Episode_Reward/upright: 0.0743
     Episode_Reward/move_to_target: 0.3771
          Episode_Reward/action_l2: -0.0148
             Episode_Reward/energy: -0.6335
   Episode_Reward/joint_pos_limits: -0.2601
      Episode_Termination/time_out: 0.8302
  Episode_Termination/torso_height: 0.1698
--------------------------------------------------------------------------------
                   Total timesteps: 5357568
                    Iteration time: 0.34s
                      Time elapsed: 00:01:54
                               ETA: 00:01:00

################################################################################
                      [1m Learning iteration 327/500 [0m                      

                       Computation: 48174 steps/s (collection: 0.252s, learning 0.089s)
             Mean action noise std: 0.22
          Mean value_function loss: 0.0654
               Mean surrogate loss: -0.0038
                 Mean entropy loss: -0.8367
                       Mean reward: 60.97
               Mean episode length: 864.25
           Episode_Reward/progress: 4.2406
              Episode_Reward/alive: 0.4840
            Episode_Reward/upright: 0.0936
     Episode_Reward/move_to_target: 0.4802
          Episode_Reward/action_l2: -0.0182
             Episode_Reward/energy: -0.8112
   Episode_Reward/joint_pos_limits: -0.3173
      Episode_Termination/time_out: 0.8322
  Episode_Termination/torso_height: 0.1678
--------------------------------------------------------------------------------
                   Total timesteps: 5373952
                    Iteration time: 0.34s
                      Time elapsed: 00:01:54
                               ETA: 00:01:00

################################################################################
                      [1m Learning iteration 328/500 [0m                      

                       Computation: 49516 steps/s (collection: 0.241s, learning 0.089s)
             Mean action noise std: 0.22
          Mean value_function loss: 0.0849
               Mean surrogate loss: -0.0082
                 Mean entropy loss: -0.8613
                       Mean reward: 60.05
               Mean episode length: 851.26
           Episode_Reward/progress: 3.8072
              Episode_Reward/alive: 0.4419
            Episode_Reward/upright: 0.0855
     Episode_Reward/move_to_target: 0.4372
          Episode_Reward/action_l2: -0.0168
             Episode_Reward/energy: -0.7380
   Episode_Reward/joint_pos_limits: -0.2907
      Episode_Termination/time_out: 0.8361
  Episode_Termination/torso_height: 0.1639
--------------------------------------------------------------------------------
                   Total timesteps: 5390336
                    Iteration time: 0.33s
                      Time elapsed: 00:01:54
                               ETA: 00:01:00

################################################################################
                      [1m Learning iteration 329/500 [0m                      

                       Computation: 46874 steps/s (collection: 0.260s, learning 0.090s)
             Mean action noise std: 0.22
          Mean value_function loss: 0.0614
               Mean surrogate loss: -0.0070
                 Mean entropy loss: -0.9026
                       Mean reward: 62.55
               Mean episode length: 882.25
           Episode_Reward/progress: 4.2797
              Episode_Reward/alive: 0.4901
            Episode_Reward/upright: 0.0952
     Episode_Reward/move_to_target: 0.4878
          Episode_Reward/action_l2: -0.0186
             Episode_Reward/energy: -0.8225
   Episode_Reward/joint_pos_limits: -0.3237
      Episode_Termination/time_out: 0.8448
  Episode_Termination/torso_height: 0.1552
--------------------------------------------------------------------------------
                   Total timesteps: 5406720
                    Iteration time: 0.35s
                      Time elapsed: 00:01:55
                               ETA: 00:00:59

################################################################################
                      [1m Learning iteration 330/500 [0m                      

                       Computation: 48153 steps/s (collection: 0.252s, learning 0.088s)
             Mean action noise std: 0.22
          Mean value_function loss: 0.0700
               Mean surrogate loss: -0.0062
                 Mean entropy loss: -0.9193
                       Mean reward: 63.85
               Mean episode length: 899.47
           Episode_Reward/progress: 4.2062
              Episode_Reward/alive: 0.4816
            Episode_Reward/upright: 0.0935
     Episode_Reward/move_to_target: 0.4747
          Episode_Reward/action_l2: -0.0181
             Episode_Reward/energy: -0.8062
   Episode_Reward/joint_pos_limits: -0.3154
      Episode_Termination/time_out: 0.8486
  Episode_Termination/torso_height: 0.1514
--------------------------------------------------------------------------------
                   Total timesteps: 5423104
                    Iteration time: 0.34s
                      Time elapsed: 00:01:55
                               ETA: 00:00:59

################################################################################
                      [1m Learning iteration 331/500 [0m                      

                       Computation: 49616 steps/s (collection: 0.241s, learning 0.089s)
             Mean action noise std: 0.22
          Mean value_function loss: 0.0561
               Mean surrogate loss: -0.0057
                 Mean entropy loss: -0.9213
                       Mean reward: 64.34
               Mean episode length: 909.69
           Episode_Reward/progress: 4.1535
              Episode_Reward/alive: 0.4965
            Episode_Reward/upright: 0.0948
     Episode_Reward/move_to_target: 0.4703
          Episode_Reward/action_l2: -0.0188
             Episode_Reward/energy: -0.8215
   Episode_Reward/joint_pos_limits: -0.3254
      Episode_Termination/time_out: 0.8554
  Episode_Termination/torso_height: 0.1446
--------------------------------------------------------------------------------
                   Total timesteps: 5439488
                    Iteration time: 0.33s
                      Time elapsed: 00:01:56
                               ETA: 00:00:59

################################################################################
                      [1m Learning iteration 332/500 [0m                      

                       Computation: 48531 steps/s (collection: 0.248s, learning 0.089s)
             Mean action noise std: 0.22
          Mean value_function loss: 0.0619
               Mean surrogate loss: -0.0067
                 Mean entropy loss: -0.9125
                       Mean reward: 62.80
               Mean episode length: 886.09
           Episode_Reward/progress: 3.1850
              Episode_Reward/alive: 0.3688
            Episode_Reward/upright: 0.0697
     Episode_Reward/move_to_target: 0.3635
          Episode_Reward/action_l2: -0.0139
             Episode_Reward/energy: -0.6084
   Episode_Reward/joint_pos_limits: -0.2439
      Episode_Termination/time_out: 0.8519
  Episode_Termination/torso_height: 0.1481
--------------------------------------------------------------------------------
                   Total timesteps: 5455872
                    Iteration time: 0.34s
                      Time elapsed: 00:01:56
                               ETA: 00:00:58

################################################################################
                      [1m Learning iteration 333/500 [0m                      

                       Computation: 49282 steps/s (collection: 0.242s, learning 0.091s)
             Mean action noise std: 0.22
          Mean value_function loss: 0.0572
               Mean surrogate loss: -0.0069
                 Mean entropy loss: -0.9157
                       Mean reward: 62.82
               Mean episode length: 887.94
           Episode_Reward/progress: 4.1202
              Episode_Reward/alive: 0.4726
            Episode_Reward/upright: 0.0904
     Episode_Reward/move_to_target: 0.4349
          Episode_Reward/action_l2: -0.0182
             Episode_Reward/energy: -0.7788
   Episode_Reward/joint_pos_limits: -0.3147
      Episode_Termination/time_out: 0.8496
  Episode_Termination/torso_height: 0.1504
--------------------------------------------------------------------------------
                   Total timesteps: 5472256
                    Iteration time: 0.33s
                      Time elapsed: 00:01:56
                               ETA: 00:00:58

################################################################################
                      [1m Learning iteration 334/500 [0m                      

                       Computation: 48329 steps/s (collection: 0.248s, learning 0.091s)
             Mean action noise std: 0.22
          Mean value_function loss: 0.0757
               Mean surrogate loss: -0.0034
                 Mean entropy loss: -0.9380
                       Mean reward: 62.60
               Mean episode length: 886.01
           Episode_Reward/progress: 4.1312
              Episode_Reward/alive: 0.4749
            Episode_Reward/upright: 0.0915
     Episode_Reward/move_to_target: 0.4678
          Episode_Reward/action_l2: -0.0178
             Episode_Reward/energy: -0.7953
   Episode_Reward/joint_pos_limits: -0.3087
      Episode_Termination/time_out: 0.8527
  Episode_Termination/torso_height: 0.1473
--------------------------------------------------------------------------------
                   Total timesteps: 5488640
                    Iteration time: 0.34s
                      Time elapsed: 00:01:57
                               ETA: 00:00:57

################################################################################
                      [1m Learning iteration 335/500 [0m                      

                       Computation: 47293 steps/s (collection: 0.257s, learning 0.089s)
             Mean action noise std: 0.22
          Mean value_function loss: 0.0436
               Mean surrogate loss: -0.0059
                 Mean entropy loss: -0.9657
                       Mean reward: 62.45
               Mean episode length: 875.91
           Episode_Reward/progress: 3.9018
              Episode_Reward/alive: 0.4401
            Episode_Reward/upright: 0.0853
     Episode_Reward/move_to_target: 0.4330
          Episode_Reward/action_l2: -0.0165
             Episode_Reward/energy: -0.7400
   Episode_Reward/joint_pos_limits: -0.2865
      Episode_Termination/time_out: 0.8589
  Episode_Termination/torso_height: 0.1411
--------------------------------------------------------------------------------
                   Total timesteps: 5505024
                    Iteration time: 0.35s
                      Time elapsed: 00:01:57
                               ETA: 00:00:57

################################################################################
                      [1m Learning iteration 336/500 [0m                      

                       Computation: 49562 steps/s (collection: 0.241s, learning 0.090s)
             Mean action noise std: 0.22
          Mean value_function loss: 0.0534
               Mean surrogate loss: -0.0056
                 Mean entropy loss: -0.9924
                       Mean reward: 62.48
               Mean episode length: 874.96
           Episode_Reward/progress: 3.9512
              Episode_Reward/alive: 0.4635
            Episode_Reward/upright: 0.0896
     Episode_Reward/move_to_target: 0.4510
          Episode_Reward/action_l2: -0.0172
             Episode_Reward/energy: -0.7597
   Episode_Reward/joint_pos_limits: -0.3012
      Episode_Termination/time_out: 0.8571
  Episode_Termination/torso_height: 0.1429
--------------------------------------------------------------------------------
                   Total timesteps: 5521408
                    Iteration time: 0.33s
                      Time elapsed: 00:01:57
                               ETA: 00:00:57

################################################################################
                      [1m Learning iteration 337/500 [0m                      

                       Computation: 48547 steps/s (collection: 0.248s, learning 0.089s)
             Mean action noise std: 0.22
          Mean value_function loss: 0.0606
               Mean surrogate loss: -0.0065
                 Mean entropy loss: -1.0085
                       Mean reward: 62.41
               Mean episode length: 877.57
           Episode_Reward/progress: 4.1239
              Episode_Reward/alive: 0.4757
            Episode_Reward/upright: 0.0919
     Episode_Reward/move_to_target: 0.4640
          Episode_Reward/action_l2: -0.0180
             Episode_Reward/energy: -0.7970
   Episode_Reward/joint_pos_limits: -0.3094
      Episode_Termination/time_out: 0.8527
  Episode_Termination/torso_height: 0.1473
--------------------------------------------------------------------------------
                   Total timesteps: 5537792
                    Iteration time: 0.34s
                      Time elapsed: 00:01:58
                               ETA: 00:00:56

################################################################################
                      [1m Learning iteration 338/500 [0m                      

                       Computation: 50771 steps/s (collection: 0.252s, learning 0.070s)
             Mean action noise std: 0.22
          Mean value_function loss: 0.0691
               Mean surrogate loss: -0.0073
                 Mean entropy loss: -1.0272
                       Mean reward: 63.69
               Mean episode length: 892.82
           Episode_Reward/progress: 4.3661
              Episode_Reward/alive: 0.4935
            Episode_Reward/upright: 0.0967
     Episode_Reward/move_to_target: 0.4921
          Episode_Reward/action_l2: -0.0185
             Episode_Reward/energy: -0.8314
   Episode_Reward/joint_pos_limits: -0.3207
      Episode_Termination/time_out: 0.8514
  Episode_Termination/torso_height: 0.1486
--------------------------------------------------------------------------------
                   Total timesteps: 5554176
                    Iteration time: 0.32s
                      Time elapsed: 00:01:58
                               ETA: 00:00:56

################################################################################
                      [1m Learning iteration 339/500 [0m                      

                       Computation: 50692 steps/s (collection: 0.255s, learning 0.068s)
             Mean action noise std: 0.22
          Mean value_function loss: 0.0483
               Mean surrogate loss: -0.0049
                 Mean entropy loss: -1.0493
                       Mean reward: 64.21
               Mean episode length: 893.11
           Episode_Reward/progress: 3.5476
              Episode_Reward/alive: 0.3914
            Episode_Reward/upright: 0.0758
     Episode_Reward/move_to_target: 0.3848
          Episode_Reward/action_l2: -0.0150
             Episode_Reward/energy: -0.6647
   Episode_Reward/joint_pos_limits: -0.2563
      Episode_Termination/time_out: 0.8536
  Episode_Termination/torso_height: 0.1464
--------------------------------------------------------------------------------
                   Total timesteps: 5570560
                    Iteration time: 0.32s
                      Time elapsed: 00:01:58
                               ETA: 00:00:56

################################################################################
                      [1m Learning iteration 340/500 [0m                      

                       Computation: 49062 steps/s (collection: 0.250s, learning 0.084s)
             Mean action noise std: 0.22
          Mean value_function loss: 0.0558
               Mean surrogate loss: -0.0064
                 Mean entropy loss: -1.0905
                       Mean reward: 64.70
               Mean episode length: 896.81
           Episode_Reward/progress: 4.0043
              Episode_Reward/alive: 0.4563
            Episode_Reward/upright: 0.0894
     Episode_Reward/move_to_target: 0.4510
          Episode_Reward/action_l2: -0.0170
             Episode_Reward/energy: -0.7722
   Episode_Reward/joint_pos_limits: -0.2950
      Episode_Termination/time_out: 0.8613
  Episode_Termination/torso_height: 0.1387
--------------------------------------------------------------------------------
                   Total timesteps: 5586944
                    Iteration time: 0.33s
                      Time elapsed: 00:01:59
                               ETA: 00:00:55

################################################################################
                      [1m Learning iteration 341/500 [0m                      

                       Computation: 51402 steps/s (collection: 0.250s, learning 0.068s)
             Mean action noise std: 0.22
          Mean value_function loss: 0.0764
               Mean surrogate loss: -0.0065
                 Mean entropy loss: -1.1113
                       Mean reward: 63.62
               Mean episode length: 882.11
           Episode_Reward/progress: 3.5532
              Episode_Reward/alive: 0.4069
            Episode_Reward/upright: 0.0773
     Episode_Reward/move_to_target: 0.3934
          Episode_Reward/action_l2: -0.0155
             Episode_Reward/energy: -0.6884
   Episode_Reward/joint_pos_limits: -0.2656
      Episode_Termination/time_out: 0.8624
  Episode_Termination/torso_height: 0.1376
--------------------------------------------------------------------------------
                   Total timesteps: 5603328
                    Iteration time: 0.32s
                      Time elapsed: 00:01:59
                               ETA: 00:00:55

################################################################################
                      [1m Learning iteration 342/500 [0m                      

                       Computation: 49186 steps/s (collection: 0.245s, learning 0.088s)
             Mean action noise std: 0.22
          Mean value_function loss: 0.0580
               Mean surrogate loss: -0.0075
                 Mean entropy loss: -1.1292
                       Mean reward: 64.47
               Mean episode length: 884.76
           Episode_Reward/progress: 4.3576
              Episode_Reward/alive: 0.4801
            Episode_Reward/upright: 0.0946
     Episode_Reward/move_to_target: 0.4743
          Episode_Reward/action_l2: -0.0180
             Episode_Reward/energy: -0.8356
   Episode_Reward/joint_pos_limits: -0.3099
      Episode_Termination/time_out: 0.8628
  Episode_Termination/torso_height: 0.1372
--------------------------------------------------------------------------------
                   Total timesteps: 5619712
                    Iteration time: 0.33s
                      Time elapsed: 00:01:59
                               ETA: 00:00:55

################################################################################
                      [1m Learning iteration 343/500 [0m                      

                       Computation: 50658 steps/s (collection: 0.254s, learning 0.069s)
             Mean action noise std: 0.22
          Mean value_function loss: 0.0469
               Mean surrogate loss: -0.0055
                 Mean entropy loss: -1.1462
                       Mean reward: 63.84
               Mean episode length: 870.59
           Episode_Reward/progress: 3.9260
              Episode_Reward/alive: 0.4312
            Episode_Reward/upright: 0.0835
     Episode_Reward/move_to_target: 0.4236
          Episode_Reward/action_l2: -0.0163
             Episode_Reward/energy: -0.7381
   Episode_Reward/joint_pos_limits: -0.2805
      Episode_Termination/time_out: 0.8650
  Episode_Termination/torso_height: 0.1350
--------------------------------------------------------------------------------
                   Total timesteps: 5636096
                    Iteration time: 0.32s
                      Time elapsed: 00:01:59
                               ETA: 00:00:54

################################################################################
                      [1m Learning iteration 344/500 [0m                      

                       Computation: 47848 steps/s (collection: 0.254s, learning 0.088s)
             Mean action noise std: 0.22
          Mean value_function loss: 0.0539
               Mean surrogate loss: -0.0084
                 Mean entropy loss: -1.1637
                       Mean reward: 62.89
               Mean episode length: 856.01
           Episode_Reward/progress: 3.8067
              Episode_Reward/alive: 0.4143
            Episode_Reward/upright: 0.0801
     Episode_Reward/move_to_target: 0.4110
          Episode_Reward/action_l2: -0.0157
             Episode_Reward/energy: -0.7166
   Episode_Reward/joint_pos_limits: -0.2680
      Episode_Termination/time_out: 0.8617
  Episode_Termination/torso_height: 0.1383
--------------------------------------------------------------------------------
                   Total timesteps: 5652480
                    Iteration time: 0.34s
                      Time elapsed: 00:02:00
                               ETA: 00:00:54

################################################################################
                      [1m Learning iteration 345/500 [0m                      

                       Computation: 46039 steps/s (collection: 0.267s, learning 0.089s)
             Mean action noise std: 0.22
          Mean value_function loss: 0.0575
               Mean surrogate loss: -0.0081
                 Mean entropy loss: -1.1729
                       Mean reward: 63.43
               Mean episode length: 865.51
           Episode_Reward/progress: 4.3602
              Episode_Reward/alive: 0.4920
            Episode_Reward/upright: 0.0944
     Episode_Reward/move_to_target: 0.4810
          Episode_Reward/action_l2: -0.0185
             Episode_Reward/energy: -0.8404
   Episode_Reward/joint_pos_limits: -0.3210
      Episode_Termination/time_out: 0.8622
  Episode_Termination/torso_height: 0.1378
--------------------------------------------------------------------------------
                   Total timesteps: 5668864
                    Iteration time: 0.36s
                      Time elapsed: 00:02:00
                               ETA: 00:00:54

################################################################################
                      [1m Learning iteration 346/500 [0m                      

                       Computation: 47829 steps/s (collection: 0.253s, learning 0.090s)
             Mean action noise std: 0.21
          Mean value_function loss: 0.0524
               Mean surrogate loss: -0.0069
                 Mean entropy loss: -1.2083
                       Mean reward: 63.77
               Mean episode length: 869.12
           Episode_Reward/progress: 4.0036
              Episode_Reward/alive: 0.4476
            Episode_Reward/upright: 0.0855
     Episode_Reward/move_to_target: 0.4342
          Episode_Reward/action_l2: -0.0170
             Episode_Reward/energy: -0.7649
   Episode_Reward/joint_pos_limits: -0.2887
      Episode_Termination/time_out: 0.8608
  Episode_Termination/torso_height: 0.1392
--------------------------------------------------------------------------------
                   Total timesteps: 5685248
                    Iteration time: 0.34s
                      Time elapsed: 00:02:01
                               ETA: 00:00:53

################################################################################
                      [1m Learning iteration 347/500 [0m                      

                       Computation: 48531 steps/s (collection: 0.247s, learning 0.091s)
             Mean action noise std: 0.22
          Mean value_function loss: 0.0564
               Mean surrogate loss: -0.0067
                 Mean entropy loss: -1.2184
                       Mean reward: 64.10
               Mean episode length: 873.69
           Episode_Reward/progress: 4.5810
              Episode_Reward/alive: 0.4975
            Episode_Reward/upright: 0.0978
     Episode_Reward/move_to_target: 0.4960
          Episode_Reward/action_l2: -0.0186
             Episode_Reward/energy: -0.8599
   Episode_Reward/joint_pos_limits: -0.3205
      Episode_Termination/time_out: 0.8619
  Episode_Termination/torso_height: 0.1381
--------------------------------------------------------------------------------
                   Total timesteps: 5701632
                    Iteration time: 0.34s
                      Time elapsed: 00:02:01
                               ETA: 00:00:53

################################################################################
                      [1m Learning iteration 348/500 [0m                      

                       Computation: 47867 steps/s (collection: 0.254s, learning 0.089s)
             Mean action noise std: 0.21
          Mean value_function loss: 0.0397
               Mean surrogate loss: -0.0065
                 Mean entropy loss: -1.2218
                       Mean reward: 64.52
               Mean episode length: 878.71
           Episode_Reward/progress: 4.4379
              Episode_Reward/alive: 0.4855
            Episode_Reward/upright: 0.0957
     Episode_Reward/move_to_target: 0.4843
          Episode_Reward/action_l2: -0.0182
             Episode_Reward/energy: -0.8425
   Episode_Reward/joint_pos_limits: -0.3117
      Episode_Termination/time_out: 0.8685
  Episode_Termination/torso_height: 0.1315
--------------------------------------------------------------------------------
                   Total timesteps: 5718016
                    Iteration time: 0.34s
                      Time elapsed: 00:02:01
                               ETA: 00:00:53

################################################################################
                      [1m Learning iteration 349/500 [0m                      

                       Computation: 49505 steps/s (collection: 0.240s, learning 0.091s)
             Mean action noise std: 0.21
          Mean value_function loss: 0.0612
               Mean surrogate loss: -0.0073
                 Mean entropy loss: -1.2754
                       Mean reward: 64.23
               Mean episode length: 878.87
           Episode_Reward/progress: 4.1865
              Episode_Reward/alive: 0.4715
            Episode_Reward/upright: 0.0926
     Episode_Reward/move_to_target: 0.4694
          Episode_Reward/action_l2: -0.0175
             Episode_Reward/energy: -0.7976
   Episode_Reward/joint_pos_limits: -0.3069
      Episode_Termination/time_out: 0.8770
  Episode_Termination/torso_height: 0.1230
--------------------------------------------------------------------------------
                   Total timesteps: 5734400
                    Iteration time: 0.33s
                      Time elapsed: 00:02:02
                               ETA: 00:00:52

################################################################################
                      [1m Learning iteration 350/500 [0m                      

                       Computation: 45164 steps/s (collection: 0.273s, learning 0.089s)
             Mean action noise std: 0.21
          Mean value_function loss: 0.0807
               Mean surrogate loss: -0.0067
                 Mean entropy loss: -1.2954
                       Mean reward: 64.79
               Mean episode length: 877.42
           Episode_Reward/progress: 4.0658
              Episode_Reward/alive: 0.4402
            Episode_Reward/upright: 0.0855
     Episode_Reward/move_to_target: 0.4346
          Episode_Reward/action_l2: -0.0167
             Episode_Reward/energy: -0.7720
   Episode_Reward/joint_pos_limits: -0.2830
      Episode_Termination/time_out: 0.8828
  Episode_Termination/torso_height: 0.1172
--------------------------------------------------------------------------------
                   Total timesteps: 5750784
                    Iteration time: 0.36s
                      Time elapsed: 00:02:02
                               ETA: 00:00:52

################################################################################
                      [1m Learning iteration 351/500 [0m                      

                       Computation: 49295 steps/s (collection: 0.239s, learning 0.093s)
             Mean action noise std: 0.21
          Mean value_function loss: 0.0613
               Mean surrogate loss: -0.0075
                 Mean entropy loss: -1.3120
                       Mean reward: 65.52
               Mean episode length: 887.63
           Episode_Reward/progress: 4.4273
              Episode_Reward/alive: 0.5000
            Episode_Reward/upright: 0.0955
     Episode_Reward/move_to_target: 0.4915
          Episode_Reward/action_l2: -0.0188
             Episode_Reward/energy: -0.8501
   Episode_Reward/joint_pos_limits: -0.3256
      Episode_Termination/time_out: 0.8854
  Episode_Termination/torso_height: 0.1146
--------------------------------------------------------------------------------
                   Total timesteps: 5767168
                    Iteration time: 0.33s
                      Time elapsed: 00:02:02
                               ETA: 00:00:51

################################################################################
                      [1m Learning iteration 352/500 [0m                      

                       Computation: 47093 steps/s (collection: 0.251s, learning 0.096s)
             Mean action noise std: 0.21
          Mean value_function loss: 0.0727
               Mean surrogate loss: -0.0058
                 Mean entropy loss: -1.3373
                       Mean reward: 65.21
               Mean episode length: 882.32
           Episode_Reward/progress: 3.5654
              Episode_Reward/alive: 0.3984
            Episode_Reward/upright: 0.0764
     Episode_Reward/move_to_target: 0.3909
          Episode_Reward/action_l2: -0.0151
             Episode_Reward/energy: -0.6858
   Episode_Reward/joint_pos_limits: -0.2559
      Episode_Termination/time_out: 0.8858
  Episode_Termination/torso_height: 0.1142
--------------------------------------------------------------------------------
                   Total timesteps: 5783552
                    Iteration time: 0.35s
                      Time elapsed: 00:02:03
                               ETA: 00:00:51

################################################################################
                      [1m Learning iteration 353/500 [0m                      

                       Computation: 48817 steps/s (collection: 0.241s, learning 0.094s)
             Mean action noise std: 0.21
          Mean value_function loss: 0.0831
               Mean surrogate loss: -0.0073
                 Mean entropy loss: -1.3760
                       Mean reward: 65.30
               Mean episode length: 883.98
           Episode_Reward/progress: 4.4490
              Episode_Reward/alive: 0.4768
            Episode_Reward/upright: 0.0938
     Episode_Reward/move_to_target: 0.4735
          Episode_Reward/action_l2: -0.0180
             Episode_Reward/energy: -0.8374
   Episode_Reward/joint_pos_limits: -0.3028
      Episode_Termination/time_out: 0.8854
  Episode_Termination/torso_height: 0.1146
--------------------------------------------------------------------------------
                   Total timesteps: 5799936
                    Iteration time: 0.34s
                      Time elapsed: 00:02:03
                               ETA: 00:00:51

################################################################################
                      [1m Learning iteration 354/500 [0m                      

                       Computation: 49705 steps/s (collection: 0.238s, learning 0.091s)
             Mean action noise std: 0.21
          Mean value_function loss: 0.0892
               Mean surrogate loss: -0.0077
                 Mean entropy loss: -1.3977
                       Mean reward: 64.69
               Mean episode length: 875.36
           Episode_Reward/progress: 4.6234
              Episode_Reward/alive: 0.4857
            Episode_Reward/upright: 0.0952
     Episode_Reward/move_to_target: 0.4841
          Episode_Reward/action_l2: -0.0185
             Episode_Reward/energy: -0.8588
   Episode_Reward/joint_pos_limits: -0.3122
      Episode_Termination/time_out: 0.8850
  Episode_Termination/torso_height: 0.1150
--------------------------------------------------------------------------------
                   Total timesteps: 5816320
                    Iteration time: 0.33s
                      Time elapsed: 00:02:03
                               ETA: 00:00:50

################################################################################
                      [1m Learning iteration 355/500 [0m                      

                       Computation: 49831 steps/s (collection: 0.254s, learning 0.075s)
             Mean action noise std: 0.21
          Mean value_function loss: 0.0600
               Mean surrogate loss: -0.0065
                 Mean entropy loss: -1.4044
                       Mean reward: 64.78
               Mean episode length: 877.97
           Episode_Reward/progress: 4.4281
              Episode_Reward/alive: 0.4819
            Episode_Reward/upright: 0.0939
     Episode_Reward/move_to_target: 0.4771
          Episode_Reward/action_l2: -0.0181
             Episode_Reward/energy: -0.8355
   Episode_Reward/joint_pos_limits: -0.3080
      Episode_Termination/time_out: 0.8840
  Episode_Termination/torso_height: 0.1160
--------------------------------------------------------------------------------
                   Total timesteps: 5832704
                    Iteration time: 0.33s
                      Time elapsed: 00:02:04
                               ETA: 00:00:50

################################################################################
                      [1m Learning iteration 356/500 [0m                      

                       Computation: 49059 steps/s (collection: 0.245s, learning 0.089s)
             Mean action noise std: 0.21
          Mean value_function loss: 0.0536
               Mean surrogate loss: -0.0079
                 Mean entropy loss: -1.4188
                       Mean reward: 64.21
               Mean episode length: 873.33
           Episode_Reward/progress: 3.6885
              Episode_Reward/alive: 0.4111
            Episode_Reward/upright: 0.0781
     Episode_Reward/move_to_target: 0.4012
          Episode_Reward/action_l2: -0.0156
             Episode_Reward/energy: -0.6977
   Episode_Reward/joint_pos_limits: -0.2670
      Episode_Termination/time_out: 0.8829
  Episode_Termination/torso_height: 0.1171
--------------------------------------------------------------------------------
                   Total timesteps: 5849088
                    Iteration time: 0.33s
                      Time elapsed: 00:02:04
                               ETA: 00:00:50

################################################################################
                      [1m Learning iteration 357/500 [0m                      

                       Computation: 50587 steps/s (collection: 0.252s, learning 0.072s)
             Mean action noise std: 0.21
          Mean value_function loss: 0.0667
               Mean surrogate loss: -0.0050
                 Mean entropy loss: -1.4171
                       Mean reward: 61.84
               Mean episode length: 842.49
           Episode_Reward/progress: 3.8326
              Episode_Reward/alive: 0.4314
            Episode_Reward/upright: 0.0822
     Episode_Reward/move_to_target: 0.4215
          Episode_Reward/action_l2: -0.0162
             Episode_Reward/energy: -0.7261
   Episode_Reward/joint_pos_limits: -0.2783
      Episode_Termination/time_out: 0.8759
  Episode_Termination/torso_height: 0.1241
--------------------------------------------------------------------------------
                   Total timesteps: 5865472
                    Iteration time: 0.32s
                      Time elapsed: 00:02:04
                               ETA: 00:00:49

################################################################################
                      [1m Learning iteration 358/500 [0m                      

                       Computation: 46181 steps/s (collection: 0.266s, learning 0.089s)
             Mean action noise std: 0.21
          Mean value_function loss: 0.0533
               Mean surrogate loss: -0.0060
                 Mean entropy loss: -1.4207
                       Mean reward: 63.30
               Mean episode length: 859.58
           Episode_Reward/progress: 4.5921
              Episode_Reward/alive: 0.4912
            Episode_Reward/upright: 0.0966
     Episode_Reward/move_to_target: 0.4874
          Episode_Reward/action_l2: -0.0188
             Episode_Reward/energy: -0.8694
   Episode_Reward/joint_pos_limits: -0.3111
      Episode_Termination/time_out: 0.8732
  Episode_Termination/torso_height: 0.1268
--------------------------------------------------------------------------------
                   Total timesteps: 5881856
                    Iteration time: 0.35s
                      Time elapsed: 00:02:05
                               ETA: 00:00:49

################################################################################
                      [1m Learning iteration 359/500 [0m                      

                       Computation: 37569 steps/s (collection: 0.337s, learning 0.099s)
             Mean action noise std: 0.21
          Mean value_function loss: 0.0688
               Mean surrogate loss: -0.0080
                 Mean entropy loss: -1.4314
                       Mean reward: 64.17
               Mean episode length: 874.29
           Episode_Reward/progress: 4.2333
              Episode_Reward/alive: 0.4703
            Episode_Reward/upright: 0.0904
     Episode_Reward/move_to_target: 0.4557
          Episode_Reward/action_l2: -0.0178
             Episode_Reward/energy: -0.8109
   Episode_Reward/joint_pos_limits: -0.3011
      Episode_Termination/time_out: 0.8713
  Episode_Termination/torso_height: 0.1287
--------------------------------------------------------------------------------
                   Total timesteps: 5898240
                    Iteration time: 0.44s
                      Time elapsed: 00:02:05
                               ETA: 00:00:49

################################################################################
                      [1m Learning iteration 360/500 [0m                      

                       Computation: 46199 steps/s (collection: 0.263s, learning 0.091s)
             Mean action noise std: 0.21
          Mean value_function loss: 0.0661
               Mean surrogate loss: -0.0074
                 Mean entropy loss: -1.4380
                       Mean reward: 65.40
               Mean episode length: 885.69
           Episode_Reward/progress: 4.5086
              Episode_Reward/alive: 0.4885
            Episode_Reward/upright: 0.0948
     Episode_Reward/move_to_target: 0.4811
          Episode_Reward/action_l2: -0.0185
             Episode_Reward/energy: -0.8517
   Episode_Reward/joint_pos_limits: -0.3127
      Episode_Termination/time_out: 0.8738
  Episode_Termination/torso_height: 0.1262
--------------------------------------------------------------------------------
                   Total timesteps: 5914624
                    Iteration time: 0.35s
                      Time elapsed: 00:02:05
                               ETA: 00:00:48

################################################################################
                      [1m Learning iteration 361/500 [0m                      

                       Computation: 48081 steps/s (collection: 0.250s, learning 0.091s)
             Mean action noise std: 0.21
          Mean value_function loss: 0.0538
               Mean surrogate loss: -0.0052
                 Mean entropy loss: -1.4531
                       Mean reward: 63.27
               Mean episode length: 861.80
           Episode_Reward/progress: 3.9520
              Episode_Reward/alive: 0.4429
            Episode_Reward/upright: 0.0862
     Episode_Reward/move_to_target: 0.4394
          Episode_Reward/action_l2: -0.0164
             Episode_Reward/energy: -0.7395
   Episode_Reward/joint_pos_limits: -0.2854
      Episode_Termination/time_out: 0.8720
  Episode_Termination/torso_height: 0.1280
--------------------------------------------------------------------------------
                   Total timesteps: 5931008
                    Iteration time: 0.34s
                      Time elapsed: 00:02:06
                               ETA: 00:00:48

################################################################################
                      [1m Learning iteration 362/500 [0m                      

                       Computation: 47927 steps/s (collection: 0.267s, learning 0.075s)
             Mean action noise std: 0.21
          Mean value_function loss: 0.0685
               Mean surrogate loss: -0.0051
                 Mean entropy loss: -1.4807
                       Mean reward: 63.75
               Mean episode length: 864.24
           Episode_Reward/progress: 3.6721
              Episode_Reward/alive: 0.4108
            Episode_Reward/upright: 0.0768
     Episode_Reward/move_to_target: 0.4012
          Episode_Reward/action_l2: -0.0156
             Episode_Reward/energy: -0.7123
   Episode_Reward/joint_pos_limits: -0.2609
      Episode_Termination/time_out: 0.8649
  Episode_Termination/torso_height: 0.1351
--------------------------------------------------------------------------------
                   Total timesteps: 5947392
                    Iteration time: 0.34s
                      Time elapsed: 00:02:06
                               ETA: 00:00:48

################################################################################
                      [1m Learning iteration 363/500 [0m                      

                       Computation: 50983 steps/s (collection: 0.246s, learning 0.075s)
             Mean action noise std: 0.21
          Mean value_function loss: 0.0825
               Mean surrogate loss: -0.0058
                 Mean entropy loss: -1.4800
                       Mean reward: 64.54
               Mean episode length: 876.29
           Episode_Reward/progress: 4.5506
              Episode_Reward/alive: 0.4849
            Episode_Reward/upright: 0.0938
     Episode_Reward/move_to_target: 0.4757
          Episode_Reward/action_l2: -0.0186
             Episode_Reward/energy: -0.8562
   Episode_Reward/joint_pos_limits: -0.3107
      Episode_Termination/time_out: 0.8657
  Episode_Termination/torso_height: 0.1343
--------------------------------------------------------------------------------
                   Total timesteps: 5963776
                    Iteration time: 0.32s
                      Time elapsed: 00:02:06
                               ETA: 00:00:47

################################################################################
                      [1m Learning iteration 364/500 [0m                      

                       Computation: 41677 steps/s (collection: 0.293s, learning 0.100s)
             Mean action noise std: 0.21
          Mean value_function loss: 0.0957
               Mean surrogate loss: -0.0077
                 Mean entropy loss: -1.4885
                       Mean reward: 63.97
               Mean episode length: 866.60
           Episode_Reward/progress: 4.3324
              Episode_Reward/alive: 0.4634
            Episode_Reward/upright: 0.0897
     Episode_Reward/move_to_target: 0.4597
          Episode_Reward/action_l2: -0.0177
             Episode_Reward/energy: -0.8120
   Episode_Reward/joint_pos_limits: -0.2961
      Episode_Termination/time_out: 0.8640
  Episode_Termination/torso_height: 0.1360
--------------------------------------------------------------------------------
                   Total timesteps: 5980160
                    Iteration time: 0.39s
                      Time elapsed: 00:02:07
                               ETA: 00:00:47

################################################################################
                      [1m Learning iteration 365/500 [0m                      

                       Computation: 50413 steps/s (collection: 0.256s, learning 0.069s)
             Mean action noise std: 0.21
          Mean value_function loss: 0.0797
               Mean surrogate loss: -0.0069
                 Mean entropy loss: -1.5237
                       Mean reward: 62.21
               Mean episode length: 844.01
           Episode_Reward/progress: 4.3122
              Episode_Reward/alive: 0.4751
            Episode_Reward/upright: 0.0918
     Episode_Reward/move_to_target: 0.4700
          Episode_Reward/action_l2: -0.0180
             Episode_Reward/energy: -0.8203
   Episode_Reward/joint_pos_limits: -0.3028
      Episode_Termination/time_out: 0.8595
  Episode_Termination/torso_height: 0.1405
--------------------------------------------------------------------------------
                   Total timesteps: 5996544
                    Iteration time: 0.32s
                      Time elapsed: 00:02:07
                               ETA: 00:00:47

################################################################################
                      [1m Learning iteration 366/500 [0m                      

                       Computation: 51348 steps/s (collection: 0.250s, learning 0.069s)
             Mean action noise std: 0.21
          Mean value_function loss: 0.0661
               Mean surrogate loss: -0.0068
                 Mean entropy loss: -1.5279
                       Mean reward: 61.28
               Mean episode length: 833.35
           Episode_Reward/progress: 4.0550
              Episode_Reward/alive: 0.4395
            Episode_Reward/upright: 0.0841
     Episode_Reward/move_to_target: 0.4291
          Episode_Reward/action_l2: -0.0170
             Episode_Reward/energy: -0.7673
   Episode_Reward/joint_pos_limits: -0.2829
      Episode_Termination/time_out: 0.8583
  Episode_Termination/torso_height: 0.1417
--------------------------------------------------------------------------------
                   Total timesteps: 6012928
                    Iteration time: 0.32s
                      Time elapsed: 00:02:07
                               ETA: 00:00:46

################################################################################
                      [1m Learning iteration 367/500 [0m                      

                       Computation: 50090 steps/s (collection: 0.255s, learning 0.072s)
             Mean action noise std: 0.21
          Mean value_function loss: 0.0503
               Mean surrogate loss: -0.0078
                 Mean entropy loss: -1.5468
                       Mean reward: 64.98
               Mean episode length: 874.07
           Episode_Reward/progress: 4.4313
              Episode_Reward/alive: 0.4763
            Episode_Reward/upright: 0.0929
     Episode_Reward/move_to_target: 0.4716
          Episode_Reward/action_l2: -0.0181
             Episode_Reward/energy: -0.8374
   Episode_Reward/joint_pos_limits: -0.3024
      Episode_Termination/time_out: 0.8564
  Episode_Termination/torso_height: 0.1436
--------------------------------------------------------------------------------
                   Total timesteps: 6029312
                    Iteration time: 0.33s
                      Time elapsed: 00:02:08
                               ETA: 00:00:46

################################################################################
                      [1m Learning iteration 368/500 [0m                      

                       Computation: 49127 steps/s (collection: 0.263s, learning 0.071s)
             Mean action noise std: 0.21
          Mean value_function loss: 0.0555
               Mean surrogate loss: -0.0047
                 Mean entropy loss: -1.5742
                       Mean reward: 66.03
               Mean episode length: 884.94
           Episode_Reward/progress: 4.4070
              Episode_Reward/alive: 0.4716
            Episode_Reward/upright: 0.0920
     Episode_Reward/move_to_target: 0.4694
          Episode_Reward/action_l2: -0.0179
             Episode_Reward/energy: -0.8268
   Episode_Reward/joint_pos_limits: -0.2988
      Episode_Termination/time_out: 0.8570
  Episode_Termination/torso_height: 0.1430
--------------------------------------------------------------------------------
                   Total timesteps: 6045696
                    Iteration time: 0.33s
                      Time elapsed: 00:02:08
                               ETA: 00:00:45

################################################################################
                      [1m Learning iteration 369/500 [0m                      

                       Computation: 49842 steps/s (collection: 0.257s, learning 0.071s)
             Mean action noise std: 0.21
          Mean value_function loss: 0.0560
               Mean surrogate loss: -0.0070
                 Mean entropy loss: -1.5816
                       Mean reward: 65.11
               Mean episode length: 872.79
           Episode_Reward/progress: 4.3118
              Episode_Reward/alive: 0.4619
            Episode_Reward/upright: 0.0900
     Episode_Reward/move_to_target: 0.4580
          Episode_Reward/action_l2: -0.0177
             Episode_Reward/energy: -0.8323
   Episode_Reward/joint_pos_limits: -0.2921
      Episode_Termination/time_out: 0.8557
  Episode_Termination/torso_height: 0.1443
--------------------------------------------------------------------------------
                   Total timesteps: 6062080
                    Iteration time: 0.33s
                      Time elapsed: 00:02:08
                               ETA: 00:00:45

################################################################################
                      [1m Learning iteration 370/500 [0m                      

                       Computation: 50502 steps/s (collection: 0.256s, learning 0.068s)
             Mean action noise std: 0.21
          Mean value_function loss: 0.0631
               Mean surrogate loss: -0.0072
                 Mean entropy loss: -1.5988
                       Mean reward: 66.05
               Mean episode length: 882.77
           Episode_Reward/progress: 4.4593
              Episode_Reward/alive: 0.4858
            Episode_Reward/upright: 0.0942
     Episode_Reward/move_to_target: 0.4825
          Episode_Reward/action_l2: -0.0184
             Episode_Reward/energy: -0.8579
   Episode_Reward/joint_pos_limits: -0.3057
      Episode_Termination/time_out: 0.8574
  Episode_Termination/torso_height: 0.1426
--------------------------------------------------------------------------------
                   Total timesteps: 6078464
                    Iteration time: 0.32s
                      Time elapsed: 00:02:09
                               ETA: 00:00:45

################################################################################
                      [1m Learning iteration 371/500 [0m                      

                       Computation: 45884 steps/s (collection: 0.274s, learning 0.083s)
             Mean action noise std: 0.20
          Mean value_function loss: 0.0495
               Mean surrogate loss: -0.0080
                 Mean entropy loss: -1.6235
                       Mean reward: 65.85
               Mean episode length: 884.38
           Episode_Reward/progress: 4.3482
              Episode_Reward/alive: 0.4773
            Episode_Reward/upright: 0.0922
     Episode_Reward/move_to_target: 0.4603
          Episode_Reward/action_l2: -0.0183
             Episode_Reward/energy: -0.8284
   Episode_Reward/joint_pos_limits: -0.3079
      Episode_Termination/time_out: 0.8597
  Episode_Termination/torso_height: 0.1403
--------------------------------------------------------------------------------
                   Total timesteps: 6094848
                    Iteration time: 0.36s
                      Time elapsed: 00:02:09
                               ETA: 00:00:44

################################################################################
                      [1m Learning iteration 372/500 [0m                      

                       Computation: 45024 steps/s (collection: 0.270s, learning 0.094s)
             Mean action noise std: 0.20
          Mean value_function loss: 0.0470
               Mean surrogate loss: -0.0067
                 Mean entropy loss: -1.6241
                       Mean reward: 62.62
               Mean episode length: 849.45
           Episode_Reward/progress: 3.0765
              Episode_Reward/alive: 0.3473
            Episode_Reward/upright: 0.0651
     Episode_Reward/move_to_target: 0.3335
          Episode_Reward/action_l2: -0.0134
             Episode_Reward/energy: -0.5871
   Episode_Reward/joint_pos_limits: -0.2286
      Episode_Termination/time_out: 0.8577
  Episode_Termination/torso_height: 0.1423
--------------------------------------------------------------------------------
                   Total timesteps: 6111232
                    Iteration time: 0.36s
                      Time elapsed: 00:02:09
                               ETA: 00:00:44

################################################################################
                      [1m Learning iteration 373/500 [0m                      

                       Computation: 47439 steps/s (collection: 0.272s, learning 0.073s)
             Mean action noise std: 0.20
          Mean value_function loss: 0.0535
               Mean surrogate loss: -0.0061
                 Mean entropy loss: -1.6420
                       Mean reward: 61.88
               Mean episode length: 840.80
           Episode_Reward/progress: 3.8387
              Episode_Reward/alive: 0.4274
            Episode_Reward/upright: 0.0818
     Episode_Reward/move_to_target: 0.4180
          Episode_Reward/action_l2: -0.0162
             Episode_Reward/energy: -0.7377
   Episode_Reward/joint_pos_limits: -0.2711
      Episode_Termination/time_out: 0.8517
  Episode_Termination/torso_height: 0.1483
--------------------------------------------------------------------------------
                   Total timesteps: 6127616
                    Iteration time: 0.35s
                      Time elapsed: 00:02:10
                               ETA: 00:00:44

################################################################################
                      [1m Learning iteration 374/500 [0m                      

                       Computation: 43030 steps/s (collection: 0.288s, learning 0.092s)
             Mean action noise std: 0.20
          Mean value_function loss: 0.0673
               Mean surrogate loss: -0.0078
                 Mean entropy loss: -1.6495
                       Mean reward: 62.11
               Mean episode length: 846.45
           Episode_Reward/progress: 4.3746
              Episode_Reward/alive: 0.4719
            Episode_Reward/upright: 0.0911
     Episode_Reward/move_to_target: 0.4657
          Episode_Reward/action_l2: -0.0181
             Episode_Reward/energy: -0.8337
   Episode_Reward/joint_pos_limits: -0.3013
      Episode_Termination/time_out: 0.8542
  Episode_Termination/torso_height: 0.1458
--------------------------------------------------------------------------------
                   Total timesteps: 6144000
                    Iteration time: 0.38s
                      Time elapsed: 00:02:10
                               ETA: 00:00:43

################################################################################
                      [1m Learning iteration 375/500 [0m                      

                       Computation: 43484 steps/s (collection: 0.287s, learning 0.089s)
             Mean action noise std: 0.20
          Mean value_function loss: 0.0526
               Mean surrogate loss: -0.0058
                 Mean entropy loss: -1.6614
                       Mean reward: 63.51
               Mean episode length: 856.71
           Episode_Reward/progress: 4.6516
              Episode_Reward/alive: 0.4882
            Episode_Reward/upright: 0.0951
     Episode_Reward/move_to_target: 0.4869
          Episode_Reward/action_l2: -0.0187
             Episode_Reward/energy: -0.8861
   Episode_Reward/joint_pos_limits: -0.3062
      Episode_Termination/time_out: 0.8583
  Episode_Termination/torso_height: 0.1417
--------------------------------------------------------------------------------
                   Total timesteps: 6160384
                    Iteration time: 0.38s
                      Time elapsed: 00:02:11
                               ETA: 00:00:43

################################################################################
                      [1m Learning iteration 376/500 [0m                      

                       Computation: 47871 steps/s (collection: 0.252s, learning 0.090s)
             Mean action noise std: 0.20
          Mean value_function loss: 0.0597
               Mean surrogate loss: -0.0058
                 Mean entropy loss: -1.6846
                       Mean reward: 63.86
               Mean episode length: 853.02
           Episode_Reward/progress: 4.2948
              Episode_Reward/alive: 0.4564
            Episode_Reward/upright: 0.0895
     Episode_Reward/move_to_target: 0.4536
          Episode_Reward/action_l2: -0.0174
             Episode_Reward/energy: -0.8135
   Episode_Reward/joint_pos_limits: -0.2857
      Episode_Termination/time_out: 0.8594
  Episode_Termination/torso_height: 0.1406
--------------------------------------------------------------------------------
                   Total timesteps: 6176768
                    Iteration time: 0.34s
                      Time elapsed: 00:02:11
                               ETA: 00:00:43

################################################################################
                      [1m Learning iteration 377/500 [0m                      

                       Computation: 44839 steps/s (collection: 0.271s, learning 0.094s)
             Mean action noise std: 0.20
          Mean value_function loss: 0.0446
               Mean surrogate loss: -0.0055
                 Mean entropy loss: -1.6905
                       Mean reward: 66.24
               Mean episode length: 876.72
           Episode_Reward/progress: 4.6778
              Episode_Reward/alive: 0.4952
            Episode_Reward/upright: 0.0967
     Episode_Reward/move_to_target: 0.4923
          Episode_Reward/action_l2: -0.0188
             Episode_Reward/energy: -0.8783
   Episode_Reward/joint_pos_limits: -0.3137
      Episode_Termination/time_out: 0.8611
  Episode_Termination/torso_height: 0.1389
--------------------------------------------------------------------------------
                   Total timesteps: 6193152
                    Iteration time: 0.37s
                      Time elapsed: 00:02:11
                               ETA: 00:00:42

################################################################################
                      [1m Learning iteration 378/500 [0m                      

                       Computation: 44416 steps/s (collection: 0.298s, learning 0.071s)
             Mean action noise std: 0.20
          Mean value_function loss: 0.0730
               Mean surrogate loss: -0.0075
                 Mean entropy loss: -1.7033
                       Mean reward: 68.22
               Mean episode length: 897.12
           Episode_Reward/progress: 4.5465
              Episode_Reward/alive: 0.4808
            Episode_Reward/upright: 0.0941
     Episode_Reward/move_to_target: 0.4775
          Episode_Reward/action_l2: -0.0183
             Episode_Reward/energy: -0.8566
   Episode_Reward/joint_pos_limits: -0.3025
      Episode_Termination/time_out: 0.8581
  Episode_Termination/torso_height: 0.1419
--------------------------------------------------------------------------------
                   Total timesteps: 6209536
                    Iteration time: 0.37s
                      Time elapsed: 00:02:12
                               ETA: 00:00:42

################################################################################
                      [1m Learning iteration 379/500 [0m                      

                       Computation: 51761 steps/s (collection: 0.248s, learning 0.068s)
             Mean action noise std: 0.20
          Mean value_function loss: 0.0440
               Mean surrogate loss: -0.0055
                 Mean entropy loss: -1.7326
                       Mean reward: 67.98
               Mean episode length: 894.30
           Episode_Reward/progress: 3.6383
              Episode_Reward/alive: 0.4116
            Episode_Reward/upright: 0.0761
     Episode_Reward/move_to_target: 0.3987
          Episode_Reward/action_l2: -0.0161
             Episode_Reward/energy: -0.7132
   Episode_Reward/joint_pos_limits: -0.2630
      Episode_Termination/time_out: 0.8578
  Episode_Termination/torso_height: 0.1422
--------------------------------------------------------------------------------
                   Total timesteps: 6225920
                    Iteration time: 0.32s
                      Time elapsed: 00:02:12
                               ETA: 00:00:42

################################################################################
                      [1m Learning iteration 380/500 [0m                      

                       Computation: 46344 steps/s (collection: 0.285s, learning 0.068s)
             Mean action noise std: 0.20
          Mean value_function loss: 0.0524
               Mean surrogate loss: -0.0079
                 Mean entropy loss: -1.7473
                       Mean reward: 66.14
               Mean episode length: 872.71
           Episode_Reward/progress: 3.7653
              Episode_Reward/alive: 0.4079
            Episode_Reward/upright: 0.0773
     Episode_Reward/move_to_target: 0.3942
          Episode_Reward/action_l2: -0.0155
             Episode_Reward/energy: -0.7132
   Episode_Reward/joint_pos_limits: -0.2608
      Episode_Termination/time_out: 0.8525
  Episode_Termination/torso_height: 0.1475
--------------------------------------------------------------------------------
                   Total timesteps: 6242304
                    Iteration time: 0.35s
                      Time elapsed: 00:02:12
                               ETA: 00:00:41

################################################################################
                      [1m Learning iteration 381/500 [0m                      

                       Computation: 52615 steps/s (collection: 0.239s, learning 0.073s)
             Mean action noise std: 0.20
          Mean value_function loss: 0.0502
               Mean surrogate loss: -0.0071
                 Mean entropy loss: -1.7591
                       Mean reward: 67.36
               Mean episode length: 888.08
           Episode_Reward/progress: 4.7215
              Episode_Reward/alive: 0.5000
            Episode_Reward/upright: 0.0974
     Episode_Reward/move_to_target: 0.4977
          Episode_Reward/action_l2: -0.0189
             Episode_Reward/energy: -0.8916
   Episode_Reward/joint_pos_limits: -0.3138
      Episode_Termination/time_out: 0.8496
  Episode_Termination/torso_height: 0.1504
--------------------------------------------------------------------------------
                   Total timesteps: 6258688
                    Iteration time: 0.31s
                      Time elapsed: 00:02:13
                               ETA: 00:00:41

################################################################################
                      [1m Learning iteration 382/500 [0m                      

                       Computation: 50644 steps/s (collection: 0.254s, learning 0.069s)
             Mean action noise std: 0.20
          Mean value_function loss: 0.0515
               Mean surrogate loss: -0.0058
                 Mean entropy loss: -1.7678
                       Mean reward: 66.81
               Mean episode length: 881.47
           Episode_Reward/progress: 4.7957
              Episode_Reward/alive: 0.4952
            Episode_Reward/upright: 0.0979
     Episode_Reward/move_to_target: 0.4937
          Episode_Reward/action_l2: -0.0187
             Episode_Reward/energy: -0.8872
   Episode_Reward/joint_pos_limits: -0.3120
      Episode_Termination/time_out: 0.8536
  Episode_Termination/torso_height: 0.1464
--------------------------------------------------------------------------------
                   Total timesteps: 6275072
                    Iteration time: 0.32s
                      Time elapsed: 00:02:13
                               ETA: 00:00:41

################################################################################
                      [1m Learning iteration 383/500 [0m                      

                       Computation: 41368 steps/s (collection: 0.306s, learning 0.090s)
             Mean action noise std: 0.20
          Mean value_function loss: 0.0502
               Mean surrogate loss: -0.0049
                 Mean entropy loss: -1.7946
                       Mean reward: 66.92
               Mean episode length: 880.15
           Episode_Reward/progress: 4.5722
              Episode_Reward/alive: 0.4941
            Episode_Reward/upright: 0.0961
     Episode_Reward/move_to_target: 0.4901
          Episode_Reward/action_l2: -0.0187
             Episode_Reward/energy: -0.8868
   Episode_Reward/joint_pos_limits: -0.3087
      Episode_Termination/time_out: 0.8561
  Episode_Termination/torso_height: 0.1439
--------------------------------------------------------------------------------
                   Total timesteps: 6291456
                    Iteration time: 0.40s
                      Time elapsed: 00:02:13
                               ETA: 00:00:40

################################################################################
                      [1m Learning iteration 384/500 [0m                      

                       Computation: 49789 steps/s (collection: 0.255s, learning 0.074s)
             Mean action noise std: 0.20
          Mean value_function loss: 0.0609
               Mean surrogate loss: -0.0041
                 Mean entropy loss: -1.8220
                       Mean reward: 68.17
               Mean episode length: 895.12
           Episode_Reward/progress: 4.8321
              Episode_Reward/alive: 0.5000
            Episode_Reward/upright: 0.0987
     Episode_Reward/move_to_target: 0.4943
          Episode_Reward/action_l2: -0.0190
             Episode_Reward/energy: -0.9057
   Episode_Reward/joint_pos_limits: -0.3113
      Episode_Termination/time_out: 0.8588
  Episode_Termination/torso_height: 0.1412
--------------------------------------------------------------------------------
                   Total timesteps: 6307840
                    Iteration time: 0.33s
                      Time elapsed: 00:02:14
                               ETA: 00:00:40

################################################################################
                      [1m Learning iteration 385/500 [0m                      

                       Computation: 46266 steps/s (collection: 0.265s, learning 0.089s)
             Mean action noise std: 0.20
          Mean value_function loss: 0.0978
               Mean surrogate loss: -0.0071
                 Mean entropy loss: -1.8355
                       Mean reward: 68.45
               Mean episode length: 899.73
           Episode_Reward/progress: 4.4497
              Episode_Reward/alive: 0.4790
            Episode_Reward/upright: 0.0926
     Episode_Reward/move_to_target: 0.4751
          Episode_Reward/action_l2: -0.0182
             Episode_Reward/energy: -0.8461
   Episode_Reward/joint_pos_limits: -0.3072
      Episode_Termination/time_out: 0.8654
  Episode_Termination/torso_height: 0.1346
--------------------------------------------------------------------------------
                   Total timesteps: 6324224
                    Iteration time: 0.35s
                      Time elapsed: 00:02:14
                               ETA: 00:00:40

################################################################################
                      [1m Learning iteration 386/500 [0m                      

                       Computation: 48943 steps/s (collection: 0.247s, learning 0.088s)
             Mean action noise std: 0.20
          Mean value_function loss: 0.0609
               Mean surrogate loss: -0.0067
                 Mean entropy loss: -1.8726
                       Mean reward: 67.42
               Mean episode length: 885.48
           Episode_Reward/progress: 3.4697
              Episode_Reward/alive: 0.3720
            Episode_Reward/upright: 0.0704
     Episode_Reward/move_to_target: 0.3644
          Episode_Reward/action_l2: -0.0143
             Episode_Reward/energy: -0.6655
   Episode_Reward/joint_pos_limits: -0.2361
      Episode_Termination/time_out: 0.8652
  Episode_Termination/torso_height: 0.1348
--------------------------------------------------------------------------------
                   Total timesteps: 6340608
                    Iteration time: 0.33s
                      Time elapsed: 00:02:14
                               ETA: 00:00:39

################################################################################
                      [1m Learning iteration 387/500 [0m                      

                       Computation: 47462 steps/s (collection: 0.268s, learning 0.077s)
             Mean action noise std: 0.20
          Mean value_function loss: 0.0715
               Mean surrogate loss: -0.0087
                 Mean entropy loss: -1.9054
                       Mean reward: 67.93
               Mean episode length: 888.88
           Episode_Reward/progress: 4.5314
              Episode_Reward/alive: 0.4762
            Episode_Reward/upright: 0.0933
     Episode_Reward/move_to_target: 0.4741
          Episode_Reward/action_l2: -0.0179
             Episode_Reward/energy: -0.8549
   Episode_Reward/joint_pos_limits: -0.2965
      Episode_Termination/time_out: 0.8705
  Episode_Termination/torso_height: 0.1295
--------------------------------------------------------------------------------
                   Total timesteps: 6356992
                    Iteration time: 0.35s
                      Time elapsed: 00:02:15
                               ETA: 00:00:39

################################################################################
                      [1m Learning iteration 388/500 [0m                      

                       Computation: 43612 steps/s (collection: 0.278s, learning 0.098s)
             Mean action noise std: 0.20
          Mean value_function loss: 0.0579
               Mean surrogate loss: -0.0077
                 Mean entropy loss: -1.9242
                       Mean reward: 65.56
               Mean episode length: 863.00
           Episode_Reward/progress: 3.9244
              Episode_Reward/alive: 0.4195
            Episode_Reward/upright: 0.0798
     Episode_Reward/move_to_target: 0.4113
          Episode_Reward/action_l2: -0.0159
             Episode_Reward/energy: -0.7443
   Episode_Reward/joint_pos_limits: -0.2654
      Episode_Termination/time_out: 0.8711
  Episode_Termination/torso_height: 0.1289
--------------------------------------------------------------------------------
                   Total timesteps: 6373376
                    Iteration time: 0.38s
                      Time elapsed: 00:02:15
                               ETA: 00:00:39

################################################################################
                      [1m Learning iteration 389/500 [0m                      

                       Computation: 47594 steps/s (collection: 0.255s, learning 0.089s)
             Mean action noise std: 0.20
          Mean value_function loss: 0.0525
               Mean surrogate loss: -0.0084
                 Mean entropy loss: -1.9305
                       Mean reward: 65.22
               Mean episode length: 861.91
           Episode_Reward/progress: 4.5787
              Episode_Reward/alive: 0.4864
            Episode_Reward/upright: 0.0942
     Episode_Reward/move_to_target: 0.4826
          Episode_Reward/action_l2: -0.0185
             Episode_Reward/energy: -0.8719
   Episode_Reward/joint_pos_limits: -0.3056
      Episode_Termination/time_out: 0.8691
  Episode_Termination/torso_height: 0.1309
--------------------------------------------------------------------------------
                   Total timesteps: 6389760
                    Iteration time: 0.34s
                      Time elapsed: 00:02:15
                               ETA: 00:00:38

################################################################################
                      [1m Learning iteration 390/500 [0m                      

                       Computation: 43195 steps/s (collection: 0.284s, learning 0.095s)
             Mean action noise std: 0.20
          Mean value_function loss: 0.0447
               Mean surrogate loss: -0.0057
                 Mean entropy loss: -1.9438
                       Mean reward: 63.86
               Mean episode length: 843.20
           Episode_Reward/progress: 3.7397
              Episode_Reward/alive: 0.3963
            Episode_Reward/upright: 0.0762
     Episode_Reward/move_to_target: 0.3884
          Episode_Reward/action_l2: -0.0151
             Episode_Reward/energy: -0.7046
   Episode_Reward/joint_pos_limits: -0.2530
      Episode_Termination/time_out: 0.8646
  Episode_Termination/torso_height: 0.1354
--------------------------------------------------------------------------------
                   Total timesteps: 6406144
                    Iteration time: 0.38s
                      Time elapsed: 00:02:16
                               ETA: 00:00:38

################################################################################
                      [1m Learning iteration 391/500 [0m                      

                       Computation: 50830 steps/s (collection: 0.253s, learning 0.070s)
             Mean action noise std: 0.20
          Mean value_function loss: 0.0778
               Mean surrogate loss: -0.0073
                 Mean entropy loss: -1.9603
                       Mean reward: 65.08
               Mean episode length: 852.18
           Episode_Reward/progress: 4.0460
              Episode_Reward/alive: 0.4240
            Episode_Reward/upright: 0.0810
     Episode_Reward/move_to_target: 0.4172
          Episode_Reward/action_l2: -0.0164
             Episode_Reward/energy: -0.7646
   Episode_Reward/joint_pos_limits: -0.2721
      Episode_Termination/time_out: 0.8620
  Episode_Termination/torso_height: 0.1380
--------------------------------------------------------------------------------
                   Total timesteps: 6422528
                    Iteration time: 0.32s
                      Time elapsed: 00:02:16
                               ETA: 00:00:37

################################################################################
                      [1m Learning iteration 392/500 [0m                      

                       Computation: 51548 steps/s (collection: 0.249s, learning 0.069s)
             Mean action noise std: 0.20
          Mean value_function loss: 0.0500
               Mean surrogate loss: -0.0040
                 Mean entropy loss: -1.9753
                       Mean reward: 66.02
               Mean episode length: 866.27
           Episode_Reward/progress: 4.7766
              Episode_Reward/alive: 0.5000
            Episode_Reward/upright: 0.0985
     Episode_Reward/move_to_target: 0.4982
          Episode_Reward/action_l2: -0.0187
             Episode_Reward/energy: -0.8854
   Episode_Reward/joint_pos_limits: -0.3179
      Episode_Termination/time_out: 0.8732
  Episode_Termination/torso_height: 0.1268
--------------------------------------------------------------------------------
                   Total timesteps: 6438912
                    Iteration time: 0.32s
                      Time elapsed: 00:02:16
                               ETA: 00:00:37

################################################################################
                      [1m Learning iteration 393/500 [0m                      

                       Computation: 48709 steps/s (collection: 0.246s, learning 0.090s)
             Mean action noise std: 0.20
          Mean value_function loss: 0.0599
               Mean surrogate loss: -0.0036
                 Mean entropy loss: -1.9841
                       Mean reward: 65.02
               Mean episode length: 853.95
           Episode_Reward/progress: 3.9682
              Episode_Reward/alive: 0.4301
            Episode_Reward/upright: 0.0799
     Episode_Reward/move_to_target: 0.4170
          Episode_Reward/action_l2: -0.0162
             Episode_Reward/energy: -0.7468
   Episode_Reward/joint_pos_limits: -0.2770
      Episode_Termination/time_out: 0.8733
  Episode_Termination/torso_height: 0.1267
--------------------------------------------------------------------------------
                   Total timesteps: 6455296
                    Iteration time: 0.34s
                      Time elapsed: 00:02:17
                               ETA: 00:00:37

################################################################################
                      [1m Learning iteration 394/500 [0m                      

                       Computation: 44240 steps/s (collection: 0.279s, learning 0.091s)
             Mean action noise std: 0.20
          Mean value_function loss: 0.0667
               Mean surrogate loss: -0.0038
                 Mean entropy loss: -1.9949
                       Mean reward: 65.18
               Mean episode length: 851.99
           Episode_Reward/progress: 3.7681
              Episode_Reward/alive: 0.3971
            Episode_Reward/upright: 0.0759
     Episode_Reward/move_to_target: 0.3915
          Episode_Reward/action_l2: -0.0152
             Episode_Reward/energy: -0.7010
   Episode_Reward/joint_pos_limits: -0.2560
      Episode_Termination/time_out: 0.8674
  Episode_Termination/torso_height: 0.1326
--------------------------------------------------------------------------------
                   Total timesteps: 6471680
                    Iteration time: 0.37s
                      Time elapsed: 00:02:17
                               ETA: 00:00:36

################################################################################
                      [1m Learning iteration 395/500 [0m                      

                       Computation: 49755 steps/s (collection: 0.261s, learning 0.069s)
             Mean action noise std: 0.20
          Mean value_function loss: 0.0859
               Mean surrogate loss: -0.0022
                 Mean entropy loss: -2.0030
                       Mean reward: 65.98
               Mean episode length: 862.08
           Episode_Reward/progress: 4.6468
              Episode_Reward/alive: 0.4930
            Episode_Reward/upright: 0.0965
     Episode_Reward/move_to_target: 0.4854
          Episode_Reward/action_l2: -0.0185
             Episode_Reward/energy: -0.8789
   Episode_Reward/joint_pos_limits: -0.3123
      Episode_Termination/time_out: 0.8687
  Episode_Termination/torso_height: 0.1313
--------------------------------------------------------------------------------
                   Total timesteps: 6488064
                    Iteration time: 0.33s
                      Time elapsed: 00:02:17
                               ETA: 00:00:36

################################################################################
                      [1m Learning iteration 396/500 [0m                      

                       Computation: 48721 steps/s (collection: 0.247s, learning 0.090s)
             Mean action noise std: 0.20
          Mean value_function loss: 0.0595
               Mean surrogate loss: -0.0080
                 Mean entropy loss: -2.0082
                       Mean reward: 67.70
               Mean episode length: 880.71
           Episode_Reward/progress: 4.7365
              Episode_Reward/alive: 0.4873
            Episode_Reward/upright: 0.0952
     Episode_Reward/move_to_target: 0.4805
          Episode_Reward/action_l2: -0.0185
             Episode_Reward/energy: -0.8800
   Episode_Reward/joint_pos_limits: -0.3070
      Episode_Termination/time_out: 0.8713
  Episode_Termination/torso_height: 0.1287
--------------------------------------------------------------------------------
                   Total timesteps: 6504448
                    Iteration time: 0.34s
                      Time elapsed: 00:02:18
                               ETA: 00:00:36

################################################################################
                      [1m Learning iteration 397/500 [0m                      

                       Computation: 46008 steps/s (collection: 0.263s, learning 0.093s)
             Mean action noise std: 0.20
          Mean value_function loss: 0.0686
               Mean surrogate loss: -0.0066
                 Mean entropy loss: -2.0292
                       Mean reward: 63.71
               Mean episode length: 831.01
           Episode_Reward/progress: 4.1569
              Episode_Reward/alive: 0.4298
            Episode_Reward/upright: 0.0836
     Episode_Reward/move_to_target: 0.4235
          Episode_Reward/action_l2: -0.0164
             Episode_Reward/energy: -0.7744
   Episode_Reward/joint_pos_limits: -0.2720
      Episode_Termination/time_out: 0.8710
  Episode_Termination/torso_height: 0.1290
--------------------------------------------------------------------------------
                   Total timesteps: 6520832
                    Iteration time: 0.36s
                      Time elapsed: 00:02:18
                               ETA: 00:00:35

################################################################################
                      [1m Learning iteration 398/500 [0m                      

                       Computation: 48281 steps/s (collection: 0.250s, learning 0.089s)
             Mean action noise std: 0.20
          Mean value_function loss: 0.0674
               Mean surrogate loss: -0.0068
                 Mean entropy loss: -2.0458
                       Mean reward: 66.65
               Mean episode length: 864.09
           Episode_Reward/progress: 4.6436
              Episode_Reward/alive: 0.4830
            Episode_Reward/upright: 0.0932
     Episode_Reward/move_to_target: 0.4782
          Episode_Reward/action_l2: -0.0182
             Episode_Reward/energy: -0.8611
   Episode_Reward/joint_pos_limits: -0.3065
      Episode_Termination/time_out: 0.8665
  Episode_Termination/torso_height: 0.1335
--------------------------------------------------------------------------------
                   Total timesteps: 6537216
                    Iteration time: 0.34s
                      Time elapsed: 00:02:19
                               ETA: 00:00:35

################################################################################
                      [1m Learning iteration 399/500 [0m                      

                       Computation: 46671 steps/s (collection: 0.261s, learning 0.090s)
             Mean action noise std: 0.20
          Mean value_function loss: 0.0700
               Mean surrogate loss: -0.0018
                 Mean entropy loss: -2.0699
                       Mean reward: 66.99
               Mean episode length: 869.05
           Episode_Reward/progress: 4.6428
              Episode_Reward/alive: 0.4927
            Episode_Reward/upright: 0.0958
     Episode_Reward/move_to_target: 0.4859
          Episode_Reward/action_l2: -0.0186
             Episode_Reward/energy: -0.8718
   Episode_Reward/joint_pos_limits: -0.3146
      Episode_Termination/time_out: 0.8677
  Episode_Termination/torso_height: 0.1323
--------------------------------------------------------------------------------
                   Total timesteps: 6553600
                    Iteration time: 0.35s
                      Time elapsed: 00:02:19
                               ETA: 00:00:35

################################################################################
                      [1m Learning iteration 400/500 [0m                      

                       Computation: 44617 steps/s (collection: 0.270s, learning 0.098s)
             Mean action noise std: 0.19
          Mean value_function loss: 0.0597
               Mean surrogate loss: -0.0044
                 Mean entropy loss: -2.0824
                       Mean reward: 65.00
               Mean episode length: 841.71
           Episode_Reward/progress: 4.1808
              Episode_Reward/alive: 0.4381
            Episode_Reward/upright: 0.0854
     Episode_Reward/move_to_target: 0.4326
          Episode_Reward/action_l2: -0.0166
             Episode_Reward/energy: -0.7829
   Episode_Reward/joint_pos_limits: -0.2764
      Episode_Termination/time_out: 0.8678
  Episode_Termination/torso_height: 0.1322
--------------------------------------------------------------------------------
                   Total timesteps: 6569984
                    Iteration time: 0.37s
                      Time elapsed: 00:02:19
                               ETA: 00:00:34

################################################################################
                      [1m Learning iteration 401/500 [0m                      

                       Computation: 48744 steps/s (collection: 0.244s, learning 0.092s)
             Mean action noise std: 0.19
          Mean value_function loss: 0.0476
               Mean surrogate loss: -0.0038
                 Mean entropy loss: -2.0931
                       Mean reward: 64.05
               Mean episode length: 829.79
           Episode_Reward/progress: 4.3629
              Episode_Reward/alive: 0.4554
            Episode_Reward/upright: 0.0878
     Episode_Reward/move_to_target: 0.4544
          Episode_Reward/action_l2: -0.0171
             Episode_Reward/energy: -0.7941
   Episode_Reward/joint_pos_limits: -0.2978
      Episode_Termination/time_out: 0.8640
  Episode_Termination/torso_height: 0.1360
--------------------------------------------------------------------------------
                   Total timesteps: 6586368
                    Iteration time: 0.34s
                      Time elapsed: 00:02:20
                               ETA: 00:00:34

################################################################################
                      [1m Learning iteration 402/500 [0m                      

                       Computation: 46739 steps/s (collection: 0.259s, learning 0.091s)
             Mean action noise std: 0.19
          Mean value_function loss: 0.0560
               Mean surrogate loss: -0.0065
                 Mean entropy loss: -2.1168
                       Mean reward: 65.72
               Mean episode length: 852.41
           Episode_Reward/progress: 3.7380
              Episode_Reward/alive: 0.4058
            Episode_Reward/upright: 0.0762
     Episode_Reward/move_to_target: 0.3960
          Episode_Reward/action_l2: -0.0153
             Episode_Reward/energy: -0.6895
   Episode_Reward/joint_pos_limits: -0.2650
      Episode_Termination/time_out: 0.8645
  Episode_Termination/torso_height: 0.1355
--------------------------------------------------------------------------------
                   Total timesteps: 6602752
                    Iteration time: 0.35s
                      Time elapsed: 00:02:20
                               ETA: 00:00:34

################################################################################
                      [1m Learning iteration 403/500 [0m                      

                       Computation: 46562 steps/s (collection: 0.258s, learning 0.094s)
             Mean action noise std: 0.19
          Mean value_function loss: 0.0726
               Mean surrogate loss: -0.0058
                 Mean entropy loss: -2.1127
                       Mean reward: 65.15
               Mean episode length: 845.85
           Episode_Reward/progress: 4.6467
              Episode_Reward/alive: 0.4755
            Episode_Reward/upright: 0.0927
     Episode_Reward/move_to_target: 0.4735
          Episode_Reward/action_l2: -0.0181
             Episode_Reward/energy: -0.8654
   Episode_Reward/joint_pos_limits: -0.3017
      Episode_Termination/time_out: 0.8666
  Episode_Termination/torso_height: 0.1334
--------------------------------------------------------------------------------
                   Total timesteps: 6619136
                    Iteration time: 0.35s
                      Time elapsed: 00:02:20
                               ETA: 00:00:33

################################################################################
                      [1m Learning iteration 404/500 [0m                      

                       Computation: 42433 steps/s (collection: 0.293s, learning 0.093s)
             Mean action noise std: 0.19
          Mean value_function loss: 0.0684
               Mean surrogate loss: -0.0035
                 Mean entropy loss: -2.1188
                       Mean reward: 63.88
               Mean episode length: 827.68
           Episode_Reward/progress: 4.3568
              Episode_Reward/alive: 0.4557
            Episode_Reward/upright: 0.0881
     Episode_Reward/move_to_target: 0.4513
          Episode_Reward/action_l2: -0.0172
             Episode_Reward/energy: -0.8140
   Episode_Reward/joint_pos_limits: -0.2889
      Episode_Termination/time_out: 0.8662
  Episode_Termination/torso_height: 0.1338
--------------------------------------------------------------------------------
                   Total timesteps: 6635520
                    Iteration time: 0.39s
                      Time elapsed: 00:02:21
                               ETA: 00:00:33

################################################################################
                      [1m Learning iteration 405/500 [0m                      

                       Computation: 46237 steps/s (collection: 0.266s, learning 0.088s)
             Mean action noise std: 0.19
          Mean value_function loss: 0.0624
               Mean surrogate loss: -0.0065
                 Mean entropy loss: -2.1365
                       Mean reward: 67.21
               Mean episode length: 860.44
           Episode_Reward/progress: 4.3424
              Episode_Reward/alive: 0.4401
            Episode_Reward/upright: 0.0853
     Episode_Reward/move_to_target: 0.4343
          Episode_Reward/action_l2: -0.0168
             Episode_Reward/energy: -0.8015
   Episode_Reward/joint_pos_limits: -0.2796
      Episode_Termination/time_out: 0.8622
  Episode_Termination/torso_height: 0.1378
--------------------------------------------------------------------------------
                   Total timesteps: 6651904
                    Iteration time: 0.35s
                      Time elapsed: 00:02:21
                               ETA: 00:00:33

################################################################################
                      [1m Learning iteration 406/500 [0m                      

                       Computation: 49684 steps/s (collection: 0.242s, learning 0.088s)
             Mean action noise std: 0.19
          Mean value_function loss: 0.0759
               Mean surrogate loss: -0.0046
                 Mean entropy loss: -2.1545
                       Mean reward: 68.13
               Mean episode length: 872.16
           Episode_Reward/progress: 4.3790
              Episode_Reward/alive: 0.4546
            Episode_Reward/upright: 0.0881
     Episode_Reward/move_to_target: 0.4500
          Episode_Reward/action_l2: -0.0172
             Episode_Reward/energy: -0.8085
   Episode_Reward/joint_pos_limits: -0.2891
      Episode_Termination/time_out: 0.8602
  Episode_Termination/torso_height: 0.1398
--------------------------------------------------------------------------------
                   Total timesteps: 6668288
                    Iteration time: 0.33s
                      Time elapsed: 00:02:21
                               ETA: 00:00:32

################################################################################
                      [1m Learning iteration 407/500 [0m                      

                       Computation: 43985 steps/s (collection: 0.301s, learning 0.072s)
             Mean action noise std: 0.19
          Mean value_function loss: 0.0682
               Mean surrogate loss: -0.0073
                 Mean entropy loss: -2.1758
                       Mean reward: 67.75
               Mean episode length: 863.91
           Episode_Reward/progress: 4.0675
              Episode_Reward/alive: 0.4191
            Episode_Reward/upright: 0.0809
     Episode_Reward/move_to_target: 0.4115
          Episode_Reward/action_l2: -0.0162
             Episode_Reward/energy: -0.7480
   Episode_Reward/joint_pos_limits: -0.2716
      Episode_Termination/time_out: 0.8556
  Episode_Termination/torso_height: 0.1444
--------------------------------------------------------------------------------
                   Total timesteps: 6684672
                    Iteration time: 0.37s
                      Time elapsed: 00:02:22
                               ETA: 00:00:32

################################################################################
                      [1m Learning iteration 408/500 [0m                      

                       Computation: 49041 steps/s (collection: 0.265s, learning 0.069s)
             Mean action noise std: 0.19
          Mean value_function loss: 0.0633
               Mean surrogate loss: -0.0038
                 Mean entropy loss: -2.2041
                       Mean reward: 67.12
               Mean episode length: 862.17
           Episode_Reward/progress: 4.2383
              Episode_Reward/alive: 0.4473
            Episode_Reward/upright: 0.0869
     Episode_Reward/move_to_target: 0.4403
          Episode_Reward/action_l2: -0.0169
             Episode_Reward/energy: -0.7985
   Episode_Reward/joint_pos_limits: -0.2830
      Episode_Termination/time_out: 0.8511
  Episode_Termination/torso_height: 0.1489
--------------------------------------------------------------------------------
                   Total timesteps: 6701056
                    Iteration time: 0.33s
                      Time elapsed: 00:02:22
                               ETA: 00:00:32

################################################################################
                      [1m Learning iteration 409/500 [0m                      

                       Computation: 47002 steps/s (collection: 0.244s, learning 0.105s)
             Mean action noise std: 0.19
          Mean value_function loss: 0.0607
               Mean surrogate loss: -0.0057
                 Mean entropy loss: -2.2179
                       Mean reward: 67.24
               Mean episode length: 860.29
           Episode_Reward/progress: 4.3263
              Episode_Reward/alive: 0.4414
            Episode_Reward/upright: 0.0858
     Episode_Reward/move_to_target: 0.4341
          Episode_Reward/action_l2: -0.0170
             Episode_Reward/energy: -0.7953
   Episode_Reward/joint_pos_limits: -0.2830
      Episode_Termination/time_out: 0.8499
  Episode_Termination/torso_height: 0.1501
--------------------------------------------------------------------------------
                   Total timesteps: 6717440
                    Iteration time: 0.35s
                      Time elapsed: 00:02:22
                               ETA: 00:00:31

################################################################################
                      [1m Learning iteration 410/500 [0m                      

                       Computation: 42084 steps/s (collection: 0.309s, learning 0.080s)
             Mean action noise std: 0.19
          Mean value_function loss: 0.0774
               Mean surrogate loss: -0.0059
                 Mean entropy loss: -2.2270
                       Mean reward: 67.12
               Mean episode length: 859.17
           Episode_Reward/progress: 4.6975
              Episode_Reward/alive: 0.4831
            Episode_Reward/upright: 0.0941
     Episode_Reward/move_to_target: 0.4788
          Episode_Reward/action_l2: -0.0185
             Episode_Reward/energy: -0.8748
   Episode_Reward/joint_pos_limits: -0.3066
      Episode_Termination/time_out: 0.8533
  Episode_Termination/torso_height: 0.1467
--------------------------------------------------------------------------------
                   Total timesteps: 6733824
                    Iteration time: 0.39s
                      Time elapsed: 00:02:23
                               ETA: 00:00:31

################################################################################
                      [1m Learning iteration 411/500 [0m                      

                       Computation: 43968 steps/s (collection: 0.276s, learning 0.097s)
             Mean action noise std: 0.19
          Mean value_function loss: 0.0591
               Mean surrogate loss: -0.0071
                 Mean entropy loss: -2.2446
                       Mean reward: 66.30
               Mean episode length: 851.90
           Episode_Reward/progress: 3.4610
              Episode_Reward/alive: 0.3739
            Episode_Reward/upright: 0.0713
     Episode_Reward/move_to_target: 0.3671
          Episode_Reward/action_l2: -0.0140
             Episode_Reward/energy: -0.6456
   Episode_Reward/joint_pos_limits: -0.2390
      Episode_Termination/time_out: 0.8553
  Episode_Termination/torso_height: 0.1447
--------------------------------------------------------------------------------
                   Total timesteps: 6750208
                    Iteration time: 0.37s
                      Time elapsed: 00:02:23
                               ETA: 00:00:31

################################################################################
                      [1m Learning iteration 412/500 [0m                      

                       Computation: 43958 steps/s (collection: 0.274s, learning 0.099s)
             Mean action noise std: 0.19
          Mean value_function loss: 0.0587
               Mean surrogate loss: -0.0055
                 Mean entropy loss: -2.2736
                       Mean reward: 67.14
               Mean episode length: 859.20
           Episode_Reward/progress: 4.3557
              Episode_Reward/alive: 0.4491
            Episode_Reward/upright: 0.0869
     Episode_Reward/move_to_target: 0.4477
          Episode_Reward/action_l2: -0.0171
             Episode_Reward/energy: -0.8023
   Episode_Reward/joint_pos_limits: -0.2888
      Episode_Termination/time_out: 0.8500
  Episode_Termination/torso_height: 0.1500
--------------------------------------------------------------------------------
                   Total timesteps: 6766592
                    Iteration time: 0.37s
                      Time elapsed: 00:02:24
                               ETA: 00:00:30

################################################################################
                      [1m Learning iteration 413/500 [0m                      

                       Computation: 43997 steps/s (collection: 0.275s, learning 0.098s)
             Mean action noise std: 0.19
          Mean value_function loss: 0.0638
               Mean surrogate loss: -0.0056
                 Mean entropy loss: -2.2757
                       Mean reward: 65.86
               Mean episode length: 847.45
           Episode_Reward/progress: 3.6104
              Episode_Reward/alive: 0.4019
            Episode_Reward/upright: 0.0747
     Episode_Reward/move_to_target: 0.3888
          Episode_Reward/action_l2: -0.0152
             Episode_Reward/energy: -0.6876
   Episode_Reward/joint_pos_limits: -0.2623
      Episode_Termination/time_out: 0.8482
  Episode_Termination/torso_height: 0.1518
--------------------------------------------------------------------------------
                   Total timesteps: 6782976
                    Iteration time: 0.37s
                      Time elapsed: 00:02:24
                               ETA: 00:00:30

################################################################################
                      [1m Learning iteration 414/500 [0m                      

                       Computation: 44251 steps/s (collection: 0.278s, learning 0.093s)
             Mean action noise std: 0.19
          Mean value_function loss: 0.0551
               Mean surrogate loss: -0.0069
                 Mean entropy loss: -2.2845
                       Mean reward: 66.33
               Mean episode length: 853.70
           Episode_Reward/progress: 4.1332
              Episode_Reward/alive: 0.4562
            Episode_Reward/upright: 0.0884
     Episode_Reward/move_to_target: 0.4522
          Episode_Reward/action_l2: -0.0174
             Episode_Reward/energy: -0.7912
   Episode_Reward/joint_pos_limits: -0.3003
      Episode_Termination/time_out: 0.8473
  Episode_Termination/torso_height: 0.1527
--------------------------------------------------------------------------------
                   Total timesteps: 6799360
                    Iteration time: 0.37s
                      Time elapsed: 00:02:24
                               ETA: 00:00:30

################################################################################
                      [1m Learning iteration 415/500 [0m                      

                       Computation: 42492 steps/s (collection: 0.287s, learning 0.098s)
             Mean action noise std: 0.19
          Mean value_function loss: 0.0588
               Mean surrogate loss: -0.0049
                 Mean entropy loss: -2.2931
                       Mean reward: 67.75
               Mean episode length: 868.09
           Episode_Reward/progress: 4.9835
              Episode_Reward/alive: 0.5000
            Episode_Reward/upright: 0.0987
     Episode_Reward/move_to_target: 0.4978
          Episode_Reward/action_l2: -0.0192
             Episode_Reward/energy: -0.9198
   Episode_Reward/joint_pos_limits: -0.3190
      Episode_Termination/time_out: 0.8463
  Episode_Termination/torso_height: 0.1537
--------------------------------------------------------------------------------
                   Total timesteps: 6815744
                    Iteration time: 0.39s
                      Time elapsed: 00:02:25
                               ETA: 00:00:29

################################################################################
                      [1m Learning iteration 416/500 [0m                      

                       Computation: 44950 steps/s (collection: 0.276s, learning 0.088s)
             Mean action noise std: 0.19
          Mean value_function loss: 0.0488
               Mean surrogate loss: -0.0057
                 Mean entropy loss: -2.3075
                       Mean reward: 68.73
               Mean episode length: 879.88
           Episode_Reward/progress: 4.8944
              Episode_Reward/alive: 0.4947
            Episode_Reward/upright: 0.0965
     Episode_Reward/move_to_target: 0.4932
          Episode_Reward/action_l2: -0.0190
             Episode_Reward/energy: -0.9020
   Episode_Reward/joint_pos_limits: -0.3179
      Episode_Termination/time_out: 0.8510
  Episode_Termination/torso_height: 0.1490
--------------------------------------------------------------------------------
                   Total timesteps: 6832128
                    Iteration time: 0.36s
                      Time elapsed: 00:02:25
                               ETA: 00:00:29

################################################################################
                      [1m Learning iteration 417/500 [0m                      

                       Computation: 41139 steps/s (collection: 0.298s, learning 0.100s)
             Mean action noise std: 0.19
          Mean value_function loss: 0.0394
               Mean surrogate loss: -0.0058
                 Mean entropy loss: -2.3163
                       Mean reward: 68.22
               Mean episode length: 874.26
           Episode_Reward/progress: 4.6428
              Episode_Reward/alive: 0.4768
            Episode_Reward/upright: 0.0938
     Episode_Reward/move_to_target: 0.4740
          Episode_Reward/action_l2: -0.0181
             Episode_Reward/energy: -0.8575
   Episode_Reward/joint_pos_limits: -0.3053
      Episode_Termination/time_out: 0.8510
  Episode_Termination/torso_height: 0.1490
--------------------------------------------------------------------------------
                   Total timesteps: 6848512
                    Iteration time: 0.40s
                      Time elapsed: 00:02:25
                               ETA: 00:00:28

################################################################################
                      [1m Learning iteration 418/500 [0m                      

                       Computation: 44933 steps/s (collection: 0.271s, learning 0.093s)
             Mean action noise std: 0.19
          Mean value_function loss: 0.0651
               Mean surrogate loss: -0.0060
                 Mean entropy loss: -2.3235
                       Mean reward: 70.81
               Mean episode length: 904.50
           Episode_Reward/progress: 4.7002
              Episode_Reward/alive: 0.5000
            Episode_Reward/upright: 0.0972
     Episode_Reward/move_to_target: 0.4960
          Episode_Reward/action_l2: -0.0189
             Episode_Reward/energy: -0.8824
   Episode_Reward/joint_pos_limits: -0.3174
      Episode_Termination/time_out: 0.8530
  Episode_Termination/torso_height: 0.1470
--------------------------------------------------------------------------------
                   Total timesteps: 6864896
                    Iteration time: 0.36s
                      Time elapsed: 00:02:26
                               ETA: 00:00:28

################################################################################
                      [1m Learning iteration 419/500 [0m                      

                       Computation: 44088 steps/s (collection: 0.274s, learning 0.097s)
             Mean action noise std: 0.19
          Mean value_function loss: 0.0441
               Mean surrogate loss: -0.0054
                 Mean entropy loss: -2.3433
                       Mean reward: 72.99
               Mean episode length: 922.92
           Episode_Reward/progress: 4.9797
              Episode_Reward/alive: 0.4936
            Episode_Reward/upright: 0.0971
     Episode_Reward/move_to_target: 0.4913
          Episode_Reward/action_l2: -0.0190
             Episode_Reward/energy: -0.9056
   Episode_Reward/joint_pos_limits: -0.3182
      Episode_Termination/time_out: 0.8597
  Episode_Termination/torso_height: 0.1403
--------------------------------------------------------------------------------
                   Total timesteps: 6881280
                    Iteration time: 0.37s
                      Time elapsed: 00:02:26
                               ETA: 00:00:28

################################################################################
                      [1m Learning iteration 420/500 [0m                      

                       Computation: 40975 steps/s (collection: 0.288s, learning 0.112s)
             Mean action noise std: 0.19
          Mean value_function loss: 0.0597
               Mean surrogate loss: -0.0026
                 Mean entropy loss: -2.3701
                       Mean reward: 73.19
               Mean episode length: 923.09
           Episode_Reward/progress: 4.6370
              Episode_Reward/alive: 0.4713
            Episode_Reward/upright: 0.0914
     Episode_Reward/move_to_target: 0.4668
          Episode_Reward/action_l2: -0.0180
             Episode_Reward/energy: -0.8468
   Episode_Reward/joint_pos_limits: -0.3046
      Episode_Termination/time_out: 0.8645
  Episode_Termination/torso_height: 0.1355
--------------------------------------------------------------------------------
                   Total timesteps: 6897664
                    Iteration time: 0.40s
                      Time elapsed: 00:02:27
                               ETA: 00:00:27

################################################################################
                      [1m Learning iteration 421/500 [0m                      

                       Computation: 38756 steps/s (collection: 0.316s, learning 0.106s)
             Mean action noise std: 0.19
          Mean value_function loss: 0.0498
               Mean surrogate loss: -0.0058
                 Mean entropy loss: -2.3805
                       Mean reward: 73.09
               Mean episode length: 923.09
           Episode_Reward/progress: 4.9220
              Episode_Reward/alive: 0.5000
            Episode_Reward/upright: 0.0976
     Episode_Reward/move_to_target: 0.4944
          Episode_Reward/action_l2: -0.0192
             Episode_Reward/energy: -0.9105
   Episode_Reward/joint_pos_limits: -0.3219
      Episode_Termination/time_out: 0.8699
  Episode_Termination/torso_height: 0.1301
--------------------------------------------------------------------------------
                   Total timesteps: 6914048
                    Iteration time: 0.42s
                      Time elapsed: 00:02:27
                               ETA: 00:00:27

################################################################################
                      [1m Learning iteration 422/500 [0m                      

                       Computation: 39051 steps/s (collection: 0.313s, learning 0.107s)
             Mean action noise std: 0.19
          Mean value_function loss: 0.0582
               Mean surrogate loss: -0.0098
                 Mean entropy loss: -2.3836
                       Mean reward: 72.07
               Mean episode length: 911.99
           Episode_Reward/progress: 4.3687
              Episode_Reward/alive: 0.4568
            Episode_Reward/upright: 0.0893
     Episode_Reward/move_to_target: 0.4553
          Episode_Reward/action_l2: -0.0172
             Episode_Reward/energy: -0.8165
   Episode_Reward/joint_pos_limits: -0.2922
      Episode_Termination/time_out: 0.8693
  Episode_Termination/torso_height: 0.1307
--------------------------------------------------------------------------------
                   Total timesteps: 6930432
                    Iteration time: 0.42s
                      Time elapsed: 00:02:27
                               ETA: 00:00:27

################################################################################
                      [1m Learning iteration 423/500 [0m                      

                       Computation: 36987 steps/s (collection: 0.329s, learning 0.114s)
             Mean action noise std: 0.19
          Mean value_function loss: 0.0536
               Mean surrogate loss: -0.0065
                 Mean entropy loss: -2.3925
                       Mean reward: 70.68
               Mean episode length: 899.61
           Episode_Reward/progress: 3.9565
              Episode_Reward/alive: 0.4270
            Episode_Reward/upright: 0.0830
     Episode_Reward/move_to_target: 0.4234
          Episode_Reward/action_l2: -0.0160
             Episode_Reward/energy: -0.7431
   Episode_Reward/joint_pos_limits: -0.2750
      Episode_Termination/time_out: 0.8691
  Episode_Termination/torso_height: 0.1309
--------------------------------------------------------------------------------
                   Total timesteps: 6946816
                    Iteration time: 0.44s
                      Time elapsed: 00:02:28
                               ETA: 00:00:26

################################################################################
                      [1m Learning iteration 424/500 [0m                      

                       Computation: 37992 steps/s (collection: 0.329s, learning 0.103s)
             Mean action noise std: 0.19
          Mean value_function loss: 0.0795
               Mean surrogate loss: -0.0078
                 Mean entropy loss: -2.4068
                       Mean reward: 71.43
               Mean episode length: 905.48
           Episode_Reward/progress: 4.8669
              Episode_Reward/alive: 0.4977
            Episode_Reward/upright: 0.0971
     Episode_Reward/move_to_target: 0.4933
          Episode_Reward/action_l2: -0.0190
             Episode_Reward/energy: -0.8975
   Episode_Reward/joint_pos_limits: -0.3177
      Episode_Termination/time_out: 0.8751
  Episode_Termination/torso_height: 0.1249
--------------------------------------------------------------------------------
                   Total timesteps: 6963200
                    Iteration time: 0.43s
                      Time elapsed: 00:02:28
                               ETA: 00:00:26

################################################################################
                      [1m Learning iteration 425/500 [0m                      

                       Computation: 39302 steps/s (collection: 0.315s, learning 0.102s)
             Mean action noise std: 0.19
          Mean value_function loss: 0.0626
               Mean surrogate loss: -0.0079
                 Mean entropy loss: -2.4137
                       Mean reward: 69.10
               Mean episode length: 885.22
           Episode_Reward/progress: 4.3616
              Episode_Reward/alive: 0.4567
            Episode_Reward/upright: 0.0878
     Episode_Reward/move_to_target: 0.4519
          Episode_Reward/action_l2: -0.0172
             Episode_Reward/energy: -0.8121
   Episode_Reward/joint_pos_limits: -0.2943
      Episode_Termination/time_out: 0.8755
  Episode_Termination/torso_height: 0.1245
--------------------------------------------------------------------------------
                   Total timesteps: 6979584
                    Iteration time: 0.42s
                      Time elapsed: 00:02:29
                               ETA: 00:00:26

################################################################################
                      [1m Learning iteration 426/500 [0m                      

                       Computation: 41276 steps/s (collection: 0.305s, learning 0.092s)
             Mean action noise std: 0.19
          Mean value_function loss: 0.0568
               Mean surrogate loss: -0.0059
                 Mean entropy loss: -2.4414
                       Mean reward: 68.06
               Mean episode length: 873.52
           Episode_Reward/progress: 4.1031
              Episode_Reward/alive: 0.4289
            Episode_Reward/upright: 0.0821
     Episode_Reward/move_to_target: 0.4262
          Episode_Reward/action_l2: -0.0162
             Episode_Reward/energy: -0.7525
   Episode_Reward/joint_pos_limits: -0.2774
      Episode_Termination/time_out: 0.8727
  Episode_Termination/torso_height: 0.1273
--------------------------------------------------------------------------------
                   Total timesteps: 6995968
                    Iteration time: 0.40s
                      Time elapsed: 00:02:29
                               ETA: 00:00:25

################################################################################
                      [1m Learning iteration 427/500 [0m                      

                       Computation: 45531 steps/s (collection: 0.271s, learning 0.089s)
             Mean action noise std: 0.19
          Mean value_function loss: 0.0400
               Mean surrogate loss: -0.0027
                 Mean entropy loss: -2.4529
                       Mean reward: 69.73
               Mean episode length: 891.07
           Episode_Reward/progress: 4.8639
              Episode_Reward/alive: 0.5000
            Episode_Reward/upright: 0.0961
     Episode_Reward/move_to_target: 0.4977
          Episode_Reward/action_l2: -0.0190
             Episode_Reward/energy: -0.8941
   Episode_Reward/joint_pos_limits: -0.3230
      Episode_Termination/time_out: 0.8774
  Episode_Termination/torso_height: 0.1226
--------------------------------------------------------------------------------
                   Total timesteps: 7012352
                    Iteration time: 0.36s
                      Time elapsed: 00:02:29
                               ETA: 00:00:25

################################################################################
                      [1m Learning iteration 428/500 [0m                      

                       Computation: 45008 steps/s (collection: 0.268s, learning 0.096s)
             Mean action noise std: 0.19
          Mean value_function loss: 0.0656
               Mean surrogate loss: -0.0055
                 Mean entropy loss: -2.4723
                       Mean reward: 70.63
               Mean episode length: 901.99
           Episode_Reward/progress: 4.0142
              Episode_Reward/alive: 0.4303
            Episode_Reward/upright: 0.0810
     Episode_Reward/move_to_target: 0.4168
          Episode_Reward/action_l2: -0.0162
             Episode_Reward/energy: -0.7501
   Episode_Reward/joint_pos_limits: -0.2788
      Episode_Termination/time_out: 0.8810
  Episode_Termination/torso_height: 0.1190
--------------------------------------------------------------------------------
                   Total timesteps: 7028736
                    Iteration time: 0.36s
                      Time elapsed: 00:02:30
                               ETA: 00:00:25

################################################################################
                      [1m Learning iteration 429/500 [0m                      

                       Computation: 45909 steps/s (collection: 0.264s, learning 0.093s)
             Mean action noise std: 0.19
          Mean value_function loss: 0.0648
               Mean surrogate loss: -0.0057
                 Mean entropy loss: -2.5009
                       Mean reward: 71.24
               Mean episode length: 910.70
           Episode_Reward/progress: 4.7741
              Episode_Reward/alive: 0.4991
            Episode_Reward/upright: 0.0965
     Episode_Reward/move_to_target: 0.4940
          Episode_Reward/action_l2: -0.0188
             Episode_Reward/energy: -0.8858
   Episode_Reward/joint_pos_limits: -0.3194
      Episode_Termination/time_out: 0.8801
  Episode_Termination/torso_height: 0.1199
--------------------------------------------------------------------------------
                   Total timesteps: 7045120
                    Iteration time: 0.36s
                      Time elapsed: 00:02:30
                               ETA: 00:00:24

################################################################################
                      [1m Learning iteration 430/500 [0m                      

                       Computation: 46138 steps/s (collection: 0.265s, learning 0.090s)
             Mean action noise std: 0.18
          Mean value_function loss: 0.0499
               Mean surrogate loss: -0.0068
                 Mean entropy loss: -2.5360
                       Mean reward: 72.15
               Mean episode length: 915.84
           Episode_Reward/progress: 4.1587
              Episode_Reward/alive: 0.4202
            Episode_Reward/upright: 0.0815
     Episode_Reward/move_to_target: 0.4145
          Episode_Reward/action_l2: -0.0160
             Episode_Reward/energy: -0.7566
   Episode_Reward/joint_pos_limits: -0.2680
      Episode_Termination/time_out: 0.8777
  Episode_Termination/torso_height: 0.1223
--------------------------------------------------------------------------------
                   Total timesteps: 7061504
                    Iteration time: 0.36s
                      Time elapsed: 00:02:31
                               ETA: 00:00:24

################################################################################
                      [1m Learning iteration 431/500 [0m                      

                       Computation: 48637 steps/s (collection: 0.244s, learning 0.093s)
             Mean action noise std: 0.18
          Mean value_function loss: 0.0495
               Mean surrogate loss: -0.0073
                 Mean entropy loss: -2.5681
                       Mean reward: 72.08
               Mean episode length: 916.67
           Episode_Reward/progress: 4.4720
              Episode_Reward/alive: 0.4626
            Episode_Reward/upright: 0.0899
     Episode_Reward/move_to_target: 0.4616
          Episode_Reward/action_l2: -0.0174
             Episode_Reward/energy: -0.8215
   Episode_Reward/joint_pos_limits: -0.2992
      Episode_Termination/time_out: 0.8812
  Episode_Termination/torso_height: 0.1188
--------------------------------------------------------------------------------
                   Total timesteps: 7077888
                    Iteration time: 0.34s
                      Time elapsed: 00:02:31
                               ETA: 00:00:24

################################################################################
                      [1m Learning iteration 432/500 [0m                      

                       Computation: 46728 steps/s (collection: 0.260s, learning 0.091s)
             Mean action noise std: 0.18
          Mean value_function loss: 0.0856
               Mean surrogate loss: -0.0066
                 Mean entropy loss: -2.5808
                       Mean reward: 70.56
               Mean episode length: 898.77
           Episode_Reward/progress: 4.5021
              Episode_Reward/alive: 0.4634
            Episode_Reward/upright: 0.0900
     Episode_Reward/move_to_target: 0.4617
          Episode_Reward/action_l2: -0.0174
             Episode_Reward/energy: -0.8230
   Episode_Reward/joint_pos_limits: -0.2998
      Episode_Termination/time_out: 0.8843
  Episode_Termination/torso_height: 0.1157
--------------------------------------------------------------------------------
                   Total timesteps: 7094272
                    Iteration time: 0.35s
                      Time elapsed: 00:02:31
                               ETA: 00:00:23

################################################################################
                      [1m Learning iteration 433/500 [0m                      

                       Computation: 45236 steps/s (collection: 0.266s, learning 0.096s)
             Mean action noise std: 0.18
          Mean value_function loss: 0.0435
               Mean surrogate loss: -0.0067
                 Mean entropy loss: -2.5897
                       Mean reward: 71.80
               Mean episode length: 907.06
           Episode_Reward/progress: 4.9647
              Episode_Reward/alive: 0.4987
            Episode_Reward/upright: 0.0956
     Episode_Reward/move_to_target: 0.4959
          Episode_Reward/action_l2: -0.0189
             Episode_Reward/energy: -0.8909
   Episode_Reward/joint_pos_limits: -0.3270
      Episode_Termination/time_out: 0.8869
  Episode_Termination/torso_height: 0.1131
--------------------------------------------------------------------------------
                   Total timesteps: 7110656
                    Iteration time: 0.36s
                      Time elapsed: 00:02:32
                               ETA: 00:00:23

################################################################################
                      [1m Learning iteration 434/500 [0m                      

                       Computation: 44292 steps/s (collection: 0.279s, learning 0.091s)
             Mean action noise std: 0.18
          Mean value_function loss: 0.0497
               Mean surrogate loss: -0.0059
                 Mean entropy loss: -2.6098
                       Mean reward: 71.33
               Mean episode length: 897.86
           Episode_Reward/progress: 4.5309
              Episode_Reward/alive: 0.4662
            Episode_Reward/upright: 0.0902
     Episode_Reward/move_to_target: 0.4616
          Episode_Reward/action_l2: -0.0176
             Episode_Reward/energy: -0.8289
   Episode_Reward/joint_pos_limits: -0.2992
      Episode_Termination/time_out: 0.8918
  Episode_Termination/torso_height: 0.1082
--------------------------------------------------------------------------------
                   Total timesteps: 7127040
                    Iteration time: 0.37s
                      Time elapsed: 00:02:32
                               ETA: 00:00:23

################################################################################
                      [1m Learning iteration 435/500 [0m                      

                       Computation: 45151 steps/s (collection: 0.269s, learning 0.094s)
             Mean action noise std: 0.18
          Mean value_function loss: 0.0582
               Mean surrogate loss: -0.0069
                 Mean entropy loss: -2.6131
                       Mean reward: 73.01
               Mean episode length: 914.29
           Episode_Reward/progress: 5.0356
              Episode_Reward/alive: 0.5000
            Episode_Reward/upright: 0.0987
     Episode_Reward/move_to_target: 0.4994
          Episode_Reward/action_l2: -0.0190
             Episode_Reward/energy: -0.9129
   Episode_Reward/joint_pos_limits: -0.3195
      Episode_Termination/time_out: 0.8963
  Episode_Termination/torso_height: 0.1037
--------------------------------------------------------------------------------
                   Total timesteps: 7143424
                    Iteration time: 0.36s
                      Time elapsed: 00:02:32
                               ETA: 00:00:22

################################################################################
                      [1m Learning iteration 436/500 [0m                      

                       Computation: 45901 steps/s (collection: 0.264s, learning 0.093s)
             Mean action noise std: 0.18
          Mean value_function loss: 0.0713
               Mean surrogate loss: -0.0055
                 Mean entropy loss: -2.6253
                       Mean reward: 72.75
               Mean episode length: 911.17
           Episode_Reward/progress: 4.7917
              Episode_Reward/alive: 0.4841
            Episode_Reward/upright: 0.0935
     Episode_Reward/move_to_target: 0.4769
          Episode_Reward/action_l2: -0.0185
             Episode_Reward/energy: -0.8756
   Episode_Reward/joint_pos_limits: -0.3118
      Episode_Termination/time_out: 0.8986
  Episode_Termination/torso_height: 0.1014
--------------------------------------------------------------------------------
                   Total timesteps: 7159808
                    Iteration time: 0.36s
                      Time elapsed: 00:02:33
                               ETA: 00:00:22

################################################################################
                      [1m Learning iteration 437/500 [0m                      

                       Computation: 44059 steps/s (collection: 0.277s, learning 0.095s)
             Mean action noise std: 0.18
          Mean value_function loss: 0.0860
               Mean surrogate loss: -0.0085
                 Mean entropy loss: -2.6366
                       Mean reward: 72.70
               Mean episode length: 906.79
           Episode_Reward/progress: 4.7562
              Episode_Reward/alive: 0.4751
            Episode_Reward/upright: 0.0924
     Episode_Reward/move_to_target: 0.4716
          Episode_Reward/action_l2: -0.0180
             Episode_Reward/energy: -0.8533
   Episode_Reward/joint_pos_limits: -0.3052
      Episode_Termination/time_out: 0.8970
  Episode_Termination/torso_height: 0.1030
--------------------------------------------------------------------------------
                   Total timesteps: 7176192
                    Iteration time: 0.37s
                      Time elapsed: 00:02:33
                               ETA: 00:00:22

################################################################################
                      [1m Learning iteration 438/500 [0m                      

                       Computation: 44811 steps/s (collection: 0.270s, learning 0.095s)
             Mean action noise std: 0.18
          Mean value_function loss: 0.0540
               Mean surrogate loss: -0.0075
                 Mean entropy loss: -2.6419
                       Mean reward: 70.77
               Mean episode length: 891.33
           Episode_Reward/progress: 4.6083
              Episode_Reward/alive: 0.4737
            Episode_Reward/upright: 0.0927
     Episode_Reward/move_to_target: 0.4705
          Episode_Reward/action_l2: -0.0180
             Episode_Reward/energy: -0.8455
   Episode_Reward/joint_pos_limits: -0.3038
      Episode_Termination/time_out: 0.8987
  Episode_Termination/torso_height: 0.1013
--------------------------------------------------------------------------------
                   Total timesteps: 7192576
                    Iteration time: 0.37s
                      Time elapsed: 00:02:33
                               ETA: 00:00:21

################################################################################
                      [1m Learning iteration 439/500 [0m                      

                       Computation: 48536 steps/s (collection: 0.247s, learning 0.090s)
             Mean action noise std: 0.18
          Mean value_function loss: 0.0771
               Mean surrogate loss: -0.0079
                 Mean entropy loss: -2.6442
                       Mean reward: 69.66
               Mean episode length: 879.56
           Episode_Reward/progress: 4.3059
              Episode_Reward/alive: 0.4467
            Episode_Reward/upright: 0.0871
     Episode_Reward/move_to_target: 0.4416
          Episode_Reward/action_l2: -0.0171
             Episode_Reward/energy: -0.7992
   Episode_Reward/joint_pos_limits: -0.2895
      Episode_Termination/time_out: 0.8939
  Episode_Termination/torso_height: 0.1061
--------------------------------------------------------------------------------
                   Total timesteps: 7208960
                    Iteration time: 0.34s
                      Time elapsed: 00:02:34
                               ETA: 00:00:21

################################################################################
                      [1m Learning iteration 440/500 [0m                      

                       Computation: 45798 steps/s (collection: 0.263s, learning 0.095s)
             Mean action noise std: 0.18
          Mean value_function loss: 0.0492
               Mean surrogate loss: -0.0071
                 Mean entropy loss: -2.6594
                       Mean reward: 67.43
               Mean episode length: 861.22
           Episode_Reward/progress: 4.7007
              Episode_Reward/alive: 0.4815
            Episode_Reward/upright: 0.0934
     Episode_Reward/move_to_target: 0.4783
          Episode_Reward/action_l2: -0.0181
             Episode_Reward/energy: -0.8600
   Episode_Reward/joint_pos_limits: -0.3077
      Episode_Termination/time_out: 0.8942
  Episode_Termination/torso_height: 0.1058
--------------------------------------------------------------------------------
                   Total timesteps: 7225344
                    Iteration time: 0.36s
                      Time elapsed: 00:02:34
                               ETA: 00:00:21

################################################################################
                      [1m Learning iteration 441/500 [0m                      

                       Computation: 45448 steps/s (collection: 0.266s, learning 0.095s)
             Mean action noise std: 0.18
          Mean value_function loss: 0.0454
               Mean surrogate loss: -0.0053
                 Mean entropy loss: -2.6692
                       Mean reward: 67.58
               Mean episode length: 864.56
           Episode_Reward/progress: 3.7838
              Episode_Reward/alive: 0.4033
            Episode_Reward/upright: 0.0751
     Episode_Reward/move_to_target: 0.3949
          Episode_Reward/action_l2: -0.0151
             Episode_Reward/energy: -0.7023
   Episode_Reward/joint_pos_limits: -0.2573
      Episode_Termination/time_out: 0.8929
  Episode_Termination/torso_height: 0.1071
--------------------------------------------------------------------------------
                   Total timesteps: 7241728
                    Iteration time: 0.36s
                      Time elapsed: 00:02:34
                               ETA: 00:00:20

################################################################################
                      [1m Learning iteration 442/500 [0m                      

                       Computation: 47056 steps/s (collection: 0.251s, learning 0.098s)
             Mean action noise std: 0.18
          Mean value_function loss: 0.0542
               Mean surrogate loss: -0.0045
                 Mean entropy loss: -2.6726
                       Mean reward: 67.85
               Mean episode length: 868.45
           Episode_Reward/progress: 4.3182
              Episode_Reward/alive: 0.4389
            Episode_Reward/upright: 0.0836
     Episode_Reward/move_to_target: 0.4344
          Episode_Reward/action_l2: -0.0165
             Episode_Reward/energy: -0.7774
   Episode_Reward/joint_pos_limits: -0.2827
      Episode_Termination/time_out: 0.8969
  Episode_Termination/torso_height: 0.1031
--------------------------------------------------------------------------------
                   Total timesteps: 7258112
                    Iteration time: 0.35s
                      Time elapsed: 00:02:35
                               ETA: 00:00:20

################################################################################
                      [1m Learning iteration 443/500 [0m                      

                       Computation: 47854 steps/s (collection: 0.252s, learning 0.090s)
             Mean action noise std: 0.18
          Mean value_function loss: 0.0548
               Mean surrogate loss: -0.0043
                 Mean entropy loss: -2.6902
                       Mean reward: 68.69
               Mean episode length: 872.37
           Episode_Reward/progress: 4.3559
              Episode_Reward/alive: 0.4432
            Episode_Reward/upright: 0.0866
     Episode_Reward/move_to_target: 0.4383
          Episode_Reward/action_l2: -0.0168
             Episode_Reward/energy: -0.7906
   Episode_Reward/joint_pos_limits: -0.2869
      Episode_Termination/time_out: 0.8982
  Episode_Termination/torso_height: 0.1018
--------------------------------------------------------------------------------
                   Total timesteps: 7274496
                    Iteration time: 0.34s
                      Time elapsed: 00:02:35
                               ETA: 00:00:19

################################################################################
                      [1m Learning iteration 444/500 [0m                      

                       Computation: 46270 steps/s (collection: 0.255s, learning 0.099s)
             Mean action noise std: 0.18
          Mean value_function loss: 0.0616
               Mean surrogate loss: -0.0047
                 Mean entropy loss: -2.7124
                       Mean reward: 68.89
               Mean episode length: 872.35
           Episode_Reward/progress: 4.3645
              Episode_Reward/alive: 0.4565
            Episode_Reward/upright: 0.0894
     Episode_Reward/move_to_target: 0.4537
          Episode_Reward/action_l2: -0.0171
             Episode_Reward/energy: -0.8065
   Episode_Reward/joint_pos_limits: -0.2933
      Episode_Termination/time_out: 0.8969
  Episode_Termination/torso_height: 0.1031
--------------------------------------------------------------------------------
                   Total timesteps: 7290880
                    Iteration time: 0.35s
                      Time elapsed: 00:02:35
                               ETA: 00:00:19

################################################################################
                      [1m Learning iteration 445/500 [0m                      

                       Computation: 44479 steps/s (collection: 0.279s, learning 0.089s)
             Mean action noise std: 0.18
          Mean value_function loss: 0.0657
               Mean surrogate loss: -0.0064
                 Mean entropy loss: -2.7493
                       Mean reward: 71.65
               Mean episode length: 897.09
           Episode_Reward/progress: 4.9023
              Episode_Reward/alive: 0.5000
            Episode_Reward/upright: 0.0978
     Episode_Reward/move_to_target: 0.4983
          Episode_Reward/action_l2: -0.0186
             Episode_Reward/energy: -0.8971
   Episode_Reward/joint_pos_limits: -0.3164
      Episode_Termination/time_out: 0.8984
  Episode_Termination/torso_height: 0.1016
--------------------------------------------------------------------------------
                   Total timesteps: 7307264
                    Iteration time: 0.37s
                      Time elapsed: 00:02:36
                               ETA: 00:00:19

################################################################################
                      [1m Learning iteration 446/500 [0m                      

                       Computation: 47624 steps/s (collection: 0.252s, learning 0.092s)
             Mean action noise std: 0.18
          Mean value_function loss: 0.0588
               Mean surrogate loss: -0.0077
                 Mean entropy loss: -2.7557
                       Mean reward: 70.11
               Mean episode length: 878.26
           Episode_Reward/progress: 4.3200
              Episode_Reward/alive: 0.4451
            Episode_Reward/upright: 0.0863
     Episode_Reward/move_to_target: 0.4395
          Episode_Reward/action_l2: -0.0166
             Episode_Reward/energy: -0.7880
   Episode_Reward/joint_pos_limits: -0.2821
      Episode_Termination/time_out: 0.8969
  Episode_Termination/torso_height: 0.1031
--------------------------------------------------------------------------------
                   Total timesteps: 7323648
                    Iteration time: 0.34s
                      Time elapsed: 00:02:36
                               ETA: 00:00:18

################################################################################
                      [1m Learning iteration 447/500 [0m                      

                       Computation: 45081 steps/s (collection: 0.270s, learning 0.094s)
             Mean action noise std: 0.18
          Mean value_function loss: 0.0662
               Mean surrogate loss: -0.0078
                 Mean entropy loss: -2.7609
                       Mean reward: 70.72
               Mean episode length: 885.36
           Episode_Reward/progress: 4.9550
              Episode_Reward/alive: 0.4929
            Episode_Reward/upright: 0.0969
     Episode_Reward/move_to_target: 0.4918
          Episode_Reward/action_l2: -0.0185
             Episode_Reward/energy: -0.8940
   Episode_Reward/joint_pos_limits: -0.3104
      Episode_Termination/time_out: 0.8979
  Episode_Termination/torso_height: 0.1021
--------------------------------------------------------------------------------
                   Total timesteps: 7340032
                    Iteration time: 0.36s
                      Time elapsed: 00:02:37
                               ETA: 00:00:18

################################################################################
                      [1m Learning iteration 448/500 [0m                      

                       Computation: 46927 steps/s (collection: 0.253s, learning 0.096s)
             Mean action noise std: 0.18
          Mean value_function loss: 0.0811
               Mean surrogate loss: -0.0055
                 Mean entropy loss: -2.7725
                       Mean reward: 70.23
               Mean episode length: 877.96
           Episode_Reward/progress: 4.1703
              Episode_Reward/alive: 0.4262
            Episode_Reward/upright: 0.0807
     Episode_Reward/move_to_target: 0.4163
          Episode_Reward/action_l2: -0.0162
             Episode_Reward/energy: -0.7501
   Episode_Reward/joint_pos_limits: -0.2738
      Episode_Termination/time_out: 0.8961
  Episode_Termination/torso_height: 0.1039
--------------------------------------------------------------------------------
                   Total timesteps: 7356416
                    Iteration time: 0.35s
                      Time elapsed: 00:02:37
                               ETA: 00:00:18

################################################################################
                      [1m Learning iteration 449/500 [0m                      

                       Computation: 46199 steps/s (collection: 0.265s, learning 0.090s)
             Mean action noise std: 0.18
          Mean value_function loss: 0.0817
               Mean surrogate loss: -0.0068
                 Mean entropy loss: -2.7844
                       Mean reward: 70.02
               Mean episode length: 879.70
           Episode_Reward/progress: 4.5288
              Episode_Reward/alive: 0.4721
            Episode_Reward/upright: 0.0908
     Episode_Reward/move_to_target: 0.4642
          Episode_Reward/action_l2: -0.0177
             Episode_Reward/energy: -0.8273
   Episode_Reward/joint_pos_limits: -0.3014
      Episode_Termination/time_out: 0.8936
  Episode_Termination/torso_height: 0.1064
--------------------------------------------------------------------------------
                   Total timesteps: 7372800
                    Iteration time: 0.35s
                      Time elapsed: 00:02:37
                               ETA: 00:00:17

################################################################################
                      [1m Learning iteration 450/500 [0m                      

                       Computation: 46034 steps/s (collection: 0.266s, learning 0.089s)
             Mean action noise std: 0.18
          Mean value_function loss: 0.0659
               Mean surrogate loss: -0.0035
                 Mean entropy loss: -2.7873
                       Mean reward: 67.35
               Mean episode length: 852.08
           Episode_Reward/progress: 4.3480
              Episode_Reward/alive: 0.4422
            Episode_Reward/upright: 0.0850
     Episode_Reward/move_to_target: 0.4368
          Episode_Reward/action_l2: -0.0165
             Episode_Reward/energy: -0.7901
   Episode_Reward/joint_pos_limits: -0.2801
      Episode_Termination/time_out: 0.8906
  Episode_Termination/torso_height: 0.1094
--------------------------------------------------------------------------------
                   Total timesteps: 7389184
                    Iteration time: 0.36s
                      Time elapsed: 00:02:38
                               ETA: 00:00:17

################################################################################
                      [1m Learning iteration 451/500 [0m                      

                       Computation: 49812 steps/s (collection: 0.236s, learning 0.093s)
             Mean action noise std: 0.18
          Mean value_function loss: 0.0562
               Mean surrogate loss: -0.0058
                 Mean entropy loss: -2.8041
                       Mean reward: 66.55
               Mean episode length: 839.50
           Episode_Reward/progress: 3.6178
              Episode_Reward/alive: 0.3570
            Episode_Reward/upright: 0.0684
     Episode_Reward/move_to_target: 0.3546
          Episode_Reward/action_l2: -0.0137
             Episode_Reward/energy: -0.6699
   Episode_Reward/joint_pos_limits: -0.2217
      Episode_Termination/time_out: 0.8840
  Episode_Termination/torso_height: 0.1160
--------------------------------------------------------------------------------
                   Total timesteps: 7405568
                    Iteration time: 0.33s
                      Time elapsed: 00:02:38
                               ETA: 00:00:17

################################################################################
                      [1m Learning iteration 452/500 [0m                      

                       Computation: 46481 steps/s (collection: 0.259s, learning 0.093s)
             Mean action noise std: 0.18
          Mean value_function loss: 0.0795
               Mean surrogate loss: -0.0080
                 Mean entropy loss: -2.8246
                       Mean reward: 66.86
               Mean episode length: 846.96
           Episode_Reward/progress: 4.6782
              Episode_Reward/alive: 0.4850
            Episode_Reward/upright: 0.0932
     Episode_Reward/move_to_target: 0.4820
          Episode_Reward/action_l2: -0.0180
             Episode_Reward/energy: -0.8593
   Episode_Reward/joint_pos_limits: -0.3051
      Episode_Termination/time_out: 0.8812
  Episode_Termination/torso_height: 0.1188
--------------------------------------------------------------------------------
                   Total timesteps: 7421952
                    Iteration time: 0.35s
                      Time elapsed: 00:02:38
                               ETA: 00:00:16

################################################################################
                      [1m Learning iteration 453/500 [0m                      

                       Computation: 47091 steps/s (collection: 0.261s, learning 0.087s)
             Mean action noise std: 0.18
          Mean value_function loss: 0.0654
               Mean surrogate loss: -0.0064
                 Mean entropy loss: -2.8348
                       Mean reward: 66.64
               Mean episode length: 843.88
           Episode_Reward/progress: 4.5459
              Episode_Reward/alive: 0.4698
            Episode_Reward/upright: 0.0896
     Episode_Reward/move_to_target: 0.4606
          Episode_Reward/action_l2: -0.0177
             Episode_Reward/energy: -0.8316
   Episode_Reward/joint_pos_limits: -0.2996
      Episode_Termination/time_out: 0.8803
  Episode_Termination/torso_height: 0.1197
--------------------------------------------------------------------------------
                   Total timesteps: 7438336
                    Iteration time: 0.35s
                      Time elapsed: 00:02:39
                               ETA: 00:00:16

################################################################################
                      [1m Learning iteration 454/500 [0m                      

                       Computation: 47175 steps/s (collection: 0.253s, learning 0.094s)
             Mean action noise std: 0.18
          Mean value_function loss: 0.0645
               Mean surrogate loss: -0.0078
                 Mean entropy loss: -2.8370
                       Mean reward: 65.47
               Mean episode length: 828.50
           Episode_Reward/progress: 4.5390
              Episode_Reward/alive: 0.4588
            Episode_Reward/upright: 0.0882
     Episode_Reward/move_to_target: 0.4539
          Episode_Reward/action_l2: -0.0172
             Episode_Reward/energy: -0.8251
   Episode_Reward/joint_pos_limits: -0.2911
      Episode_Termination/time_out: 0.8784
  Episode_Termination/torso_height: 0.1216
--------------------------------------------------------------------------------
                   Total timesteps: 7454720
                    Iteration time: 0.35s
                      Time elapsed: 00:02:39
                               ETA: 00:00:16

################################################################################
                      [1m Learning iteration 455/500 [0m                      

                       Computation: 46357 steps/s (collection: 0.259s, learning 0.095s)
             Mean action noise std: 0.18
          Mean value_function loss: 0.0530
               Mean surrogate loss: -0.0037
                 Mean entropy loss: -2.8390
                       Mean reward: 66.32
               Mean episode length: 834.86
           Episode_Reward/progress: 4.5521
              Episode_Reward/alive: 0.4629
            Episode_Reward/upright: 0.0898
     Episode_Reward/move_to_target: 0.4596
          Episode_Reward/action_l2: -0.0175
             Episode_Reward/energy: -0.8356
   Episode_Reward/joint_pos_limits: -0.2913
      Episode_Termination/time_out: 0.8779
  Episode_Termination/torso_height: 0.1221
--------------------------------------------------------------------------------
                   Total timesteps: 7471104
                    Iteration time: 0.35s
                      Time elapsed: 00:02:39
                               ETA: 00:00:15

################################################################################
                      [1m Learning iteration 456/500 [0m                      

                       Computation: 46753 steps/s (collection: 0.253s, learning 0.098s)
             Mean action noise std: 0.18
          Mean value_function loss: 0.0726
               Mean surrogate loss: -0.0072
                 Mean entropy loss: -2.8625
                       Mean reward: 66.91
               Mean episode length: 847.50
           Episode_Reward/progress: 4.2736
              Episode_Reward/alive: 0.4490
            Episode_Reward/upright: 0.0852
     Episode_Reward/move_to_target: 0.4380
          Episode_Reward/action_l2: -0.0168
             Episode_Reward/energy: -0.7928
   Episode_Reward/joint_pos_limits: -0.2841
      Episode_Termination/time_out: 0.8792
  Episode_Termination/torso_height: 0.1208
--------------------------------------------------------------------------------
                   Total timesteps: 7487488
                    Iteration time: 0.35s
                      Time elapsed: 00:02:40
                               ETA: 00:00:15

################################################################################
                      [1m Learning iteration 457/500 [0m                      

                       Computation: 46043 steps/s (collection: 0.262s, learning 0.094s)
             Mean action noise std: 0.18
          Mean value_function loss: 0.0759
               Mean surrogate loss: -0.0078
                 Mean entropy loss: -2.8765
                       Mean reward: 69.10
               Mean episode length: 865.43
           Episode_Reward/progress: 4.1406
              Episode_Reward/alive: 0.4207
            Episode_Reward/upright: 0.0810
     Episode_Reward/move_to_target: 0.4157
          Episode_Reward/action_l2: -0.0159
             Episode_Reward/energy: -0.7595
   Episode_Reward/joint_pos_limits: -0.2660
      Episode_Termination/time_out: 0.8762
  Episode_Termination/torso_height: 0.1238
--------------------------------------------------------------------------------
                   Total timesteps: 7503872
                    Iteration time: 0.36s
                      Time elapsed: 00:02:40
                               ETA: 00:00:15

################################################################################
                      [1m Learning iteration 458/500 [0m                      

                       Computation: 46163 steps/s (collection: 0.267s, learning 0.088s)
             Mean action noise std: 0.18
          Mean value_function loss: 0.0541
               Mean surrogate loss: -0.0080
                 Mean entropy loss: -2.8871
                       Mean reward: 69.90
               Mean episode length: 871.37
           Episode_Reward/progress: 4.4958
              Episode_Reward/alive: 0.4548
            Episode_Reward/upright: 0.0877
     Episode_Reward/move_to_target: 0.4495
          Episode_Reward/action_l2: -0.0170
             Episode_Reward/energy: -0.8120
   Episode_Reward/joint_pos_limits: -0.2877
      Episode_Termination/time_out: 0.8735
  Episode_Termination/torso_height: 0.1265
--------------------------------------------------------------------------------
                   Total timesteps: 7520256
                    Iteration time: 0.35s
                      Time elapsed: 00:02:40
                               ETA: 00:00:14

################################################################################
                      [1m Learning iteration 459/500 [0m                      

                       Computation: 47124 steps/s (collection: 0.257s, learning 0.090s)
             Mean action noise std: 0.18
          Mean value_function loss: 0.0619
               Mean surrogate loss: -0.0050
                 Mean entropy loss: -2.8942
                       Mean reward: 69.98
               Mean episode length: 871.89
           Episode_Reward/progress: 4.5958
              Episode_Reward/alive: 0.4651
            Episode_Reward/upright: 0.0891
     Episode_Reward/move_to_target: 0.4577
          Episode_Reward/action_l2: -0.0177
             Episode_Reward/energy: -0.8530
   Episode_Reward/joint_pos_limits: -0.2926
      Episode_Termination/time_out: 0.8715
  Episode_Termination/torso_height: 0.1285
--------------------------------------------------------------------------------
                   Total timesteps: 7536640
                    Iteration time: 0.35s
                      Time elapsed: 00:02:41
                               ETA: 00:00:14

################################################################################
                      [1m Learning iteration 460/500 [0m                      

                       Computation: 47053 steps/s (collection: 0.258s, learning 0.091s)
             Mean action noise std: 0.18
          Mean value_function loss: 0.0601
               Mean surrogate loss: -0.0057
                 Mean entropy loss: -2.8987
                       Mean reward: 69.95
               Mean episode length: 865.14
           Episode_Reward/progress: 4.1904
              Episode_Reward/alive: 0.4287
            Episode_Reward/upright: 0.0812
     Episode_Reward/move_to_target: 0.4133
          Episode_Reward/action_l2: -0.0165
             Episode_Reward/energy: -0.7775
   Episode_Reward/joint_pos_limits: -0.2683
      Episode_Termination/time_out: 0.8702
  Episode_Termination/torso_height: 0.1298
--------------------------------------------------------------------------------
                   Total timesteps: 7553024
                    Iteration time: 0.35s
                      Time elapsed: 00:02:41
                               ETA: 00:00:14

################################################################################
                      [1m Learning iteration 461/500 [0m                      

                       Computation: 49197 steps/s (collection: 0.244s, learning 0.089s)
             Mean action noise std: 0.18
          Mean value_function loss: 0.0566
               Mean surrogate loss: -0.0061
                 Mean entropy loss: -2.9122
                       Mean reward: 69.34
               Mean episode length: 859.80
           Episode_Reward/progress: 4.4652
              Episode_Reward/alive: 0.4387
            Episode_Reward/upright: 0.0847
     Episode_Reward/move_to_target: 0.4338
          Episode_Reward/action_l2: -0.0169
             Episode_Reward/energy: -0.8225
   Episode_Reward/joint_pos_limits: -0.2740
      Episode_Termination/time_out: 0.8678
  Episode_Termination/torso_height: 0.1322
--------------------------------------------------------------------------------
                   Total timesteps: 7569408
                    Iteration time: 0.33s
                      Time elapsed: 00:02:41
                               ETA: 00:00:13

################################################################################
                      [1m Learning iteration 462/500 [0m                      

                       Computation: 45908 steps/s (collection: 0.264s, learning 0.092s)
             Mean action noise std: 0.18
          Mean value_function loss: 0.0482
               Mean surrogate loss: -0.0077
                 Mean entropy loss: -2.9220
                       Mean reward: 70.33
               Mean episode length: 867.17
           Episode_Reward/progress: 4.4383
              Episode_Reward/alive: 0.4439
            Episode_Reward/upright: 0.0858
     Episode_Reward/move_to_target: 0.4393
          Episode_Reward/action_l2: -0.0168
             Episode_Reward/energy: -0.8139
   Episode_Reward/joint_pos_limits: -0.2790
      Episode_Termination/time_out: 0.8661
  Episode_Termination/torso_height: 0.1339
--------------------------------------------------------------------------------
                   Total timesteps: 7585792
                    Iteration time: 0.36s
                      Time elapsed: 00:02:42
                               ETA: 00:00:13

################################################################################
                      [1m Learning iteration 463/500 [0m                      

                       Computation: 49759 steps/s (collection: 0.261s, learning 0.068s)
             Mean action noise std: 0.18
          Mean value_function loss: 0.0614
               Mean surrogate loss: -0.0018
                 Mean entropy loss: -2.9311
                       Mean reward: 72.07
               Mean episode length: 884.97
           Episode_Reward/progress: 4.9273
              Episode_Reward/alive: 0.4785
            Episode_Reward/upright: 0.0936
     Episode_Reward/move_to_target: 0.4744
          Episode_Reward/action_l2: -0.0183
             Episode_Reward/energy: -0.8940
   Episode_Reward/joint_pos_limits: -0.2982
      Episode_Termination/time_out: 0.8661
  Episode_Termination/torso_height: 0.1339
--------------------------------------------------------------------------------
                   Total timesteps: 7602176
                    Iteration time: 0.33s
                      Time elapsed: 00:02:42
                               ETA: 00:00:12

################################################################################
                      [1m Learning iteration 464/500 [0m                      

                       Computation: 48303 steps/s (collection: 0.251s, learning 0.088s)
             Mean action noise std: 0.18
          Mean value_function loss: 0.0832
               Mean surrogate loss: -0.0058
                 Mean entropy loss: -2.9423
                       Mean reward: 71.81
               Mean episode length: 880.66
           Episode_Reward/progress: 4.6368
              Episode_Reward/alive: 0.4632
            Episode_Reward/upright: 0.0901
     Episode_Reward/move_to_target: 0.4596
          Episode_Reward/action_l2: -0.0174
             Episode_Reward/energy: -0.8515
   Episode_Reward/joint_pos_limits: -0.2905
      Episode_Termination/time_out: 0.8684
  Episode_Termination/torso_height: 0.1316
--------------------------------------------------------------------------------
                   Total timesteps: 7618560
                    Iteration time: 0.34s
                      Time elapsed: 00:02:42
                               ETA: 00:00:12

################################################################################
                      [1m Learning iteration 465/500 [0m                      

                       Computation: 46473 steps/s (collection: 0.263s, learning 0.089s)
             Mean action noise std: 0.18
          Mean value_function loss: 0.0782
               Mean surrogate loss: -0.0071
                 Mean entropy loss: -2.9591
                       Mean reward: 71.58
               Mean episode length: 873.72
           Episode_Reward/progress: 4.5807
              Episode_Reward/alive: 0.4509
            Episode_Reward/upright: 0.0871
     Episode_Reward/move_to_target: 0.4470
          Episode_Reward/action_l2: -0.0170
             Episode_Reward/energy: -0.8312
   Episode_Reward/joint_pos_limits: -0.2812
      Episode_Termination/time_out: 0.8644
  Episode_Termination/torso_height: 0.1356
--------------------------------------------------------------------------------
                   Total timesteps: 7634944
                    Iteration time: 0.35s
                      Time elapsed: 00:02:43
                               ETA: 00:00:12

################################################################################
                      [1m Learning iteration 466/500 [0m                      

                       Computation: 33247 steps/s (collection: 0.368s, learning 0.125s)
             Mean action noise std: 0.18
          Mean value_function loss: 0.0869
               Mean surrogate loss: -0.0061
                 Mean entropy loss: -2.9774
                       Mean reward: 71.27
               Mean episode length: 874.89
           Episode_Reward/progress: 4.4741
              Episode_Reward/alive: 0.4459
            Episode_Reward/upright: 0.0860
     Episode_Reward/move_to_target: 0.4427
          Episode_Reward/action_l2: -0.0169
             Episode_Reward/energy: -0.8160
   Episode_Reward/joint_pos_limits: -0.2815
      Episode_Termination/time_out: 0.8621
  Episode_Termination/torso_height: 0.1379
--------------------------------------------------------------------------------
                   Total timesteps: 7651328
                    Iteration time: 0.49s
                      Time elapsed: 00:02:43
                               ETA: 00:00:11

################################################################################
                      [1m Learning iteration 467/500 [0m                      

                       Computation: 42403 steps/s (collection: 0.297s, learning 0.089s)
             Mean action noise std: 0.18
          Mean value_function loss: 0.0776
               Mean surrogate loss: -0.0034
                 Mean entropy loss: -2.9902
                       Mean reward: 69.11
               Mean episode length: 850.93
           Episode_Reward/progress: 3.7176
              Episode_Reward/alive: 0.3691
            Episode_Reward/upright: 0.0707
     Episode_Reward/move_to_target: 0.3596
          Episode_Reward/action_l2: -0.0142
             Episode_Reward/energy: -0.6753
   Episode_Reward/joint_pos_limits: -0.2332
      Episode_Termination/time_out: 0.8588
  Episode_Termination/torso_height: 0.1412
--------------------------------------------------------------------------------
                   Total timesteps: 7667712
                    Iteration time: 0.39s
                      Time elapsed: 00:02:44
                               ETA: 00:00:11

################################################################################
                      [1m Learning iteration 468/500 [0m                      

                       Computation: 43322 steps/s (collection: 0.285s, learning 0.093s)
             Mean action noise std: 0.18
          Mean value_function loss: 0.0747
               Mean surrogate loss: -0.0066
                 Mean entropy loss: -2.9881
                       Mean reward: 67.83
               Mean episode length: 834.34
           Episode_Reward/progress: 4.8657
              Episode_Reward/alive: 0.4730
            Episode_Reward/upright: 0.0923
     Episode_Reward/move_to_target: 0.4713
          Episode_Reward/action_l2: -0.0182
             Episode_Reward/energy: -0.8937
   Episode_Reward/joint_pos_limits: -0.2957
      Episode_Termination/time_out: 0.8566
  Episode_Termination/torso_height: 0.1434
--------------------------------------------------------------------------------
                   Total timesteps: 7684096
                    Iteration time: 0.38s
                      Time elapsed: 00:02:44
                               ETA: 00:00:11

################################################################################
                      [1m Learning iteration 469/500 [0m                      

                       Computation: 46284 steps/s (collection: 0.263s, learning 0.091s)
             Mean action noise std: 0.18
          Mean value_function loss: 0.0536
               Mean surrogate loss: -0.0033
                 Mean entropy loss: -2.9833
                       Mean reward: 67.44
               Mean episode length: 833.65
           Episode_Reward/progress: 4.0567
              Episode_Reward/alive: 0.4285
            Episode_Reward/upright: 0.0804
     Episode_Reward/move_to_target: 0.4112
          Episode_Reward/action_l2: -0.0164
             Episode_Reward/energy: -0.7503
   Episode_Reward/joint_pos_limits: -0.2773
      Episode_Termination/time_out: 0.8611
  Episode_Termination/torso_height: 0.1389
--------------------------------------------------------------------------------
                   Total timesteps: 7700480
                    Iteration time: 0.35s
                      Time elapsed: 00:02:44
                               ETA: 00:00:10

################################################################################
                      [1m Learning iteration 470/500 [0m                      

                       Computation: 47271 steps/s (collection: 0.257s, learning 0.090s)
             Mean action noise std: 0.18
          Mean value_function loss: 0.0665
               Mean surrogate loss: -0.0073
                 Mean entropy loss: -2.9911
                       Mean reward: 69.07
               Mean episode length: 845.17
           Episode_Reward/progress: 4.7258
              Episode_Reward/alive: 0.4629
            Episode_Reward/upright: 0.0894
     Episode_Reward/move_to_target: 0.4581
          Episode_Reward/action_l2: -0.0177
             Episode_Reward/energy: -0.8662
   Episode_Reward/joint_pos_limits: -0.2874
      Episode_Termination/time_out: 0.8611
  Episode_Termination/torso_height: 0.1389
--------------------------------------------------------------------------------
                   Total timesteps: 7716864
                    Iteration time: 0.35s
                      Time elapsed: 00:02:45
                               ETA: 00:00:10

################################################################################
                      [1m Learning iteration 471/500 [0m                      

                       Computation: 49339 steps/s (collection: 0.241s, learning 0.091s)
             Mean action noise std: 0.18
          Mean value_function loss: 0.0622
               Mean surrogate loss: -0.0068
                 Mean entropy loss: -2.9976
                       Mean reward: 69.70
               Mean episode length: 852.32
           Episode_Reward/progress: 4.4097
              Episode_Reward/alive: 0.4308
            Episode_Reward/upright: 0.0837
     Episode_Reward/move_to_target: 0.4302
          Episode_Reward/action_l2: -0.0166
             Episode_Reward/energy: -0.7991
   Episode_Reward/joint_pos_limits: -0.2723
      Episode_Termination/time_out: 0.8631
  Episode_Termination/torso_height: 0.1369
--------------------------------------------------------------------------------
                   Total timesteps: 7733248
                    Iteration time: 0.33s
                      Time elapsed: 00:02:45
                               ETA: 00:00:10

################################################################################
                      [1m Learning iteration 472/500 [0m                      

                       Computation: 48396 steps/s (collection: 0.269s, learning 0.069s)
             Mean action noise std: 0.18
          Mean value_function loss: 0.0745
               Mean surrogate loss: -0.0065
                 Mean entropy loss: -2.9970
                       Mean reward: 71.67
               Mean episode length: 871.38
           Episode_Reward/progress: 4.1681
              Episode_Reward/alive: 0.3994
            Episode_Reward/upright: 0.0774
     Episode_Reward/move_to_target: 0.3921
          Episode_Reward/action_l2: -0.0157
             Episode_Reward/energy: -0.7675
   Episode_Reward/joint_pos_limits: -0.2498
      Episode_Termination/time_out: 0.8605
  Episode_Termination/torso_height: 0.1395
--------------------------------------------------------------------------------
                   Total timesteps: 7749632
                    Iteration time: 0.34s
                      Time elapsed: 00:02:45
                               ETA: 00:00:09

################################################################################
                      [1m Learning iteration 473/500 [0m                      

                       Computation: 48630 steps/s (collection: 0.247s, learning 0.090s)
             Mean action noise std: 0.17
          Mean value_function loss: 0.0469
               Mean surrogate loss: -0.0065
                 Mean entropy loss: -3.0069
                       Mean reward: 71.57
               Mean episode length: 870.08
           Episode_Reward/progress: 3.9419
              Episode_Reward/alive: 0.3981
            Episode_Reward/upright: 0.0770
     Episode_Reward/move_to_target: 0.3922
          Episode_Reward/action_l2: -0.0152
             Episode_Reward/energy: -0.7350
   Episode_Reward/joint_pos_limits: -0.2496
      Episode_Termination/time_out: 0.8588
  Episode_Termination/torso_height: 0.1412
--------------------------------------------------------------------------------
                   Total timesteps: 7766016
                    Iteration time: 0.34s
                      Time elapsed: 00:02:46
                               ETA: 00:00:09

################################################################################
                      [1m Learning iteration 474/500 [0m                      

                       Computation: 47645 steps/s (collection: 0.253s, learning 0.091s)
             Mean action noise std: 0.17
          Mean value_function loss: 0.0626
               Mean surrogate loss: -0.0061
                 Mean entropy loss: -3.0228
                       Mean reward: 71.68
               Mean episode length: 870.08
           Episode_Reward/progress: 5.3701
              Episode_Reward/alive: 0.5000
            Episode_Reward/upright: 0.0985
     Episode_Reward/move_to_target: 0.4998
          Episode_Reward/action_l2: -0.0195
             Episode_Reward/energy: -0.9864
   Episode_Reward/joint_pos_limits: -0.3077
      Episode_Termination/time_out: 0.8613
  Episode_Termination/torso_height: 0.1387
--------------------------------------------------------------------------------
                   Total timesteps: 7782400
                    Iteration time: 0.34s
                      Time elapsed: 00:02:46
                               ETA: 00:00:09

################################################################################
                      [1m Learning iteration 475/500 [0m                      

                       Computation: 51846 steps/s (collection: 0.245s, learning 0.071s)
             Mean action noise std: 0.17
          Mean value_function loss: 0.0767
               Mean surrogate loss: -0.0067
                 Mean entropy loss: -3.0374
                       Mean reward: 72.68
               Mean episode length: 887.07
           Episode_Reward/progress: 4.9272
              Episode_Reward/alive: 0.5000
            Episode_Reward/upright: 0.0979
     Episode_Reward/move_to_target: 0.4989
          Episode_Reward/action_l2: -0.0186
             Episode_Reward/energy: -0.9096
   Episode_Reward/joint_pos_limits: -0.3140
      Episode_Termination/time_out: 0.8613
  Episode_Termination/torso_height: 0.1387
--------------------------------------------------------------------------------
                   Total timesteps: 7798784
                    Iteration time: 0.32s
                      Time elapsed: 00:02:46
                               ETA: 00:00:08

################################################################################
                      [1m Learning iteration 476/500 [0m                      

                       Computation: 43785 steps/s (collection: 0.282s, learning 0.092s)
             Mean action noise std: 0.17
          Mean value_function loss: 0.0486
               Mean surrogate loss: -0.0073
                 Mean entropy loss: -3.0381
                       Mean reward: 73.71
               Mean episode length: 897.53
           Episode_Reward/progress: 4.9627
              Episode_Reward/alive: 0.4920
            Episode_Reward/upright: 0.0956
     Episode_Reward/move_to_target: 0.4818
          Episode_Reward/action_l2: -0.0187
             Episode_Reward/energy: -0.9042
   Episode_Reward/joint_pos_limits: -0.3077
      Episode_Termination/time_out: 0.8658
  Episode_Termination/torso_height: 0.1342
--------------------------------------------------------------------------------
                   Total timesteps: 7815168
                    Iteration time: 0.37s
                      Time elapsed: 00:02:47
                               ETA: 00:00:08

################################################################################
                      [1m Learning iteration 477/500 [0m                      

                       Computation: 47696 steps/s (collection: 0.254s, learning 0.090s)
             Mean action noise std: 0.17
          Mean value_function loss: 0.0471
               Mean surrogate loss: -0.0060
                 Mean entropy loss: -3.0468
                       Mean reward: 73.53
               Mean episode length: 898.30
           Episode_Reward/progress: 4.1383
              Episode_Reward/alive: 0.4231
            Episode_Reward/upright: 0.0805
     Episode_Reward/move_to_target: 0.4147
          Episode_Reward/action_l2: -0.0163
             Episode_Reward/energy: -0.7662
   Episode_Reward/joint_pos_limits: -0.2674
      Episode_Termination/time_out: 0.8660
  Episode_Termination/torso_height: 0.1340
--------------------------------------------------------------------------------
                   Total timesteps: 7831552
                    Iteration time: 0.34s
                      Time elapsed: 00:02:47
                               ETA: 00:00:08

################################################################################
                      [1m Learning iteration 478/500 [0m                      

                       Computation: 47420 steps/s (collection: 0.254s, learning 0.091s)
             Mean action noise std: 0.17
          Mean value_function loss: 0.0583
               Mean surrogate loss: -0.0070
                 Mean entropy loss: -3.0658
                       Mean reward: 73.82
               Mean episode length: 901.48
           Episode_Reward/progress: 4.9342
              Episode_Reward/alive: 0.4835
            Episode_Reward/upright: 0.0947
     Episode_Reward/move_to_target: 0.4742
          Episode_Reward/action_l2: -0.0184
             Episode_Reward/energy: -0.8988
   Episode_Reward/joint_pos_limits: -0.2990
      Episode_Termination/time_out: 0.8645
  Episode_Termination/torso_height: 0.1355
--------------------------------------------------------------------------------
                   Total timesteps: 7847936
                    Iteration time: 0.35s
                      Time elapsed: 00:02:48
                               ETA: 00:00:07

################################################################################
                      [1m Learning iteration 479/500 [0m                      

                       Computation: 48235 steps/s (collection: 0.251s, learning 0.089s)
             Mean action noise std: 0.17
          Mean value_function loss: 0.0493
               Mean surrogate loss: -0.0055
                 Mean entropy loss: -3.0767
                       Mean reward: 75.16
               Mean episode length: 921.62
           Episode_Reward/progress: 4.7912
              Episode_Reward/alive: 0.4759
            Episode_Reward/upright: 0.0926
     Episode_Reward/move_to_target: 0.4696
          Episode_Reward/action_l2: -0.0181
             Episode_Reward/energy: -0.8799
   Episode_Reward/joint_pos_limits: -0.2965
      Episode_Termination/time_out: 0.8629
  Episode_Termination/torso_height: 0.1371
--------------------------------------------------------------------------------
                   Total timesteps: 7864320
                    Iteration time: 0.34s
                      Time elapsed: 00:02:48
                               ETA: 00:00:07

################################################################################
                      [1m Learning iteration 480/500 [0m                      

                       Computation: 42689 steps/s (collection: 0.293s, learning 0.090s)
             Mean action noise std: 0.17
          Mean value_function loss: 0.0406
               Mean surrogate loss: -0.0056
                 Mean entropy loss: -3.0984
                       Mean reward: 74.53
               Mean episode length: 912.57
           Episode_Reward/progress: 5.0088
              Episode_Reward/alive: 0.4926
            Episode_Reward/upright: 0.0961
     Episode_Reward/move_to_target: 0.4873
          Episode_Reward/action_l2: -0.0187
             Episode_Reward/energy: -0.9230
   Episode_Reward/joint_pos_limits: -0.3045
      Episode_Termination/time_out: 0.8605
  Episode_Termination/torso_height: 0.1395
--------------------------------------------------------------------------------
                   Total timesteps: 7880704
                    Iteration time: 0.38s
                      Time elapsed: 00:02:48
                               ETA: 00:00:07

################################################################################
                      [1m Learning iteration 481/500 [0m                      

                       Computation: 49359 steps/s (collection: 0.235s, learning 0.097s)
             Mean action noise std: 0.17
          Mean value_function loss: 0.0519
               Mean surrogate loss: -0.0061
                 Mean entropy loss: -3.1184
                       Mean reward: 74.49
               Mean episode length: 911.34
           Episode_Reward/progress: 4.7988
              Episode_Reward/alive: 0.4919
            Episode_Reward/upright: 0.0950
     Episode_Reward/move_to_target: 0.4884
          Episode_Reward/action_l2: -0.0183
             Episode_Reward/energy: -0.9010
   Episode_Reward/joint_pos_limits: -0.3003
      Episode_Termination/time_out: 0.8621
  Episode_Termination/torso_height: 0.1379
--------------------------------------------------------------------------------
                   Total timesteps: 7897088
                    Iteration time: 0.33s
                      Time elapsed: 00:02:49
                               ETA: 00:00:06

################################################################################
                      [1m Learning iteration 482/500 [0m                      

                       Computation: 38820 steps/s (collection: 0.308s, learning 0.114s)
             Mean action noise std: 0.17
          Mean value_function loss: 0.0499
               Mean surrogate loss: -0.0044
                 Mean entropy loss: -3.1328
                       Mean reward: 74.40
               Mean episode length: 911.34
           Episode_Reward/progress: 5.0771
              Episode_Reward/alive: 0.5000
            Episode_Reward/upright: 0.0970
     Episode_Reward/move_to_target: 0.4960
          Episode_Reward/action_l2: -0.0191
             Episode_Reward/energy: -0.9314
   Episode_Reward/joint_pos_limits: -0.3126
      Episode_Termination/time_out: 0.8666
  Episode_Termination/torso_height: 0.1334
--------------------------------------------------------------------------------
                   Total timesteps: 7913472
                    Iteration time: 0.42s
                      Time elapsed: 00:02:49
                               ETA: 00:00:06

################################################################################
                      [1m Learning iteration 483/500 [0m                      

                       Computation: 34365 steps/s (collection: 0.366s, learning 0.111s)
             Mean action noise std: 0.17
          Mean value_function loss: 0.0660
               Mean surrogate loss: -0.0055
                 Mean entropy loss: -3.1462
                       Mean reward: 74.91
               Mean episode length: 915.49
           Episode_Reward/progress: 3.8013
              Episode_Reward/alive: 0.3852
            Episode_Reward/upright: 0.0736
     Episode_Reward/move_to_target: 0.3774
          Episode_Reward/action_l2: -0.0148
             Episode_Reward/energy: -0.7042
   Episode_Reward/joint_pos_limits: -0.2444
      Episode_Termination/time_out: 0.8700
  Episode_Termination/torso_height: 0.1300
--------------------------------------------------------------------------------
                   Total timesteps: 7929856
                    Iteration time: 0.48s
                      Time elapsed: 00:02:49
                               ETA: 00:00:05

################################################################################
                      [1m Learning iteration 484/500 [0m                      

                       Computation: 38739 steps/s (collection: 0.325s, learning 0.098s)
             Mean action noise std: 0.17
          Mean value_function loss: 0.0779
               Mean surrogate loss: -0.0055
                 Mean entropy loss: -3.1472
                       Mean reward: 75.31
               Mean episode length: 917.05
           Episode_Reward/progress: 5.0371
              Episode_Reward/alive: 0.4862
            Episode_Reward/upright: 0.0951
     Episode_Reward/move_to_target: 0.4833
          Episode_Reward/action_l2: -0.0185
             Episode_Reward/energy: -0.9133
   Episode_Reward/joint_pos_limits: -0.3029
      Episode_Termination/time_out: 0.8728
  Episode_Termination/torso_height: 0.1272
--------------------------------------------------------------------------------
                   Total timesteps: 7946240
                    Iteration time: 0.42s
                      Time elapsed: 00:02:50
                               ETA: 00:00:05

################################################################################
                      [1m Learning iteration 485/500 [0m                      

                       Computation: 41953 steps/s (collection: 0.295s, learning 0.096s)
             Mean action noise std: 0.17
          Mean value_function loss: 0.0871
               Mean surrogate loss: -0.0069
                 Mean entropy loss: -3.1379
                       Mean reward: 75.87
               Mean episode length: 920.99
           Episode_Reward/progress: 4.4903
              Episode_Reward/alive: 0.4381
            Episode_Reward/upright: 0.0852
     Episode_Reward/move_to_target: 0.4340
          Episode_Reward/action_l2: -0.0167
             Episode_Reward/energy: -0.8179
   Episode_Reward/joint_pos_limits: -0.2743
      Episode_Termination/time_out: 0.8712
  Episode_Termination/torso_height: 0.1288
--------------------------------------------------------------------------------
                   Total timesteps: 7962624
                    Iteration time: 0.39s
                      Time elapsed: 00:02:50
                               ETA: 00:00:05

################################################################################
                      [1m Learning iteration 486/500 [0m                      

                       Computation: 45581 steps/s (collection: 0.258s, learning 0.102s)
             Mean action noise std: 0.17
          Mean value_function loss: 0.0725
               Mean surrogate loss: -0.0057
                 Mean entropy loss: -3.1529
                       Mean reward: 75.22
               Mean episode length: 909.21
           Episode_Reward/progress: 4.6943
              Episode_Reward/alive: 0.4568
            Episode_Reward/upright: 0.0888
     Episode_Reward/move_to_target: 0.4540
          Episode_Reward/action_l2: -0.0175
             Episode_Reward/energy: -0.8581
   Episode_Reward/joint_pos_limits: -0.2870
      Episode_Termination/time_out: 0.8714
  Episode_Termination/torso_height: 0.1286
--------------------------------------------------------------------------------
                   Total timesteps: 7979008
                    Iteration time: 0.36s
                      Time elapsed: 00:02:51
                               ETA: 00:00:04

################################################################################
                      [1m Learning iteration 487/500 [0m                      

                       Computation: 42380 steps/s (collection: 0.286s, learning 0.101s)
             Mean action noise std: 0.17
          Mean value_function loss: 0.0742
               Mean surrogate loss: -0.0048
                 Mean entropy loss: -3.1699
                       Mean reward: 74.25
               Mean episode length: 894.41
           Episode_Reward/progress: 5.0046
              Episode_Reward/alive: 0.4778
            Episode_Reward/upright: 0.0932
     Episode_Reward/move_to_target: 0.4746
          Episode_Reward/action_l2: -0.0184
             Episode_Reward/energy: -0.9195
   Episode_Reward/joint_pos_limits: -0.2938
      Episode_Termination/time_out: 0.8735
  Episode_Termination/torso_height: 0.1265
--------------------------------------------------------------------------------
                   Total timesteps: 7995392
                    Iteration time: 0.39s
                      Time elapsed: 00:02:51
                               ETA: 00:00:04

################################################################################
                      [1m Learning iteration 488/500 [0m                      

                       Computation: 39134 steps/s (collection: 0.339s, learning 0.080s)
             Mean action noise std: 0.17
          Mean value_function loss: 0.0597
               Mean surrogate loss: -0.0064
                 Mean entropy loss: -3.1848
                       Mean reward: 72.38
               Mean episode length: 869.33
           Episode_Reward/progress: 4.0266
              Episode_Reward/alive: 0.3925
            Episode_Reward/upright: 0.0755
     Episode_Reward/move_to_target: 0.3852
          Episode_Reward/action_l2: -0.0151
             Episode_Reward/energy: -0.7362
   Episode_Reward/joint_pos_limits: -0.2484
      Episode_Termination/time_out: 0.8724
  Episode_Termination/torso_height: 0.1276
--------------------------------------------------------------------------------
                   Total timesteps: 8011776
                    Iteration time: 0.42s
                      Time elapsed: 00:02:51
                               ETA: 00:00:04

################################################################################
                      [1m Learning iteration 489/500 [0m                      

                       Computation: 41290 steps/s (collection: 0.319s, learning 0.078s)
             Mean action noise std: 0.17
          Mean value_function loss: 0.0716
               Mean surrogate loss: -0.0051
                 Mean entropy loss: -3.2037
                       Mean reward: 69.45
               Mean episode length: 837.36
           Episode_Reward/progress: 4.0704
              Episode_Reward/alive: 0.3979
            Episode_Reward/upright: 0.0771
     Episode_Reward/move_to_target: 0.3931
          Episode_Reward/action_l2: -0.0153
             Episode_Reward/energy: -0.7361
   Episode_Reward/joint_pos_limits: -0.2520
      Episode_Termination/time_out: 0.8655
  Episode_Termination/torso_height: 0.1345
--------------------------------------------------------------------------------
                   Total timesteps: 8028160
                    Iteration time: 0.40s
                      Time elapsed: 00:02:52
                               ETA: 00:00:03

################################################################################
                      [1m Learning iteration 490/500 [0m                      

                       Computation: 46257 steps/s (collection: 0.265s, learning 0.090s)
             Mean action noise std: 0.17
          Mean value_function loss: 0.0654
               Mean surrogate loss: -0.0044
                 Mean entropy loss: -3.2111
                       Mean reward: 70.62
               Mean episode length: 849.14
           Episode_Reward/progress: 4.8057
              Episode_Reward/alive: 0.4705
            Episode_Reward/upright: 0.0920
     Episode_Reward/move_to_target: 0.4691
          Episode_Reward/action_l2: -0.0180
             Episode_Reward/energy: -0.8759
   Episode_Reward/joint_pos_limits: -0.2966
      Episode_Termination/time_out: 0.8675
  Episode_Termination/torso_height: 0.1325
--------------------------------------------------------------------------------
                   Total timesteps: 8044544
                    Iteration time: 0.35s
                      Time elapsed: 00:02:52
                               ETA: 00:00:03

################################################################################
                      [1m Learning iteration 491/500 [0m                      

                       Computation: 46084 steps/s (collection: 0.265s, learning 0.090s)
             Mean action noise std: 0.17
          Mean value_function loss: 0.0902
               Mean surrogate loss: -0.0065
                 Mean entropy loss: -3.2232
                       Mean reward: 68.86
               Mean episode length: 832.06
           Episode_Reward/progress: 4.9426
              Episode_Reward/alive: 0.4822
            Episode_Reward/upright: 0.0940
     Episode_Reward/move_to_target: 0.4782
          Episode_Reward/action_l2: -0.0185
             Episode_Reward/energy: -0.9125
   Episode_Reward/joint_pos_limits: -0.3022
      Episode_Termination/time_out: 0.8702
  Episode_Termination/torso_height: 0.1298
--------------------------------------------------------------------------------
                   Total timesteps: 8060928
                    Iteration time: 0.36s
                      Time elapsed: 00:02:53
                               ETA: 00:00:03

################################################################################
                      [1m Learning iteration 492/500 [0m                      

                       Computation: 46194 steps/s (collection: 0.261s, learning 0.094s)
             Mean action noise std: 0.17
          Mean value_function loss: 0.0700
               Mean surrogate loss: -0.0056
                 Mean entropy loss: -3.2375
                       Mean reward: 69.10
               Mean episode length: 836.21
           Episode_Reward/progress: 4.6883
              Episode_Reward/alive: 0.4538
            Episode_Reward/upright: 0.0884
     Episode_Reward/move_to_target: 0.4505
          Episode_Reward/action_l2: -0.0174
             Episode_Reward/energy: -0.8604
   Episode_Reward/joint_pos_limits: -0.2856
      Episode_Termination/time_out: 0.8710
  Episode_Termination/torso_height: 0.1290
--------------------------------------------------------------------------------
                   Total timesteps: 8077312
                    Iteration time: 0.35s
                      Time elapsed: 00:02:53
                               ETA: 00:00:02

################################################################################
                      [1m Learning iteration 493/500 [0m                      

                       Computation: 40556 steps/s (collection: 0.306s, learning 0.098s)
             Mean action noise std: 0.17
          Mean value_function loss: 0.0518
               Mean surrogate loss: -0.0078
                 Mean entropy loss: -3.2700
                       Mean reward: 70.94
               Mean episode length: 860.16
           Episode_Reward/progress: 4.9470
              Episode_Reward/alive: 0.4815
            Episode_Reward/upright: 0.0924
     Episode_Reward/move_to_target: 0.4713
          Episode_Reward/action_l2: -0.0184
             Episode_Reward/energy: -0.8975
   Episode_Reward/joint_pos_limits: -0.3052
      Episode_Termination/time_out: 0.8691
  Episode_Termination/torso_height: 0.1309
--------------------------------------------------------------------------------
                   Total timesteps: 8093696
                    Iteration time: 0.40s
                      Time elapsed: 00:02:53
                               ETA: 00:00:02

################################################################################
                      [1m Learning iteration 494/500 [0m                      

                       Computation: 42525 steps/s (collection: 0.293s, learning 0.092s)
             Mean action noise std: 0.17
          Mean value_function loss: 0.0455
               Mean surrogate loss: -0.0049
                 Mean entropy loss: -3.3084
                       Mean reward: 72.89
               Mean episode length: 883.56
           Episode_Reward/progress: 4.6183
              Episode_Reward/alive: 0.4557
            Episode_Reward/upright: 0.0866
     Episode_Reward/move_to_target: 0.4502
          Episode_Reward/action_l2: -0.0176
             Episode_Reward/energy: -0.8506
   Episode_Reward/joint_pos_limits: -0.2893
      Episode_Termination/time_out: 0.8676
  Episode_Termination/torso_height: 0.1324
--------------------------------------------------------------------------------
                   Total timesteps: 8110080
                    Iteration time: 0.39s
                      Time elapsed: 00:02:54
                               ETA: 00:00:02

################################################################################
                      [1m Learning iteration 495/500 [0m                      

                       Computation: 46271 steps/s (collection: 0.264s, learning 0.090s)
             Mean action noise std: 0.17
          Mean value_function loss: 0.0499
               Mean surrogate loss: -0.0041
                 Mean entropy loss: -3.3396
                       Mean reward: 73.69
               Mean episode length: 892.62
           Episode_Reward/progress: 5.2585
              Episode_Reward/alive: 0.5000
            Episode_Reward/upright: 0.0985
     Episode_Reward/move_to_target: 0.4979
          Episode_Reward/action_l2: -0.0191
             Episode_Reward/energy: -0.9575
   Episode_Reward/joint_pos_limits: -0.3104
      Episode_Termination/time_out: 0.8719
  Episode_Termination/torso_height: 0.1281
--------------------------------------------------------------------------------
                   Total timesteps: 8126464
                    Iteration time: 0.35s
                      Time elapsed: 00:02:54
                               ETA: 00:00:01

################################################################################
                      [1m Learning iteration 496/500 [0m                      

                       Computation: 45659 steps/s (collection: 0.267s, learning 0.092s)
             Mean action noise std: 0.17
          Mean value_function loss: 0.0616
               Mean surrogate loss: -0.0060
                 Mean entropy loss: -3.3632
                       Mean reward: 74.51
               Mean episode length: 901.67
           Episode_Reward/progress: 5.2403
              Episode_Reward/alive: 0.5000
            Episode_Reward/upright: 0.0979
     Episode_Reward/move_to_target: 0.4982
          Episode_Reward/action_l2: -0.0192
             Episode_Reward/energy: -0.9510
   Episode_Reward/joint_pos_limits: -0.3135
      Episode_Termination/time_out: 0.8761
  Episode_Termination/torso_height: 0.1239
--------------------------------------------------------------------------------
                   Total timesteps: 8142848
                    Iteration time: 0.36s
                      Time elapsed: 00:02:54
                               ETA: 00:00:01

################################################################################
                      [1m Learning iteration 497/500 [0m                      

                       Computation: 39929 steps/s (collection: 0.300s, learning 0.111s)
             Mean action noise std: 0.17
          Mean value_function loss: 0.0532
               Mean surrogate loss: -0.0068
                 Mean entropy loss: -3.3811
                       Mean reward: 75.51
               Mean episode length: 911.40
           Episode_Reward/progress: 4.7984
              Episode_Reward/alive: 0.4631
            Episode_Reward/upright: 0.0894
     Episode_Reward/move_to_target: 0.4571
          Episode_Reward/action_l2: -0.0180
             Episode_Reward/energy: -0.8768
   Episode_Reward/joint_pos_limits: -0.2919
      Episode_Termination/time_out: 0.8841
  Episode_Termination/torso_height: 0.1159
--------------------------------------------------------------------------------
                   Total timesteps: 8159232
                    Iteration time: 0.41s
                      Time elapsed: 00:02:55
                               ETA: 00:00:01

################################################################################
                      [1m Learning iteration 498/500 [0m                      

                       Computation: 45695 steps/s (collection: 0.275s, learning 0.083s)
             Mean action noise std: 0.17
          Mean value_function loss: 0.0635
               Mean surrogate loss: -0.0073
                 Mean entropy loss: -3.4095
                       Mean reward: 77.17
               Mean episode length: 922.77
           Episode_Reward/progress: 5.2972
              Episode_Reward/alive: 0.5000
            Episode_Reward/upright: 0.0983
     Episode_Reward/move_to_target: 0.4985
          Episode_Reward/action_l2: -0.0192
             Episode_Reward/energy: -0.9637
   Episode_Reward/joint_pos_limits: -0.3111
      Episode_Termination/time_out: 0.8893
  Episode_Termination/torso_height: 0.1107
--------------------------------------------------------------------------------
                   Total timesteps: 8175616
                    Iteration time: 0.36s
                      Time elapsed: 00:02:55
                               ETA: 00:00:00

################################################################################
                      [1m Learning iteration 499/500 [0m                      

                       Computation: 47135 steps/s (collection: 0.273s, learning 0.074s)
             Mean action noise std: 0.17
          Mean value_function loss: 0.0587
               Mean surrogate loss: -0.0050
                 Mean entropy loss: -3.4343
                       Mean reward: 76.42
               Mean episode length: 914.06
           Episode_Reward/progress: 3.8999
              Episode_Reward/alive: 0.3871
            Episode_Reward/upright: 0.0744
     Episode_Reward/move_to_target: 0.3831
          Episode_Reward/action_l2: -0.0149
             Episode_Reward/energy: -0.7236
   Episode_Reward/joint_pos_limits: -0.2454
      Episode_Termination/time_out: 0.8928
  Episode_Termination/torso_height: 0.1072
--------------------------------------------------------------------------------
                   Total timesteps: 8192000
                    Iteration time: 0.35s
                      Time elapsed: 00:02:56
                               ETA: 00:00:00

TRAINING_COMPLETE
2026-09-30T12:32:21Z [9,529ms] [Warning] [omni.physx.plugin] Damping attribute is unsupported for articulation joints and will be ignored (/World/envs/env_0/Robot/joints/right_back_foot).
2026-09-30T12:32:21Z [9,529ms] [Warning] [omni.physx.plugin] Damping attribute is unsupported for articulation joints and will be ignored (/World/envs/env_0/Robot/joints/right_back_leg).
2026-09-30T12:32:21Z [9,529ms] [Warning] [omni.physx.plugin] Damping attribute is unsupported for articulation joints and will be ignored (/World/envs/env_0/Robot/joints/right_back_foot).
