Loading user config located at: '/home/hhm/miniforge3/envs/lerobot-arena/lib/python3.11/site-packages/isaacsim/kit/data/Kit/Isaac-Sim/5.1/user.config.json'
[Info] [carb] Logging to file: /home/hhm/miniforge3/envs/lerobot-arena/lib/python3.11/site-packages/isaacsim/kit/logs/Kit/Isaac-Sim/5.1/kit_20260930_212512.log
2026-09-30T12:25:12Z [96ms] [Warning] [omni.usd_config.extension] Enable omni.materialx.libs extension to use MaterialX
2026-09-30T12:25:13Z [663ms] [Warning] [carb] Acquiring non optional plugin interface which is not listed as dependency: [omni::physx::IPhysxBenchmarks v1.0] (plugin: <default plugin>), by client: omni.physics.physx.plugin. Add it to CARB_PLUGIN_IMPL_DEPS() macro of a client.
2026-09-30T12:25:13Z [886ms] [Warning] [omni.isaac.dynamic_control] omni.isaac.dynamic_control is deprecated as of Isaac Sim 4.5. No action is needed from end-users.

|---------------------------------------------------------------------------------------------|
| Driver Version: 580.178.04    | Graphics API: Vulkan
|=============================================================================================|
| GPU | Name                             | Active | LDA | GPU Memory | Vendor-ID | LUID       |
|     |                                  |        |     |            | Device-ID | UUID       |
|     |                                  |        |     |            | Bus-ID    |            |
|---------------------------------------------------------------------------------------------|
| 0   | NVIDIA GeForce RTX 4050 Laptop.. | Yes: 0 |     | 6141    MB | 10de      | 0          |
|     |                                  |        |     |            | 28e1      | 04c25621.. |
|     |                                  |        |     |            | 1         |            |
|=============================================================================================|
| OS: 22.04.5 LTS (Jammy Jellyfish) ubuntu, Version: 22.04.5, Kernel: 6.8.0-138-generic
| XServer Vendor: The X.Org Foundation, XServer Version: 12101004 (1.21.1.4)
| Processor: AMD Ryzen 7 7435HS
| Cores: 8 | Logical Cores: 16
|---------------------------------------------------------------------------------------------|
| Total Memory (MB): 15805 | Free Memory: 9904
| Total Page/Swap (MB): 2047 | Free Page/Swap: 1377
|---------------------------------------------------------------------------------------------|
2026-09-30T12:25:18Z [5,615ms] [Warning] [gpu.foundation.plugin] CPU performance profile is set to powersave. This profile sets the CPU to the lowest frequency reducing performance.
2026-09-30T12:25:18Z [5,624ms] [Warning] [gpu.foundation.plugin] IOMMU is enabled.
2026-09-30T12:25:22Z [9,211ms] [Warning] [omni.fabric.plugin] Warning: input prim:attr `/World/envs/env_0:omni:rtx:skip` has no valid data.

2026-09-30T12:25:22Z [9,918ms] [Warning] [omni.physx.plugin] Damping attribute is unsupported for articulation joints and will be ignored (/World/envs/env_0/Robot/joints/front_left_leg).
2026-09-30T12:25:22Z [9,918ms] [Warning] [omni.physx.plugin] Damping attribute is unsupported for articulation joints and will be ignored (/World/envs/env_0/Robot/joints/front_left_foot).
2026-09-30T12:25:22Z [9,918ms] [Warning] [omni.physx.plugin] Damping attribute is unsupported for articulation joints and will be ignored (/World/envs/env_0/Robot/joints/front_right_leg).
2026-09-30T12:25:22Z [9,918ms] [Warning] [omni.physx.plugin] Damping attribute is unsupported for articulation joints and will be ignored (/World/envs/env_0/Robot/joints/front_right_foot).
2026-09-30T12:25:22Z [9,918ms] [Warning] [omni.physx.plugin] Damping attribute is unsupported for articulation joints and will be ignored (/World/envs/env_0/Robot/joints/left_back_leg).
2026-09-30T12:25:22Z [9,918ms] [Warning] [omni.physx.plugin] Damping attribute is unsupported for articulation joints and will be ignored (/World/envs/env_0/Robot/joints/left_back_foot).
2026-09-30T12:25:22Z [9,918ms] [Warning] [omni.physx.plugin] Damping attribute is unsupported for articulation joints and will be ignored (/World/envs/env_0/Robot/joints/right_back_leg).
2026-09-30T12:25:22Z [9,918ms] [Warning] [omni.physx.plugin] Damping attribute is unsupported for articulation joints and will be ignored (/World/envs/env_0/Robot/joints/right_back_foot).
2026-09-30T12:25:22Z [9,918ms] [Warning] [omni.physx.plugin] Damping attribute is unsupported for articulation joints and will be ignored (/World/envs/env_0/Robot/joints/front_right_leg).
2026-09-30T12:25:22Z [9,918ms] [Warning] [omni.physx.plugin] Damping attribute is unsupported for articulation joints and will be ignored (/World/envs/env_0/Robot/joints/front_right_foot).
2026-09-30T12:25:22Z [9,918ms] [Warning] [omni.physx.plugin] Damping attribute is unsupported for articulation joints and will be ignored (/World/envs/env_0/Robot/joints/left_back_leg).
2026-09-30T12:25:22Z [9,918ms] [Warning] [omni.physx.plugin] Damping attribute is unsupported for articulation joints and will be ignored (/World/envs/env_0/Robot/joints/left_back_foot).
2026-09-30T12:25:22Z [9,918ms] [Warning] [omni.physx.plugin] Damping attribute is unsupported for articulation joints and will be ignored (/World/envs/env_0/Robot/joints/right_back_leg).
2026-09-30T12:25:22Z [9,918ms] [Warning] [omni.physx.plugin] Damping attribute is unsupported for articulation joints and will be ignored (/World/envs/env_0/Robot/joints/right_back_foot).
2026-09-30T12:25:22Z [9,918ms] [Warning] [omni.physx.plugin] Damping attribute is unsupported for articulation joints and will be ignored (/World/envs/env_0/Robot/joints/front_right_leg).
2026-09-30T12:25:22Z [9,918ms] [Warning] [omni.physx.plugin] Damping attribute is unsupported for articulation joints and will be ignored (/World/envs/env_0/Robot/joints/front_right_foot).
2026-09-30T12:25:22Z [9,918ms] [Warning] [omni.physx.plugin] Damping attribute is unsupported for articulation joints and will be ignored (/World/envs/env_0/Robot/joints/left_back_leg).
2026-09-30T12:25:22Z [9,918ms] [Warning] [omni.physx.plugin] Damping attribute is unsupported for articulation joints and will be ignored (/World/envs/env_0/Robot/joints/left_back_foot).
2026-09-30T12:25:22Z [9,918ms] [Warning] [omni.physx.plugin] Damping attribute is unsupported for articulation joints and will be ignored (/World/envs/env_0/Robot/joints/right_back_leg).
2026-09-30T12:25:22Z [9,918ms] [Warning] [omni.physx.plugin] Damping attribute is unsupported for articulation joints and will be ignored (/World/envs/env_0/Robot/joints/right_back_foot).
2026-09-30T12:25:22Z [9,918ms] [Warning] [omni.physx.plugin] Damping attribute is unsupported for articulation joints and will be ignored (/World/envs/env_0/Robot/joints/left_back_leg).
2026-09-30T12:25:22Z [9,918ms] [Warning] [omni.physx.plugin] Damping attribute is unsupported for articulation joints and will be ignored (/World/envs/env_0/Robot/joints/left_back_foot).
2026-09-30T12:25:22Z [9,918ms] [Warning] [omni.physx.plugin] Damping attribute is unsupported for articulation joints and will be ignored (/World/envs/env_0/Robot/joints/right_back_leg).
2026-09-30T12:25:22Z [9,918ms] [Warning] [omni.physx.plugin] Damping attribute is unsupported for articulation joints and will be ignored (/World/envs/env_0/Robot/joints/right_back_foot).
2026-09-30T12:25:22Z [9,918ms] [Warning] [omni.physx.plugin] Damping attribute is unsupported for articulation joints and will be ignored (/World/envs/env_0/Robot/joints/left_back_leg).
2026-09-30T12:25:22Z [9,918ms] [Warning] [omni.physx.plugin] Damping attribute is unsupported for articulation joints and will be ignored (/World/envs/env_0/Robot/joints/left_back_foot).
2026-09-30T12:25:22Z [9,918ms] [Warning] [omni.physx.plugin] Damping attribute is unsupported for articulation joints and will be ignored (/World/envs/env_0/Robot/joints/right_back_leg).
2026-09-30T12:25:22Z [9,918ms] [Warning] [omni.physx.plugin] Damping attribute is unsupported for articulation joints and will be ignored (/World/envs/env_0/Robot/joints/right_back_foot).
2026-09-30T12:25:22Z [9,918ms] [Warning] [omni.physx.plugin] Damping attribute is unsupported for articulation joints and will be ignored (/World/envs/env_0/Robot/joints/right_back_leg).
/home/hhm/miniforge3/envs/lerobot-arena/lib/python3.11/site-packages/rsl_rl/utils/utils.py:244: UserWarning: The observation configuration dictionary 'obs_groups' must contain the 'policy' key. As an observation group with the name 'policy' was found, this is assumed to be the observation set. Consider adding the 'policy' key to the 'obs_groups' dictionary for clarity. This behavior will be removed in a future version.
  warnings.warn(
/home/hhm/miniforge3/envs/lerobot-arena/lib/python3.11/site-packages/rsl_rl/utils/utils.py:290: UserWarning: The observation configuration dictionary 'obs_groups' must contain the 'critic' key. As the configuration for 'critic' is missing, the observations from the 'policy' set are used. Consider adding the 'critic' key to the 'obs_groups' dictionary for clarity. This behavior will be removed in a future version.
  warnings.warn(
[INFO][AppLauncher]: Using device: cuda:0
[INFO][AppLauncher]: Loading experience file: /home/hhm/IsaacLab_RS/apps/isaaclab.python.headless.kit
Setting seed: 22
[INFO]: Base environment:
	Environment device    : cuda:0
	Environment seed      : 22
	Physics step-size     : 0.008333333333333333
	Rendering step-size   : 0.016666666666666666
	Environment step-size : 0.016666666666666666
[INFO]: Time taken for scene creation : 3.053288 seconds
[INFO]: Scene manager:  <class InteractiveScene>
	Number of environments: 512
	Environment spacing   : 5.0
	Source prim name      : /World/envs/env_0
	Global prim paths     : ['/World/ground']
	Replicate physics     : True
[INFO]: Starting the simulation. This may take a few seconds. Please wait...
[INFO]: Time taken for simulation start : 0.873263 seconds
[INFO] Command Manager:  <CommandManager> contains 0 active terms.
+------------------------+
|  Active Command Terms  |
+--------+-------+-------+
| Index  | Name  |  Type |
+--------+-------+-------+
+--------+-------+-------+

[INFO] Event Manager:  <EventManager> contains 2 active terms.
+-------------------------------------+
| Active Event Terms in Mode: 'reset' |
+---------+---------------------------+
|  Index  | Name                      |
+---------+---------------------------+
|    0    | reset_base                |
|    1    | reset_robot_joints        |
+---------+---------------------------+
+----------------------------------+
| Active Event Terms in Mode: 'startup' |
+-------------+--------------------+
|    Index    | Name               |
+-------------+--------------------+
|      0      | material           |
|      1      | mass               |
+-------------+--------------------+

[INFO] Recorder Manager:  <RecorderManager> contains 0 active terms.
+---------------------+
| Active Recorder Terms |
+-----------+---------+
|   Index   | Name    |
+-----------+---------+
+-----------+---------+

[INFO] Action Manager:  <ActionManager> contains 1 active terms.
+----------------------------------+
|  Active Action Terms (shape: 8)  |
+-------+--------------+-----------+
| Index | Name         | Dimension |
+-------+--------------+-----------+
|   0   | joint_effort |         8 |
+-------+--------------+-----------+

[INFO] Observation Manager: <ObservationManager> contains 1 groups.
+-----------------------------------------------------------+
| Active Observation Terms in Group: 'policy' (shape: (60,)) |
+-----------+-----------------------------------+-----------+
|   Index   | Name                              |   Shape   |
+-----------+-----------------------------------+-----------+
|     0     | base_height                       |    (1,)   |
|     1     | base_lin_vel                      |    (3,)   |
|     2     | base_ang_vel                      |    (3,)   |
|     3     | base_yaw_roll                     |    (2,)   |
|     4     | base_angle_to_target              |    (1,)   |
|     5     | base_up_proj                      |    (1,)   |
|     6     | base_heading_proj                 |    (1,)   |
|     7     | joint_pos_norm                    |    (8,)   |
|     8     | joint_vel_rel                     |    (8,)   |
|     9     | feet_body_forces                  |   (24,)   |
|     10    | actions                           |    (8,)   |
+-----------+-----------------------------------+-----------+

[INFO] Termination Manager:  <TerminationManager> contains 2 active terms.
+---------------------------------+
|     Active Termination Terms    |
+-------+--------------+----------+
| Index | Name         | Time Out |
+-------+--------------+----------+
|   0   | time_out     |   True   |
|   1   | torso_height |  False   |
+-------+--------------+----------+

[INFO] Reward Manager:  <RewardManager> contains 7 active terms.
+-----------------------------------+
|        Active Reward Terms        |
+-------+------------------+--------+
| Index | Name             | Weight |
+-------+------------------+--------+
|   0   | progress         |    1.0 |
|   1   | alive            |    0.5 |
|   2   | upright          |    0.1 |
|   3   | move_to_target   |    0.5 |
|   4   | action_l2        | -0.005 |
|   5   | energy           |  -0.05 |
|   6   | joint_pos_limits |   -0.1 |
+-------+------------------+--------+

[INFO] Curriculum Manager:  <CurriculumManager> contains 0 active terms.
+----------------------+
| Active Curriculum Terms |
+-----------+----------+
|   Index   | Name     |
+-----------+----------+
+-----------+----------+

[INFO]: Completed setting up the environment...
--------------------------------------------------------------------------------
Resolved observation sets: 
	 policy :  ['policy']
	 critic :  ['policy']
--------------------------------------------------------------------------------
Actor MLP: MLP(
  (0): Linear(in_features=60, out_features=400, bias=True)
  (1): ELU(alpha=1.0)
  (2): Linear(in_features=400, out_features=200, bias=True)
  (3): ELU(alpha=1.0)
  (4): Linear(in_features=200, out_features=100, bias=True)
  (5): ELU(alpha=1.0)
  (6): Linear(in_features=100, out_features=8, bias=True)
)
Critic MLP: MLP(
  (0): Linear(in_features=60, out_features=400, bias=True)
  (1): ELU(alpha=1.0)
  (2): Linear(in_features=400, out_features=200, bias=True)
  (3): ELU(alpha=1.0)
  (4): Linear(in_features=200, out_features=100, bias=True)
  (5): ELU(alpha=1.0)
  (6): Linear(in_features=100, out_features=1, bias=True)
)
################################################################################
                       [1m Learning iteration 0/500 [0m                       

                       Computation: 10892 steps/s (collection: 1.259s, learning 0.245s)
             Mean action noise std: 0.99
          Mean value_function loss: 0.0367
               Mean surrogate loss: -0.0145
                 Mean entropy loss: 11.3216
                       Mean reward: -0.44
               Mean episode length: 17.57
           Episode_Reward/progress: 0.0024
              Episode_Reward/alive: 0.0077
            Episode_Reward/upright: 0.0014
     Episode_Reward/move_to_target: 0.0075
          Episode_Reward/action_l2: -0.0006
             Episode_Reward/energy: -0.0361
   Episode_Reward/joint_pos_limits: -0.0021
      Episode_Termination/time_out: 0.0132
  Episode_Termination/torso_height: 0.0000
--------------------------------------------------------------------------------
                   Total timesteps: 16384
                    Iteration time: 1.50s
                      Time elapsed: 00:00:01
                               ETA: 00:12:32

Could not find git repository in /home/hhm/miniforge3/envs/lerobot-arena/lib/python3.11/site-packages/rsl_rl/__init__.py. Skipping.
################################################################################
                       [1m Learning iteration 1/500 [0m                       

                       Computation: 23921 steps/s (collection: 0.608s, learning 0.076s)
             Mean action noise std: 0.98
          Mean value_function loss: 0.0453
               Mean surrogate loss: -0.0142
                 Mean entropy loss: 11.2278
                       Mean reward: -1.26
               Mean episode length: 42.86
           Episode_Reward/progress: 0.0012
              Episode_Reward/alive: 0.0242
            Episode_Reward/upright: 0.0026
     Episode_Reward/move_to_target: 0.0209
          Episode_Reward/action_l2: -0.0020
             Episode_Reward/energy: -0.1244
   Episode_Reward/joint_pos_limits: -0.0088
      Episode_Termination/time_out: 0.0389
  Episode_Termination/torso_height: 0.0073
--------------------------------------------------------------------------------
                   Total timesteps: 32768
                    Iteration time: 0.68s
                      Time elapsed: 00:00:02
                               ETA: 00:09:06

################################################################################
                       [1m Learning iteration 2/500 [0m                       

                       Computation: 41187 steps/s (collection: 0.307s, learning 0.091s)
             Mean action noise std: 0.96
          Mean value_function loss: 0.0412
               Mean surrogate loss: -0.0146
                 Mean entropy loss: 11.0507
                       Mean reward: -1.91
               Mean episode length: 66.03
           Episode_Reward/progress: 0.0013
              Episode_Reward/alive: 0.0411
            Episode_Reward/upright: 0.0036
     Episode_Reward/move_to_target: 0.0266
          Episode_Reward/action_l2: -0.0033
             Episode_Reward/energy: -0.1972
   Episode_Reward/joint_pos_limits: -0.0147
      Episode_Termination/time_out: 0.0715
  Episode_Termination/torso_height: 0.0641
--------------------------------------------------------------------------------
                   Total timesteps: 49152
                    Iteration time: 0.40s
                      Time elapsed: 00:00:02
                               ETA: 00:07:09

################################################################################
                       [1m Learning iteration 3/500 [0m                       

                       Computation: 44644 steps/s (collection: 0.290s, learning 0.077s)
             Mean action noise std: 0.94
          Mean value_function loss: 0.0367
               Mean surrogate loss: -0.0145
                 Mean entropy loss: 10.9020
                       Mean reward: -2.88
               Mean episode length: 102.45
           Episode_Reward/progress: 0.0078
              Episode_Reward/alive: 0.0574
            Episode_Reward/upright: 0.0047
     Episode_Reward/move_to_target: 0.0362
          Episode_Reward/action_l2: -0.0045
             Episode_Reward/energy: -0.2657
   Episode_Reward/joint_pos_limits: -0.0211
      Episode_Termination/time_out: 0.0971
  Episode_Termination/torso_height: 0.1518
--------------------------------------------------------------------------------
                   Total timesteps: 65536
                    Iteration time: 0.37s
                      Time elapsed: 00:00:02
                               ETA: 00:06:07

################################################################################
                       [1m Learning iteration 4/500 [0m                       

                       Computation: 42382 steps/s (collection: 0.294s, learning 0.093s)
             Mean action noise std: 0.92
          Mean value_function loss: 0.0337
               Mean surrogate loss: -0.0151
                 Mean entropy loss: 10.7530
                       Mean reward: -3.64
               Mean episode length: 130.48
           Episode_Reward/progress: -0.0010
              Episode_Reward/alive: 0.0722
            Episode_Reward/upright: 0.0069
     Episode_Reward/move_to_target: 0.0386
          Episode_Reward/action_l2: -0.0056
             Episode_Reward/energy: -0.3277
   Episode_Reward/joint_pos_limits: -0.0263
      Episode_Termination/time_out: 0.1231
  Episode_Termination/torso_height: 0.2531
--------------------------------------------------------------------------------
                   Total timesteps: 81920
                    Iteration time: 0.39s
                      Time elapsed: 00:00:03
                               ETA: 00:05:31

################################################################################
                       [1m Learning iteration 5/500 [0m                       

                       Computation: 41565 steps/s (collection: 0.297s, learning 0.097s)
             Mean action noise std: 0.91
          Mean value_function loss: 0.0268
               Mean surrogate loss: -0.0156
                 Mean entropy loss: 10.6095
                       Mean reward: -4.12
               Mean episode length: 149.16
           Episode_Reward/progress: -0.0061
              Episode_Reward/alive: 0.0860
            Episode_Reward/upright: 0.0084
     Episode_Reward/move_to_target: 0.0430
          Episode_Reward/action_l2: -0.0067
             Episode_Reward/energy: -0.3836
   Episode_Reward/joint_pos_limits: -0.0322
      Episode_Termination/time_out: 0.1280
  Episode_Termination/torso_height: 0.3400
--------------------------------------------------------------------------------
                   Total timesteps: 98304
                    Iteration time: 0.39s
                      Time elapsed: 00:00:03
                               ETA: 00:05:08

################################################################################
                       [1m Learning iteration 6/500 [0m                       

                       Computation: 38988 steps/s (collection: 0.328s, learning 0.092s)
             Mean action noise std: 0.89
          Mean value_function loss: 0.0226
               Mean surrogate loss: -0.0143
                 Mean entropy loss: 10.4699
                       Mean reward: -4.18
               Mean episode length: 171.49
           Episode_Reward/progress: 0.0092
              Episode_Reward/alive: 0.0874
            Episode_Reward/upright: 0.0100
     Episode_Reward/move_to_target: 0.0455
          Episode_Reward/action_l2: -0.0065
             Episode_Reward/energy: -0.3568
   Episode_Reward/joint_pos_limits: -0.0336
      Episode_Termination/time_out: 0.1365
  Episode_Termination/torso_height: 0.4122
--------------------------------------------------------------------------------
                   Total timesteps: 114688
                    Iteration time: 0.42s
                      Time elapsed: 00:00:04
                               ETA: 00:04:53

################################################################################
                       [1m Learning iteration 7/500 [0m                       

                       Computation: 40819 steps/s (collection: 0.318s, learning 0.083s)
             Mean action noise std: 0.88
          Mean value_function loss: 0.0185
               Mean surrogate loss: -0.0142
                 Mean entropy loss: 10.3727
                       Mean reward: -4.30
               Mean episode length: 176.17
           Episode_Reward/progress: 0.0062
              Episode_Reward/alive: 0.0908
            Episode_Reward/upright: 0.0099
     Episode_Reward/move_to_target: 0.0423
          Episode_Reward/action_l2: -0.0067
             Episode_Reward/energy: -0.3671
   Episode_Reward/joint_pos_limits: -0.0354
      Episode_Termination/time_out: 0.1403
  Episode_Termination/torso_height: 0.4843
--------------------------------------------------------------------------------
                   Total timesteps: 131072
                    Iteration time: 0.40s
                      Time elapsed: 00:00:04
                               ETA: 00:04:40

################################################################################
                       [1m Learning iteration 8/500 [0m                       

                       Computation: 41702 steps/s (collection: 0.307s, learning 0.086s)
             Mean action noise std: 0.87
          Mean value_function loss: 0.0181
               Mean surrogate loss: -0.0138
                 Mean entropy loss: 10.2892
                       Mean reward: -4.33
               Mean episode length: 185.10
           Episode_Reward/progress: 0.0010
              Episode_Reward/alive: 0.1117
            Episode_Reward/upright: 0.0132
     Episode_Reward/move_to_target: 0.0493
          Episode_Reward/action_l2: -0.0082
             Episode_Reward/energy: -0.4344
   Episode_Reward/joint_pos_limits: -0.0445
      Episode_Termination/time_out: 0.1445
  Episode_Termination/torso_height: 0.5192
--------------------------------------------------------------------------------
                   Total timesteps: 147456
                    Iteration time: 0.39s
                      Time elapsed: 00:00:04
                               ETA: 00:04:30

################################################################################
                       [1m Learning iteration 9/500 [0m                       

                       Computation: 38025 steps/s (collection: 0.351s, learning 0.080s)
             Mean action noise std: 0.86
          Mean value_function loss: 0.0157
               Mean surrogate loss: -0.0146
                 Mean entropy loss: 10.1773
                       Mean reward: -4.30
               Mean episode length: 200.75
           Episode_Reward/progress: 0.0110
              Episode_Reward/alive: 0.1102
            Episode_Reward/upright: 0.0130
     Episode_Reward/move_to_target: 0.0682
          Episode_Reward/action_l2: -0.0079
             Episode_Reward/energy: -0.4082
   Episode_Reward/joint_pos_limits: -0.0460
      Episode_Termination/time_out: 0.1445
  Episode_Termination/torso_height: 0.5660
--------------------------------------------------------------------------------
                   Total timesteps: 163840
                    Iteration time: 0.43s
                      Time elapsed: 00:00:05
                               ETA: 00:04:24

################################################################################
                      [1m Learning iteration 10/500 [0m                       

                       Computation: 35853 steps/s (collection: 0.359s, learning 0.098s)
             Mean action noise std: 0.84
          Mean value_function loss: 0.0141
               Mean surrogate loss: -0.0166
                 Mean entropy loss: 10.0263
                       Mean reward: -4.63
               Mean episode length: 223.23
           Episode_Reward/progress: 0.0333
              Episode_Reward/alive: 0.1147
            Episode_Reward/upright: 0.0148
     Episode_Reward/move_to_target: 0.0477
          Episode_Reward/action_l2: -0.0081
             Episode_Reward/energy: -0.4181
   Episode_Reward/joint_pos_limits: -0.0474
      Episode_Termination/time_out: 0.1475
  Episode_Termination/torso_height: 0.5889
--------------------------------------------------------------------------------
                   Total timesteps: 180224
                    Iteration time: 0.46s
                      Time elapsed: 00:00:05
                               ETA: 00:04:20

################################################################################
                      [1m Learning iteration 11/500 [0m                       

                       Computation: 40072 steps/s (collection: 0.296s, learning 0.113s)
             Mean action noise std: 0.83
          Mean value_function loss: 0.0138
               Mean surrogate loss: -0.0129
                 Mean entropy loss: 9.9008
                       Mean reward: -4.58
               Mean episode length: 232.73
           Episode_Reward/progress: 0.0297
              Episode_Reward/alive: 0.1120
            Episode_Reward/upright: 0.0152
     Episode_Reward/move_to_target: 0.0375
          Episode_Reward/action_l2: -0.0079
             Episode_Reward/energy: -0.3716
   Episode_Reward/joint_pos_limits: -0.0495
      Episode_Termination/time_out: 0.1660
  Episode_Termination/torso_height: 0.5965
--------------------------------------------------------------------------------
                   Total timesteps: 196608
                    Iteration time: 0.41s
                      Time elapsed: 00:00:06
                               ETA: 00:04:14

################################################################################
                      [1m Learning iteration 12/500 [0m                       

                       Computation: 45258 steps/s (collection: 0.274s, learning 0.088s)
             Mean action noise std: 0.81
          Mean value_function loss: 0.0121
               Mean surrogate loss: -0.0144
                 Mean entropy loss: 9.7275
                       Mean reward: -4.72
               Mean episode length: 247.94
           Episode_Reward/progress: 0.0360
              Episode_Reward/alive: 0.1381
            Episode_Reward/upright: 0.0179
     Episode_Reward/move_to_target: 0.0607
          Episode_Reward/action_l2: -0.0098
             Episode_Reward/energy: -0.4412
   Episode_Reward/joint_pos_limits: -0.0627
      Episode_Termination/time_out: 0.1817
  Episode_Termination/torso_height: 0.6053
--------------------------------------------------------------------------------
                   Total timesteps: 212992
                    Iteration time: 0.36s
                      Time elapsed: 00:00:06
                               ETA: 00:04:08

################################################################################
                      [1m Learning iteration 13/500 [0m                       

                       Computation: 45604 steps/s (collection: 0.266s, learning 0.093s)
             Mean action noise std: 0.79
          Mean value_function loss: 0.0110
               Mean surrogate loss: -0.0127
                 Mean entropy loss: 9.5708
                       Mean reward: -4.62
               Mean episode length: 253.47
           Episode_Reward/progress: 0.0272
              Episode_Reward/alive: 0.1421
            Episode_Reward/upright: 0.0223
     Episode_Reward/move_to_target: 0.0693
          Episode_Reward/action_l2: -0.0097
             Episode_Reward/energy: -0.4242
   Episode_Reward/joint_pos_limits: -0.0662
      Episode_Termination/time_out: 0.1862
  Episode_Termination/torso_height: 0.6165
--------------------------------------------------------------------------------
                   Total timesteps: 229376
                    Iteration time: 0.36s
                      Time elapsed: 00:00:06
                               ETA: 00:04:02

################################################################################
                      [1m Learning iteration 14/500 [0m                       

                       Computation: 46952 steps/s (collection: 0.260s, learning 0.089s)
             Mean action noise std: 0.78
          Mean value_function loss: 0.0085
               Mean surrogate loss: -0.0122
                 Mean entropy loss: 9.4082
                       Mean reward: -4.56
               Mean episode length: 267.38
           Episode_Reward/progress: 0.0195
              Episode_Reward/alive: 0.1505
            Episode_Reward/upright: 0.0244
     Episode_Reward/move_to_target: 0.0855
          Episode_Reward/action_l2: -0.0103
             Episode_Reward/energy: -0.4395
   Episode_Reward/joint_pos_limits: -0.0720
      Episode_Termination/time_out: 0.1974
  Episode_Termination/torso_height: 0.6245
--------------------------------------------------------------------------------
                   Total timesteps: 245760
                    Iteration time: 0.35s
                      Time elapsed: 00:00:07
                               ETA: 00:03:57

################################################################################
                      [1m Learning iteration 15/500 [0m                       

                       Computation: 46695 steps/s (collection: 0.260s, learning 0.091s)
             Mean action noise std: 0.77
          Mean value_function loss: 0.0093
               Mean surrogate loss: -0.0117
                 Mean entropy loss: 9.2763
                       Mean reward: -4.90
               Mean episode length: 294.58
           Episode_Reward/progress: 0.0076
              Episode_Reward/alive: 0.2060
            Episode_Reward/upright: 0.0327
     Episode_Reward/move_to_target: 0.0551
          Episode_Reward/action_l2: -0.0140
             Episode_Reward/energy: -0.6002
   Episode_Reward/joint_pos_limits: -0.1013
      Episode_Termination/time_out: 0.2139
  Episode_Termination/torso_height: 0.6274
--------------------------------------------------------------------------------
                   Total timesteps: 262144
                    Iteration time: 0.35s
                      Time elapsed: 00:00:07
                               ETA: 00:03:52

################################################################################
                      [1m Learning iteration 16/500 [0m                       

                       Computation: 49863 steps/s (collection: 0.239s, learning 0.089s)
             Mean action noise std: 0.75
          Mean value_function loss: 0.0091
               Mean surrogate loss: -0.0127
                 Mean entropy loss: 9.1366
                       Mean reward: -5.19
               Mean episode length: 311.84
           Episode_Reward/progress: -0.0326
              Episode_Reward/alive: 0.2417
            Episode_Reward/upright: 0.0379
     Episode_Reward/move_to_target: 0.0761
          Episode_Reward/action_l2: -0.0165
             Episode_Reward/energy: -0.6993
   Episode_Reward/joint_pos_limits: -0.1179
      Episode_Termination/time_out: 0.2208
  Episode_Termination/torso_height: 0.6327
--------------------------------------------------------------------------------
                   Total timesteps: 278528
                    Iteration time: 0.33s
                      Time elapsed: 00:00:07
                               ETA: 00:03:47

################################################################################
                      [1m Learning iteration 17/500 [0m                       

                       Computation: 49482 steps/s (collection: 0.239s, learning 0.092s)
             Mean action noise std: 0.74
          Mean value_function loss: 0.0057
               Mean surrogate loss: -0.0100
                 Mean entropy loss: 8.9805
                       Mean reward: -5.36
               Mean episode length: 324.43
           Episode_Reward/progress: 0.0021
              Episode_Reward/alive: 0.1792
            Episode_Reward/upright: 0.0265
     Episode_Reward/move_to_target: 0.0356
          Episode_Reward/action_l2: -0.0121
             Episode_Reward/energy: -0.4355
   Episode_Reward/joint_pos_limits: -0.1047
      Episode_Termination/time_out: 0.2238
  Episode_Termination/torso_height: 0.6367
--------------------------------------------------------------------------------
                   Total timesteps: 294912
                    Iteration time: 0.33s
                      Time elapsed: 00:00:08
                               ETA: 00:03:43

################################################################################
                      [1m Learning iteration 18/500 [0m                       

                       Computation: 50273 steps/s (collection: 0.238s, learning 0.088s)
             Mean action noise std: 0.72
          Mean value_function loss: 0.0059
               Mean surrogate loss: -0.0091
                 Mean entropy loss: 8.8525
                       Mean reward: -5.70
               Mean episode length: 362.41
           Episode_Reward/progress: 0.0639
              Episode_Reward/alive: 0.2619
            Episode_Reward/upright: 0.0485
     Episode_Reward/move_to_target: 0.0901
          Episode_Reward/action_l2: -0.0178
             Episode_Reward/energy: -0.6853
   Episode_Reward/joint_pos_limits: -0.1449
      Episode_Termination/time_out: 0.2430
  Episode_Termination/torso_height: 0.6367
--------------------------------------------------------------------------------
                   Total timesteps: 311296
                    Iteration time: 0.33s
                      Time elapsed: 00:00:08
                               ETA: 00:03:39

################################################################################
                      [1m Learning iteration 19/500 [0m                       

                       Computation: 49991 steps/s (collection: 0.249s, learning 0.079s)
             Mean action noise std: 0.71
          Mean value_function loss: 0.0052
               Mean surrogate loss: -0.0094
                 Mean entropy loss: 8.6810
                       Mean reward: -6.17
               Mean episode length: 390.19
           Episode_Reward/progress: 0.0099
              Episode_Reward/alive: 0.2933
            Episode_Reward/upright: 0.0508
     Episode_Reward/move_to_target: -0.0418
          Episode_Reward/action_l2: -0.0198
             Episode_Reward/energy: -0.7716
   Episode_Reward/joint_pos_limits: -0.1570
      Episode_Termination/time_out: 0.2594
  Episode_Termination/torso_height: 0.6392
--------------------------------------------------------------------------------
                   Total timesteps: 327680
                    Iteration time: 0.33s
                      Time elapsed: 00:00:08
                               ETA: 00:03:35

################################################################################
                      [1m Learning iteration 20/500 [0m                       

                       Computation: 43245 steps/s (collection: 0.288s, learning 0.090s)
             Mean action noise std: 0.70
          Mean value_function loss: 0.0043
               Mean surrogate loss: -0.0107
                 Mean entropy loss: 8.5522
                       Mean reward: -6.29
               Mean episode length: 412.33
           Episode_Reward/progress: 0.0075
              Episode_Reward/alive: 0.2921
            Episode_Reward/upright: 0.0528
     Episode_Reward/move_to_target: 0.1747
          Episode_Reward/action_l2: -0.0196
             Episode_Reward/energy: -0.7162
   Episode_Reward/joint_pos_limits: -0.1646
      Episode_Termination/time_out: 0.2673
  Episode_Termination/torso_height: 0.6426
--------------------------------------------------------------------------------
                   Total timesteps: 344064
                    Iteration time: 0.38s
                      Time elapsed: 00:00:09
                               ETA: 00:03:33

################################################################################
                      [1m Learning iteration 21/500 [0m                       

                       Computation: 46611 steps/s (collection: 0.275s, learning 0.076s)
             Mean action noise std: 0.68
          Mean value_function loss: 0.0040
               Mean surrogate loss: -0.0105
                 Mean entropy loss: 8.3722
                       Mean reward: -6.62
               Mean episode length: 437.26
           Episode_Reward/progress: -0.0192
              Episode_Reward/alive: 0.3323
            Episode_Reward/upright: 0.0587
     Episode_Reward/move_to_target: 0.0966
          Episode_Reward/action_l2: -0.0224
             Episode_Reward/energy: -0.8060
   Episode_Reward/joint_pos_limits: -0.1944
      Episode_Termination/time_out: 0.2744
  Episode_Termination/torso_height: 0.6465
--------------------------------------------------------------------------------
                   Total timesteps: 360448
                    Iteration time: 0.35s
                      Time elapsed: 00:00:09
                               ETA: 00:03:31

################################################################################
                      [1m Learning iteration 22/500 [0m                       

                       Computation: 51930 steps/s (collection: 0.245s, learning 0.070s)
             Mean action noise std: 0.67
          Mean value_function loss: 0.0035
               Mean surrogate loss: -0.0062
                 Mean entropy loss: 8.2312
                       Mean reward: -6.73
               Mean episode length: 455.05
           Episode_Reward/progress: 0.0437
              Episode_Reward/alive: 0.3409
            Episode_Reward/upright: 0.0604
     Episode_Reward/move_to_target: 0.1412
          Episode_Reward/action_l2: -0.0239
             Episode_Reward/energy: -0.7783
   Episode_Reward/joint_pos_limits: -0.2220
      Episode_Termination/time_out: 0.2802
  Episode_Termination/torso_height: 0.6517
--------------------------------------------------------------------------------
                   Total timesteps: 376832
                    Iteration time: 0.32s
                      Time elapsed: 00:00:10
                               ETA: 00:03:28

################################################################################
                      [1m Learning iteration 23/500 [0m                       

                       Computation: 50405 steps/s (collection: 0.250s, learning 0.075s)
             Mean action noise std: 0.66
          Mean value_function loss: 0.0031
               Mean surrogate loss: -0.0069
                 Mean entropy loss: 8.0993
                       Mean reward: -6.83
               Mean episode length: 473.31
           Episode_Reward/progress: -0.0345
              Episode_Reward/alive: 0.3502
            Episode_Reward/upright: 0.0635
     Episode_Reward/move_to_target: 0.3082
          Episode_Reward/action_l2: -0.0240
             Episode_Reward/energy: -0.7623
   Episode_Reward/joint_pos_limits: -0.2279
      Episode_Termination/time_out: 0.2878
  Episode_Termination/torso_height: 0.6523
--------------------------------------------------------------------------------
                   Total timesteps: 393216
                    Iteration time: 0.33s
                      Time elapsed: 00:00:10
                               ETA: 00:03:25

################################################################################
                      [1m Learning iteration 24/500 [0m                       

                       Computation: 48843 steps/s (collection: 0.264s, learning 0.072s)
             Mean action noise std: 0.65
          Mean value_function loss: 0.0028
               Mean surrogate loss: -0.0076
                 Mean entropy loss: 7.9570
                       Mean reward: -7.32
               Mean episode length: 506.72
           Episode_Reward/progress: -0.0203
              Episode_Reward/alive: 0.4065
            Episode_Reward/upright: 0.0759
     Episode_Reward/move_to_target: -0.0096
          Episode_Reward/action_l2: -0.0264
             Episode_Reward/energy: -0.9247
   Episode_Reward/joint_pos_limits: -0.2449
      Episode_Termination/time_out: 0.2961
  Episode_Termination/torso_height: 0.6523
--------------------------------------------------------------------------------
                   Total timesteps: 409600
                    Iteration time: 0.34s
                      Time elapsed: 00:00:10
                               ETA: 00:03:23

################################################################################
                      [1m Learning iteration 25/500 [0m                       

                       Computation: 43158 steps/s (collection: 0.284s, learning 0.095s)
             Mean action noise std: 0.64
          Mean value_function loss: 0.0031
               Mean surrogate loss: -0.0075
                 Mean entropy loss: 7.8360
                       Mean reward: -7.36
               Mean episode length: 521.15
           Episode_Reward/progress: 0.0283
              Episode_Reward/alive: 0.3265
            Episode_Reward/upright: 0.0579
     Episode_Reward/move_to_target: 0.0582
          Episode_Reward/action_l2: -0.0214
             Episode_Reward/energy: -0.6881
   Episode_Reward/joint_pos_limits: -0.2156
      Episode_Termination/time_out: 0.3044
  Episode_Termination/torso_height: 0.6544
--------------------------------------------------------------------------------
                   Total timesteps: 425984
                    Iteration time: 0.38s
                      Time elapsed: 00:00:11
                               ETA: 00:03:22

################################################################################
                      [1m Learning iteration 26/500 [0m                       

                       Computation: 42704 steps/s (collection: 0.308s, learning 0.075s)
             Mean action noise std: 0.63
          Mean value_function loss: 0.0021
               Mean surrogate loss: -0.0074
                 Mean entropy loss: 7.7305
                       Mean reward: -7.47
               Mean episode length: 537.15
           Episode_Reward/progress: 0.0048
              Episode_Reward/alive: 0.4281
            Episode_Reward/upright: 0.0816
     Episode_Reward/move_to_target: 0.1026
          Episode_Reward/action_l2: -0.0279
             Episode_Reward/energy: -0.8617
   Episode_Reward/joint_pos_limits: -0.2977
      Episode_Termination/time_out: 0.3126
  Episode_Termination/torso_height: 0.6562
--------------------------------------------------------------------------------
                   Total timesteps: 442368
                    Iteration time: 0.38s
                      Time elapsed: 00:00:11
                               ETA: 00:03:21

################################################################################
                      [1m Learning iteration 27/500 [0m                       

                       Computation: 44435 steps/s (collection: 0.266s, learning 0.103s)
             Mean action noise std: 0.62
          Mean value_function loss: 0.0016
               Mean surrogate loss: -0.0098
                 Mean entropy loss: 7.6155
                       Mean reward: -7.48
               Mean episode length: 553.32
           Episode_Reward/progress: 0.0306
              Episode_Reward/alive: 0.1376
            Episode_Reward/upright: 0.0227
     Episode_Reward/move_to_target: 0.0787
          Episode_Reward/action_l2: -0.0091
             Episode_Reward/energy: -0.2490
   Episode_Reward/joint_pos_limits: -0.1001
      Episode_Termination/time_out: 0.3178
  Episode_Termination/torso_height: 0.6568
--------------------------------------------------------------------------------
                   Total timesteps: 458752
                    Iteration time: 0.37s
                      Time elapsed: 00:00:11
                               ETA: 00:03:19

################################################################################
                      [1m Learning iteration 28/500 [0m                       

                       Computation: 44700 steps/s (collection: 0.272s, learning 0.095s)
             Mean action noise std: 0.61
          Mean value_function loss: 0.0015
               Mean surrogate loss: -0.0073
                 Mean entropy loss: 7.4652
                       Mean reward: -7.43
               Mean episode length: 569.77
           Episode_Reward/progress: 0.0120
              Episode_Reward/alive: 0.4449
            Episode_Reward/upright: 0.0828
     Episode_Reward/move_to_target: 0.2033
          Episode_Reward/action_l2: -0.0291
             Episode_Reward/energy: -0.8248
   Episode_Reward/joint_pos_limits: -0.3281
      Episode_Termination/time_out: 0.3248
  Episode_Termination/torso_height: 0.6582
--------------------------------------------------------------------------------
                   Total timesteps: 475136
                    Iteration time: 0.37s
                      Time elapsed: 00:00:12
                               ETA: 00:03:18

################################################################################
                      [1m Learning iteration 29/500 [0m                       

                       Computation: 51004 steps/s (collection: 0.228s, learning 0.093s)
             Mean action noise std: 0.60
          Mean value_function loss: 0.0012
               Mean surrogate loss: -0.0072
                 Mean entropy loss: 7.3511
                       Mean reward: -7.56
               Mean episode length: 605.66
           Episode_Reward/progress: -0.0426
              Episode_Reward/alive: 0.4890
            Episode_Reward/upright: 0.0914
     Episode_Reward/move_to_target: 0.1917
          Episode_Reward/action_l2: -0.0322
             Episode_Reward/energy: -0.9263
   Episode_Reward/joint_pos_limits: -0.3559
      Episode_Termination/time_out: 0.3349
  Episode_Termination/torso_height: 0.6582
--------------------------------------------------------------------------------
                   Total timesteps: 491520
                    Iteration time: 0.32s
                      Time elapsed: 00:00:12
                               ETA: 00:03:16

################################################################################
                      [1m Learning iteration 30/500 [0m                       

                       Computation: 49000 steps/s (collection: 0.253s, learning 0.082s)
             Mean action noise std: 0.60
          Mean value_function loss: 0.0009
               Mean surrogate loss: -0.0074
                 Mean entropy loss: 7.2396
                       Mean reward: -7.65
               Mean episode length: 637.00
           Episode_Reward/progress: -0.0569
              Episode_Reward/alive: 0.4999
            Episode_Reward/upright: 0.0982
     Episode_Reward/move_to_target: 0.0547
          Episode_Reward/action_l2: -0.0324
             Episode_Reward/energy: -0.8561
   Episode_Reward/joint_pos_limits: -0.3817
      Episode_Termination/time_out: 0.3418
  Episode_Termination/torso_height: 0.6582
--------------------------------------------------------------------------------
                   Total timesteps: 507904
                    Iteration time: 0.33s
                      Time elapsed: 00:00:12
                               ETA: 00:03:14

################################################################################
                      [1m Learning iteration 31/500 [0m                       

                       Computation: 41274 steps/s (collection: 0.297s, learning 0.100s)
             Mean action noise std: 0.59
          Mean value_function loss: 0.0012
               Mean surrogate loss: -0.0090
                 Mean entropy loss: 7.1133
                       Mean reward: -7.47
               Mean episode length: 708.91
           Episode_Reward/progress: 0.0510
              Episode_Reward/alive: 0.4928
            Episode_Reward/upright: 0.0956
     Episode_Reward/move_to_target: 0.2339
          Episode_Reward/action_l2: -0.0316
             Episode_Reward/energy: -0.7833
   Episode_Reward/joint_pos_limits: -0.3926
      Episode_Termination/time_out: 0.3459
  Episode_Termination/torso_height: 0.6541
--------------------------------------------------------------------------------
                   Total timesteps: 524288
                    Iteration time: 0.40s
                      Time elapsed: 00:00:13
                               ETA: 00:03:14

################################################################################
                      [1m Learning iteration 32/500 [0m                       

                       Computation: 40144 steps/s (collection: 0.314s, learning 0.094s)
             Mean action noise std: 0.58
          Mean value_function loss: 0.0010
               Mean surrogate loss: -0.0062
                 Mean entropy loss: 6.9953
                       Mean reward: -6.07
               Mean episode length: 816.93
           Episode_Reward/progress: 0.0293
              Episode_Reward/alive: 0.4628
            Episode_Reward/upright: 0.0871
     Episode_Reward/move_to_target: 0.2716
          Episode_Reward/action_l2: -0.0288
             Episode_Reward/energy: -0.7082
   Episode_Reward/joint_pos_limits: -0.3584
      Episode_Termination/time_out: 0.3757
  Episode_Termination/torso_height: 0.6243
--------------------------------------------------------------------------------
                   Total timesteps: 540672
                    Iteration time: 0.41s
                      Time elapsed: 00:00:13
                               ETA: 00:03:13

################################################################################
                      [1m Learning iteration 33/500 [0m                       

                       Computation: 44260 steps/s (collection: 0.281s, learning 0.089s)
             Mean action noise std: 0.57
          Mean value_function loss: 0.0013
               Mean surrogate loss: -0.0101
                 Mean entropy loss: 6.9068
                       Mean reward: -4.51
               Mean episode length: 931.79
           Episode_Reward/progress: 0.0199
              Episode_Reward/alive: 0.4850
            Episode_Reward/upright: 0.0937
     Episode_Reward/move_to_target: 0.2804
          Episode_Reward/action_l2: -0.0303
             Episode_Reward/energy: -0.6360
   Episode_Reward/joint_pos_limits: -0.4006
      Episode_Termination/time_out: 0.4238
  Episode_Termination/torso_height: 0.5762
--------------------------------------------------------------------------------
                   Total timesteps: 557056
                    Iteration time: 0.37s
                      Time elapsed: 00:00:14
                               ETA: 00:03:12

################################################################################
                      [1m Learning iteration 34/500 [0m                       

                       Computation: 48083 steps/s (collection: 0.272s, learning 0.069s)
             Mean action noise std: 0.57
          Mean value_function loss: 0.0025
               Mean surrogate loss: -0.0072
                 Mean entropy loss: 6.7989
                       Mean reward: -2.51
               Mean episode length: 932.83
           Episode_Reward/progress: 0.0392
              Episode_Reward/alive: 0.4804
            Episode_Reward/upright: 0.0933
     Episode_Reward/move_to_target: 0.3099
          Episode_Reward/action_l2: -0.0296
             Episode_Reward/energy: -0.5843
   Episode_Reward/joint_pos_limits: -0.4062
      Episode_Termination/time_out: 0.4850
  Episode_Termination/torso_height: 0.5150
--------------------------------------------------------------------------------
                   Total timesteps: 573440
                    Iteration time: 0.34s
                      Time elapsed: 00:00:14
                               ETA: 00:03:11

################################################################################
                      [1m Learning iteration 35/500 [0m                       

                       Computation: 48747 steps/s (collection: 0.266s, learning 0.070s)
             Mean action noise std: 0.56
          Mean value_function loss: 0.0021
               Mean surrogate loss: -0.0082
                 Mean entropy loss: 6.7282
                       Mean reward: -2.02
               Mean episode length: 907.04
           Episode_Reward/progress: 0.0052
              Episode_Reward/alive: 0.4291
            Episode_Reward/upright: 0.0830
     Episode_Reward/move_to_target: 0.2442
          Episode_Reward/action_l2: -0.0261
             Episode_Reward/energy: -0.4539
   Episode_Reward/joint_pos_limits: -0.3861
      Episode_Termination/time_out: 0.5355
  Episode_Termination/torso_height: 0.4645
--------------------------------------------------------------------------------
                   Total timesteps: 589824
                    Iteration time: 0.34s
                      Time elapsed: 00:00:14
                               ETA: 00:03:09

################################################################################
                      [1m Learning iteration 36/500 [0m                       

                       Computation: 46698 steps/s (collection: 0.282s, learning 0.069s)
             Mean action noise std: 0.55
          Mean value_function loss: 0.0018
               Mean surrogate loss: -0.0073
                 Mean entropy loss: 6.5986
                       Mean reward: -0.96
               Mean episode length: 871.98
           Episode_Reward/progress: 0.0130
              Episode_Reward/alive: 0.4556
            Episode_Reward/upright: 0.0887
     Episode_Reward/move_to_target: 0.3315
          Episode_Reward/action_l2: -0.0276
             Episode_Reward/energy: -0.4277
   Episode_Reward/joint_pos_limits: -0.4224
      Episode_Termination/time_out: 0.5885
  Episode_Termination/torso_height: 0.4115
--------------------------------------------------------------------------------
                   Total timesteps: 606208
                    Iteration time: 0.35s
                      Time elapsed: 00:00:15
                               ETA: 00:03:08

################################################################################
                      [1m Learning iteration 37/500 [0m                       

                       Computation: 48646 steps/s (collection: 0.264s, learning 0.073s)
             Mean action noise std: 0.55
          Mean value_function loss: 0.0020
               Mean surrogate loss: -0.0084
                 Mean entropy loss: 6.5307
                       Mean reward: -0.14
               Mean episode length: 845.12
           Episode_Reward/progress: 0.0065
              Episode_Reward/alive: 0.4171
            Episode_Reward/upright: 0.0812
     Episode_Reward/move_to_target: 0.2995
          Episode_Reward/action_l2: -0.0253
             Episode_Reward/energy: -0.3493
   Episode_Reward/joint_pos_limits: -0.4017
      Episode_Termination/time_out: 0.6522
  Episode_Termination/torso_height: 0.3478
--------------------------------------------------------------------------------
                   Total timesteps: 622592
                    Iteration time: 0.34s
                      Time elapsed: 00:00:15
                               ETA: 00:03:07

################################################################################
                      [1m Learning iteration 38/500 [0m                       

                       Computation: 45162 steps/s (collection: 0.275s, learning 0.088s)
             Mean action noise std: 0.54
          Mean value_function loss: 0.0022
               Mean surrogate loss: -0.0087
                 Mean entropy loss: 6.4696
                       Mean reward: 0.72
               Mean episode length: 817.22
           Episode_Reward/progress: 0.0021
              Episode_Reward/alive: 0.4235
            Episode_Reward/upright: 0.0828
     Episode_Reward/move_to_target: 0.3321
          Episode_Reward/action_l2: -0.0253
             Episode_Reward/energy: -0.3140
   Episode_Reward/joint_pos_limits: -0.4165
      Episode_Termination/time_out: 0.6989
  Episode_Termination/torso_height: 0.3011
--------------------------------------------------------------------------------
                   Total timesteps: 638976
                    Iteration time: 0.36s
                      Time elapsed: 00:00:15
                               ETA: 00:03:06

################################################################################
                      [1m Learning iteration 39/500 [0m                       

                       Computation: 43528 steps/s (collection: 0.294s, learning 0.082s)
             Mean action noise std: 0.54
          Mean value_function loss: 0.0025
               Mean surrogate loss: -0.0099
                 Mean entropy loss: 6.3976
                       Mean reward: 1.41
               Mean episode length: 790.23
           Episode_Reward/progress: 0.0035
              Episode_Reward/alive: 0.4480
            Episode_Reward/upright: 0.0873
     Episode_Reward/move_to_target: 0.3698
          Episode_Reward/action_l2: -0.0265
             Episode_Reward/energy: -0.2958
   Episode_Reward/joint_pos_limits: -0.4544
      Episode_Termination/time_out: 0.7440
  Episode_Termination/torso_height: 0.2560
--------------------------------------------------------------------------------
                   Total timesteps: 655360
                    Iteration time: 0.38s
                      Time elapsed: 00:00:16
                               ETA: 00:03:05

################################################################################
                      [1m Learning iteration 40/500 [0m                       

                       Computation: 43907 steps/s (collection: 0.277s, learning 0.097s)
             Mean action noise std: 0.53
          Mean value_function loss: 0.0029
               Mean surrogate loss: -0.0089
                 Mean entropy loss: 6.3248
                       Mean reward: 1.95
               Mean episode length: 771.61
           Episode_Reward/progress: 0.0128
              Episode_Reward/alive: 0.3679
            Episode_Reward/upright: 0.0716
     Episode_Reward/move_to_target: 0.3093
          Episode_Reward/action_l2: -0.0216
             Episode_Reward/energy: -0.2164
   Episode_Reward/joint_pos_limits: -0.3871
      Episode_Termination/time_out: 0.7701
  Episode_Termination/torso_height: 0.2299
--------------------------------------------------------------------------------
                   Total timesteps: 671744
                    Iteration time: 0.37s
                      Time elapsed: 00:00:16
                               ETA: 00:03:05

################################################################################
                      [1m Learning iteration 41/500 [0m                       

                       Computation: 40401 steps/s (collection: 0.312s, learning 0.093s)
             Mean action noise std: 0.53
          Mean value_function loss: 0.0025
               Mean surrogate loss: -0.0096
                 Mean entropy loss: 6.2524
                       Mean reward: 2.38
               Mean episode length: 773.07
           Episode_Reward/progress: 0.0035
              Episode_Reward/alive: 0.3869
            Episode_Reward/upright: 0.0755
     Episode_Reward/move_to_target: 0.3359
          Episode_Reward/action_l2: -0.0224
             Episode_Reward/energy: -0.1995
   Episode_Reward/joint_pos_limits: -0.4155
      Episode_Termination/time_out: 0.7955
  Episode_Termination/torso_height: 0.2045
--------------------------------------------------------------------------------
                   Total timesteps: 688128
                    Iteration time: 0.41s
                      Time elapsed: 00:00:16
                               ETA: 00:03:04

################################################################################
                      [1m Learning iteration 42/500 [0m                       

                       Computation: 39848 steps/s (collection: 0.316s, learning 0.095s)
             Mean action noise std: 0.52
          Mean value_function loss: 0.0018
               Mean surrogate loss: -0.0087
                 Mean entropy loss: 6.1663
                       Mean reward: 2.94
               Mean episode length: 782.16
           Episode_Reward/progress: 0.0095
              Episode_Reward/alive: 0.3797
            Episode_Reward/upright: 0.0734
     Episode_Reward/move_to_target: 0.3527
          Episode_Reward/action_l2: -0.0218
             Episode_Reward/energy: -0.1837
   Episode_Reward/joint_pos_limits: -0.4102
      Episode_Termination/time_out: 0.8152
  Episode_Termination/torso_height: 0.1848
--------------------------------------------------------------------------------
                   Total timesteps: 704512
                    Iteration time: 0.41s
                      Time elapsed: 00:00:17
                               ETA: 00:03:04

################################################################################
                      [1m Learning iteration 43/500 [0m                       

                       Computation: 42174 steps/s (collection: 0.297s, learning 0.091s)
             Mean action noise std: 0.52
          Mean value_function loss: 0.0014
               Mean surrogate loss: -0.0084
                 Mean entropy loss: 6.0842
                       Mean reward: 3.16
               Mean episode length: 790.98
           Episode_Reward/progress: 0.0152
              Episode_Reward/alive: 0.4852
            Episode_Reward/upright: 0.0968
     Episode_Reward/move_to_target: 0.4561
          Episode_Reward/action_l2: -0.0276
             Episode_Reward/energy: -0.2099
   Episode_Reward/joint_pos_limits: -0.5340
      Episode_Termination/time_out: 0.8311
  Episode_Termination/torso_height: 0.1689
--------------------------------------------------------------------------------
                   Total timesteps: 720896
                    Iteration time: 0.39s
                      Time elapsed: 00:00:17
                               ETA: 00:03:03

################################################################################
                      [1m Learning iteration 44/500 [0m                       

                       Computation: 47678 steps/s (collection: 0.256s, learning 0.088s)
             Mean action noise std: 0.51
          Mean value_function loss: 0.0015
               Mean surrogate loss: -0.0058
                 Mean entropy loss: 5.9854
                       Mean reward: 3.52
               Mean episode length: 818.44
           Episode_Reward/progress: 0.0058
              Episode_Reward/alive: 0.4504
            Episode_Reward/upright: 0.0886
     Episode_Reward/move_to_target: 0.3968
          Episode_Reward/action_l2: -0.0251
             Episode_Reward/energy: -0.1840
   Episode_Reward/joint_pos_limits: -0.4984
      Episode_Termination/time_out: 0.8479
  Episode_Termination/torso_height: 0.1521
--------------------------------------------------------------------------------
                   Total timesteps: 737280
                    Iteration time: 0.34s
                      Time elapsed: 00:00:18
                               ETA: 00:03:02

################################################################################
                      [1m Learning iteration 45/500 [0m                       

                       Computation: 49639 steps/s (collection: 0.242s, learning 0.088s)
             Mean action noise std: 0.51
          Mean value_function loss: 0.0016
               Mean surrogate loss: -0.0078
                 Mean entropy loss: 5.9278
                       Mean reward: 3.68
               Mean episode length: 818.58
           Episode_Reward/progress: 0.0090
              Episode_Reward/alive: 0.4511
            Episode_Reward/upright: 0.0888
     Episode_Reward/move_to_target: 0.4317
          Episode_Reward/action_l2: -0.0245
             Episode_Reward/energy: -0.1742
   Episode_Reward/joint_pos_limits: -0.4968
      Episode_Termination/time_out: 0.8564
  Episode_Termination/torso_height: 0.1436
--------------------------------------------------------------------------------
                   Total timesteps: 753664
                    Iteration time: 0.33s
                      Time elapsed: 00:00:18
                               ETA: 00:03:01

################################################################################
                      [1m Learning iteration 46/500 [0m                       

                       Computation: 46553 steps/s (collection: 0.258s, learning 0.094s)
             Mean action noise std: 0.50
          Mean value_function loss: 0.0014
               Mean surrogate loss: -0.0087
                 Mean entropy loss: 5.8659
                       Mean reward: 3.85
               Mean episode length: 826.94
           Episode_Reward/progress: 0.0016
              Episode_Reward/alive: 0.3892
            Episode_Reward/upright: 0.0767
     Episode_Reward/move_to_target: 0.3650
          Episode_Reward/action_l2: -0.0212
             Episode_Reward/energy: -0.1341
   Episode_Reward/joint_pos_limits: -0.4385
      Episode_Termination/time_out: 0.8640
  Episode_Termination/torso_height: 0.1360
--------------------------------------------------------------------------------
                   Total timesteps: 770048
                    Iteration time: 0.35s
                      Time elapsed: 00:00:18
                               ETA: 00:03:00

################################################################################
                      [1m Learning iteration 47/500 [0m                       

                       Computation: 45680 steps/s (collection: 0.279s, learning 0.080s)
             Mean action noise std: 0.50
          Mean value_function loss: 0.0011
               Mean surrogate loss: -0.0062
                 Mean entropy loss: 5.7746
                       Mean reward: 3.96
               Mean episode length: 827.00
           Episode_Reward/progress: 0.0109
              Episode_Reward/alive: 0.3690
            Episode_Reward/upright: 0.0718
     Episode_Reward/move_to_target: 0.3474
          Episode_Reward/action_l2: -0.0195
             Episode_Reward/energy: -0.1202
   Episode_Reward/joint_pos_limits: -0.4179
      Episode_Termination/time_out: 0.8726
  Episode_Termination/torso_height: 0.1274
--------------------------------------------------------------------------------
                   Total timesteps: 786432
                    Iteration time: 0.36s
                      Time elapsed: 00:00:19
                               ETA: 00:03:00

################################################################################
                      [1m Learning iteration 48/500 [0m                       

                       Computation: 47274 steps/s (collection: 0.254s, learning 0.092s)
             Mean action noise std: 0.49
          Mean value_function loss: 0.0011
               Mean surrogate loss: -0.0090
                 Mean entropy loss: 5.7007
                       Mean reward: 4.30
               Mean episode length: 853.29
           Episode_Reward/progress: 0.0342
              Episode_Reward/alive: 0.5000
            Episode_Reward/upright: 0.0991
     Episode_Reward/move_to_target: 0.4587
          Episode_Reward/action_l2: -0.0259
             Episode_Reward/energy: -0.1774
   Episode_Reward/joint_pos_limits: -0.5511
      Episode_Termination/time_out: 0.8749
  Episode_Termination/torso_height: 0.1251
--------------------------------------------------------------------------------
                   Total timesteps: 802816
                    Iteration time: 0.35s
                      Time elapsed: 00:00:19
                               ETA: 00:02:59

################################################################################
                      [1m Learning iteration 49/500 [0m                       

                       Computation: 52607 steps/s (collection: 0.242s, learning 0.070s)
             Mean action noise std: 0.49
          Mean value_function loss: 0.0013
               Mean surrogate loss: -0.0089
                 Mean entropy loss: 5.6158
                       Mean reward: 4.52
               Mean episode length: 870.69
           Episode_Reward/progress: 0.0412
              Episode_Reward/alive: 0.4707
            Episode_Reward/upright: 0.0936
     Episode_Reward/move_to_target: 0.4469
          Episode_Reward/action_l2: -0.0239
             Episode_Reward/energy: -0.1557
   Episode_Reward/joint_pos_limits: -0.5191
      Episode_Termination/time_out: 0.8781
  Episode_Termination/torso_height: 0.1219
--------------------------------------------------------------------------------
                   Total timesteps: 819200
                    Iteration time: 0.31s
                      Time elapsed: 00:00:19
                               ETA: 00:02:58

################################################################################
                      [1m Learning iteration 50/500 [0m                       

                       Computation: 49757 steps/s (collection: 0.241s, learning 0.088s)
             Mean action noise std: 0.49
          Mean value_function loss: 0.0012
               Mean surrogate loss: -0.0097
                 Mean entropy loss: 5.5597
                       Mean reward: 4.60
               Mean episode length: 870.48
           Episode_Reward/progress: 0.0396
              Episode_Reward/alive: 0.4848
            Episode_Reward/upright: 0.0969
     Episode_Reward/move_to_target: 0.4413
          Episode_Reward/action_l2: -0.0244
             Episode_Reward/energy: -0.1406
   Episode_Reward/joint_pos_limits: -0.5459
      Episode_Termination/time_out: 0.8814
  Episode_Termination/torso_height: 0.1186
--------------------------------------------------------------------------------
                   Total timesteps: 835584
                    Iteration time: 0.33s
                      Time elapsed: 00:00:20
                               ETA: 00:02:57

################################################################################
                      [1m Learning iteration 51/500 [0m                       

                       Computation: 46426 steps/s (collection: 0.262s, learning 0.091s)
             Mean action noise std: 0.48
          Mean value_function loss: 0.0015
               Mean surrogate loss: -0.0106
                 Mean entropy loss: 5.4585
                       Mean reward: 4.79
               Mean episode length: 879.48
           Episode_Reward/progress: 0.0531
              Episode_Reward/alive: 0.5000
            Episode_Reward/upright: 0.0989
     Episode_Reward/move_to_target: 0.4547
          Episode_Reward/action_l2: -0.0247
             Episode_Reward/energy: -0.1482
   Episode_Reward/joint_pos_limits: -0.5626
      Episode_Termination/time_out: 0.8844
  Episode_Termination/torso_height: 0.1156
--------------------------------------------------------------------------------
                   Total timesteps: 851968
                    Iteration time: 0.35s
                      Time elapsed: 00:00:20
                               ETA: 00:02:56

################################################################################
                      [1m Learning iteration 52/500 [0m                       

                       Computation: 44820 steps/s (collection: 0.258s, learning 0.108s)
             Mean action noise std: 0.47
          Mean value_function loss: 0.0017
               Mean surrogate loss: -0.0081
                 Mean entropy loss: 5.3583
                       Mean reward: 4.85
               Mean episode length: 879.71
           Episode_Reward/progress: 0.0568
              Episode_Reward/alive: 0.4281
            Episode_Reward/upright: 0.0847
     Episode_Reward/move_to_target: 0.3927
          Episode_Reward/action_l2: -0.0209
             Episode_Reward/energy: -0.1363
   Episode_Reward/joint_pos_limits: -0.4721
      Episode_Termination/time_out: 0.8848
  Episode_Termination/torso_height: 0.1152
--------------------------------------------------------------------------------
                   Total timesteps: 868352
                    Iteration time: 0.37s
                      Time elapsed: 00:00:20
                               ETA: 00:02:55

################################################################################
                      [1m Learning iteration 53/500 [0m                       

                       Computation: 44327 steps/s (collection: 0.274s, learning 0.095s)
             Mean action noise std: 0.47
          Mean value_function loss: 0.0019
               Mean surrogate loss: -0.0039
                 Mean entropy loss: 5.2963
                       Mean reward: 4.91
               Mean episode length: 879.71
           Episode_Reward/progress: 0.0749
              Episode_Reward/alive: 0.5000
            Episode_Reward/upright: 0.1000
     Episode_Reward/move_to_target: 0.4593
          Episode_Reward/action_l2: -0.0235
             Episode_Reward/energy: -0.1583
   Episode_Reward/joint_pos_limits: -0.5375
      Episode_Termination/time_out: 0.8852
  Episode_Termination/torso_height: 0.1148
--------------------------------------------------------------------------------
                   Total timesteps: 884736
                    Iteration time: 0.37s
                      Time elapsed: 00:00:21
                               ETA: 00:02:55

################################################################################
                      [1m Learning iteration 54/500 [0m                       

                       Computation: 42582 steps/s (collection: 0.290s, learning 0.095s)
             Mean action noise std: 0.47
          Mean value_function loss: 0.0026
               Mean surrogate loss: -0.0094
                 Mean entropy loss: 5.2795
                       Mean reward: 4.97
               Mean episode length: 870.94
           Episode_Reward/progress: 0.0692
              Episode_Reward/alive: 0.3714
            Episode_Reward/upright: 0.0721
     Episode_Reward/move_to_target: 0.3286
          Episode_Reward/action_l2: -0.0170
             Episode_Reward/energy: -0.1184
   Episode_Reward/joint_pos_limits: -0.4004
      Episode_Termination/time_out: 0.8851
  Episode_Termination/torso_height: 0.1149
--------------------------------------------------------------------------------
                   Total timesteps: 901120
                    Iteration time: 0.38s
                      Time elapsed: 00:00:21
                               ETA: 00:02:54

################################################################################
                      [1m Learning iteration 55/500 [0m                       

                       Computation: 49159 steps/s (collection: 0.256s, learning 0.078s)
             Mean action noise std: 0.47
          Mean value_function loss: 0.0034
               Mean surrogate loss: -0.0103
                 Mean entropy loss: 5.2336
                       Mean reward: 5.07
               Mean episode length: 870.94
           Episode_Reward/progress: 0.0641
              Episode_Reward/alive: 0.5000
            Episode_Reward/upright: 0.1000
     Episode_Reward/move_to_target: 0.4422
          Episode_Reward/action_l2: -0.0227
             Episode_Reward/energy: -0.1479
   Episode_Reward/joint_pos_limits: -0.5455
      Episode_Termination/time_out: 0.8851
  Episode_Termination/torso_height: 0.1149
--------------------------------------------------------------------------------
                   Total timesteps: 917504
                    Iteration time: 0.33s
                      Time elapsed: 00:00:21
                               ETA: 00:02:53

################################################################################
                      [1m Learning iteration 56/500 [0m                       

                       Computation: 46430 steps/s (collection: 0.274s, learning 0.079s)
             Mean action noise std: 0.46
          Mean value_function loss: 0.0044
               Mean surrogate loss: -0.0107
                 Mean entropy loss: 5.1808
                       Mean reward: 5.08
               Mean episode length: 853.79
           Episode_Reward/progress: 0.0688
              Episode_Reward/alive: 0.4243
            Episode_Reward/upright: 0.0831
     Episode_Reward/move_to_target: 0.3732
          Episode_Reward/action_l2: -0.0190
             Episode_Reward/energy: -0.1316
   Episode_Reward/joint_pos_limits: -0.4576
      Episode_Termination/time_out: 0.8861
  Episode_Termination/torso_height: 0.1139
--------------------------------------------------------------------------------
                   Total timesteps: 933888
                    Iteration time: 0.35s
                      Time elapsed: 00:00:22
                               ETA: 00:02:53

################################################################################
                      [1m Learning iteration 57/500 [0m                       

                       Computation: 47945 steps/s (collection: 0.252s, learning 0.090s)
             Mean action noise std: 0.46
          Mean value_function loss: 0.0065
               Mean surrogate loss: -0.0107
                 Mean entropy loss: 5.1297
                       Mean reward: 5.28
               Mean episode length: 871.26
           Episode_Reward/progress: 0.0925
              Episode_Reward/alive: 0.4863
            Episode_Reward/upright: 0.0970
     Episode_Reward/move_to_target: 0.4208
          Episode_Reward/action_l2: -0.0212
             Episode_Reward/energy: -0.1625
   Episode_Reward/joint_pos_limits: -0.5027
      Episode_Termination/time_out: 0.8853
  Episode_Termination/torso_height: 0.1147
--------------------------------------------------------------------------------
                   Total timesteps: 950272
                    Iteration time: 0.34s
                      Time elapsed: 00:00:22
                               ETA: 00:02:52

################################################################################
                      [1m Learning iteration 58/500 [0m                       

                       Computation: 40897 steps/s (collection: 0.269s, learning 0.132s)
             Mean action noise std: 0.46
          Mean value_function loss: 0.0074
               Mean surrogate loss: -0.0112
                 Mean entropy loss: 5.0935
                       Mean reward: 5.33
               Mean episode length: 863.61
           Episode_Reward/progress: 0.0945
              Episode_Reward/alive: 0.4501
            Episode_Reward/upright: 0.0896
     Episode_Reward/move_to_target: 0.3791
          Episode_Reward/action_l2: -0.0194
             Episode_Reward/energy: -0.1383
   Episode_Reward/joint_pos_limits: -0.4789
      Episode_Termination/time_out: 0.8859
  Episode_Termination/torso_height: 0.1141
--------------------------------------------------------------------------------
                   Total timesteps: 966656
                    Iteration time: 0.40s
                      Time elapsed: 00:00:22
                               ETA: 00:02:52

################################################################################
                      [1m Learning iteration 59/500 [0m                       

                       Computation: 39594 steps/s (collection: 0.322s, learning 0.092s)
             Mean action noise std: 0.46
          Mean value_function loss: 0.0116
               Mean surrogate loss: -0.0030
                 Mean entropy loss: 5.0777
                       Mean reward: 5.41
               Mean episode length: 863.11
           Episode_Reward/progress: 0.0622
              Episode_Reward/alive: 0.4852
            Episode_Reward/upright: 0.0952
     Episode_Reward/move_to_target: 0.3972
          Episode_Reward/action_l2: -0.0207
             Episode_Reward/energy: -0.1364
   Episode_Reward/joint_pos_limits: -0.5199
      Episode_Termination/time_out: 0.8864
  Episode_Termination/torso_height: 0.1136
--------------------------------------------------------------------------------
                   Total timesteps: 983040
                    Iteration time: 0.41s
                      Time elapsed: 00:00:23
                               ETA: 00:02:51

################################################################################
                      [1m Learning iteration 60/500 [0m                       

                       Computation: 45817 steps/s (collection: 0.263s, learning 0.095s)
             Mean action noise std: 0.46
          Mean value_function loss: 0.0134
               Mean surrogate loss: -0.0100
                 Mean entropy loss: 5.0517
                       Mean reward: 5.51
               Mean episode length: 862.00
           Episode_Reward/progress: 0.1678
              Episode_Reward/alive: 0.4964
            Episode_Reward/upright: 0.0986
     Episode_Reward/move_to_target: 0.4239
          Episode_Reward/action_l2: -0.0209
             Episode_Reward/energy: -0.1929
   Episode_Reward/joint_pos_limits: -0.4939
      Episode_Termination/time_out: 0.8846
  Episode_Termination/torso_height: 0.1154
--------------------------------------------------------------------------------
                   Total timesteps: 999424
                    Iteration time: 0.36s
                      Time elapsed: 00:00:23
                               ETA: 00:02:51

################################################################################
                      [1m Learning iteration 61/500 [0m                       

                       Computation: 42659 steps/s (collection: 0.284s, learning 0.100s)
             Mean action noise std: 0.46
          Mean value_function loss: 0.0150
               Mean surrogate loss: -0.0104
                 Mean entropy loss: 5.0201
                       Mean reward: 5.92
               Mean episode length: 881.07
           Episode_Reward/progress: 0.1474
              Episode_Reward/alive: 0.4102
            Episode_Reward/upright: 0.0799
     Episode_Reward/move_to_target: 0.3362
          Episode_Reward/action_l2: -0.0172
             Episode_Reward/energy: -0.1713
   Episode_Reward/joint_pos_limits: -0.4054
      Episode_Termination/time_out: 0.8821
  Episode_Termination/torso_height: 0.1179
--------------------------------------------------------------------------------
                   Total timesteps: 1015808
                    Iteration time: 0.38s
                      Time elapsed: 00:00:24
                               ETA: 00:02:50

################################################################################
                      [1m Learning iteration 62/500 [0m                       

                       Computation: 39762 steps/s (collection: 0.319s, learning 0.093s)
             Mean action noise std: 0.45
          Mean value_function loss: 0.0148
               Mean surrogate loss: -0.0104
                 Mean entropy loss: 4.9705
                       Mean reward: 6.47
               Mean episode length: 899.35
           Episode_Reward/progress: 0.1567
              Episode_Reward/alive: 0.5000
            Episode_Reward/upright: 0.0992
     Episode_Reward/move_to_target: 0.4104
          Episode_Reward/action_l2: -0.0203
             Episode_Reward/energy: -0.1786
   Episode_Reward/joint_pos_limits: -0.5012
      Episode_Termination/time_out: 0.8846
  Episode_Termination/torso_height: 0.1154
--------------------------------------------------------------------------------
                   Total timesteps: 1032192
                    Iteration time: 0.41s
                      Time elapsed: 00:00:24
                               ETA: 00:02:50

################################################################################
                      [1m Learning iteration 63/500 [0m                       

                       Computation: 39634 steps/s (collection: 0.313s, learning 0.101s)
             Mean action noise std: 0.45
          Mean value_function loss: 0.0176
               Mean surrogate loss: -0.0093
                 Mean entropy loss: 4.9126
                       Mean reward: 7.31
               Mean episode length: 918.04
           Episode_Reward/progress: 0.1969
              Episode_Reward/alive: 0.4869
            Episode_Reward/upright: 0.0969
     Episode_Reward/move_to_target: 0.4039
          Episode_Reward/action_l2: -0.0195
             Episode_Reward/energy: -0.1935
   Episode_Reward/joint_pos_limits: -0.4802
      Episode_Termination/time_out: 0.8836
  Episode_Termination/torso_height: 0.1164
--------------------------------------------------------------------------------
                   Total timesteps: 1048576
                    Iteration time: 0.41s
                      Time elapsed: 00:00:24
                               ETA: 00:02:50

################################################################################
                      [1m Learning iteration 64/500 [0m                       

                       Computation: 37382 steps/s (collection: 0.337s, learning 0.101s)
             Mean action noise std: 0.45
          Mean value_function loss: 0.0215
               Mean surrogate loss: -0.0096
                 Mean entropy loss: 4.8554
                       Mean reward: 7.75
               Mean episode length: 911.38
           Episode_Reward/progress: 0.2106
              Episode_Reward/alive: 0.4349
            Episode_Reward/upright: 0.0853
     Episode_Reward/move_to_target: 0.3537
          Episode_Reward/action_l2: -0.0174
             Episode_Reward/energy: -0.1902
   Episode_Reward/joint_pos_limits: -0.4162
      Episode_Termination/time_out: 0.8797
  Episode_Termination/torso_height: 0.1203
--------------------------------------------------------------------------------
                   Total timesteps: 1064960
                    Iteration time: 0.44s
                      Time elapsed: 00:00:25
                               ETA: 00:02:50

################################################################################
                      [1m Learning iteration 65/500 [0m                       

                       Computation: 38946 steps/s (collection: 0.331s, learning 0.090s)
             Mean action noise std: 0.44
          Mean value_function loss: 0.0228
               Mean surrogate loss: -0.0102
                 Mean entropy loss: 4.8050
                       Mean reward: 7.82
               Mean episode length: 857.84
           Episode_Reward/progress: 0.2673
              Episode_Reward/alive: 0.4343
            Episode_Reward/upright: 0.0853
     Episode_Reward/move_to_target: 0.3625
          Episode_Reward/action_l2: -0.0172
             Episode_Reward/energy: -0.2155
   Episode_Reward/joint_pos_limits: -0.4055
      Episode_Termination/time_out: 0.8737
  Episode_Termination/torso_height: 0.1263
--------------------------------------------------------------------------------
                   Total timesteps: 1081344
                    Iteration time: 0.42s
                      Time elapsed: 00:00:25
                               ETA: 00:02:50

################################################################################
                      [1m Learning iteration 66/500 [0m                       

                       Computation: 41967 steps/s (collection: 0.302s, learning 0.088s)
             Mean action noise std: 0.44
          Mean value_function loss: 0.0223
               Mean surrogate loss: -0.0101
                 Mean entropy loss: 4.7578
                       Mean reward: 8.23
               Mean episode length: 837.72
           Episode_Reward/progress: 0.2931
              Episode_Reward/alive: 0.4282
            Episode_Reward/upright: 0.0843
     Episode_Reward/move_to_target: 0.3496
          Episode_Reward/action_l2: -0.0168
             Episode_Reward/energy: -0.2179
   Episode_Reward/joint_pos_limits: -0.3925
      Episode_Termination/time_out: 0.8674
  Episode_Termination/torso_height: 0.1326
--------------------------------------------------------------------------------
                   Total timesteps: 1097728
                    Iteration time: 0.39s
                      Time elapsed: 00:00:26
                               ETA: 00:02:49

################################################################################
                      [1m Learning iteration 67/500 [0m                       

                       Computation: 43950 steps/s (collection: 0.297s, learning 0.076s)
             Mean action noise std: 0.44
          Mean value_function loss: 0.0266
               Mean surrogate loss: -0.0120
                 Mean entropy loss: 4.7015
                       Mean reward: 8.69
               Mean episode length: 837.25
           Episode_Reward/progress: 0.3416
              Episode_Reward/alive: 0.4229
            Episode_Reward/upright: 0.0826
     Episode_Reward/move_to_target: 0.3571
          Episode_Reward/action_l2: -0.0166
             Episode_Reward/energy: -0.2388
   Episode_Reward/joint_pos_limits: -0.3759
      Episode_Termination/time_out: 0.8580
  Episode_Termination/torso_height: 0.1420
--------------------------------------------------------------------------------
                   Total timesteps: 1114112
                    Iteration time: 0.37s
                      Time elapsed: 00:00:26
                               ETA: 00:02:49

################################################################################
                      [1m Learning iteration 68/500 [0m                       

                       Computation: 44167 steps/s (collection: 0.281s, learning 0.090s)
             Mean action noise std: 0.44
          Mean value_function loss: 0.0332
               Mean surrogate loss: -0.0110
                 Mean entropy loss: 4.6614
                       Mean reward: 9.54
               Mean episode length: 828.94
           Episode_Reward/progress: 0.3625
              Episode_Reward/alive: 0.3982
            Episode_Reward/upright: 0.0779
     Episode_Reward/move_to_target: 0.3416
          Episode_Reward/action_l2: -0.0157
             Episode_Reward/energy: -0.2419
   Episode_Reward/joint_pos_limits: -0.3522
      Episode_Termination/time_out: 0.8527
  Episode_Termination/torso_height: 0.1473
--------------------------------------------------------------------------------
                   Total timesteps: 1130496
                    Iteration time: 0.37s
                      Time elapsed: 00:00:26
                               ETA: 00:02:48

################################################################################
                      [1m Learning iteration 69/500 [0m                       

                       Computation: 40865 steps/s (collection: 0.311s, learning 0.090s)
             Mean action noise std: 0.43
          Mean value_function loss: 0.0315
               Mean surrogate loss: -0.0107
                 Mean entropy loss: 4.6117
                       Mean reward: 9.39
               Mean episode length: 771.52
           Episode_Reward/progress: 0.3641
              Episode_Reward/alive: 0.3636
            Episode_Reward/upright: 0.0698
     Episode_Reward/move_to_target: 0.3102
          Episode_Reward/action_l2: -0.0142
             Episode_Reward/energy: -0.2429
   Episode_Reward/joint_pos_limits: -0.3090
      Episode_Termination/time_out: 0.8406
  Episode_Termination/torso_height: 0.1594
--------------------------------------------------------------------------------
                   Total timesteps: 1146880
                    Iteration time: 0.40s
                      Time elapsed: 00:00:27
                               ETA: 00:02:48

################################################################################
                      [1m Learning iteration 70/500 [0m                       

                       Computation: 45293 steps/s (collection: 0.283s, learning 0.079s)
             Mean action noise std: 0.43
          Mean value_function loss: 0.0302
               Mean surrogate loss: -0.0067
                 Mean entropy loss: 4.5619
                       Mean reward: 8.84
               Mean episode length: 702.62
           Episode_Reward/progress: 0.3665
              Episode_Reward/alive: 0.3391
            Episode_Reward/upright: 0.0650
     Episode_Reward/move_to_target: 0.2909
          Episode_Reward/action_l2: -0.0132
             Episode_Reward/energy: -0.2356
   Episode_Reward/joint_pos_limits: -0.2816
      Episode_Termination/time_out: 0.8238
  Episode_Termination/torso_height: 0.1762
--------------------------------------------------------------------------------
                   Total timesteps: 1163264
                    Iteration time: 0.36s
                      Time elapsed: 00:00:27
                               ETA: 00:02:47

################################################################################
                      [1m Learning iteration 71/500 [0m                       

                       Computation: 42417 steps/s (collection: 0.315s, learning 0.071s)
             Mean action noise std: 0.43
          Mean value_function loss: 0.0404
               Mean surrogate loss: -0.0054
                 Mean entropy loss: 4.5020
                       Mean reward: 9.23
               Mean episode length: 714.31
           Episode_Reward/progress: 0.4516
              Episode_Reward/alive: 0.4117
            Episode_Reward/upright: 0.0808
     Episode_Reward/move_to_target: 0.3508
          Episode_Reward/action_l2: -0.0158
             Episode_Reward/energy: -0.2799
   Episode_Reward/joint_pos_limits: -0.3426
      Episode_Termination/time_out: 0.8208
  Episode_Termination/torso_height: 0.1792
--------------------------------------------------------------------------------
                   Total timesteps: 1179648
                    Iteration time: 0.39s
                      Time elapsed: 00:00:28
                               ETA: 00:02:47

################################################################################
                      [1m Learning iteration 72/500 [0m                       

                       Computation: 44036 steps/s (collection: 0.284s, learning 0.088s)
             Mean action noise std: 0.43
          Mean value_function loss: 0.0435
               Mean surrogate loss: -0.0093
                 Mean entropy loss: 4.4602
                       Mean reward: 9.38
               Mean episode length: 691.43
           Episode_Reward/progress: 0.4026
              Episode_Reward/alive: 0.3270
            Episode_Reward/upright: 0.0620
     Episode_Reward/move_to_target: 0.2807
          Episode_Reward/action_l2: -0.0127
             Episode_Reward/energy: -0.2603
   Episode_Reward/joint_pos_limits: -0.2579
      Episode_Termination/time_out: 0.8179
  Episode_Termination/torso_height: 0.1821
--------------------------------------------------------------------------------
                   Total timesteps: 1196032
                    Iteration time: 0.37s
                      Time elapsed: 00:00:28
                               ETA: 00:02:46

################################################################################
                      [1m Learning iteration 73/500 [0m                       

                       Computation: 43191 steps/s (collection: 0.304s, learning 0.075s)
             Mean action noise std: 0.42
          Mean value_function loss: 0.0366
               Mean surrogate loss: -0.0084
                 Mean entropy loss: 4.4207
                       Mean reward: 8.54
               Mean episode length: 591.09
           Episode_Reward/progress: 0.4126
              Episode_Reward/alive: 0.2610
            Episode_Reward/upright: 0.0478
     Episode_Reward/move_to_target: 0.2337
          Episode_Reward/action_l2: -0.0103
             Episode_Reward/energy: -0.2394
   Episode_Reward/joint_pos_limits: -0.1959
      Episode_Termination/time_out: 0.7901
  Episode_Termination/torso_height: 0.2099
--------------------------------------------------------------------------------
                   Total timesteps: 1212416
                    Iteration time: 0.38s
                      Time elapsed: 00:00:28
                               ETA: 00:02:46

################################################################################
                      [1m Learning iteration 74/500 [0m                       

                       Computation: 42592 steps/s (collection: 0.304s, learning 0.081s)
             Mean action noise std: 0.42
          Mean value_function loss: 0.0379
               Mean surrogate loss: -0.0068
                 Mean entropy loss: 4.3815
                       Mean reward: 9.02
               Mean episode length: 573.64
           Episode_Reward/progress: 0.4839
              Episode_Reward/alive: 0.3100
            Episode_Reward/upright: 0.0585
     Episode_Reward/move_to_target: 0.2787
          Episode_Reward/action_l2: -0.0121
             Episode_Reward/energy: -0.2582
   Episode_Reward/joint_pos_limits: -0.2358
      Episode_Termination/time_out: 0.7715
  Episode_Termination/torso_height: 0.2285
--------------------------------------------------------------------------------
                   Total timesteps: 1228800
                    Iteration time: 0.38s
                      Time elapsed: 00:00:29
                               ETA: 00:02:46

################################################################################
                      [1m Learning iteration 75/500 [0m                       

                       Computation: 42287 steps/s (collection: 0.296s, learning 0.092s)
             Mean action noise std: 0.42
          Mean value_function loss: 0.0389
               Mean surrogate loss: -0.0047
                 Mean entropy loss: 4.3290
                       Mean reward: 9.31
               Mean episode length: 571.29
           Episode_Reward/progress: 0.5575
              Episode_Reward/alive: 0.3166
            Episode_Reward/upright: 0.0601
     Episode_Reward/move_to_target: 0.2902
          Episode_Reward/action_l2: -0.0123
             Episode_Reward/energy: -0.2964
   Episode_Reward/joint_pos_limits: -0.2282
      Episode_Termination/time_out: 0.7610
  Episode_Termination/torso_height: 0.2390
--------------------------------------------------------------------------------
                   Total timesteps: 1245184
                    Iteration time: 0.39s
                      Time elapsed: 00:00:29
                               ETA: 00:02:45

################################################################################
                      [1m Learning iteration 76/500 [0m                       

                       Computation: 43818 steps/s (collection: 0.281s, learning 0.093s)
             Mean action noise std: 0.42
          Mean value_function loss: 0.0410
               Mean surrogate loss: -0.0097
                 Mean entropy loss: 4.2769
                       Mean reward: 9.72
               Mean episode length: 562.95
           Episode_Reward/progress: 0.5006
              Episode_Reward/alive: 0.2715
            Episode_Reward/upright: 0.0477
     Episode_Reward/move_to_target: 0.2557
          Episode_Reward/action_l2: -0.0108
             Episode_Reward/energy: -0.2811
   Episode_Reward/joint_pos_limits: -0.1903
      Episode_Termination/time_out: 0.7446
  Episode_Termination/torso_height: 0.2554
--------------------------------------------------------------------------------
                   Total timesteps: 1261568
                    Iteration time: 0.37s
                      Time elapsed: 00:00:29
                               ETA: 00:02:45

################################################################################
                      [1m Learning iteration 77/500 [0m                       

                       Computation: 52456 steps/s (collection: 0.242s, learning 0.070s)
             Mean action noise std: 0.41
          Mean value_function loss: 0.0431
               Mean surrogate loss: -0.0078
                 Mean entropy loss: 4.2283
                       Mean reward: 9.15
               Mean episode length: 529.05
           Episode_Reward/progress: 0.2237
              Episode_Reward/alive: 0.1200
            Episode_Reward/upright: 0.0183
     Episode_Reward/move_to_target: 0.1021
          Episode_Reward/action_l2: -0.0050
             Episode_Reward/energy: -0.1450
   Episode_Reward/joint_pos_limits: -0.0800
      Episode_Termination/time_out: 0.7215
  Episode_Termination/torso_height: 0.2785
--------------------------------------------------------------------------------
                   Total timesteps: 1277952
                    Iteration time: 0.31s
                      Time elapsed: 00:00:30
                               ETA: 00:02:44

################################################################################
                      [1m Learning iteration 78/500 [0m                       

                       Computation: 43533 steps/s (collection: 0.286s, learning 0.090s)
             Mean action noise std: 0.41
          Mean value_function loss: 0.0425
               Mean surrogate loss: -0.0073
                 Mean entropy loss: 4.1863
                       Mean reward: 9.49
               Mean episode length: 508.16
           Episode_Reward/progress: 0.5285
              Episode_Reward/alive: 0.2209
            Episode_Reward/upright: 0.0392
     Episode_Reward/move_to_target: 0.2030
          Episode_Reward/action_l2: -0.0088
             Episode_Reward/energy: -0.2512
   Episode_Reward/joint_pos_limits: -0.1455
      Episode_Termination/time_out: 0.7079
  Episode_Termination/torso_height: 0.2921
--------------------------------------------------------------------------------
                   Total timesteps: 1294336
                    Iteration time: 0.38s
                      Time elapsed: 00:00:30
                               ETA: 00:02:43

################################################################################
                      [1m Learning iteration 79/500 [0m                       

                       Computation: 46957 steps/s (collection: 0.266s, learning 0.083s)
             Mean action noise std: 0.41
          Mean value_function loss: 0.0428
               Mean surrogate loss: -0.0062
                 Mean entropy loss: 4.1203
                       Mean reward: 9.52
               Mean episode length: 491.30
           Episode_Reward/progress: 0.7221
              Episode_Reward/alive: 0.3082
            Episode_Reward/upright: 0.0562
     Episode_Reward/move_to_target: 0.2883
          Episode_Reward/action_l2: -0.0122
             Episode_Reward/energy: -0.3442
   Episode_Reward/joint_pos_limits: -0.2060
      Episode_Termination/time_out: 0.6902
  Episode_Termination/torso_height: 0.3098
--------------------------------------------------------------------------------
                   Total timesteps: 1310720
                    Iteration time: 0.35s
                      Time elapsed: 00:00:31
                               ETA: 00:02:43

################################################################################
                      [1m Learning iteration 80/500 [0m                       

                       Computation: 45270 steps/s (collection: 0.270s, learning 0.092s)
             Mean action noise std: 0.41
          Mean value_function loss: 0.0408
               Mean surrogate loss: -0.0083
                 Mean entropy loss: 4.0710
                       Mean reward: 9.69
               Mean episode length: 476.77
           Episode_Reward/progress: 0.7004
              Episode_Reward/alive: 0.2665
            Episode_Reward/upright: 0.0491
     Episode_Reward/move_to_target: 0.2511
          Episode_Reward/action_l2: -0.0106
             Episode_Reward/energy: -0.3117
   Episode_Reward/joint_pos_limits: -0.1736
      Episode_Termination/time_out: 0.6793
  Episode_Termination/torso_height: 0.3207
--------------------------------------------------------------------------------
                   Total timesteps: 1327104
                    Iteration time: 0.36s
                      Time elapsed: 00:00:31
                               ETA: 00:02:42

################################################################################
                      [1m Learning iteration 81/500 [0m                       

                       Computation: 49336 steps/s (collection: 0.259s, learning 0.073s)
             Mean action noise std: 0.40
          Mean value_function loss: 0.0399
               Mean surrogate loss: -0.0085
                 Mean entropy loss: 4.0144
                       Mean reward: 9.53
               Mean episode length: 445.71
           Episode_Reward/progress: 0.7418
              Episode_Reward/alive: 0.3099
            Episode_Reward/upright: 0.0591
     Episode_Reward/move_to_target: 0.3008
          Episode_Reward/action_l2: -0.0125
             Episode_Reward/energy: -0.3411
   Episode_Reward/joint_pos_limits: -0.2091
      Episode_Termination/time_out: 0.6653
  Episode_Termination/torso_height: 0.3347
--------------------------------------------------------------------------------
                   Total timesteps: 1343488
                    Iteration time: 0.33s
                      Time elapsed: 00:00:31
                               ETA: 00:02:42

################################################################################
                      [1m Learning iteration 82/500 [0m                       

                       Computation: 42187 steps/s (collection: 0.304s, learning 0.085s)
             Mean action noise std: 0.40
          Mean value_function loss: 0.0345
               Mean surrogate loss: -0.0077
                 Mean entropy loss: 3.9786
                       Mean reward: 9.66
               Mean episode length: 448.36
           Episode_Reward/progress: 0.7030
              Episode_Reward/alive: 0.2890
            Episode_Reward/upright: 0.0539
     Episode_Reward/move_to_target: 0.2774
          Episode_Reward/action_l2: -0.0118
             Episode_Reward/energy: -0.3542
   Episode_Reward/joint_pos_limits: -0.1822
      Episode_Termination/time_out: 0.6552
  Episode_Termination/torso_height: 0.3448
--------------------------------------------------------------------------------
                   Total timesteps: 1359872
                    Iteration time: 0.39s
                      Time elapsed: 00:00:32
                               ETA: 00:02:41

################################################################################
                      [1m Learning iteration 83/500 [0m                       

                       Computation: 36414 steps/s (collection: 0.356s, learning 0.094s)
             Mean action noise std: 0.40
          Mean value_function loss: 0.0430
               Mean surrogate loss: -0.0093
                 Mean entropy loss: 3.9254
                       Mean reward: 10.37
               Mean episode length: 468.41
           Episode_Reward/progress: 0.7123
              Episode_Reward/alive: 0.2535
            Episode_Reward/upright: 0.0444
     Episode_Reward/move_to_target: 0.2383
          Episode_Reward/action_l2: -0.0103
             Episode_Reward/energy: -0.3190
   Episode_Reward/joint_pos_limits: -0.1579
      Episode_Termination/time_out: 0.6487
  Episode_Termination/torso_height: 0.3513
--------------------------------------------------------------------------------
                   Total timesteps: 1376256
                    Iteration time: 0.45s
                      Time elapsed: 00:00:32
                               ETA: 00:02:41

################################################################################
                      [1m Learning iteration 84/500 [0m                       

                       Computation: 35422 steps/s (collection: 0.347s, learning 0.116s)
             Mean action noise std: 0.40
          Mean value_function loss: 0.0438
               Mean surrogate loss: -0.0076
                 Mean entropy loss: 3.8636
                       Mean reward: 10.75
               Mean episode length: 470.38
           Episode_Reward/progress: 0.8794
              Episode_Reward/alive: 0.2900
            Episode_Reward/upright: 0.0516
     Episode_Reward/move_to_target: 0.2821
          Episode_Reward/action_l2: -0.0116
             Episode_Reward/energy: -0.3833
   Episode_Reward/joint_pos_limits: -0.1781
      Episode_Termination/time_out: 0.6384
  Episode_Termination/torso_height: 0.3616
--------------------------------------------------------------------------------
                   Total timesteps: 1392640
                    Iteration time: 0.46s
                      Time elapsed: 00:00:33
                               ETA: 00:02:41

################################################################################
                      [1m Learning iteration 85/500 [0m                       

                       Computation: 35734 steps/s (collection: 0.363s, learning 0.096s)
             Mean action noise std: 0.39
          Mean value_function loss: 0.0431
               Mean surrogate loss: -0.0087
                 Mean entropy loss: 3.8069
                       Mean reward: 11.89
               Mean episode length: 505.70
           Episode_Reward/progress: 1.1112
              Episode_Reward/alive: 0.3868
            Episode_Reward/upright: 0.0741
     Episode_Reward/move_to_target: 0.3750
          Episode_Reward/action_l2: -0.0154
             Episode_Reward/energy: -0.4829
   Episode_Reward/joint_pos_limits: -0.2445
      Episode_Termination/time_out: 0.6276
  Episode_Termination/torso_height: 0.3724
--------------------------------------------------------------------------------
                   Total timesteps: 1409024
                    Iteration time: 0.46s
                      Time elapsed: 00:00:33
                               ETA: 00:02:41

################################################################################
                      [1m Learning iteration 86/500 [0m                       

                       Computation: 46675 steps/s (collection: 0.262s, learning 0.089s)
             Mean action noise std: 0.39
          Mean value_function loss: 0.0440
               Mean surrogate loss: -0.0079
                 Mean entropy loss: 3.7644
                       Mean reward: 12.20
               Mean episode length: 503.72
           Episode_Reward/progress: 0.7812
              Episode_Reward/alive: 0.2485
            Episode_Reward/upright: 0.0442
     Episode_Reward/move_to_target: 0.2342
          Episode_Reward/action_l2: -0.0099
             Episode_Reward/energy: -0.3157
   Episode_Reward/joint_pos_limits: -0.1554
      Episode_Termination/time_out: 0.6143
  Episode_Termination/torso_height: 0.3857
--------------------------------------------------------------------------------
                   Total timesteps: 1425408
                    Iteration time: 0.35s
                      Time elapsed: 00:00:33
                               ETA: 00:02:40

################################################################################
                      [1m Learning iteration 87/500 [0m                       

                       Computation: 45642 steps/s (collection: 0.268s, learning 0.091s)
             Mean action noise std: 0.39
          Mean value_function loss: 0.0500
               Mean surrogate loss: -0.0090
                 Mean entropy loss: 3.6949
                       Mean reward: 12.95
               Mean episode length: 511.03
           Episode_Reward/progress: 0.7469
              Episode_Reward/alive: 0.2471
            Episode_Reward/upright: 0.0434
     Episode_Reward/move_to_target: 0.2345
          Episode_Reward/action_l2: -0.0097
             Episode_Reward/energy: -0.3147
   Episode_Reward/joint_pos_limits: -0.1525
      Episode_Termination/time_out: 0.6063
  Episode_Termination/torso_height: 0.3937
--------------------------------------------------------------------------------
                   Total timesteps: 1441792
                    Iteration time: 0.36s
                      Time elapsed: 00:00:34
                               ETA: 00:02:40

################################################################################
                      [1m Learning iteration 88/500 [0m                       

                       Computation: 48087 steps/s (collection: 0.250s, learning 0.090s)
             Mean action noise std: 0.39
          Mean value_function loss: 0.0442
               Mean surrogate loss: -0.0078
                 Mean entropy loss: 3.6652
                       Mean reward: 13.63
               Mean episode length: 530.64
           Episode_Reward/progress: 1.1231
              Episode_Reward/alive: 0.3617
            Episode_Reward/upright: 0.0678
     Episode_Reward/move_to_target: 0.3487
          Episode_Reward/action_l2: -0.0145
             Episode_Reward/energy: -0.4556
   Episode_Reward/joint_pos_limits: -0.2231
      Episode_Termination/time_out: 0.6016
  Episode_Termination/torso_height: 0.3984
--------------------------------------------------------------------------------
                   Total timesteps: 1458176
                    Iteration time: 0.34s
                      Time elapsed: 00:00:34
                               ETA: 00:02:39

################################################################################
                      [1m Learning iteration 89/500 [0m                       

                       Computation: 46618 steps/s (collection: 0.264s, learning 0.088s)
             Mean action noise std: 0.38
          Mean value_function loss: 0.0445
               Mean surrogate loss: -0.0069
                 Mean entropy loss: 3.6029
                       Mean reward: 14.73
               Mean episode length: 552.00
           Episode_Reward/progress: 1.1263
              Episode_Reward/alive: 0.3534
            Episode_Reward/upright: 0.0639
     Episode_Reward/move_to_target: 0.3318
          Episode_Reward/action_l2: -0.0141
             Episode_Reward/energy: -0.4540
   Episode_Reward/joint_pos_limits: -0.2183
      Episode_Termination/time_out: 0.5901
  Episode_Termination/torso_height: 0.4099
--------------------------------------------------------------------------------
                   Total timesteps: 1474560
                    Iteration time: 0.35s
                      Time elapsed: 00:00:34
                               ETA: 00:02:39

################################################################################
                      [1m Learning iteration 90/500 [0m                       

                       Computation: 48473 steps/s (collection: 0.248s, learning 0.090s)
             Mean action noise std: 0.38
          Mean value_function loss: 0.0380
               Mean surrogate loss: -0.0069
                 Mean entropy loss: 3.5292
                       Mean reward: 16.05
               Mean episode length: 584.85
           Episode_Reward/progress: 1.2009
              Episode_Reward/alive: 0.3657
            Episode_Reward/upright: 0.0666
     Episode_Reward/move_to_target: 0.3415
          Episode_Reward/action_l2: -0.0147
             Episode_Reward/energy: -0.4735
   Episode_Reward/joint_pos_limits: -0.2250
      Episode_Termination/time_out: 0.5840
  Episode_Termination/torso_height: 0.4160
--------------------------------------------------------------------------------
                   Total timesteps: 1490944
                    Iteration time: 0.34s
                      Time elapsed: 00:00:35
                               ETA: 00:02:38

################################################################################
                      [1m Learning iteration 91/500 [0m                       

                       Computation: 47210 steps/s (collection: 0.253s, learning 0.094s)
             Mean action noise std: 0.38
          Mean value_function loss: 0.0362
               Mean surrogate loss: -0.0073
                 Mean entropy loss: 3.4679
                       Mean reward: 17.81
               Mean episode length: 631.00
           Episode_Reward/progress: 1.5838
              Episode_Reward/alive: 0.4779
            Episode_Reward/upright: 0.0903
     Episode_Reward/move_to_target: 0.4513
          Episode_Reward/action_l2: -0.0190
             Episode_Reward/energy: -0.5931
   Episode_Reward/joint_pos_limits: -0.2976
      Episode_Termination/time_out: 0.5832
  Episode_Termination/torso_height: 0.4168
--------------------------------------------------------------------------------
                   Total timesteps: 1507328
                    Iteration time: 0.35s
                      Time elapsed: 00:00:35
                               ETA: 00:02:38

################################################################################
                      [1m Learning iteration 92/500 [0m                       

                       Computation: 40334 steps/s (collection: 0.308s, learning 0.098s)
             Mean action noise std: 0.37
          Mean value_function loss: 0.0544
               Mean surrogate loss: -0.0052
                 Mean entropy loss: 3.4276
                       Mean reward: 20.13
               Mean episode length: 677.03
           Episode_Reward/progress: 1.3655
              Episode_Reward/alive: 0.3826
            Episode_Reward/upright: 0.0721
     Episode_Reward/move_to_target: 0.3701
          Episode_Reward/action_l2: -0.0152
             Episode_Reward/energy: -0.4967
   Episode_Reward/joint_pos_limits: -0.2329
      Episode_Termination/time_out: 0.5786
  Episode_Termination/torso_height: 0.4214
--------------------------------------------------------------------------------
                   Total timesteps: 1523712
                    Iteration time: 0.41s
                      Time elapsed: 00:00:35
                               ETA: 00:02:37

################################################################################
                      [1m Learning iteration 93/500 [0m                       

                       Computation: 38887 steps/s (collection: 0.322s, learning 0.099s)
             Mean action noise std: 0.37
          Mean value_function loss: 0.0548
               Mean surrogate loss: -0.0081
                 Mean entropy loss: 3.3686
                       Mean reward: 23.01
               Mean episode length: 745.06
           Episode_Reward/progress: 1.6360
              Episode_Reward/alive: 0.4530
            Episode_Reward/upright: 0.0864
     Episode_Reward/move_to_target: 0.4427
          Episode_Reward/action_l2: -0.0179
             Episode_Reward/energy: -0.5823
   Episode_Reward/joint_pos_limits: -0.2761
      Episode_Termination/time_out: 0.5701
  Episode_Termination/torso_height: 0.4299
--------------------------------------------------------------------------------
                   Total timesteps: 1540096
                    Iteration time: 0.42s
                      Time elapsed: 00:00:36
                               ETA: 00:02:37

################################################################################
                      [1m Learning iteration 94/500 [0m                       

                       Computation: 37535 steps/s (collection: 0.349s, learning 0.087s)
             Mean action noise std: 0.37
          Mean value_function loss: 0.0612
               Mean surrogate loss: -0.0061
                 Mean entropy loss: 3.3271
                       Mean reward: 26.86
               Mean episode length: 835.92
           Episode_Reward/progress: 1.6700
              Episode_Reward/alive: 0.4500
            Episode_Reward/upright: 0.0858
     Episode_Reward/move_to_target: 0.4401
          Episode_Reward/action_l2: -0.0177
             Episode_Reward/energy: -0.5781
   Episode_Reward/joint_pos_limits: -0.2747
      Episode_Termination/time_out: 0.5700
  Episode_Termination/torso_height: 0.4300
--------------------------------------------------------------------------------
                   Total timesteps: 1556480
                    Iteration time: 0.44s
                      Time elapsed: 00:00:36
                               ETA: 00:02:37

################################################################################
                      [1m Learning iteration 95/500 [0m                       

                       Computation: 36331 steps/s (collection: 0.350s, learning 0.101s)
             Mean action noise std: 0.37
          Mean value_function loss: 0.0512
               Mean surrogate loss: -0.0068
                 Mean entropy loss: 3.2819
                       Mean reward: 27.16
               Mean episode length: 826.91
           Episode_Reward/progress: 1.6927
              Episode_Reward/alive: 0.4329
            Episode_Reward/upright: 0.0835
     Episode_Reward/move_to_target: 0.4221
          Episode_Reward/action_l2: -0.0171
             Episode_Reward/energy: -0.5611
   Episode_Reward/joint_pos_limits: -0.2621
      Episode_Termination/time_out: 0.5688
  Episode_Termination/torso_height: 0.4312
--------------------------------------------------------------------------------
                   Total timesteps: 1572864
                    Iteration time: 0.45s
                      Time elapsed: 00:00:37
                               ETA: 00:02:37

################################################################################
                      [1m Learning iteration 96/500 [0m                       

                       Computation: 39728 steps/s (collection: 0.314s, learning 0.098s)
             Mean action noise std: 0.37
          Mean value_function loss: 0.0621
               Mean surrogate loss: -0.0093
                 Mean entropy loss: 3.2450
                       Mean reward: 27.23
               Mean episode length: 806.62
           Episode_Reward/progress: 1.6115
              Episode_Reward/alive: 0.4079
            Episode_Reward/upright: 0.0782
     Episode_Reward/move_to_target: 0.3975
          Episode_Reward/action_l2: -0.0162
             Episode_Reward/energy: -0.5359
   Episode_Reward/joint_pos_limits: -0.2465
      Episode_Termination/time_out: 0.5624
  Episode_Termination/torso_height: 0.4376
--------------------------------------------------------------------------------
                   Total timesteps: 1589248
                    Iteration time: 0.41s
                      Time elapsed: 00:00:37
                               ETA: 00:02:37

################################################################################
                      [1m Learning iteration 97/500 [0m                       

                       Computation: 43395 steps/s (collection: 0.304s, learning 0.074s)
             Mean action noise std: 0.36
          Mean value_function loss: 0.0583
               Mean surrogate loss: -0.0083
                 Mean entropy loss: 3.1985
                       Mean reward: 28.34
               Mean episode length: 809.34
           Episode_Reward/progress: 1.8474
              Episode_Reward/alive: 0.4498
            Episode_Reward/upright: 0.0879
     Episode_Reward/move_to_target: 0.4412
          Episode_Reward/action_l2: -0.0177
             Episode_Reward/energy: -0.5874
   Episode_Reward/joint_pos_limits: -0.2719
      Episode_Termination/time_out: 0.5659
  Episode_Termination/torso_height: 0.4341
--------------------------------------------------------------------------------
                   Total timesteps: 1605632
                    Iteration time: 0.38s
                      Time elapsed: 00:00:38
                               ETA: 00:02:36

################################################################################
                      [1m Learning iteration 98/500 [0m                       

                       Computation: 40889 steps/s (collection: 0.307s, learning 0.093s)
             Mean action noise std: 0.36
          Mean value_function loss: 0.0619
               Mean surrogate loss: -0.0102
                 Mean entropy loss: 3.1401
                       Mean reward: 28.26
               Mean episode length: 795.71
           Episode_Reward/progress: 1.5477
              Episode_Reward/alive: 0.3911
            Episode_Reward/upright: 0.0743
     Episode_Reward/move_to_target: 0.3802
          Episode_Reward/action_l2: -0.0156
             Episode_Reward/energy: -0.5082
   Episode_Reward/joint_pos_limits: -0.2414
      Episode_Termination/time_out: 0.5545
  Episode_Termination/torso_height: 0.4455
--------------------------------------------------------------------------------
                   Total timesteps: 1622016
                    Iteration time: 0.40s
                      Time elapsed: 00:00:38
                               ETA: 00:02:36

################################################################################
                      [1m Learning iteration 99/500 [0m                       

                       Computation: 41376 steps/s (collection: 0.302s, learning 0.094s)
             Mean action noise std: 0.36
          Mean value_function loss: 0.0646
               Mean surrogate loss: -0.0086
                 Mean entropy loss: 3.0890
                       Mean reward: 26.41
               Mean episode length: 733.94
           Episode_Reward/progress: 1.4606
              Episode_Reward/alive: 0.3607
            Episode_Reward/upright: 0.0662
     Episode_Reward/move_to_target: 0.3493
          Episode_Reward/action_l2: -0.0139
             Episode_Reward/energy: -0.4506
   Episode_Reward/joint_pos_limits: -0.2222
      Episode_Termination/time_out: 0.5494
  Episode_Termination/torso_height: 0.4506
--------------------------------------------------------------------------------
                   Total timesteps: 1638400
                    Iteration time: 0.40s
                      Time elapsed: 00:00:38
                               ETA: 00:02:35

################################################################################
                      [1m Learning iteration 100/500 [0m                      

                       Computation: 42011 steps/s (collection: 0.315s, learning 0.075s)
             Mean action noise std: 0.36
          Mean value_function loss: 0.0724
               Mean surrogate loss: -0.0072
                 Mean entropy loss: 3.0315
                       Mean reward: 26.21
               Mean episode length: 724.70
           Episode_Reward/progress: 1.5042
              Episode_Reward/alive: 0.3545
            Episode_Reward/upright: 0.0669
     Episode_Reward/move_to_target: 0.3447
          Episode_Reward/action_l2: -0.0141
             Episode_Reward/energy: -0.4759
   Episode_Reward/joint_pos_limits: -0.2176
      Episode_Termination/time_out: 0.5463
  Episode_Termination/torso_height: 0.4537
--------------------------------------------------------------------------------
                   Total timesteps: 1654784
                    Iteration time: 0.39s
                      Time elapsed: 00:00:39
                               ETA: 00:02:35

################################################################################
                      [1m Learning iteration 101/500 [0m                      

                       Computation: 36197 steps/s (collection: 0.375s, learning 0.078s)
             Mean action noise std: 0.35
          Mean value_function loss: 0.0506
               Mean surrogate loss: -0.0069
                 Mean entropy loss: 2.9868
                       Mean reward: 26.91
               Mean episode length: 734.12
           Episode_Reward/progress: 1.6165
              Episode_Reward/alive: 0.3886
            Episode_Reward/upright: 0.0737
     Episode_Reward/move_to_target: 0.3493
          Episode_Reward/action_l2: -0.0154
             Episode_Reward/energy: -0.4890
   Episode_Reward/joint_pos_limits: -0.2461
      Episode_Termination/time_out: 0.5433
  Episode_Termination/torso_height: 0.4567
--------------------------------------------------------------------------------
                   Total timesteps: 1671168
                    Iteration time: 0.45s
                      Time elapsed: 00:00:39
                               ETA: 00:02:35

################################################################################
                      [1m Learning iteration 102/500 [0m                      

                       Computation: 43736 steps/s (collection: 0.297s, learning 0.078s)
             Mean action noise std: 0.35
          Mean value_function loss: 0.0484
               Mean surrogate loss: -0.0086
                 Mean entropy loss: 2.8967
                       Mean reward: 26.60
               Mean episode length: 725.04
           Episode_Reward/progress: 1.5503
              Episode_Reward/alive: 0.3808
            Episode_Reward/upright: 0.0711
     Episode_Reward/move_to_target: 0.3383
          Episode_Reward/action_l2: -0.0149
             Episode_Reward/energy: -0.4888
   Episode_Reward/joint_pos_limits: -0.2352
      Episode_Termination/time_out: 0.5422
  Episode_Termination/torso_height: 0.4578
--------------------------------------------------------------------------------
                   Total timesteps: 1687552
                    Iteration time: 0.37s
                      Time elapsed: 00:00:40
                               ETA: 00:02:34

################################################################################
                      [1m Learning iteration 103/500 [0m                      

                       Computation: 40362 steps/s (collection: 0.306s, learning 0.100s)
             Mean action noise std: 0.35
          Mean value_function loss: 0.0432
               Mean surrogate loss: -0.0035
                 Mean entropy loss: 2.8533
                       Mean reward: 26.75
               Mean episode length: 716.23
           Episode_Reward/progress: 1.8530
              Episode_Reward/alive: 0.4040
            Episode_Reward/upright: 0.0758
     Episode_Reward/move_to_target: 0.3909
          Episode_Reward/action_l2: -0.0161
             Episode_Reward/energy: -0.5303
   Episode_Reward/joint_pos_limits: -0.2479
      Episode_Termination/time_out: 0.5626
  Episode_Termination/torso_height: 0.4374
--------------------------------------------------------------------------------
                   Total timesteps: 1703936
                    Iteration time: 0.41s
                      Time elapsed: 00:00:40
                               ETA: 00:02:34

################################################################################
                      [1m Learning iteration 104/500 [0m                      

                       Computation: 38657 steps/s (collection: 0.326s, learning 0.098s)
             Mean action noise std: 0.35
          Mean value_function loss: 0.0303
               Mean surrogate loss: -0.0072
                 Mean entropy loss: 2.7979
                       Mean reward: 28.71
               Mean episode length: 749.47
           Episode_Reward/progress: 1.6525
              Episode_Reward/alive: 0.3655
            Episode_Reward/upright: 0.0685
     Episode_Reward/move_to_target: 0.3574
          Episode_Reward/action_l2: -0.0144
             Episode_Reward/energy: -0.4809
   Episode_Reward/joint_pos_limits: -0.2239
      Episode_Termination/time_out: 0.5676
  Episode_Termination/torso_height: 0.4324
--------------------------------------------------------------------------------
                   Total timesteps: 1720320
                    Iteration time: 0.42s
                      Time elapsed: 00:00:40
                               ETA: 00:02:34

################################################################################
                      [1m Learning iteration 105/500 [0m                      

                       Computation: 44385 steps/s (collection: 0.296s, learning 0.073s)
             Mean action noise std: 0.35
          Mean value_function loss: 0.0313
               Mean surrogate loss: -0.0044
                 Mean entropy loss: 2.7560
                       Mean reward: 29.36
               Mean episode length: 760.76
           Episode_Reward/progress: 2.0695
              Episode_Reward/alive: 0.4398
            Episode_Reward/upright: 0.0850
     Episode_Reward/move_to_target: 0.4358
          Episode_Reward/action_l2: -0.0174
             Episode_Reward/energy: -0.5768
   Episode_Reward/joint_pos_limits: -0.2690
      Episode_Termination/time_out: 0.5769
  Episode_Termination/torso_height: 0.4231
--------------------------------------------------------------------------------
                   Total timesteps: 1736704
                    Iteration time: 0.37s
                      Time elapsed: 00:00:41
                               ETA: 00:02:33

################################################################################
                      [1m Learning iteration 106/500 [0m                      

                       Computation: 47992 steps/s (collection: 0.268s, learning 0.073s)
             Mean action noise std: 0.34
          Mean value_function loss: 0.0286
               Mean surrogate loss: -0.0036
                 Mean entropy loss: 2.6927
                       Mean reward: 30.77
               Mean episode length: 781.71
           Episode_Reward/progress: 1.9768
              Episode_Reward/alive: 0.4121
            Episode_Reward/upright: 0.0793
     Episode_Reward/move_to_target: 0.4070
          Episode_Reward/action_l2: -0.0163
             Episode_Reward/energy: -0.5384
   Episode_Reward/joint_pos_limits: -0.2527
      Episode_Termination/time_out: 0.5820
  Episode_Termination/torso_height: 0.4180
--------------------------------------------------------------------------------
                   Total timesteps: 1753088
                    Iteration time: 0.34s
                      Time elapsed: 00:00:41
                               ETA: 00:02:33

################################################################################
                      [1m Learning iteration 107/500 [0m                      

                       Computation: 51881 steps/s (collection: 0.247s, learning 0.069s)
             Mean action noise std: 0.34
          Mean value_function loss: 0.0242
               Mean surrogate loss: -0.0076
                 Mean entropy loss: 2.6362
                       Mean reward: 32.18
               Mean episode length: 805.30
           Episode_Reward/progress: 2.0614
              Episode_Reward/alive: 0.4443
            Episode_Reward/upright: 0.0855
     Episode_Reward/move_to_target: 0.4348
          Episode_Reward/action_l2: -0.0175
             Episode_Reward/energy: -0.5754
   Episode_Reward/joint_pos_limits: -0.2784
      Episode_Termination/time_out: 0.5976
  Episode_Termination/torso_height: 0.4024
--------------------------------------------------------------------------------
                   Total timesteps: 1769472
                    Iteration time: 0.32s
                      Time elapsed: 00:00:41
                               ETA: 00:02:32

################################################################################
                      [1m Learning iteration 108/500 [0m                      

                       Computation: 46768 steps/s (collection: 0.280s, learning 0.070s)
             Mean action noise std: 0.34
          Mean value_function loss: 0.0232
               Mean surrogate loss: -0.0077
                 Mean entropy loss: 2.5762
                       Mean reward: 32.67
               Mean episode length: 805.73
           Episode_Reward/progress: 1.7662
              Episode_Reward/alive: 0.3702
            Episode_Reward/upright: 0.0711
     Episode_Reward/move_to_target: 0.3659
          Episode_Reward/action_l2: -0.0145
             Episode_Reward/energy: -0.4792
   Episode_Reward/joint_pos_limits: -0.2304
      Episode_Termination/time_out: 0.6041
  Episode_Termination/torso_height: 0.3959
--------------------------------------------------------------------------------
                   Total timesteps: 1785856
                    Iteration time: 0.35s
                      Time elapsed: 00:00:42
                               ETA: 00:02:32

################################################################################
                      [1m Learning iteration 109/500 [0m                      

                       Computation: 45013 steps/s (collection: 0.291s, learning 0.073s)
             Mean action noise std: 0.34
          Mean value_function loss: 0.0285
               Mean surrogate loss: -0.0070
                 Mean entropy loss: 2.5364
                       Mean reward: 33.68
               Mean episode length: 815.12
           Episode_Reward/progress: 1.8852
              Episode_Reward/alive: 0.3795
            Episode_Reward/upright: 0.0739
     Episode_Reward/move_to_target: 0.3739
          Episode_Reward/action_l2: -0.0149
             Episode_Reward/energy: -0.4895
   Episode_Reward/joint_pos_limits: -0.2353
      Episode_Termination/time_out: 0.6200
  Episode_Termination/torso_height: 0.3800
--------------------------------------------------------------------------------
                   Total timesteps: 1802240
                    Iteration time: 0.36s
                      Time elapsed: 00:00:42
                               ETA: 00:02:31

################################################################################
                      [1m Learning iteration 110/500 [0m                      

                       Computation: 45037 steps/s (collection: 0.286s, learning 0.077s)
             Mean action noise std: 0.34
          Mean value_function loss: 0.0339
               Mean surrogate loss: -0.0048
                 Mean entropy loss: 2.4929
                       Mean reward: 34.50
               Mean episode length: 820.18
           Episode_Reward/progress: 2.0004
              Episode_Reward/alive: 0.3899
            Episode_Reward/upright: 0.0745
     Episode_Reward/move_to_target: 0.3835
          Episode_Reward/action_l2: -0.0153
             Episode_Reward/energy: -0.4971
   Episode_Reward/joint_pos_limits: -0.2472
      Episode_Termination/time_out: 0.6278
  Episode_Termination/torso_height: 0.3722
--------------------------------------------------------------------------------
                   Total timesteps: 1818624
                    Iteration time: 0.36s
                      Time elapsed: 00:00:43
                               ETA: 00:02:31

################################################################################
                      [1m Learning iteration 111/500 [0m                      

                       Computation: 47780 steps/s (collection: 0.273s, learning 0.069s)
             Mean action noise std: 0.33
          Mean value_function loss: 0.0293
               Mean surrogate loss: -0.0059
                 Mean entropy loss: 2.4476
                       Mean reward: 34.67
               Mean episode length: 812.04
           Episode_Reward/progress: 1.7929
              Episode_Reward/alive: 0.3530
            Episode_Reward/upright: 0.0675
     Episode_Reward/move_to_target: 0.3391
          Episode_Reward/action_l2: -0.0139
             Episode_Reward/energy: -0.4426
   Episode_Reward/joint_pos_limits: -0.2232
      Episode_Termination/time_out: 0.6317
  Episode_Termination/torso_height: 0.3683
--------------------------------------------------------------------------------
                   Total timesteps: 1835008
                    Iteration time: 0.34s
                      Time elapsed: 00:00:43
                               ETA: 00:02:30

################################################################################
                      [1m Learning iteration 112/500 [0m                      

                       Computation: 46857 steps/s (collection: 0.256s, learning 0.094s)
             Mean action noise std: 0.33
          Mean value_function loss: 0.0315
               Mean surrogate loss: -0.0015
                 Mean entropy loss: 2.3949
                       Mean reward: 35.67
               Mean episode length: 827.41
           Episode_Reward/progress: 2.5895
              Episode_Reward/alive: 0.5000
            Episode_Reward/upright: 0.0976
     Episode_Reward/move_to_target: 0.4958
          Episode_Reward/action_l2: -0.0201
             Episode_Reward/energy: -0.6455
   Episode_Reward/joint_pos_limits: -0.3163
      Episode_Termination/time_out: 0.6418
  Episode_Termination/torso_height: 0.3582
--------------------------------------------------------------------------------
                   Total timesteps: 1851392
                    Iteration time: 0.35s
                      Time elapsed: 00:00:43
                               ETA: 00:02:30

################################################################################
                      [1m Learning iteration 113/500 [0m                      

                       Computation: 45198 steps/s (collection: 0.277s, learning 0.085s)
             Mean action noise std: 0.33
          Mean value_function loss: 0.0339
               Mean surrogate loss: -0.0036
                 Mean entropy loss: 2.3458
                       Mean reward: 34.96
               Mean episode length: 807.56
           Episode_Reward/progress: 2.5439
              Episode_Reward/alive: 0.4676
            Episode_Reward/upright: 0.0923
     Episode_Reward/move_to_target: 0.4611
          Episode_Reward/action_l2: -0.0184
             Episode_Reward/energy: -0.6023
   Episode_Reward/joint_pos_limits: -0.2927
      Episode_Termination/time_out: 0.6518
  Episode_Termination/torso_height: 0.3482
--------------------------------------------------------------------------------
                   Total timesteps: 1867776
                    Iteration time: 0.36s
                      Time elapsed: 00:00:44
                               ETA: 00:02:29

################################################################################
                      [1m Learning iteration 114/500 [0m                      

                       Computation: 43982 steps/s (collection: 0.277s, learning 0.095s)
             Mean action noise std: 0.33
          Mean value_function loss: 0.0318
               Mean surrogate loss: -0.0050
                 Mean entropy loss: 2.3072
                       Mean reward: 35.48
               Mean episode length: 805.16
           Episode_Reward/progress: 2.2786
              Episode_Reward/alive: 0.4297
            Episode_Reward/upright: 0.0817
     Episode_Reward/move_to_target: 0.4229
          Episode_Reward/action_l2: -0.0171
             Episode_Reward/energy: -0.5594
   Episode_Reward/joint_pos_limits: -0.2714
      Episode_Termination/time_out: 0.6584
  Episode_Termination/torso_height: 0.3416
--------------------------------------------------------------------------------
                   Total timesteps: 1884160
                    Iteration time: 0.37s
                      Time elapsed: 00:00:44
                               ETA: 00:02:29

################################################################################
                      [1m Learning iteration 115/500 [0m                      

                       Computation: 42065 steps/s (collection: 0.287s, learning 0.103s)
             Mean action noise std: 0.32
          Mean value_function loss: 0.0419
               Mean surrogate loss: -0.0054
                 Mean entropy loss: 2.2487
                       Mean reward: 35.72
               Mean episode length: 805.16
           Episode_Reward/progress: 2.1140
              Episode_Reward/alive: 0.3931
            Episode_Reward/upright: 0.0767
     Episode_Reward/move_to_target: 0.3888
          Episode_Reward/action_l2: -0.0157
             Episode_Reward/energy: -0.5142
   Episode_Reward/joint_pos_limits: -0.2549
      Episode_Termination/time_out: 0.6667
  Episode_Termination/torso_height: 0.3333
--------------------------------------------------------------------------------
                   Total timesteps: 1900544
                    Iteration time: 0.39s
                      Time elapsed: 00:00:44
                               ETA: 00:02:28

################################################################################
                      [1m Learning iteration 116/500 [0m                      

                       Computation: 42278 steps/s (collection: 0.293s, learning 0.095s)
             Mean action noise std: 0.32
          Mean value_function loss: 0.0440
               Mean surrogate loss: -0.0033
                 Mean entropy loss: 2.1960
                       Mean reward: 35.51
               Mean episode length: 790.93
           Episode_Reward/progress: 2.3507
              Episode_Reward/alive: 0.4013
            Episode_Reward/upright: 0.0778
     Episode_Reward/move_to_target: 0.3943
          Episode_Reward/action_l2: -0.0158
             Episode_Reward/energy: -0.5224
   Episode_Reward/joint_pos_limits: -0.2556
      Episode_Termination/time_out: 0.6741
  Episode_Termination/torso_height: 0.3259
--------------------------------------------------------------------------------
                   Total timesteps: 1916928
                    Iteration time: 0.39s
                      Time elapsed: 00:00:45
                               ETA: 00:02:28

################################################################################
                      [1m Learning iteration 117/500 [0m                      

                       Computation: 44255 steps/s (collection: 0.271s, learning 0.100s)
             Mean action noise std: 0.32
          Mean value_function loss: 0.0460
               Mean surrogate loss: -0.0064
                 Mean entropy loss: 2.1820
                       Mean reward: 36.30
               Mean episode length: 791.36
           Episode_Reward/progress: 2.1969
              Episode_Reward/alive: 0.3966
            Episode_Reward/upright: 0.0760
     Episode_Reward/move_to_target: 0.3894
          Episode_Reward/action_l2: -0.0160
             Episode_Reward/energy: -0.5154
   Episode_Reward/joint_pos_limits: -0.2555
      Episode_Termination/time_out: 0.6779
  Episode_Termination/torso_height: 0.3221
--------------------------------------------------------------------------------
                   Total timesteps: 1933312
                    Iteration time: 0.37s
                      Time elapsed: 00:00:45
                               ETA: 00:02:27

################################################################################
                      [1m Learning iteration 118/500 [0m                      

                       Computation: 45420 steps/s (collection: 0.277s, learning 0.084s)
             Mean action noise std: 0.32
          Mean value_function loss: 0.0479
               Mean surrogate loss: -0.0059
                 Mean entropy loss: 2.1466
                       Mean reward: 35.99
               Mean episode length: 775.72
           Episode_Reward/progress: 1.5682
              Episode_Reward/alive: 0.2867
            Episode_Reward/upright: 0.0519
     Episode_Reward/move_to_target: 0.2749
          Episode_Reward/action_l2: -0.0114
             Episode_Reward/energy: -0.3574
   Episode_Reward/joint_pos_limits: -0.1900
      Episode_Termination/time_out: 0.6824
  Episode_Termination/torso_height: 0.3176
--------------------------------------------------------------------------------
                   Total timesteps: 1949696
                    Iteration time: 0.36s
                      Time elapsed: 00:00:45
                               ETA: 00:02:27

################################################################################
                      [1m Learning iteration 119/500 [0m                      

                       Computation: 46473 steps/s (collection: 0.279s, learning 0.074s)
             Mean action noise std: 0.32
          Mean value_function loss: 0.0571
               Mean surrogate loss: -0.0039
                 Mean entropy loss: 2.1060
                       Mean reward: 37.92
               Mean episode length: 797.35
           Episode_Reward/progress: 2.7456
              Episode_Reward/alive: 0.4666
            Episode_Reward/upright: 0.0911
     Episode_Reward/move_to_target: 0.4601
          Episode_Reward/action_l2: -0.0188
             Episode_Reward/energy: -0.6192
   Episode_Reward/joint_pos_limits: -0.2963
      Episode_Termination/time_out: 0.6923
  Episode_Termination/torso_height: 0.3077
--------------------------------------------------------------------------------
                   Total timesteps: 1966080
                    Iteration time: 0.35s
                      Time elapsed: 00:00:46
                               ETA: 00:02:27

################################################################################
                      [1m Learning iteration 120/500 [0m                      

                       Computation: 43430 steps/s (collection: 0.289s, learning 0.088s)
             Mean action noise std: 0.32
          Mean value_function loss: 0.0429
               Mean surrogate loss: -0.0043
                 Mean entropy loss: 2.0618
                       Mean reward: 38.23
               Mean episode length: 783.72
           Episode_Reward/progress: 2.4067
              Episode_Reward/alive: 0.3990
            Episode_Reward/upright: 0.0766
     Episode_Reward/move_to_target: 0.3932
          Episode_Reward/action_l2: -0.0162
             Episode_Reward/energy: -0.5369
   Episode_Reward/joint_pos_limits: -0.2550
      Episode_Termination/time_out: 0.7005
  Episode_Termination/torso_height: 0.2995
--------------------------------------------------------------------------------
                   Total timesteps: 1982464
                    Iteration time: 0.38s
                      Time elapsed: 00:00:46
                               ETA: 00:02:26

################################################################################
                      [1m Learning iteration 121/500 [0m                      

                       Computation: 45696 steps/s (collection: 0.265s, learning 0.093s)
             Mean action noise std: 0.32
          Mean value_function loss: 0.0630
               Mean surrogate loss: -0.0038
                 Mean entropy loss: 2.0259
                       Mean reward: 39.27
               Mean episode length: 792.30
           Episode_Reward/progress: 2.3952
              Episode_Reward/alive: 0.3880
            Episode_Reward/upright: 0.0737
     Episode_Reward/move_to_target: 0.3786
          Episode_Reward/action_l2: -0.0158
             Episode_Reward/energy: -0.5196
   Episode_Reward/joint_pos_limits: -0.2485
      Episode_Termination/time_out: 0.7026
  Episode_Termination/torso_height: 0.2974
--------------------------------------------------------------------------------
                   Total timesteps: 1998848
                    Iteration time: 0.36s
                      Time elapsed: 00:00:47
                               ETA: 00:02:26

################################################################################
                      [1m Learning iteration 122/500 [0m                      

                       Computation: 41162 steps/s (collection: 0.311s, learning 0.087s)
             Mean action noise std: 0.31
          Mean value_function loss: 0.0434
               Mean surrogate loss: -0.0047
                 Mean entropy loss: 1.9765
                       Mean reward: 41.84
               Mean episode length: 818.50
           Episode_Reward/progress: 2.7108
              Episode_Reward/alive: 0.4414
            Episode_Reward/upright: 0.0861
     Episode_Reward/move_to_target: 0.4367
          Episode_Reward/action_l2: -0.0180
             Episode_Reward/energy: -0.5922
   Episode_Reward/joint_pos_limits: -0.2813
      Episode_Termination/time_out: 0.7084
  Episode_Termination/torso_height: 0.2916
--------------------------------------------------------------------------------
                   Total timesteps: 2015232
                    Iteration time: 0.40s
                      Time elapsed: 00:00:47
                               ETA: 00:02:25

################################################################################
                      [1m Learning iteration 123/500 [0m                      

                       Computation: 42097 steps/s (collection: 0.287s, learning 0.102s)
             Mean action noise std: 0.31
          Mean value_function loss: 0.0355
               Mean surrogate loss: -0.0072
                 Mean entropy loss: 1.9238
                       Mean reward: 43.14
               Mean episode length: 832.94
           Episode_Reward/progress: 2.7329
              Episode_Reward/alive: 0.4361
            Episode_Reward/upright: 0.0841
     Episode_Reward/move_to_target: 0.4305
          Episode_Reward/action_l2: -0.0178
             Episode_Reward/energy: -0.5946
   Episode_Reward/joint_pos_limits: -0.2749
      Episode_Termination/time_out: 0.7172
  Episode_Termination/torso_height: 0.2828
--------------------------------------------------------------------------------
                   Total timesteps: 2031616
                    Iteration time: 0.39s
                      Time elapsed: 00:00:47
                               ETA: 00:02:25

################################################################################
                      [1m Learning iteration 124/500 [0m                      

                       Computation: 41751 steps/s (collection: 0.308s, learning 0.085s)
             Mean action noise std: 0.31
          Mean value_function loss: 0.0445
               Mean surrogate loss: -0.0048
                 Mean entropy loss: 1.8702
                       Mean reward: 44.04
               Mean episode length: 838.67
           Episode_Reward/progress: 2.8403
              Episode_Reward/alive: 0.4536
            Episode_Reward/upright: 0.0873
     Episode_Reward/move_to_target: 0.4484
          Episode_Reward/action_l2: -0.0186
             Episode_Reward/energy: -0.6047
   Episode_Reward/joint_pos_limits: -0.2897
      Episode_Termination/time_out: 0.7185
  Episode_Termination/torso_height: 0.2815
--------------------------------------------------------------------------------
                   Total timesteps: 2048000
                    Iteration time: 0.39s
                      Time elapsed: 00:00:48
                               ETA: 00:02:25

################################################################################
                      [1m Learning iteration 125/500 [0m                      

                       Computation: 44285 steps/s (collection: 0.292s, learning 0.078s)
             Mean action noise std: 0.31
          Mean value_function loss: 0.0705
               Mean surrogate loss: -0.0061
                 Mean entropy loss: 1.8320
                       Mean reward: 45.79
               Mean episode length: 857.82
           Episode_Reward/progress: 2.9333
              Episode_Reward/alive: 0.4624
            Episode_Reward/upright: 0.0905
     Episode_Reward/move_to_target: 0.4569
          Episode_Reward/action_l2: -0.0189
             Episode_Reward/energy: -0.6211
   Episode_Reward/joint_pos_limits: -0.2942
      Episode_Termination/time_out: 0.7316
  Episode_Termination/torso_height: 0.2684
--------------------------------------------------------------------------------
                   Total timesteps: 2064384
                    Iteration time: 0.37s
                      Time elapsed: 00:00:48
                               ETA: 00:02:24

################################################################################
                      [1m Learning iteration 126/500 [0m                      

                       Computation: 40558 steps/s (collection: 0.310s, learning 0.093s)
             Mean action noise std: 0.31
          Mean value_function loss: 0.0477
               Mean surrogate loss: -0.0063
                 Mean entropy loss: 1.8238
                       Mean reward: 46.66
               Mean episode length: 858.22
           Episode_Reward/progress: 2.9182
              Episode_Reward/alive: 0.4527
            Episode_Reward/upright: 0.0889
     Episode_Reward/move_to_target: 0.4466
          Episode_Reward/action_l2: -0.0186
             Episode_Reward/energy: -0.6062
   Episode_Reward/joint_pos_limits: -0.2902
      Episode_Termination/time_out: 0.7398
  Episode_Termination/torso_height: 0.2602
--------------------------------------------------------------------------------
                   Total timesteps: 2080768
                    Iteration time: 0.40s
                      Time elapsed: 00:00:48
                               ETA: 00:02:24

################################################################################
                      [1m Learning iteration 127/500 [0m                      

                       Computation: 43871 steps/s (collection: 0.286s, learning 0.088s)
             Mean action noise std: 0.31
          Mean value_function loss: 0.0478
               Mean surrogate loss: -0.0075
                 Mean entropy loss: 1.7980
                       Mean reward: 48.70
               Mean episode length: 876.38
           Episode_Reward/progress: 3.2013
              Episode_Reward/alive: 0.4813
            Episode_Reward/upright: 0.0937
     Episode_Reward/move_to_target: 0.4776
          Episode_Reward/action_l2: -0.0197
             Episode_Reward/energy: -0.6433
   Episode_Reward/joint_pos_limits: -0.3081
      Episode_Termination/time_out: 0.7375
  Episode_Termination/torso_height: 0.2625
--------------------------------------------------------------------------------
                   Total timesteps: 2097152
                    Iteration time: 0.37s
                      Time elapsed: 00:00:49
                               ETA: 00:02:23

################################################################################
                      [1m Learning iteration 128/500 [0m                      

                       Computation: 42895 steps/s (collection: 0.308s, learning 0.074s)
             Mean action noise std: 0.31
          Mean value_function loss: 0.0525
               Mean surrogate loss: -0.0083
                 Mean entropy loss: 1.7604
                       Mean reward: 46.61
               Mean episode length: 837.06
           Episode_Reward/progress: 2.9097
              Episode_Reward/alive: 0.4469
            Episode_Reward/upright: 0.0878
     Episode_Reward/move_to_target: 0.4423
          Episode_Reward/action_l2: -0.0182
             Episode_Reward/energy: -0.6008
   Episode_Reward/joint_pos_limits: -0.2862
      Episode_Termination/time_out: 0.7457
  Episode_Termination/torso_height: 0.2543
--------------------------------------------------------------------------------
                   Total timesteps: 2113536
                    Iteration time: 0.38s
                      Time elapsed: 00:00:49
                               ETA: 00:02:23

################################################################################
                      [1m Learning iteration 129/500 [0m                      

                       Computation: 41772 steps/s (collection: 0.320s, learning 0.073s)
             Mean action noise std: 0.31
          Mean value_function loss: 0.0538
               Mean surrogate loss: -0.0055
                 Mean entropy loss: 1.7230
                       Mean reward: 47.90
               Mean episode length: 851.17
           Episode_Reward/progress: 3.0920
              Episode_Reward/alive: 0.4697
            Episode_Reward/upright: 0.0915
     Episode_Reward/move_to_target: 0.4630
          Episode_Reward/action_l2: -0.0191
             Episode_Reward/energy: -0.6354
   Episode_Reward/joint_pos_limits: -0.2991
      Episode_Termination/time_out: 0.7597
  Episode_Termination/torso_height: 0.2403
--------------------------------------------------------------------------------
                   Total timesteps: 2129920
                    Iteration time: 0.39s
                      Time elapsed: 00:00:50
                               ETA: 00:02:23

################################################################################
                      [1m Learning iteration 130/500 [0m                      

                       Computation: 43065 steps/s (collection: 0.299s, learning 0.081s)
             Mean action noise std: 0.30
          Mean value_function loss: 0.0464
               Mean surrogate loss: -0.0074
                 Mean entropy loss: 1.6919
                       Mean reward: 47.77
               Mean episode length: 842.43
           Episode_Reward/progress: 3.0778
              Episode_Reward/alive: 0.4545
            Episode_Reward/upright: 0.0884
     Episode_Reward/move_to_target: 0.4479
          Episode_Reward/action_l2: -0.0188
             Episode_Reward/energy: -0.6203
   Episode_Reward/joint_pos_limits: -0.2891
      Episode_Termination/time_out: 0.7704
  Episode_Termination/torso_height: 0.2296
--------------------------------------------------------------------------------
                   Total timesteps: 2146304
                    Iteration time: 0.38s
                      Time elapsed: 00:00:50
                               ETA: 00:02:22

################################################################################
                      [1m Learning iteration 131/500 [0m                      

                       Computation: 42379 steps/s (collection: 0.295s, learning 0.091s)
             Mean action noise std: 0.30
          Mean value_function loss: 0.0301
               Mean surrogate loss: -0.0056
                 Mean entropy loss: 1.6641
                       Mean reward: 50.65
               Mean episode length: 876.79
           Episode_Reward/progress: 3.2093
              Episode_Reward/alive: 0.4701
            Episode_Reward/upright: 0.0919
     Episode_Reward/move_to_target: 0.4651
          Episode_Reward/action_l2: -0.0194
             Episode_Reward/energy: -0.6409
   Episode_Reward/joint_pos_limits: -0.3002
      Episode_Termination/time_out: 0.7826
  Episode_Termination/torso_height: 0.2174
--------------------------------------------------------------------------------
                   Total timesteps: 2162688
                    Iteration time: 0.39s
                      Time elapsed: 00:00:50
                               ETA: 00:02:22

################################################################################
                      [1m Learning iteration 132/500 [0m                      

                       Computation: 41169 steps/s (collection: 0.296s, learning 0.102s)
             Mean action noise std: 0.30
          Mean value_function loss: 0.0414
               Mean surrogate loss: -0.0036
                 Mean entropy loss: 1.6180
                       Mean reward: 52.24
               Mean episode length: 893.47
           Episode_Reward/progress: 3.3645
              Episode_Reward/alive: 0.4798
            Episode_Reward/upright: 0.0945
     Episode_Reward/move_to_target: 0.4770
          Episode_Reward/action_l2: -0.0197
             Episode_Reward/energy: -0.6564
   Episode_Reward/joint_pos_limits: -0.3057
      Episode_Termination/time_out: 0.8026
  Episode_Termination/torso_height: 0.1974
--------------------------------------------------------------------------------
                   Total timesteps: 2179072
                    Iteration time: 0.40s
                      Time elapsed: 00:00:51
                               ETA: 00:02:21

################################################################################
                      [1m Learning iteration 133/500 [0m                      

                       Computation: 39529 steps/s (collection: 0.317s, learning 0.098s)
             Mean action noise std: 0.30
          Mean value_function loss: 0.0393
               Mean surrogate loss: -0.0071
                 Mean entropy loss: 1.5626
                       Mean reward: 54.69
               Mean episode length: 919.78
           Episode_Reward/progress: 3.6411
              Episode_Reward/alive: 0.4994
            Episode_Reward/upright: 0.0992
     Episode_Reward/move_to_target: 0.4970
          Episode_Reward/action_l2: -0.0208
             Episode_Reward/energy: -0.6916
   Episode_Reward/joint_pos_limits: -0.3165
      Episode_Termination/time_out: 0.8162
  Episode_Termination/torso_height: 0.1838
--------------------------------------------------------------------------------
                   Total timesteps: 2195456
                    Iteration time: 0.41s
                      Time elapsed: 00:00:51
                               ETA: 00:02:21

################################################################################
                      [1m Learning iteration 134/500 [0m                      

                       Computation: 43624 steps/s (collection: 0.284s, learning 0.091s)
             Mean action noise std: 0.30
          Mean value_function loss: 0.0324
               Mean surrogate loss: -0.0055
                 Mean entropy loss: 1.4892
                       Mean reward: 55.06
               Mean episode length: 915.56
           Episode_Reward/progress: 3.3775
              Episode_Reward/alive: 0.4712
            Episode_Reward/upright: 0.0928
     Episode_Reward/move_to_target: 0.4681
          Episode_Reward/action_l2: -0.0195
             Episode_Reward/energy: -0.6540
   Episode_Reward/joint_pos_limits: -0.2988
      Episode_Termination/time_out: 0.8234
  Episode_Termination/torso_height: 0.1766
--------------------------------------------------------------------------------
                   Total timesteps: 2211840
                    Iteration time: 0.38s
                      Time elapsed: 00:00:52
                               ETA: 00:02:21

################################################################################
                      [1m Learning iteration 135/500 [0m                      

                       Computation: 44906 steps/s (collection: 0.284s, learning 0.080s)
             Mean action noise std: 0.29
          Mean value_function loss: 0.0288
               Mean surrogate loss: -0.0048
                 Mean entropy loss: 1.4362
                       Mean reward: 53.02
               Mean episode length: 882.39
           Episode_Reward/progress: 2.4811
              Episode_Reward/alive: 0.3586
            Episode_Reward/upright: 0.0691
     Episode_Reward/move_to_target: 0.3513
          Episode_Reward/action_l2: -0.0148
             Episode_Reward/energy: -0.4806
   Episode_Reward/joint_pos_limits: -0.2325
      Episode_Termination/time_out: 0.8230
  Episode_Termination/torso_height: 0.1770
--------------------------------------------------------------------------------
                   Total timesteps: 2228224
                    Iteration time: 0.36s
                      Time elapsed: 00:00:52
                               ETA: 00:02:20

################################################################################
                      [1m Learning iteration 136/500 [0m                      

                       Computation: 39122 steps/s (collection: 0.334s, learning 0.085s)
             Mean action noise std: 0.29
          Mean value_function loss: 0.0356
               Mean surrogate loss: -0.0062
                 Mean entropy loss: 1.3744
                       Mean reward: 52.03
               Mean episode length: 859.50
           Episode_Reward/progress: 2.9735
              Episode_Reward/alive: 0.4027
            Episode_Reward/upright: 0.0787
     Episode_Reward/move_to_target: 0.3969
          Episode_Reward/action_l2: -0.0169
             Episode_Reward/energy: -0.5599
   Episode_Reward/joint_pos_limits: -0.2552
      Episode_Termination/time_out: 0.8214
  Episode_Termination/torso_height: 0.1786
--------------------------------------------------------------------------------
                   Total timesteps: 2244608
                    Iteration time: 0.42s
                      Time elapsed: 00:00:52
                               ETA: 00:02:20

################################################################################
                      [1m Learning iteration 137/500 [0m                      

                       Computation: 47544 steps/s (collection: 0.277s, learning 0.068s)
             Mean action noise std: 0.29
          Mean value_function loss: 0.0422
               Mean surrogate loss: -0.0038
                 Mean entropy loss: 1.3192
                       Mean reward: 51.56
               Mean episode length: 849.13
           Episode_Reward/progress: 3.0875
              Episode_Reward/alive: 0.4251
            Episode_Reward/upright: 0.0841
     Episode_Reward/move_to_target: 0.4215
          Episode_Reward/action_l2: -0.0177
             Episode_Reward/energy: -0.5978
   Episode_Reward/joint_pos_limits: -0.2690
      Episode_Termination/time_out: 0.8196
  Episode_Termination/torso_height: 0.1804
--------------------------------------------------------------------------------
                   Total timesteps: 2260992
                    Iteration time: 0.34s
                      Time elapsed: 00:00:53
                               ETA: 00:02:20

################################################################################
                      [1m Learning iteration 138/500 [0m                      

                       Computation: 46200 steps/s (collection: 0.258s, learning 0.097s)
             Mean action noise std: 0.29
          Mean value_function loss: 0.0352
               Mean surrogate loss: -0.0071
                 Mean entropy loss: 1.2803
                       Mean reward: 49.74
               Mean episode length: 814.21
           Episode_Reward/progress: 2.8911
              Episode_Reward/alive: 0.4033
            Episode_Reward/upright: 0.0772
     Episode_Reward/move_to_target: 0.3964
          Episode_Reward/action_l2: -0.0167
             Episode_Reward/energy: -0.5589
   Episode_Reward/joint_pos_limits: -0.2575
      Episode_Termination/time_out: 0.8165
  Episode_Termination/torso_height: 0.1835
--------------------------------------------------------------------------------
                   Total timesteps: 2277376
                    Iteration time: 0.35s
                      Time elapsed: 00:00:53
                               ETA: 00:02:19

################################################################################
                      [1m Learning iteration 139/500 [0m                      

                       Computation: 45803 steps/s (collection: 0.265s, learning 0.093s)
             Mean action noise std: 0.29
          Mean value_function loss: 0.0459
               Mean surrogate loss: -0.0075
                 Mean entropy loss: 1.2591
                       Mean reward: 49.81
               Mean episode length: 807.05
           Episode_Reward/progress: 3.3635
              Episode_Reward/alive: 0.4474
            Episode_Reward/upright: 0.0883
     Episode_Reward/move_to_target: 0.4422
          Episode_Reward/action_l2: -0.0190
             Episode_Reward/energy: -0.6435
   Episode_Reward/joint_pos_limits: -0.2825
      Episode_Termination/time_out: 0.8154
  Episode_Termination/torso_height: 0.1846
--------------------------------------------------------------------------------
                   Total timesteps: 2293760
                    Iteration time: 0.36s
                      Time elapsed: 00:00:53
                               ETA: 00:02:19

################################################################################
                      [1m Learning iteration 140/500 [0m                      

                       Computation: 46379 steps/s (collection: 0.254s, learning 0.099s)
             Mean action noise std: 0.29
          Mean value_function loss: 0.0344
               Mean surrogate loss: -0.0040
                 Mean entropy loss: 1.2287
                       Mean reward: 49.58
               Mean episode length: 800.88
           Episode_Reward/progress: 3.1849
              Episode_Reward/alive: 0.4257
            Episode_Reward/upright: 0.0834
     Episode_Reward/move_to_target: 0.4196
          Episode_Reward/action_l2: -0.0178
             Episode_Reward/energy: -0.6036
   Episode_Reward/joint_pos_limits: -0.2672
      Episode_Termination/time_out: 0.8185
  Episode_Termination/torso_height: 0.1815
--------------------------------------------------------------------------------
                   Total timesteps: 2310144
                    Iteration time: 0.35s
                      Time elapsed: 00:00:54
                               ETA: 00:02:18

################################################################################
                      [1m Learning iteration 141/500 [0m                      

                       Computation: 47992 steps/s (collection: 0.259s, learning 0.083s)
             Mean action noise std: 0.29
          Mean value_function loss: 0.0299
               Mean surrogate loss: -0.0067
                 Mean entropy loss: 1.1978
                       Mean reward: 49.67
               Mean episode length: 801.01
           Episode_Reward/progress: 3.5707
              Episode_Reward/alive: 0.4787
            Episode_Reward/upright: 0.0940
     Episode_Reward/move_to_target: 0.4733
          Episode_Reward/action_l2: -0.0202
             Episode_Reward/energy: -0.6962
   Episode_Reward/joint_pos_limits: -0.2987
      Episode_Termination/time_out: 0.8239
  Episode_Termination/torso_height: 0.1761
--------------------------------------------------------------------------------
                   Total timesteps: 2326528
                    Iteration time: 0.34s
                      Time elapsed: 00:00:54
                               ETA: 00:02:18

################################################################################
                      [1m Learning iteration 142/500 [0m                      

                       Computation: 50774 steps/s (collection: 0.244s, learning 0.079s)
             Mean action noise std: 0.29
          Mean value_function loss: 0.0394
               Mean surrogate loss: -0.0065
                 Mean entropy loss: 1.1577
                       Mean reward: 49.58
               Mean episode length: 794.57
           Episode_Reward/progress: 2.8441
              Episode_Reward/alive: 0.3740
            Episode_Reward/upright: 0.0719
     Episode_Reward/move_to_target: 0.3617
          Episode_Reward/action_l2: -0.0158
             Episode_Reward/energy: -0.5372
   Episode_Reward/joint_pos_limits: -0.2353
      Episode_Termination/time_out: 0.8224
  Episode_Termination/torso_height: 0.1776
--------------------------------------------------------------------------------
                   Total timesteps: 2342912
                    Iteration time: 0.32s
                      Time elapsed: 00:00:54
                               ETA: 00:02:17

################################################################################
                      [1m Learning iteration 143/500 [0m                      

                       Computation: 46865 steps/s (collection: 0.259s, learning 0.090s)
             Mean action noise std: 0.28
          Mean value_function loss: 0.0434
               Mean surrogate loss: -0.0049
                 Mean entropy loss: 1.1245
                       Mean reward: 50.34
               Mean episode length: 801.35
           Episode_Reward/progress: 3.4268
              Episode_Reward/alive: 0.4420
            Episode_Reward/upright: 0.0873
     Episode_Reward/move_to_target: 0.4372
          Episode_Reward/action_l2: -0.0187
             Episode_Reward/energy: -0.6401
   Episode_Reward/joint_pos_limits: -0.2782
      Episode_Termination/time_out: 0.8203
  Episode_Termination/torso_height: 0.1797
--------------------------------------------------------------------------------
                   Total timesteps: 2359296
                    Iteration time: 0.35s
                      Time elapsed: 00:00:55
                               ETA: 00:02:17

################################################################################
                      [1m Learning iteration 144/500 [0m                      

                       Computation: 49334 steps/s (collection: 0.246s, learning 0.086s)
             Mean action noise std: 0.28
          Mean value_function loss: 0.0518
               Mean surrogate loss: -0.0061
                 Mean entropy loss: 1.0833
                       Mean reward: 52.02
               Mean episode length: 823.42
           Episode_Reward/progress: 3.7038
              Episode_Reward/alive: 0.4756
            Episode_Reward/upright: 0.0927
     Episode_Reward/move_to_target: 0.4696
          Episode_Reward/action_l2: -0.0201
             Episode_Reward/energy: -0.6971
   Episode_Reward/joint_pos_limits: -0.2956
      Episode_Termination/time_out: 0.8212
  Episode_Termination/torso_height: 0.1788
--------------------------------------------------------------------------------
                   Total timesteps: 2375680
                    Iteration time: 0.33s
                      Time elapsed: 00:00:55
                               ETA: 00:02:16

################################################################################
                      [1m Learning iteration 145/500 [0m                      

                       Computation: 45092 steps/s (collection: 0.287s, learning 0.077s)
             Mean action noise std: 0.28
          Mean value_function loss: 0.0890
               Mean surrogate loss: -0.0029
                 Mean entropy loss: 1.0579
                       Mean reward: 51.40
               Mean episode length: 815.63
           Episode_Reward/progress: 2.7919
              Episode_Reward/alive: 0.3678
            Episode_Reward/upright: 0.0716
     Episode_Reward/move_to_target: 0.3581
          Episode_Reward/action_l2: -0.0157
             Episode_Reward/energy: -0.5431
   Episode_Reward/joint_pos_limits: -0.2325
      Episode_Termination/time_out: 0.8198
  Episode_Termination/torso_height: 0.1802
--------------------------------------------------------------------------------
                   Total timesteps: 2392064
                    Iteration time: 0.36s
                      Time elapsed: 00:00:56
                               ETA: 00:02:16

################################################################################
                      [1m Learning iteration 146/500 [0m                      

                       Computation: 43627 steps/s (collection: 0.292s, learning 0.083s)
             Mean action noise std: 0.28
          Mean value_function loss: 0.0746
               Mean surrogate loss: -0.0063
                 Mean entropy loss: 1.0402
                       Mean reward: 52.79
               Mean episode length: 829.65
           Episode_Reward/progress: 3.5628
              Episode_Reward/alive: 0.4481
            Episode_Reward/upright: 0.0875
     Episode_Reward/move_to_target: 0.4428
          Episode_Reward/action_l2: -0.0190
             Episode_Reward/energy: -0.6608
   Episode_Reward/joint_pos_limits: -0.2788
      Episode_Termination/time_out: 0.8172
  Episode_Termination/torso_height: 0.1828
--------------------------------------------------------------------------------
                   Total timesteps: 2408448
                    Iteration time: 0.38s
                      Time elapsed: 00:00:56
                               ETA: 00:02:15

################################################################################
                      [1m Learning iteration 147/500 [0m                      

                       Computation: 40195 steps/s (collection: 0.313s, learning 0.094s)
             Mean action noise std: 0.28
          Mean value_function loss: 0.0365
               Mean surrogate loss: -0.0067
                 Mean entropy loss: 1.0145
                       Mean reward: 53.13
               Mean episode length: 829.03
           Episode_Reward/progress: 3.5630
              Episode_Reward/alive: 0.4548
            Episode_Reward/upright: 0.0892
     Episode_Reward/move_to_target: 0.4488
          Episode_Reward/action_l2: -0.0193
             Episode_Reward/energy: -0.6720
   Episode_Reward/joint_pos_limits: -0.2856
      Episode_Termination/time_out: 0.8146
  Episode_Termination/torso_height: 0.1854
--------------------------------------------------------------------------------
                   Total timesteps: 2424832
                    Iteration time: 0.41s
                      Time elapsed: 00:00:56
                               ETA: 00:02:15

################################################################################
                      [1m Learning iteration 148/500 [0m                      

                       Computation: 47739 steps/s (collection: 0.272s, learning 0.071s)
             Mean action noise std: 0.28
          Mean value_function loss: 0.0489
               Mean surrogate loss: -0.0043
                 Mean entropy loss: 0.9526
                       Mean reward: 52.66
               Mean episode length: 818.68
           Episode_Reward/progress: 2.9797
              Episode_Reward/alive: 0.3950
            Episode_Reward/upright: 0.0736
     Episode_Reward/move_to_target: 0.3790
          Episode_Reward/action_l2: -0.0168
             Episode_Reward/energy: -0.5667
   Episode_Reward/joint_pos_limits: -0.2501
      Episode_Termination/time_out: 0.8127
  Episode_Termination/torso_height: 0.1873
--------------------------------------------------------------------------------
                   Total timesteps: 2441216
                    Iteration time: 0.34s
                      Time elapsed: 00:00:57
                               ETA: 00:02:14

################################################################################
                      [1m Learning iteration 149/500 [0m                      

                       Computation: 50771 steps/s (collection: 0.251s, learning 0.072s)
             Mean action noise std: 0.28
          Mean value_function loss: 0.0690
               Mean surrogate loss: -0.0080
                 Mean entropy loss: 0.9242
                       Mean reward: 53.23
               Mean episode length: 818.43
           Episode_Reward/progress: 3.3032
              Episode_Reward/alive: 0.4153
            Episode_Reward/upright: 0.0808
     Episode_Reward/move_to_target: 0.4079
          Episode_Reward/action_l2: -0.0178
             Episode_Reward/energy: -0.6150
   Episode_Reward/joint_pos_limits: -0.2632
      Episode_Termination/time_out: 0.8161
  Episode_Termination/torso_height: 0.1839
--------------------------------------------------------------------------------
                   Total timesteps: 2457600
                    Iteration time: 0.32s
                      Time elapsed: 00:00:57
                               ETA: 00:02:14

################################################################################
                      [1m Learning iteration 150/500 [0m                      

                       Computation: 48265 steps/s (collection: 0.260s, learning 0.079s)
             Mean action noise std: 0.28
          Mean value_function loss: 0.0846
               Mean surrogate loss: -0.0055
                 Mean entropy loss: 0.8932
                       Mean reward: 53.90
               Mean episode length: 824.37
           Episode_Reward/progress: 3.5301
              Episode_Reward/alive: 0.4463
            Episode_Reward/upright: 0.0872
     Episode_Reward/move_to_target: 0.4391
          Episode_Reward/action_l2: -0.0192
             Episode_Reward/energy: -0.6657
   Episode_Reward/joint_pos_limits: -0.2835
      Episode_Termination/time_out: 0.8240
  Episode_Termination/torso_height: 0.1760
--------------------------------------------------------------------------------
                   Total timesteps: 2473984
                    Iteration time: 0.34s
                      Time elapsed: 00:00:57
                               ETA: 00:02:13

################################################################################
                      [1m Learning iteration 151/500 [0m                      

                       Computation: 44804 steps/s (collection: 0.275s, learning 0.091s)
             Mean action noise std: 0.28
          Mean value_function loss: 0.0608
               Mean surrogate loss: -0.0066
                 Mean entropy loss: 0.8679
                       Mean reward: 53.65
               Mean episode length: 815.14
           Episode_Reward/progress: 2.9524
              Episode_Reward/alive: 0.3808
            Episode_Reward/upright: 0.0720
     Episode_Reward/move_to_target: 0.3708
          Episode_Reward/action_l2: -0.0160
             Episode_Reward/energy: -0.5563
   Episode_Reward/joint_pos_limits: -0.2397
      Episode_Termination/time_out: 0.8192
  Episode_Termination/torso_height: 0.1808
--------------------------------------------------------------------------------
                   Total timesteps: 2490368
                    Iteration time: 0.37s
                      Time elapsed: 00:00:58
                               ETA: 00:02:13

################################################################################
                      [1m Learning iteration 152/500 [0m                      

                       Computation: 45963 steps/s (collection: 0.266s, learning 0.091s)
             Mean action noise std: 0.28
          Mean value_function loss: 0.0525
               Mean surrogate loss: -0.0022
                 Mean entropy loss: 0.8475
                       Mean reward: 55.30
               Mean episode length: 831.84
           Episode_Reward/progress: 3.4953
              Episode_Reward/alive: 0.4353
            Episode_Reward/upright: 0.0853
     Episode_Reward/move_to_target: 0.4292
          Episode_Reward/action_l2: -0.0186
             Episode_Reward/energy: -0.6423
   Episode_Reward/joint_pos_limits: -0.2748
      Episode_Termination/time_out: 0.8162
  Episode_Termination/torso_height: 0.1838
--------------------------------------------------------------------------------
                   Total timesteps: 2506752
                    Iteration time: 0.36s
                      Time elapsed: 00:00:58
                               ETA: 00:02:13

################################################################################
                      [1m Learning iteration 153/500 [0m                      

                       Computation: 44681 steps/s (collection: 0.272s, learning 0.095s)
             Mean action noise std: 0.27
          Mean value_function loss: 0.0516
               Mean surrogate loss: -0.0081
                 Mean entropy loss: 0.8203
                       Mean reward: 57.65
               Mean episode length: 854.88
           Episode_Reward/progress: 4.0031
              Episode_Reward/alive: 0.4821
            Episode_Reward/upright: 0.0960
     Episode_Reward/move_to_target: 0.4779
          Episode_Reward/action_l2: -0.0208
             Episode_Reward/energy: -0.7238
   Episode_Reward/joint_pos_limits: -0.3046
      Episode_Termination/time_out: 0.8174
  Episode_Termination/torso_height: 0.1826
--------------------------------------------------------------------------------
                   Total timesteps: 2523136
                    Iteration time: 0.37s
                      Time elapsed: 00:00:58
                               ETA: 00:02:12

################################################################################
                      [1m Learning iteration 154/500 [0m                      

                       Computation: 47572 steps/s (collection: 0.257s, learning 0.087s)
             Mean action noise std: 0.27
          Mean value_function loss: 0.0454
               Mean surrogate loss: -0.0063
                 Mean entropy loss: 0.7942
                       Mean reward: 56.15
               Mean episode length: 828.22
           Episode_Reward/progress: 3.4638
              Episode_Reward/alive: 0.4181
            Episode_Reward/upright: 0.0816
     Episode_Reward/move_to_target: 0.4132
          Episode_Reward/action_l2: -0.0181
             Episode_Reward/energy: -0.6208
   Episode_Reward/joint_pos_limits: -0.2685
      Episode_Termination/time_out: 0.8220
  Episode_Termination/torso_height: 0.1780
--------------------------------------------------------------------------------
                   Total timesteps: 2539520
                    Iteration time: 0.34s
                      Time elapsed: 00:00:59
                               ETA: 00:02:12

################################################################################
                      [1m Learning iteration 155/500 [0m                      

                       Computation: 48592 steps/s (collection: 0.249s, learning 0.088s)
             Mean action noise std: 0.27
          Mean value_function loss: 0.0944
               Mean surrogate loss: -0.0061
                 Mean entropy loss: 0.7513
                       Mean reward: 58.03
               Mean episode length: 846.48
           Episode_Reward/progress: 3.5402
              Episode_Reward/alive: 0.4333
            Episode_Reward/upright: 0.0848
     Episode_Reward/move_to_target: 0.4293
          Episode_Reward/action_l2: -0.0189
             Episode_Reward/energy: -0.6552
   Episode_Reward/joint_pos_limits: -0.2747
      Episode_Termination/time_out: 0.8170
  Episode_Termination/torso_height: 0.1830
--------------------------------------------------------------------------------
                   Total timesteps: 2555904
                    Iteration time: 0.34s
                      Time elapsed: 00:00:59
                               ETA: 00:02:11

################################################################################
                      [1m Learning iteration 156/500 [0m                      

                       Computation: 45447 steps/s (collection: 0.273s, learning 0.088s)
             Mean action noise std: 0.27
          Mean value_function loss: 0.0639
               Mean surrogate loss: -0.0064
                 Mean entropy loss: 0.7251
                       Mean reward: 59.50
               Mean episode length: 849.02
           Episode_Reward/progress: 3.8142
              Episode_Reward/alive: 0.4454
            Episode_Reward/upright: 0.0880
     Episode_Reward/move_to_target: 0.4393
          Episode_Reward/action_l2: -0.0194
             Episode_Reward/energy: -0.6769
   Episode_Reward/joint_pos_limits: -0.2819
      Episode_Termination/time_out: 0.8201
  Episode_Termination/torso_height: 0.1799
--------------------------------------------------------------------------------
                   Total timesteps: 2572288
                    Iteration time: 0.36s
                      Time elapsed: 00:00:59
                               ETA: 00:02:11

################################################################################
                      [1m Learning iteration 157/500 [0m                      

                       Computation: 41294 steps/s (collection: 0.300s, learning 0.096s)
             Mean action noise std: 0.27
          Mean value_function loss: 0.0626
               Mean surrogate loss: -0.0072
                 Mean entropy loss: 0.6977
                       Mean reward: 58.63
               Mean episode length: 836.25
           Episode_Reward/progress: 3.7948
              Episode_Reward/alive: 0.4427
            Episode_Reward/upright: 0.0873
     Episode_Reward/move_to_target: 0.4377
          Episode_Reward/action_l2: -0.0194
             Episode_Reward/energy: -0.6739
   Episode_Reward/joint_pos_limits: -0.2802
      Episode_Termination/time_out: 0.8215
  Episode_Termination/torso_height: 0.1785
--------------------------------------------------------------------------------
                   Total timesteps: 2588672
                    Iteration time: 0.40s
                      Time elapsed: 00:01:00
                               ETA: 00:02:10

################################################################################
                      [1m Learning iteration 158/500 [0m                      

                       Computation: 41012 steps/s (collection: 0.302s, learning 0.097s)
             Mean action noise std: 0.27
          Mean value_function loss: 0.0670
               Mean surrogate loss: -0.0080
                 Mean entropy loss: 0.6545
                       Mean reward: 59.39
               Mean episode length: 844.89
           Episode_Reward/progress: 3.9096
              Episode_Reward/alive: 0.4681
            Episode_Reward/upright: 0.0918
     Episode_Reward/move_to_target: 0.4633
          Episode_Reward/action_l2: -0.0204
             Episode_Reward/energy: -0.6987
   Episode_Reward/joint_pos_limits: -0.3015
      Episode_Termination/time_out: 0.8204
  Episode_Termination/torso_height: 0.1796
--------------------------------------------------------------------------------
                   Total timesteps: 2605056
                    Iteration time: 0.40s
                      Time elapsed: 00:01:00
                               ETA: 00:02:10

################################################################################
                      [1m Learning iteration 159/500 [0m                      

                       Computation: 41646 steps/s (collection: 0.301s, learning 0.092s)
             Mean action noise std: 0.27
          Mean value_function loss: 0.0763
               Mean surrogate loss: -0.0067
                 Mean entropy loss: 0.6166
                       Mean reward: 58.19
               Mean episode length: 829.93
           Episode_Reward/progress: 2.9460
              Episode_Reward/alive: 0.3580
            Episode_Reward/upright: 0.0684
     Episode_Reward/move_to_target: 0.3494
          Episode_Reward/action_l2: -0.0156
             Episode_Reward/energy: -0.5380
   Episode_Reward/joint_pos_limits: -0.2276
      Episode_Termination/time_out: 0.8236
  Episode_Termination/torso_height: 0.1764
--------------------------------------------------------------------------------
                   Total timesteps: 2621440
                    Iteration time: 0.39s
                      Time elapsed: 00:01:01
                               ETA: 00:02:10

################################################################################
                      [1m Learning iteration 160/500 [0m                      

                       Computation: 43682 steps/s (collection: 0.298s, learning 0.077s)
             Mean action noise std: 0.27
          Mean value_function loss: 0.0624
               Mean surrogate loss: -0.0064
                 Mean entropy loss: 0.5773
                       Mean reward: 57.85
               Mean episode length: 826.53
           Episode_Reward/progress: 3.4408
              Episode_Reward/alive: 0.4112
            Episode_Reward/upright: 0.0800
     Episode_Reward/move_to_target: 0.3851
          Episode_Reward/action_l2: -0.0181
             Episode_Reward/energy: -0.6061
   Episode_Reward/joint_pos_limits: -0.2661
      Episode_Termination/time_out: 0.8140
  Episode_Termination/torso_height: 0.1860
--------------------------------------------------------------------------------
                   Total timesteps: 2637824
                    Iteration time: 0.38s
                      Time elapsed: 00:01:01
                               ETA: 00:02:09

################################################################################
                      [1m Learning iteration 161/500 [0m                      

                       Computation: 45737 steps/s (collection: 0.276s, learning 0.082s)
             Mean action noise std: 0.27
          Mean value_function loss: 0.0611
               Mean surrogate loss: -0.0052
                 Mean entropy loss: 0.5434
                       Mean reward: 58.40
               Mean episode length: 826.51
           Episode_Reward/progress: 4.1632
              Episode_Reward/alive: 0.4741
            Episode_Reward/upright: 0.0938
     Episode_Reward/move_to_target: 0.4713
          Episode_Reward/action_l2: -0.0209
             Episode_Reward/energy: -0.7308
   Episode_Reward/joint_pos_limits: -0.3007
      Episode_Termination/time_out: 0.8107
  Episode_Termination/torso_height: 0.1893
--------------------------------------------------------------------------------
                   Total timesteps: 2654208
                    Iteration time: 0.36s
                      Time elapsed: 00:01:01
                               ETA: 00:02:09

################################################################################
                      [1m Learning iteration 162/500 [0m                      

                       Computation: 47781 steps/s (collection: 0.263s, learning 0.080s)
             Mean action noise std: 0.26
          Mean value_function loss: 0.0830
               Mean surrogate loss: -0.0063
                 Mean entropy loss: 0.5207
                       Mean reward: 56.18
               Mean episode length: 794.93
           Episode_Reward/progress: 3.5293
              Episode_Reward/alive: 0.4086
            Episode_Reward/upright: 0.0799
     Episode_Reward/move_to_target: 0.4008
          Episode_Reward/action_l2: -0.0182
             Episode_Reward/energy: -0.6354
   Episode_Reward/joint_pos_limits: -0.2602
      Episode_Termination/time_out: 0.8045
  Episode_Termination/torso_height: 0.1955
--------------------------------------------------------------------------------
                   Total timesteps: 2670592
                    Iteration time: 0.34s
                      Time elapsed: 00:01:02
                               ETA: 00:02:08

################################################################################
                      [1m Learning iteration 163/500 [0m                      

                       Computation: 44922 steps/s (collection: 0.284s, learning 0.081s)
             Mean action noise std: 0.26
          Mean value_function loss: 0.0693
               Mean surrogate loss: -0.0081
                 Mean entropy loss: 0.4854
                       Mean reward: 58.64
               Mean episode length: 821.07
           Episode_Reward/progress: 3.9225
              Episode_Reward/alive: 0.4427
            Episode_Reward/upright: 0.0870
     Episode_Reward/move_to_target: 0.4387
          Episode_Reward/action_l2: -0.0199
             Episode_Reward/energy: -0.6896
   Episode_Reward/joint_pos_limits: -0.2851
      Episode_Termination/time_out: 0.7973
  Episode_Termination/torso_height: 0.2027
--------------------------------------------------------------------------------
                   Total timesteps: 2686976
                    Iteration time: 0.36s
                      Time elapsed: 00:01:02
                               ETA: 00:02:08

################################################################################
                      [1m Learning iteration 164/500 [0m                      

                       Computation: 45735 steps/s (collection: 0.285s, learning 0.073s)
             Mean action noise std: 0.26
          Mean value_function loss: 0.0559
               Mean surrogate loss: -0.0019
                 Mean entropy loss: 0.4667
                       Mean reward: 59.18
               Mean episode length: 819.55
           Episode_Reward/progress: 3.2681
              Episode_Reward/alive: 0.3790
            Episode_Reward/upright: 0.0729
     Episode_Reward/move_to_target: 0.3753
          Episode_Reward/action_l2: -0.0169
             Episode_Reward/energy: -0.5736
   Episode_Reward/joint_pos_limits: -0.2458
      Episode_Termination/time_out: 0.7921
  Episode_Termination/torso_height: 0.2079
--------------------------------------------------------------------------------
                   Total timesteps: 2703360
                    Iteration time: 0.36s
                      Time elapsed: 00:01:02
                               ETA: 00:02:08

################################################################################
                      [1m Learning iteration 165/500 [0m                      

                       Computation: 45635 steps/s (collection: 0.283s, learning 0.076s)
             Mean action noise std: 0.26
          Mean value_function loss: 0.0747
               Mean surrogate loss: -0.0042
                 Mean entropy loss: 0.4466
                       Mean reward: 56.19
               Mean episode length: 778.52
           Episode_Reward/progress: 2.8502
              Episode_Reward/alive: 0.3299
            Episode_Reward/upright: 0.0634
     Episode_Reward/move_to_target: 0.3217
          Episode_Reward/action_l2: -0.0149
             Episode_Reward/energy: -0.5081
   Episode_Reward/joint_pos_limits: -0.2134
      Episode_Termination/time_out: 0.7870
  Episode_Termination/torso_height: 0.2130
--------------------------------------------------------------------------------
                   Total timesteps: 2719744
                    Iteration time: 0.36s
                      Time elapsed: 00:01:03
                               ETA: 00:02:07

################################################################################
                      [1m Learning iteration 166/500 [0m                      

                       Computation: 47039 steps/s (collection: 0.273s, learning 0.076s)
             Mean action noise std: 0.26
          Mean value_function loss: 0.0695
               Mean surrogate loss: -0.0064
                 Mean entropy loss: 0.4239
                       Mean reward: 54.57
               Mean episode length: 753.02
           Episode_Reward/progress: 2.9167
              Episode_Reward/alive: 0.3279
            Episode_Reward/upright: 0.0631
     Episode_Reward/move_to_target: 0.3205
          Episode_Reward/action_l2: -0.0147
             Episode_Reward/energy: -0.5036
   Episode_Reward/joint_pos_limits: -0.2123
      Episode_Termination/time_out: 0.7824
  Episode_Termination/torso_height: 0.2176
--------------------------------------------------------------------------------
                   Total timesteps: 2736128
                    Iteration time: 0.35s
                      Time elapsed: 00:01:03
                               ETA: 00:02:07

################################################################################
                      [1m Learning iteration 167/500 [0m                      

                       Computation: 44350 steps/s (collection: 0.288s, learning 0.082s)
             Mean action noise std: 0.26
          Mean value_function loss: 0.0658
               Mean surrogate loss: -0.0060
                 Mean entropy loss: 0.4068
                       Mean reward: 54.80
               Mean episode length: 756.50
           Episode_Reward/progress: 2.3989
              Episode_Reward/alive: 0.2895
            Episode_Reward/upright: 0.0529
     Episode_Reward/move_to_target: 0.2774
          Episode_Reward/action_l2: -0.0129
             Episode_Reward/energy: -0.4373
   Episode_Reward/joint_pos_limits: -0.1893
      Episode_Termination/time_out: 0.7770
  Episode_Termination/torso_height: 0.2230
--------------------------------------------------------------------------------
                   Total timesteps: 2752512
                    Iteration time: 0.37s
                      Time elapsed: 00:01:03
                               ETA: 00:02:06

################################################################################
                      [1m Learning iteration 168/500 [0m                      

                       Computation: 32863 steps/s (collection: 0.367s, learning 0.132s)
             Mean action noise std: 0.26
          Mean value_function loss: 0.0662
               Mean surrogate loss: -0.0047
                 Mean entropy loss: 0.4037
                       Mean reward: 54.92
               Mean episode length: 755.57
           Episode_Reward/progress: 3.7798
              Episode_Reward/alive: 0.4293
            Episode_Reward/upright: 0.0832
     Episode_Reward/move_to_target: 0.4227
          Episode_Reward/action_l2: -0.0195
             Episode_Reward/energy: -0.6753
   Episode_Reward/joint_pos_limits: -0.2799
      Episode_Termination/time_out: 0.7729
  Episode_Termination/torso_height: 0.2271
--------------------------------------------------------------------------------
                   Total timesteps: 2768896
                    Iteration time: 0.50s
                      Time elapsed: 00:01:04
                               ETA: 00:02:06

################################################################################
                      [1m Learning iteration 169/500 [0m                      

                       Computation: 35350 steps/s (collection: 0.341s, learning 0.123s)
             Mean action noise std: 0.26
          Mean value_function loss: 0.0546
               Mean surrogate loss: -0.0038
                 Mean entropy loss: 0.3837
                       Mean reward: 54.37
               Mean episode length: 746.06
           Episode_Reward/progress: 3.5441
              Episode_Reward/alive: 0.3995
            Episode_Reward/upright: 0.0777
     Episode_Reward/move_to_target: 0.3942
          Episode_Reward/action_l2: -0.0180
             Episode_Reward/energy: -0.6292
   Episode_Reward/joint_pos_limits: -0.2580
      Episode_Termination/time_out: 0.7706
  Episode_Termination/torso_height: 0.2294
--------------------------------------------------------------------------------
                   Total timesteps: 2785280
                    Iteration time: 0.46s
                      Time elapsed: 00:01:04
                               ETA: 00:02:06

################################################################################
                      [1m Learning iteration 170/500 [0m                      

                       Computation: 45899 steps/s (collection: 0.265s, learning 0.092s)
             Mean action noise std: 0.26
          Mean value_function loss: 0.0509
               Mean surrogate loss: -0.0062
                 Mean entropy loss: 0.3561
                       Mean reward: 53.42
               Mean episode length: 731.99
           Episode_Reward/progress: 3.9491
              Episode_Reward/alive: 0.4287
            Episode_Reward/upright: 0.0837
     Episode_Reward/move_to_target: 0.4218
          Episode_Reward/action_l2: -0.0198
             Episode_Reward/energy: -0.6887
   Episode_Reward/joint_pos_limits: -0.2778
      Episode_Termination/time_out: 0.7634
  Episode_Termination/torso_height: 0.2366
--------------------------------------------------------------------------------
                   Total timesteps: 2801664
                    Iteration time: 0.36s
                      Time elapsed: 00:01:05
                               ETA: 00:02:06

################################################################################
                      [1m Learning iteration 171/500 [0m                      

                       Computation: 42704 steps/s (collection: 0.288s, learning 0.096s)
             Mean action noise std: 0.26
          Mean value_function loss: 0.0724
               Mean surrogate loss: -0.0048
                 Mean entropy loss: 0.3061
                       Mean reward: 54.17
               Mean episode length: 741.25
           Episode_Reward/progress: 4.2966
              Episode_Reward/alive: 0.4766
            Episode_Reward/upright: 0.0939
     Episode_Reward/move_to_target: 0.4745
          Episode_Reward/action_l2: -0.0218
             Episode_Reward/energy: -0.7596
   Episode_Reward/joint_pos_limits: -0.3087
      Episode_Termination/time_out: 0.7615
  Episode_Termination/torso_height: 0.2385
--------------------------------------------------------------------------------
                   Total timesteps: 2818048
                    Iteration time: 0.38s
                      Time elapsed: 00:01:05
                               ETA: 00:02:05

################################################################################
                      [1m Learning iteration 172/500 [0m                      

                       Computation: 39710 steps/s (collection: 0.311s, learning 0.102s)
             Mean action noise std: 0.26
          Mean value_function loss: 0.1043
               Mean surrogate loss: -0.0040
                 Mean entropy loss: 0.2759
                       Mean reward: 56.29
               Mean episode length: 764.95
           Episode_Reward/progress: 4.1119
              Episode_Reward/alive: 0.4401
            Episode_Reward/upright: 0.0868
     Episode_Reward/move_to_target: 0.4354
          Episode_Reward/action_l2: -0.0205
             Episode_Reward/energy: -0.7164
   Episode_Reward/joint_pos_limits: -0.2872
      Episode_Termination/time_out: 0.7643
  Episode_Termination/torso_height: 0.2357
--------------------------------------------------------------------------------
                   Total timesteps: 2834432
                    Iteration time: 0.41s
                      Time elapsed: 00:01:06
                               ETA: 00:02:05

################################################################################
                      [1m Learning iteration 173/500 [0m                      

                       Computation: 45319 steps/s (collection: 0.263s, learning 0.098s)
             Mean action noise std: 0.26
          Mean value_function loss: 0.0715
               Mean surrogate loss: -0.0045
                 Mean entropy loss: 0.2385
                       Mean reward: 56.55
               Mean episode length: 766.86
           Episode_Reward/progress: 4.0104
              Episode_Reward/alive: 0.4385
            Episode_Reward/upright: 0.0856
     Episode_Reward/move_to_target: 0.4310
          Episode_Reward/action_l2: -0.0202
             Episode_Reward/energy: -0.7072
   Episode_Reward/joint_pos_limits: -0.2839
      Episode_Termination/time_out: 0.7613
  Episode_Termination/torso_height: 0.2387
--------------------------------------------------------------------------------
                   Total timesteps: 2850816
                    Iteration time: 0.36s
                      Time elapsed: 00:01:06
                               ETA: 00:02:04

################################################################################
                      [1m Learning iteration 174/500 [0m                      

                       Computation: 47489 steps/s (collection: 0.251s, learning 0.094s)
             Mean action noise std: 0.26
          Mean value_function loss: 0.0524
               Mean surrogate loss: -0.0010
                 Mean entropy loss: 0.2321
                       Mean reward: 57.63
               Mean episode length: 781.95
           Episode_Reward/progress: 3.7988
              Episode_Reward/alive: 0.4208
            Episode_Reward/upright: 0.0813
     Episode_Reward/move_to_target: 0.4112
          Episode_Reward/action_l2: -0.0193
             Episode_Reward/energy: -0.6724
   Episode_Reward/joint_pos_limits: -0.2752
      Episode_Termination/time_out: 0.7569
  Episode_Termination/torso_height: 0.2431
--------------------------------------------------------------------------------
                   Total timesteps: 2867200
                    Iteration time: 0.35s
                      Time elapsed: 00:01:06
                               ETA: 00:02:04

################################################################################
                      [1m Learning iteration 175/500 [0m                      

                       Computation: 43922 steps/s (collection: 0.274s, learning 0.099s)
             Mean action noise std: 0.26
          Mean value_function loss: 0.0869
               Mean surrogate loss: -0.0057
                 Mean entropy loss: 0.2273
                       Mean reward: 57.59
               Mean episode length: 781.32
           Episode_Reward/progress: 3.8815
              Episode_Reward/alive: 0.4329
            Episode_Reward/upright: 0.0839
     Episode_Reward/move_to_target: 0.4246
          Episode_Reward/action_l2: -0.0201
             Episode_Reward/energy: -0.6932
   Episode_Reward/joint_pos_limits: -0.2831
      Episode_Termination/time_out: 0.7540
  Episode_Termination/torso_height: 0.2460
--------------------------------------------------------------------------------
                   Total timesteps: 2883584
                    Iteration time: 0.37s
                      Time elapsed: 00:01:07
                               ETA: 00:02:04

################################################################################
                      [1m Learning iteration 176/500 [0m                      

                       Computation: 37090 steps/s (collection: 0.317s, learning 0.125s)
             Mean action noise std: 0.26
          Mean value_function loss: 0.0913
               Mean surrogate loss: -0.0042
                 Mean entropy loss: 0.2243
                       Mean reward: 59.51
               Mean episode length: 801.94
           Episode_Reward/progress: 4.1816
              Episode_Reward/alive: 0.4515
            Episode_Reward/upright: 0.0887
     Episode_Reward/move_to_target: 0.4456
          Episode_Reward/action_l2: -0.0210
             Episode_Reward/energy: -0.7342
   Episode_Reward/joint_pos_limits: -0.2967
      Episode_Termination/time_out: 0.7542
  Episode_Termination/torso_height: 0.2458
--------------------------------------------------------------------------------
                   Total timesteps: 2899968
                    Iteration time: 0.44s
                      Time elapsed: 00:01:07
                               ETA: 00:02:03

################################################################################
                      [1m Learning iteration 177/500 [0m                      

                       Computation: 35826 steps/s (collection: 0.336s, learning 0.121s)
             Mean action noise std: 0.26
          Mean value_function loss: 0.0792
               Mean surrogate loss: -0.0062
                 Mean entropy loss: 0.2005
                       Mean reward: 59.82
               Mean episode length: 802.61
           Episode_Reward/progress: 4.1004
              Episode_Reward/alive: 0.4444
            Episode_Reward/upright: 0.0874
     Episode_Reward/move_to_target: 0.4393
          Episode_Reward/action_l2: -0.0207
             Episode_Reward/energy: -0.7263
   Episode_Reward/joint_pos_limits: -0.2886
      Episode_Termination/time_out: 0.7524
  Episode_Termination/torso_height: 0.2476
--------------------------------------------------------------------------------
                   Total timesteps: 2916352
                    Iteration time: 0.46s
                      Time elapsed: 00:01:08
                               ETA: 00:02:03

################################################################################
                      [1m Learning iteration 178/500 [0m                      

                       Computation: 38966 steps/s (collection: 0.317s, learning 0.104s)
             Mean action noise std: 0.26
          Mean value_function loss: 0.0901
               Mean surrogate loss: -0.0053
                 Mean entropy loss: 0.1805
                       Mean reward: 61.91
               Mean episode length: 827.54
           Episode_Reward/progress: 4.2698
              Episode_Reward/alive: 0.4602
            Episode_Reward/upright: 0.0902
     Episode_Reward/move_to_target: 0.4539
          Episode_Reward/action_l2: -0.0216
             Episode_Reward/energy: -0.7556
   Episode_Reward/joint_pos_limits: -0.3030
      Episode_Termination/time_out: 0.7522
  Episode_Termination/torso_height: 0.2478
--------------------------------------------------------------------------------
                   Total timesteps: 2932736
                    Iteration time: 0.42s
                      Time elapsed: 00:01:08
                               ETA: 00:02:03

################################################################################
                      [1m Learning iteration 179/500 [0m                      

                       Computation: 44310 steps/s (collection: 0.269s, learning 0.101s)
             Mean action noise std: 0.25
          Mean value_function loss: 0.0843
               Mean surrogate loss: -0.0055
                 Mean entropy loss: 0.1621
                       Mean reward: 62.47
               Mean episode length: 831.21
           Episode_Reward/progress: 4.3733
              Episode_Reward/alive: 0.4583
            Episode_Reward/upright: 0.0903
     Episode_Reward/move_to_target: 0.4545
          Episode_Reward/action_l2: -0.0215
             Episode_Reward/energy: -0.7476
   Episode_Reward/joint_pos_limits: -0.3000
      Episode_Termination/time_out: 0.7495
  Episode_Termination/torso_height: 0.2505
--------------------------------------------------------------------------------
                   Total timesteps: 2949120
                    Iteration time: 0.37s
                      Time elapsed: 00:01:08
                               ETA: 00:02:02

################################################################################
                      [1m Learning iteration 180/500 [0m                      

                       Computation: 41845 steps/s (collection: 0.298s, learning 0.093s)
             Mean action noise std: 0.25
          Mean value_function loss: 0.0902
               Mean surrogate loss: -0.0077
                 Mean entropy loss: 0.1399
                       Mean reward: 62.35
               Mean episode length: 823.14
           Episode_Reward/progress: 4.1557
              Episode_Reward/alive: 0.4409
            Episode_Reward/upright: 0.0855
     Episode_Reward/move_to_target: 0.4356
          Episode_Reward/action_l2: -0.0205
             Episode_Reward/energy: -0.7152
   Episode_Reward/joint_pos_limits: -0.2887
      Episode_Termination/time_out: 0.7500
  Episode_Termination/torso_height: 0.2500
--------------------------------------------------------------------------------
                   Total timesteps: 2965504
                    Iteration time: 0.39s
                      Time elapsed: 00:01:09
                               ETA: 00:02:02

################################################################################
                      [1m Learning iteration 181/500 [0m                      

                       Computation: 43944 steps/s (collection: 0.267s, learning 0.106s)
             Mean action noise std: 0.25
          Mean value_function loss: 0.0818
               Mean surrogate loss: -0.0061
                 Mean entropy loss: 0.1024
                       Mean reward: 62.95
               Mean episode length: 829.45
           Episode_Reward/progress: 2.9925
              Episode_Reward/alive: 0.3417
            Episode_Reward/upright: 0.0636
     Episode_Reward/move_to_target: 0.3304
          Episode_Reward/action_l2: -0.0157
             Episode_Reward/energy: -0.5422
   Episode_Reward/joint_pos_limits: -0.2225
      Episode_Termination/time_out: 0.7532
  Episode_Termination/torso_height: 0.2468
--------------------------------------------------------------------------------
                   Total timesteps: 2981888
                    Iteration time: 0.37s
                      Time elapsed: 00:01:09
                               ETA: 00:02:02

################################################################################
                      [1m Learning iteration 182/500 [0m                      

                       Computation: 34427 steps/s (collection: 0.381s, learning 0.095s)
             Mean action noise std: 0.25
          Mean value_function loss: 0.0820
               Mean surrogate loss: -0.0045
                 Mean entropy loss: 0.0834
                       Mean reward: 61.12
               Mean episode length: 798.05
           Episode_Reward/progress: 3.5331
              Episode_Reward/alive: 0.3747
            Episode_Reward/upright: 0.0725
     Episode_Reward/move_to_target: 0.3640
          Episode_Reward/action_l2: -0.0176
             Episode_Reward/energy: -0.6074
   Episode_Reward/joint_pos_limits: -0.2453
      Episode_Termination/time_out: 0.7555
  Episode_Termination/torso_height: 0.2445
--------------------------------------------------------------------------------
                   Total timesteps: 2998272
                    Iteration time: 0.48s
                      Time elapsed: 00:01:10
                               ETA: 00:02:01

################################################################################
                      [1m Learning iteration 183/500 [0m                      

                       Computation: 40633 steps/s (collection: 0.310s, learning 0.093s)
             Mean action noise std: 0.25
          Mean value_function loss: 0.0875
               Mean surrogate loss: -0.0056
                 Mean entropy loss: 0.0734
                       Mean reward: 61.82
               Mean episode length: 798.26
           Episode_Reward/progress: 3.5283
              Episode_Reward/alive: 0.3652
            Episode_Reward/upright: 0.0716
     Episode_Reward/move_to_target: 0.3611
          Episode_Reward/action_l2: -0.0172
             Episode_Reward/energy: -0.6017
   Episode_Reward/joint_pos_limits: -0.2383
      Episode_Termination/time_out: 0.7532
  Episode_Termination/torso_height: 0.2468
--------------------------------------------------------------------------------
                   Total timesteps: 3014656
                    Iteration time: 0.40s
                      Time elapsed: 00:01:10
                               ETA: 00:02:01

################################################################################
                      [1m Learning iteration 184/500 [0m                      

                       Computation: 40816 steps/s (collection: 0.310s, learning 0.091s)
             Mean action noise std: 0.25
          Mean value_function loss: 0.0574
               Mean surrogate loss: -0.0047
                 Mean entropy loss: 0.0644
                       Mean reward: 61.27
               Mean episode length: 790.21
           Episode_Reward/progress: 4.4734
              Episode_Reward/alive: 0.4596
            Episode_Reward/upright: 0.0901
     Episode_Reward/move_to_target: 0.4532
          Episode_Reward/action_l2: -0.0218
             Episode_Reward/energy: -0.7672
   Episode_Reward/joint_pos_limits: -0.2999
      Episode_Termination/time_out: 0.7536
  Episode_Termination/torso_height: 0.2464
--------------------------------------------------------------------------------
                   Total timesteps: 3031040
                    Iteration time: 0.40s
                      Time elapsed: 00:01:10
                               ETA: 00:02:01

################################################################################
                      [1m Learning iteration 185/500 [0m                      

                       Computation: 49417 steps/s (collection: 0.243s, learning 0.089s)
             Mean action noise std: 0.25
          Mean value_function loss: 0.0714
               Mean surrogate loss: -0.0051
                 Mean entropy loss: 0.0405
                       Mean reward: 62.79
               Mean episode length: 805.04
           Episode_Reward/progress: 4.1365
              Episode_Reward/alive: 0.4270
            Episode_Reward/upright: 0.0842
     Episode_Reward/move_to_target: 0.4224
          Episode_Reward/action_l2: -0.0201
             Episode_Reward/energy: -0.7014
   Episode_Reward/joint_pos_limits: -0.2793
      Episode_Termination/time_out: 0.7522
  Episode_Termination/torso_height: 0.2478
--------------------------------------------------------------------------------
                   Total timesteps: 3047424
                    Iteration time: 0.33s
                      Time elapsed: 00:01:11
                               ETA: 00:02:00

################################################################################
                      [1m Learning iteration 186/500 [0m                      

                       Computation: 44592 steps/s (collection: 0.264s, learning 0.104s)
             Mean action noise std: 0.25
          Mean value_function loss: 0.0646
               Mean surrogate loss: -0.0063
                 Mean entropy loss: 0.0146
                       Mean reward: 68.18
               Mean episode length: 862.27
           Episode_Reward/progress: 4.2368
              Episode_Reward/alive: 0.4375
            Episode_Reward/upright: 0.0860
     Episode_Reward/move_to_target: 0.4327
          Episode_Reward/action_l2: -0.0207
             Episode_Reward/energy: -0.7289
   Episode_Reward/joint_pos_limits: -0.2845
      Episode_Termination/time_out: 0.7532
  Episode_Termination/torso_height: 0.2468
--------------------------------------------------------------------------------
                   Total timesteps: 3063808
                    Iteration time: 0.37s
                      Time elapsed: 00:01:11
                               ETA: 00:02:00

################################################################################
                      [1m Learning iteration 187/500 [0m                      

                       Computation: 42569 steps/s (collection: 0.294s, learning 0.091s)
             Mean action noise std: 0.25
          Mean value_function loss: 0.0805
               Mean surrogate loss: -0.0052
                 Mean entropy loss: -0.0171
                       Mean reward: 68.72
               Mean episode length: 872.95
           Episode_Reward/progress: 4.1056
              Episode_Reward/alive: 0.4336
            Episode_Reward/upright: 0.0853
     Episode_Reward/move_to_target: 0.4236
          Episode_Reward/action_l2: -0.0205
             Episode_Reward/energy: -0.7004
   Episode_Reward/joint_pos_limits: -0.2879
      Episode_Termination/time_out: 0.7589
  Episode_Termination/torso_height: 0.2411
--------------------------------------------------------------------------------
                   Total timesteps: 3080192
                    Iteration time: 0.38s
                      Time elapsed: 00:01:12
                               ETA: 00:01:59

################################################################################
                      [1m Learning iteration 188/500 [0m                      

                       Computation: 42452 steps/s (collection: 0.311s, learning 0.075s)
             Mean action noise std: 0.25
          Mean value_function loss: 0.0509
               Mean surrogate loss: -0.0063
                 Mean entropy loss: -0.0447
                       Mean reward: 69.60
               Mean episode length: 881.57
           Episode_Reward/progress: 4.6176
              Episode_Reward/alive: 0.4730
            Episode_Reward/upright: 0.0927
     Episode_Reward/move_to_target: 0.4665
          Episode_Reward/action_l2: -0.0224
             Episode_Reward/energy: -0.7862
   Episode_Reward/joint_pos_limits: -0.3072
      Episode_Termination/time_out: 0.7590
  Episode_Termination/torso_height: 0.2410
--------------------------------------------------------------------------------
                   Total timesteps: 3096576
                    Iteration time: 0.39s
                      Time elapsed: 00:01:12
                               ETA: 00:01:59

################################################################################
                      [1m Learning iteration 189/500 [0m                      

                       Computation: 44638 steps/s (collection: 0.294s, learning 0.073s)
             Mean action noise std: 0.25
          Mean value_function loss: 0.0661
               Mean surrogate loss: -0.0061
                 Mean entropy loss: -0.0673
                       Mean reward: 70.04
               Mean episode length: 881.86
           Episode_Reward/progress: 4.6732
              Episode_Reward/alive: 0.4767
            Episode_Reward/upright: 0.0947
     Episode_Reward/move_to_target: 0.4734
          Episode_Reward/action_l2: -0.0227
             Episode_Reward/energy: -0.8041
   Episode_Reward/joint_pos_limits: -0.3079
      Episode_Termination/time_out: 0.7592
  Episode_Termination/torso_height: 0.2408
--------------------------------------------------------------------------------
                   Total timesteps: 3112960
                    Iteration time: 0.37s
                      Time elapsed: 00:01:12
                               ETA: 00:01:59

################################################################################
                      [1m Learning iteration 190/500 [0m                      

                       Computation: 43086 steps/s (collection: 0.292s, learning 0.088s)
             Mean action noise std: 0.25
          Mean value_function loss: 0.0744
               Mean surrogate loss: -0.0047
                 Mean entropy loss: -0.0779
                       Mean reward: 69.10
               Mean episode length: 871.65
           Episode_Reward/progress: 4.4716
              Episode_Reward/alive: 0.4600
            Episode_Reward/upright: 0.0906
     Episode_Reward/move_to_target: 0.4557
          Episode_Reward/action_l2: -0.0219
             Episode_Reward/energy: -0.7678
   Episode_Reward/joint_pos_limits: -0.2978
      Episode_Termination/time_out: 0.7672
  Episode_Termination/torso_height: 0.2328
--------------------------------------------------------------------------------
                   Total timesteps: 3129344
                    Iteration time: 0.38s
                      Time elapsed: 00:01:13
                               ETA: 00:01:58

################################################################################
                      [1m Learning iteration 191/500 [0m                      

                       Computation: 42653 steps/s (collection: 0.290s, learning 0.094s)
             Mean action noise std: 0.25
          Mean value_function loss: 0.0812
               Mean surrogate loss: -0.0043
                 Mean entropy loss: -0.1057
                       Mean reward: 68.06
               Mean episode length: 857.69
           Episode_Reward/progress: 4.4575
              Episode_Reward/alive: 0.4580
            Episode_Reward/upright: 0.0901
     Episode_Reward/move_to_target: 0.4533
          Episode_Reward/action_l2: -0.0216
             Episode_Reward/energy: -0.7586
   Episode_Reward/joint_pos_limits: -0.2950
      Episode_Termination/time_out: 0.7668
  Episode_Termination/torso_height: 0.2332
--------------------------------------------------------------------------------
                   Total timesteps: 3145728
                    Iteration time: 0.38s
                      Time elapsed: 00:01:13
                               ETA: 00:01:58

################################################################################
                      [1m Learning iteration 192/500 [0m                      

                       Computation: 38616 steps/s (collection: 0.326s, learning 0.098s)
             Mean action noise std: 0.25
          Mean value_function loss: 0.1232
               Mean surrogate loss: -0.0069
                 Mean entropy loss: -0.1328
                       Mean reward: 67.75
               Mean episode length: 850.60
           Episode_Reward/progress: 4.1480
              Episode_Reward/alive: 0.4254
            Episode_Reward/upright: 0.0832
     Episode_Reward/move_to_target: 0.4205
          Episode_Reward/action_l2: -0.0202
             Episode_Reward/energy: -0.7089
   Episode_Reward/joint_pos_limits: -0.2738
      Episode_Termination/time_out: 0.7684
  Episode_Termination/torso_height: 0.2316
--------------------------------------------------------------------------------
                   Total timesteps: 3162112
                    Iteration time: 0.42s
                      Time elapsed: 00:01:13
                               ETA: 00:01:58

################################################################################
                      [1m Learning iteration 193/500 [0m                      

                       Computation: 38245 steps/s (collection: 0.338s, learning 0.090s)
             Mean action noise std: 0.25
          Mean value_function loss: 0.0841
               Mean surrogate loss: -0.0051
                 Mean entropy loss: -0.1421
                       Mean reward: 64.23
               Mean episode length: 811.45
           Episode_Reward/progress: 3.7660
              Episode_Reward/alive: 0.3928
            Episode_Reward/upright: 0.0767
     Episode_Reward/move_to_target: 0.3870
          Episode_Reward/action_l2: -0.0188
             Episode_Reward/energy: -0.6524
   Episode_Reward/joint_pos_limits: -0.2548
      Episode_Termination/time_out: 0.7664
  Episode_Termination/torso_height: 0.2336
--------------------------------------------------------------------------------
                   Total timesteps: 3178496
                    Iteration time: 0.43s
                      Time elapsed: 00:01:14
                               ETA: 00:01:57

################################################################################
                      [1m Learning iteration 194/500 [0m                      

                       Computation: 44989 steps/s (collection: 0.269s, learning 0.095s)
             Mean action noise std: 0.25
          Mean value_function loss: 0.0654
               Mean surrogate loss: -0.0065
                 Mean entropy loss: -0.1691
                       Mean reward: 60.42
               Mean episode length: 764.75
           Episode_Reward/progress: 3.6997
              Episode_Reward/alive: 0.3790
            Episode_Reward/upright: 0.0735
     Episode_Reward/move_to_target: 0.3694
          Episode_Reward/action_l2: -0.0179
             Episode_Reward/energy: -0.6238
   Episode_Reward/joint_pos_limits: -0.2426
      Episode_Termination/time_out: 0.7599
  Episode_Termination/torso_height: 0.2401
--------------------------------------------------------------------------------
                   Total timesteps: 3194880
                    Iteration time: 0.36s
                      Time elapsed: 00:01:14
                               ETA: 00:01:57

################################################################################
                      [1m Learning iteration 195/500 [0m                      

                       Computation: 42177 steps/s (collection: 0.287s, learning 0.102s)
             Mean action noise std: 0.24
          Mean value_function loss: 0.0664
               Mean surrogate loss: -0.0070
                 Mean entropy loss: -0.2037
                       Mean reward: 60.02
               Mean episode length: 757.75
           Episode_Reward/progress: 4.1782
              Episode_Reward/alive: 0.4220
            Episode_Reward/upright: 0.0826
     Episode_Reward/move_to_target: 0.4144
          Episode_Reward/action_l2: -0.0201
             Episode_Reward/energy: -0.7075
   Episode_Reward/joint_pos_limits: -0.2696
      Episode_Termination/time_out: 0.7560
  Episode_Termination/torso_height: 0.2440
--------------------------------------------------------------------------------
                   Total timesteps: 3211264
                    Iteration time: 0.39s
                      Time elapsed: 00:01:15
                               ETA: 00:01:56

################################################################################
                      [1m Learning iteration 196/500 [0m                      

                       Computation: 43383 steps/s (collection: 0.282s, learning 0.096s)
             Mean action noise std: 0.24
          Mean value_function loss: 0.1180
               Mean surrogate loss: -0.0058
                 Mean entropy loss: -0.2234
                       Mean reward: 60.89
               Mean episode length: 763.86
           Episode_Reward/progress: 4.9430
              Episode_Reward/alive: 0.4927
            Episode_Reward/upright: 0.0980
     Episode_Reward/move_to_target: 0.4908
          Episode_Reward/action_l2: -0.0236
             Episode_Reward/energy: -0.8296
   Episode_Reward/joint_pos_limits: -0.3124
      Episode_Termination/time_out: 0.7618
  Episode_Termination/torso_height: 0.2382
--------------------------------------------------------------------------------
                   Total timesteps: 3227648
                    Iteration time: 0.38s
                      Time elapsed: 00:01:15
                               ETA: 00:01:56

################################################################################
                      [1m Learning iteration 197/500 [0m                      

                       Computation: 43105 steps/s (collection: 0.287s, learning 0.093s)
             Mean action noise std: 0.24
          Mean value_function loss: 0.0727
               Mean surrogate loss: -0.0058
                 Mean entropy loss: -0.2302
                       Mean reward: 61.45
               Mean episode length: 767.09
           Episode_Reward/progress: 4.6316
              Episode_Reward/alive: 0.4528
            Episode_Reward/upright: 0.0893
     Episode_Reward/move_to_target: 0.4479
          Episode_Reward/action_l2: -0.0217
             Episode_Reward/energy: -0.7718
   Episode_Reward/joint_pos_limits: -0.2882
      Episode_Termination/time_out: 0.7720
  Episode_Termination/torso_height: 0.2280
--------------------------------------------------------------------------------
                   Total timesteps: 3244032
                    Iteration time: 0.38s
                      Time elapsed: 00:01:15
                               ETA: 00:01:56

################################################################################
                      [1m Learning iteration 198/500 [0m                      

                       Computation: 43069 steps/s (collection: 0.279s, learning 0.102s)
             Mean action noise std: 0.24
          Mean value_function loss: 0.0655
               Mean surrogate loss: -0.0060
                 Mean entropy loss: -0.2344
                       Mean reward: 63.54
               Mean episode length: 788.83
           Episode_Reward/progress: 4.4306
              Episode_Reward/alive: 0.4451
            Episode_Reward/upright: 0.0873
     Episode_Reward/move_to_target: 0.4393
          Episode_Reward/action_l2: -0.0212
             Episode_Reward/energy: -0.7384
   Episode_Reward/joint_pos_limits: -0.2826
      Episode_Termination/time_out: 0.7765
  Episode_Termination/torso_height: 0.2235
--------------------------------------------------------------------------------
                   Total timesteps: 3260416
                    Iteration time: 0.38s
                      Time elapsed: 00:01:16
                               ETA: 00:01:55

################################################################################
                      [1m Learning iteration 199/500 [0m                      

                       Computation: 35436 steps/s (collection: 0.386s, learning 0.076s)
             Mean action noise std: 0.24
          Mean value_function loss: 0.0772
               Mean surrogate loss: -0.0036
                 Mean entropy loss: -0.2655
                       Mean reward: 64.35
               Mean episode length: 792.82
           Episode_Reward/progress: 4.2454
              Episode_Reward/alive: 0.4256
            Episode_Reward/upright: 0.0833
     Episode_Reward/move_to_target: 0.4199
          Episode_Reward/action_l2: -0.0204
             Episode_Reward/energy: -0.7158
   Episode_Reward/joint_pos_limits: -0.2704
      Episode_Termination/time_out: 0.7764
  Episode_Termination/torso_height: 0.2236
--------------------------------------------------------------------------------
                   Total timesteps: 3276800
                    Iteration time: 0.46s
                      Time elapsed: 00:01:16
                               ETA: 00:01:55

################################################################################
                      [1m Learning iteration 200/500 [0m                      

                       Computation: 50967 steps/s (collection: 0.251s, learning 0.071s)
             Mean action noise std: 0.24
          Mean value_function loss: 0.0806
               Mean surrogate loss: -0.0045
                 Mean entropy loss: -0.2897
                       Mean reward: 66.25
               Mean episode length: 815.57
           Episode_Reward/progress: 4.1629
              Episode_Reward/alive: 0.4202
            Episode_Reward/upright: 0.0816
     Episode_Reward/move_to_target: 0.4077
          Episode_Reward/action_l2: -0.0200
             Episode_Reward/energy: -0.7063
   Episode_Reward/joint_pos_limits: -0.2652
      Episode_Termination/time_out: 0.7788
  Episode_Termination/torso_height: 0.2212
--------------------------------------------------------------------------------
                   Total timesteps: 3293184
                    Iteration time: 0.32s
                      Time elapsed: 00:01:17
                               ETA: 00:01:54

################################################################################
                      [1m Learning iteration 201/500 [0m                      

                       Computation: 41855 steps/s (collection: 0.296s, learning 0.096s)
             Mean action noise std: 0.24
          Mean value_function loss: 0.0462
               Mean surrogate loss: -0.0055
                 Mean entropy loss: -0.3126
                       Mean reward: 66.16
               Mean episode length: 815.61
           Episode_Reward/progress: 4.4620
              Episode_Reward/alive: 0.4660
            Episode_Reward/upright: 0.0897
     Episode_Reward/move_to_target: 0.4445
          Episode_Reward/action_l2: -0.0219
             Episode_Reward/energy: -0.7501
   Episode_Reward/joint_pos_limits: -0.2953
      Episode_Termination/time_out: 0.7787
  Episode_Termination/torso_height: 0.2213
--------------------------------------------------------------------------------
                   Total timesteps: 3309568
                    Iteration time: 0.39s
                      Time elapsed: 00:01:17
                               ETA: 00:01:54

################################################################################
                      [1m Learning iteration 202/500 [0m                      

                       Computation: 49194 steps/s (collection: 0.263s, learning 0.070s)
             Mean action noise std: 0.24
          Mean value_function loss: 0.0620
               Mean surrogate loss: -0.0035
                 Mean entropy loss: -0.3378
                       Mean reward: 67.06
               Mean episode length: 821.99
           Episode_Reward/progress: 4.0585
              Episode_Reward/alive: 0.3981
            Episode_Reward/upright: 0.0780
     Episode_Reward/move_to_target: 0.3893
          Episode_Reward/action_l2: -0.0191
             Episode_Reward/energy: -0.6672
   Episode_Reward/joint_pos_limits: -0.2537
      Episode_Termination/time_out: 0.7803
  Episode_Termination/torso_height: 0.2197
--------------------------------------------------------------------------------
                   Total timesteps: 3325952
                    Iteration time: 0.33s
                      Time elapsed: 00:01:17
                               ETA: 00:01:54

################################################################################
                      [1m Learning iteration 203/500 [0m                      

                       Computation: 47668 steps/s (collection: 0.267s, learning 0.077s)
             Mean action noise std: 0.24
          Mean value_function loss: 0.0657
               Mean surrogate loss: -0.0066
                 Mean entropy loss: -0.3726
                       Mean reward: 65.44
               Mean episode length: 803.25
           Episode_Reward/progress: 4.4609
              Episode_Reward/alive: 0.4409
            Episode_Reward/upright: 0.0858
     Episode_Reward/move_to_target: 0.4338
          Episode_Reward/action_l2: -0.0212
             Episode_Reward/energy: -0.7406
   Episode_Reward/joint_pos_limits: -0.2769
      Episode_Termination/time_out: 0.7856
  Episode_Termination/torso_height: 0.2144
--------------------------------------------------------------------------------
                   Total timesteps: 3342336
                    Iteration time: 0.34s
                      Time elapsed: 00:01:18
                               ETA: 00:01:53

################################################################################
                      [1m Learning iteration 204/500 [0m                      

                       Computation: 41833 steps/s (collection: 0.295s, learning 0.097s)
             Mean action noise std: 0.24
          Mean value_function loss: 0.0367
               Mean surrogate loss: -0.0029
                 Mean entropy loss: -0.4034
                       Mean reward: 64.52
               Mean episode length: 793.01
           Episode_Reward/progress: 4.0122
              Episode_Reward/alive: 0.3983
            Episode_Reward/upright: 0.0783
     Episode_Reward/move_to_target: 0.3934
          Episode_Reward/action_l2: -0.0194
             Episode_Reward/energy: -0.6706
   Episode_Reward/joint_pos_limits: -0.2517
      Episode_Termination/time_out: 0.7875
  Episode_Termination/torso_height: 0.2125
--------------------------------------------------------------------------------
                   Total timesteps: 3358720
                    Iteration time: 0.39s
                      Time elapsed: 00:01:18
                               ETA: 00:01:53

################################################################################
                      [1m Learning iteration 205/500 [0m                      

                       Computation: 43910 steps/s (collection: 0.293s, learning 0.081s)
             Mean action noise std: 0.24
          Mean value_function loss: 0.0731
               Mean surrogate loss: -0.0056
                 Mean entropy loss: -0.4269
                       Mean reward: 63.09
               Mean episode length: 776.89
           Episode_Reward/progress: 3.9276
              Episode_Reward/alive: 0.3998
            Episode_Reward/upright: 0.0775
     Episode_Reward/move_to_target: 0.3916
          Episode_Reward/action_l2: -0.0192
             Episode_Reward/energy: -0.6783
   Episode_Reward/joint_pos_limits: -0.2527
      Episode_Termination/time_out: 0.7866
  Episode_Termination/torso_height: 0.2134
--------------------------------------------------------------------------------
                   Total timesteps: 3375104
                    Iteration time: 0.37s
                      Time elapsed: 00:01:18
                               ETA: 00:01:52

################################################################################
                      [1m Learning iteration 206/500 [0m                      

                       Computation: 49335 steps/s (collection: 0.264s, learning 0.068s)
             Mean action noise std: 0.24
          Mean value_function loss: 0.0554
               Mean surrogate loss: -0.0064
                 Mean entropy loss: -0.4462
                       Mean reward: 60.55
               Mean episode length: 750.40
           Episode_Reward/progress: 3.5335
              Episode_Reward/alive: 0.3701
            Episode_Reward/upright: 0.0710
     Episode_Reward/move_to_target: 0.3624
          Episode_Reward/action_l2: -0.0177
             Episode_Reward/energy: -0.6072
   Episode_Reward/joint_pos_limits: -0.2366
      Episode_Termination/time_out: 0.7775
  Episode_Termination/torso_height: 0.2225
--------------------------------------------------------------------------------
                   Total timesteps: 3391488
                    Iteration time: 0.33s
                      Time elapsed: 00:01:19
                               ETA: 00:01:52

################################################################################
                      [1m Learning iteration 207/500 [0m                      

                       Computation: 46522 steps/s (collection: 0.257s, learning 0.095s)
             Mean action noise std: 0.24
          Mean value_function loss: 0.0522
               Mean surrogate loss: -0.0055
                 Mean entropy loss: -0.4715
                       Mean reward: 64.08
               Mean episode length: 786.05
           Episode_Reward/progress: 5.2357
              Episode_Reward/alive: 0.5000
            Episode_Reward/upright: 0.0994
     Episode_Reward/move_to_target: 0.4979
          Episode_Reward/action_l2: -0.0245
             Episode_Reward/energy: -0.8550
   Episode_Reward/joint_pos_limits: -0.3143
      Episode_Termination/time_out: 0.7811
  Episode_Termination/torso_height: 0.2189
--------------------------------------------------------------------------------
                   Total timesteps: 3407872
                    Iteration time: 0.35s
                      Time elapsed: 00:01:19
                               ETA: 00:01:52

################################################################################
                      [1m Learning iteration 208/500 [0m                      

                       Computation: 47981 steps/s (collection: 0.251s, learning 0.090s)
             Mean action noise std: 0.24
          Mean value_function loss: 0.0943
               Mean surrogate loss: -0.0038
                 Mean entropy loss: -0.5042
                       Mean reward: 65.65
               Mean episode length: 800.79
           Episode_Reward/progress: 4.9606
              Episode_Reward/alive: 0.4836
            Episode_Reward/upright: 0.0956
     Episode_Reward/move_to_target: 0.4800
          Episode_Reward/action_l2: -0.0235
             Episode_Reward/energy: -0.8097
   Episode_Reward/joint_pos_limits: -0.3040
      Episode_Termination/time_out: 0.7873
  Episode_Termination/torso_height: 0.2127
--------------------------------------------------------------------------------
                   Total timesteps: 3424256
                    Iteration time: 0.34s
                      Time elapsed: 00:01:19
                               ETA: 00:01:51

################################################################################
                      [1m Learning iteration 209/500 [0m                      

                       Computation: 51348 steps/s (collection: 0.247s, learning 0.072s)
             Mean action noise std: 0.24
          Mean value_function loss: 0.0414
               Mean surrogate loss: -0.0063
                 Mean entropy loss: -0.5319
                       Mean reward: 65.88
               Mean episode length: 799.75
           Episode_Reward/progress: 4.3463
              Episode_Reward/alive: 0.4249
            Episode_Reward/upright: 0.0834
     Episode_Reward/move_to_target: 0.4205
          Episode_Reward/action_l2: -0.0206
             Episode_Reward/energy: -0.7064
   Episode_Reward/joint_pos_limits: -0.2687
      Episode_Termination/time_out: 0.7859
  Episode_Termination/torso_height: 0.2141
--------------------------------------------------------------------------------
                   Total timesteps: 3440640
                    Iteration time: 0.32s
                      Time elapsed: 00:01:20
                               ETA: 00:01:51

################################################################################
                      [1m Learning iteration 210/500 [0m                      

                       Computation: 50281 steps/s (collection: 0.254s, learning 0.071s)
             Mean action noise std: 0.24
          Mean value_function loss: 0.0313
               Mean surrogate loss: -0.0044
                 Mean entropy loss: -0.5677
                       Mean reward: 67.12
               Mean episode length: 811.11
           Episode_Reward/progress: 4.2760
              Episode_Reward/alive: 0.4157
            Episode_Reward/upright: 0.0817
     Episode_Reward/move_to_target: 0.4102
          Episode_Reward/action_l2: -0.0203
             Episode_Reward/energy: -0.7029
   Episode_Reward/joint_pos_limits: -0.2596
      Episode_Termination/time_out: 0.7788
  Episode_Termination/torso_height: 0.2212
--------------------------------------------------------------------------------
                   Total timesteps: 3457024
                    Iteration time: 0.33s
                      Time elapsed: 00:01:20
                               ETA: 00:01:50

################################################################################
                      [1m Learning iteration 211/500 [0m                      

                       Computation: 50475 steps/s (collection: 0.241s, learning 0.083s)
             Mean action noise std: 0.23
          Mean value_function loss: 0.0709
               Mean surrogate loss: -0.0047
                 Mean entropy loss: -0.5937
                       Mean reward: 69.23
               Mean episode length: 832.44
           Episode_Reward/progress: 4.9777
              Episode_Reward/alive: 0.4925
            Episode_Reward/upright: 0.0961
     Episode_Reward/move_to_target: 0.4904
          Episode_Reward/action_l2: -0.0241
             Episode_Reward/energy: -0.8244
   Episode_Reward/joint_pos_limits: -0.3112
      Episode_Termination/time_out: 0.7839
  Episode_Termination/torso_height: 0.2161
--------------------------------------------------------------------------------
                   Total timesteps: 3473408
                    Iteration time: 0.32s
                      Time elapsed: 00:01:20
                               ETA: 00:01:50

################################################################################
                      [1m Learning iteration 212/500 [0m                      

                       Computation: 47935 steps/s (collection: 0.274s, learning 0.068s)
             Mean action noise std: 0.23
          Mean value_function loss: 0.0405
               Mean surrogate loss: -0.0071
                 Mean entropy loss: -0.6274
                       Mean reward: 71.90
               Mean episode length: 856.79
           Episode_Reward/progress: 4.3682
              Episode_Reward/alive: 0.4308
            Episode_Reward/upright: 0.0842
     Episode_Reward/move_to_target: 0.4254
          Episode_Reward/action_l2: -0.0210
             Episode_Reward/energy: -0.7282
   Episode_Reward/joint_pos_limits: -0.2672
      Episode_Termination/time_out: 0.7914
  Episode_Termination/torso_height: 0.2086
--------------------------------------------------------------------------------
                   Total timesteps: 3489792
                    Iteration time: 0.34s
                      Time elapsed: 00:01:21
                               ETA: 00:01:49

################################################################################
                      [1m Learning iteration 213/500 [0m                      

                       Computation: 35203 steps/s (collection: 0.321s, learning 0.144s)
             Mean action noise std: 0.23
          Mean value_function loss: 0.0419
               Mean surrogate loss: -0.0020
                 Mean entropy loss: -0.6708
                       Mean reward: 72.41
               Mean episode length: 863.54
           Episode_Reward/progress: 4.9849
              Episode_Reward/alive: 0.4874
            Episode_Reward/upright: 0.0964
     Episode_Reward/move_to_target: 0.4825
          Episode_Reward/action_l2: -0.0239
             Episode_Reward/energy: -0.8340
   Episode_Reward/joint_pos_limits: -0.3042
      Episode_Termination/time_out: 0.7961
  Episode_Termination/torso_height: 0.2039
--------------------------------------------------------------------------------
                   Total timesteps: 3506176
                    Iteration time: 0.47s
                      Time elapsed: 00:01:21
                               ETA: 00:01:49

################################################################################
                      [1m Learning iteration 214/500 [0m                      

                       Computation: 38094 steps/s (collection: 0.328s, learning 0.102s)
             Mean action noise std: 0.23
          Mean value_function loss: 0.0531
               Mean surrogate loss: -0.0047
                 Mean entropy loss: -0.6846
                       Mean reward: 72.98
               Mean episode length: 871.62
           Episode_Reward/progress: 4.0375
              Episode_Reward/alive: 0.4158
            Episode_Reward/upright: 0.0794
     Episode_Reward/move_to_target: 0.4083
          Episode_Reward/action_l2: -0.0202
             Episode_Reward/energy: -0.6850
   Episode_Reward/joint_pos_limits: -0.2583
      Episode_Termination/time_out: 0.8022
  Episode_Termination/torso_height: 0.1978
--------------------------------------------------------------------------------
                   Total timesteps: 3522560
                    Iteration time: 0.43s
                      Time elapsed: 00:01:22
                               ETA: 00:01:49

################################################################################
                      [1m Learning iteration 215/500 [0m                      

                       Computation: 38873 steps/s (collection: 0.319s, learning 0.102s)
             Mean action noise std: 0.23
          Mean value_function loss: 0.0617
               Mean surrogate loss: -0.0030
                 Mean entropy loss: -0.7022
                       Mean reward: 71.52
               Mean episode length: 856.12
           Episode_Reward/progress: 4.3733
              Episode_Reward/alive: 0.4262
            Episode_Reward/upright: 0.0830
     Episode_Reward/move_to_target: 0.4193
          Episode_Reward/action_l2: -0.0209
             Episode_Reward/energy: -0.7165
   Episode_Reward/joint_pos_limits: -0.2669
      Episode_Termination/time_out: 0.8054
  Episode_Termination/torso_height: 0.1946
--------------------------------------------------------------------------------
                   Total timesteps: 3538944
                    Iteration time: 0.42s
                      Time elapsed: 00:01:22
                               ETA: 00:01:48

################################################################################
                      [1m Learning iteration 216/500 [0m                      

                       Computation: 36433 steps/s (collection: 0.340s, learning 0.110s)
             Mean action noise std: 0.23
          Mean value_function loss: 0.0667
               Mean surrogate loss: -0.0056
                 Mean entropy loss: -0.7189
                       Mean reward: 73.02
               Mean episode length: 862.22
           Episode_Reward/progress: 4.4841
              Episode_Reward/alive: 0.4275
            Episode_Reward/upright: 0.0840
     Episode_Reward/move_to_target: 0.4231
          Episode_Reward/action_l2: -0.0212
             Episode_Reward/energy: -0.7342
   Episode_Reward/joint_pos_limits: -0.2667
      Episode_Termination/time_out: 0.8006
  Episode_Termination/torso_height: 0.1994
--------------------------------------------------------------------------------
                   Total timesteps: 3555328
                    Iteration time: 0.45s
                      Time elapsed: 00:01:22
                               ETA: 00:01:48

################################################################################
                      [1m Learning iteration 217/500 [0m                      

                       Computation: 37116 steps/s (collection: 0.341s, learning 0.100s)
             Mean action noise std: 0.23
          Mean value_function loss: 0.0590
               Mean surrogate loss: -0.0058
                 Mean entropy loss: -0.7502
                       Mean reward: 72.55
               Mean episode length: 852.06
           Episode_Reward/progress: 4.5842
              Episode_Reward/alive: 0.4353
            Episode_Reward/upright: 0.0857
     Episode_Reward/move_to_target: 0.4314
          Episode_Reward/action_l2: -0.0216
             Episode_Reward/energy: -0.7403
   Episode_Reward/joint_pos_limits: -0.2736
      Episode_Termination/time_out: 0.7996
  Episode_Termination/torso_height: 0.2004
--------------------------------------------------------------------------------
                   Total timesteps: 3571712
                    Iteration time: 0.44s
                      Time elapsed: 00:01:23
                               ETA: 00:01:48

################################################################################
                      [1m Learning iteration 218/500 [0m                      

                       Computation: 36650 steps/s (collection: 0.349s, learning 0.098s)
             Mean action noise std: 0.23
          Mean value_function loss: 0.0440
               Mean surrogate loss: -0.0052
                 Mean entropy loss: -0.7914
                       Mean reward: 75.27
               Mean episode length: 876.14
           Episode_Reward/progress: 5.1446
              Episode_Reward/alive: 0.4869
            Episode_Reward/upright: 0.0966
     Episode_Reward/move_to_target: 0.4821
          Episode_Reward/action_l2: -0.0244
             Episode_Reward/energy: -0.8419
   Episode_Reward/joint_pos_limits: -0.3034
      Episode_Termination/time_out: 0.8014
  Episode_Termination/torso_height: 0.1986
--------------------------------------------------------------------------------
                   Total timesteps: 3588096
                    Iteration time: 0.45s
                      Time elapsed: 00:01:23
                               ETA: 00:01:48

################################################################################
                      [1m Learning iteration 219/500 [0m                      

                       Computation: 39766 steps/s (collection: 0.319s, learning 0.093s)
             Mean action noise std: 0.23
          Mean value_function loss: 0.0413
               Mean surrogate loss: -0.0067
                 Mean entropy loss: -0.8281
                       Mean reward: 78.45
               Mean episode length: 913.09
           Episode_Reward/progress: 5.1910
              Episode_Reward/alive: 0.4930
            Episode_Reward/upright: 0.0982
     Episode_Reward/move_to_target: 0.4903
          Episode_Reward/action_l2: -0.0248
             Episode_Reward/energy: -0.8521
   Episode_Reward/joint_pos_limits: -0.3086
      Episode_Termination/time_out: 0.8075
  Episode_Termination/torso_height: 0.1925
--------------------------------------------------------------------------------
                   Total timesteps: 3604480
                    Iteration time: 0.41s
                      Time elapsed: 00:01:24
                               ETA: 00:01:47

################################################################################
                      [1m Learning iteration 220/500 [0m                      

                       Computation: 41210 steps/s (collection: 0.323s, learning 0.075s)
             Mean action noise std: 0.23
          Mean value_function loss: 0.0446
               Mean surrogate loss: -0.0057
                 Mean entropy loss: -0.8668
                       Mean reward: 77.09
               Mean episode length: 902.96
           Episode_Reward/progress: 4.2538
              Episode_Reward/alive: 0.4221
            Episode_Reward/upright: 0.0821
     Episode_Reward/move_to_target: 0.4093
          Episode_Reward/action_l2: -0.0209
             Episode_Reward/energy: -0.7111
   Episode_Reward/joint_pos_limits: -0.2661
      Episode_Termination/time_out: 0.8052
  Episode_Termination/torso_height: 0.1948
--------------------------------------------------------------------------------
                   Total timesteps: 3620864
                    Iteration time: 0.40s
                      Time elapsed: 00:01:24
                               ETA: 00:01:47

################################################################################
                      [1m Learning iteration 221/500 [0m                      

                       Computation: 48723 steps/s (collection: 0.266s, learning 0.071s)
             Mean action noise std: 0.23
          Mean value_function loss: 0.0593
               Mean surrogate loss: -0.0040
                 Mean entropy loss: -0.8935
                       Mean reward: 77.65
               Mean episode length: 912.90
           Episode_Reward/progress: 5.1435
              Episode_Reward/alive: 0.4975
            Episode_Reward/upright: 0.0982
     Episode_Reward/move_to_target: 0.4884
          Episode_Reward/action_l2: -0.0249
             Episode_Reward/energy: -0.8457
   Episode_Reward/joint_pos_limits: -0.3129
      Episode_Termination/time_out: 0.8073
  Episode_Termination/torso_height: 0.1927
--------------------------------------------------------------------------------
                   Total timesteps: 3637248
                    Iteration time: 0.34s
                      Time elapsed: 00:01:25
                               ETA: 00:01:46

################################################################################
                      [1m Learning iteration 222/500 [0m                      

                       Computation: 46890 steps/s (collection: 0.260s, learning 0.090s)
             Mean action noise std: 0.23
          Mean value_function loss: 0.0620
               Mean surrogate loss: -0.0055
                 Mean entropy loss: -0.8987
                       Mean reward: 75.45
               Mean episode length: 888.91
           Episode_Reward/progress: 4.7171
              Episode_Reward/alive: 0.4522
            Episode_Reward/upright: 0.0890
     Episode_Reward/move_to_target: 0.4475
          Episode_Reward/action_l2: -0.0228
             Episode_Reward/energy: -0.7762
   Episode_Reward/joint_pos_limits: -0.2838
      Episode_Termination/time_out: 0.8129
  Episode_Termination/torso_height: 0.1871
--------------------------------------------------------------------------------
                   Total timesteps: 3653632
                    Iteration time: 0.35s
                      Time elapsed: 00:01:25
                               ETA: 00:01:46

################################################################################
                      [1m Learning iteration 223/500 [0m                      

                       Computation: 47442 steps/s (collection: 0.256s, learning 0.090s)
             Mean action noise std: 0.23
          Mean value_function loss: 0.0523
               Mean surrogate loss: -0.0046
                 Mean entropy loss: -0.9148
                       Mean reward: 72.93
               Mean episode length: 858.53
           Episode_Reward/progress: 3.6737
              Episode_Reward/alive: 0.3606
            Episode_Reward/upright: 0.0689
     Episode_Reward/move_to_target: 0.3534
          Episode_Reward/action_l2: -0.0181
             Episode_Reward/energy: -0.6064
   Episode_Reward/joint_pos_limits: -0.2303
      Episode_Termination/time_out: 0.8206
  Episode_Termination/torso_height: 0.1794
--------------------------------------------------------------------------------
                   Total timesteps: 3670016
                    Iteration time: 0.35s
                      Time elapsed: 00:01:25
                               ETA: 00:01:45

################################################################################
                      [1m Learning iteration 224/500 [0m                      

                       Computation: 42132 steps/s (collection: 0.300s, learning 0.089s)
             Mean action noise std: 0.23
          Mean value_function loss: 0.0828
               Mean surrogate loss: -0.0075
                 Mean entropy loss: -0.9463
                       Mean reward: 73.32
               Mean episode length: 861.28
           Episode_Reward/progress: 4.6297
              Episode_Reward/alive: 0.4409
            Episode_Reward/upright: 0.0866
     Episode_Reward/move_to_target: 0.4341
          Episode_Reward/action_l2: -0.0225
             Episode_Reward/energy: -0.7723
   Episode_Reward/joint_pos_limits: -0.2743
      Episode_Termination/time_out: 0.8318
  Episode_Termination/torso_height: 0.1682
--------------------------------------------------------------------------------
                   Total timesteps: 3686400
                    Iteration time: 0.39s
                      Time elapsed: 00:01:26
                               ETA: 00:01:45

################################################################################
                      [1m Learning iteration 225/500 [0m                      

                       Computation: 37434 steps/s (collection: 0.342s, learning 0.095s)
             Mean action noise std: 0.23
          Mean value_function loss: 0.0862
               Mean surrogate loss: -0.0072
                 Mean entropy loss: -0.9563
                       Mean reward: 68.77
               Mean episode length: 808.40
           Episode_Reward/progress: 3.9865
              Episode_Reward/alive: 0.3899
            Episode_Reward/upright: 0.0755
     Episode_Reward/move_to_target: 0.3811
          Episode_Reward/action_l2: -0.0197
             Episode_Reward/energy: -0.6560
   Episode_Reward/joint_pos_limits: -0.2491
      Episode_Termination/time_out: 0.8339
  Episode_Termination/torso_height: 0.1661
--------------------------------------------------------------------------------
                   Total timesteps: 3702784
                    Iteration time: 0.44s
                      Time elapsed: 00:01:26
                               ETA: 00:01:45

################################################################################
                      [1m Learning iteration 226/500 [0m                      

                       Computation: 43468 steps/s (collection: 0.301s, learning 0.076s)
             Mean action noise std: 0.23
          Mean value_function loss: 0.0940
               Mean surrogate loss: -0.0044
                 Mean entropy loss: -0.9612
                       Mean reward: 67.11
               Mean episode length: 787.75
           Episode_Reward/progress: 3.7907
              Episode_Reward/alive: 0.3606
            Episode_Reward/upright: 0.0695
     Episode_Reward/move_to_target: 0.3525
          Episode_Reward/action_l2: -0.0183
             Episode_Reward/energy: -0.6239
   Episode_Reward/joint_pos_limits: -0.2236
      Episode_Termination/time_out: 0.8340
  Episode_Termination/torso_height: 0.1660
--------------------------------------------------------------------------------
                   Total timesteps: 3719168
                    Iteration time: 0.38s
                      Time elapsed: 00:01:26
                               ETA: 00:01:44

################################################################################
                      [1m Learning iteration 227/500 [0m                      

                       Computation: 43635 steps/s (collection: 0.286s, learning 0.090s)
             Mean action noise std: 0.22
          Mean value_function loss: 0.1131
               Mean surrogate loss: -0.0041
                 Mean entropy loss: -0.9890
                       Mean reward: 67.91
               Mean episode length: 792.24
           Episode_Reward/progress: 4.7084
              Episode_Reward/alive: 0.4364
            Episode_Reward/upright: 0.0856
     Episode_Reward/move_to_target: 0.4308
          Episode_Reward/action_l2: -0.0224
             Episode_Reward/energy: -0.7561
   Episode_Reward/joint_pos_limits: -0.2726
      Episode_Termination/time_out: 0.8297
  Episode_Termination/torso_height: 0.1703
--------------------------------------------------------------------------------
                   Total timesteps: 3735552
                    Iteration time: 0.38s
                      Time elapsed: 00:01:27
                               ETA: 00:01:44

################################################################################
                      [1m Learning iteration 228/500 [0m                      

                       Computation: 40812 steps/s (collection: 0.310s, learning 0.091s)
             Mean action noise std: 0.22
          Mean value_function loss: 0.0794
               Mean surrogate loss: -0.0059
                 Mean entropy loss: -1.0117
                       Mean reward: 68.59
               Mean episode length: 799.89
           Episode_Reward/progress: 4.6665
              Episode_Reward/alive: 0.4471
            Episode_Reward/upright: 0.0869
     Episode_Reward/move_to_target: 0.4391
          Episode_Reward/action_l2: -0.0229
             Episode_Reward/energy: -0.7716
   Episode_Reward/joint_pos_limits: -0.2827
      Episode_Termination/time_out: 0.8335
  Episode_Termination/torso_height: 0.1665
--------------------------------------------------------------------------------
                   Total timesteps: 3751936
                    Iteration time: 0.40s
                      Time elapsed: 00:01:27
                               ETA: 00:01:44

################################################################################
                      [1m Learning iteration 229/500 [0m                      

                       Computation: 42208 steps/s (collection: 0.288s, learning 0.100s)
             Mean action noise std: 0.22
          Mean value_function loss: 0.0790
               Mean surrogate loss: -0.0023
                 Mean entropy loss: -1.0415
                       Mean reward: 69.61
               Mean episode length: 809.90
           Episode_Reward/progress: 5.0358
              Episode_Reward/alive: 0.4666
            Episode_Reward/upright: 0.0922
     Episode_Reward/move_to_target: 0.4593
          Episode_Reward/action_l2: -0.0239
             Episode_Reward/energy: -0.8235
   Episode_Reward/joint_pos_limits: -0.2879
      Episode_Termination/time_out: 0.8337
  Episode_Termination/torso_height: 0.1663
--------------------------------------------------------------------------------
                   Total timesteps: 3768320
                    Iteration time: 0.39s
                      Time elapsed: 00:01:28
                               ETA: 00:01:43

################################################################################
                      [1m Learning iteration 230/500 [0m                      

                       Computation: 41578 steps/s (collection: 0.309s, learning 0.085s)
             Mean action noise std: 0.22
          Mean value_function loss: 0.0972
               Mean surrogate loss: -0.0053
                 Mean entropy loss: -1.0500
                       Mean reward: 71.64
               Mean episode length: 831.12
           Episode_Reward/progress: 5.3899
              Episode_Reward/alive: 0.4857
            Episode_Reward/upright: 0.0960
     Episode_Reward/move_to_target: 0.4824
          Episode_Reward/action_l2: -0.0254
             Episode_Reward/energy: -0.8705
   Episode_Reward/joint_pos_limits: -0.2991
      Episode_Termination/time_out: 0.8367
  Episode_Termination/torso_height: 0.1633
--------------------------------------------------------------------------------
                   Total timesteps: 3784704
                    Iteration time: 0.39s
                      Time elapsed: 00:01:28
                               ETA: 00:01:43

################################################################################
                      [1m Learning iteration 231/500 [0m                      

                       Computation: 49922 steps/s (collection: 0.259s, learning 0.069s)
             Mean action noise std: 0.22
          Mean value_function loss: 0.0768
               Mean surrogate loss: -0.0065
                 Mean entropy loss: -1.0528
                       Mean reward: 73.02
               Mean episode length: 840.10
           Episode_Reward/progress: 5.6409
              Episode_Reward/alive: 0.5000
            Episode_Reward/upright: 0.0986
     Episode_Reward/move_to_target: 0.4985
          Episode_Reward/action_l2: -0.0260
             Episode_Reward/energy: -0.8750
   Episode_Reward/joint_pos_limits: -0.3066
      Episode_Termination/time_out: 0.8400
  Episode_Termination/torso_height: 0.1600
--------------------------------------------------------------------------------
                   Total timesteps: 3801088
                    Iteration time: 0.33s
                      Time elapsed: 00:01:28
                               ETA: 00:01:42

################################################################################
                      [1m Learning iteration 232/500 [0m                      

                       Computation: 47570 steps/s (collection: 0.254s, learning 0.090s)
             Mean action noise std: 0.22
          Mean value_function loss: 0.0466
               Mean surrogate loss: -0.0063
                 Mean entropy loss: -1.0703
                       Mean reward: 74.18
               Mean episode length: 852.34
           Episode_Reward/progress: 4.9620
              Episode_Reward/alive: 0.4626
            Episode_Reward/upright: 0.0912
     Episode_Reward/move_to_target: 0.4553
          Episode_Reward/action_l2: -0.0236
             Episode_Reward/energy: -0.8054
   Episode_Reward/joint_pos_limits: -0.2856
      Episode_Termination/time_out: 0.8417
  Episode_Termination/torso_height: 0.1583
--------------------------------------------------------------------------------
                   Total timesteps: 3817472
                    Iteration time: 0.34s
                      Time elapsed: 00:01:29
                               ETA: 00:01:42

################################################################################
                      [1m Learning iteration 233/500 [0m                      

                       Computation: 50394 steps/s (collection: 0.237s, learning 0.089s)
             Mean action noise std: 0.22
          Mean value_function loss: 0.0604
               Mean surrogate loss: -0.0045
                 Mean entropy loss: -1.0939
                       Mean reward: 74.66
               Mean episode length: 857.63
           Episode_Reward/progress: 4.8671
              Episode_Reward/alive: 0.4610
            Episode_Reward/upright: 0.0887
     Episode_Reward/move_to_target: 0.4518
          Episode_Reward/action_l2: -0.0234
             Episode_Reward/energy: -0.7955
   Episode_Reward/joint_pos_limits: -0.2849
      Episode_Termination/time_out: 0.8408
  Episode_Termination/torso_height: 0.1592
--------------------------------------------------------------------------------
                   Total timesteps: 3833856
                    Iteration time: 0.33s
                      Time elapsed: 00:01:29
                               ETA: 00:01:42

################################################################################
                      [1m Learning iteration 234/500 [0m                      

                       Computation: 48356 steps/s (collection: 0.247s, learning 0.092s)
             Mean action noise std: 0.22
          Mean value_function loss: 0.0465
               Mean surrogate loss: -0.0061
                 Mean entropy loss: -1.1147
                       Mean reward: 75.27
               Mean episode length: 859.65
           Episode_Reward/progress: 4.7762
              Episode_Reward/alive: 0.4364
            Episode_Reward/upright: 0.0858
     Episode_Reward/move_to_target: 0.4305
          Episode_Reward/action_l2: -0.0228
             Episode_Reward/energy: -0.7751
   Episode_Reward/joint_pos_limits: -0.2702
      Episode_Termination/time_out: 0.8469
  Episode_Termination/torso_height: 0.1531
--------------------------------------------------------------------------------
                   Total timesteps: 3850240
                    Iteration time: 0.34s
                      Time elapsed: 00:01:29
                               ETA: 00:01:41

################################################################################
                      [1m Learning iteration 235/500 [0m                      

                       Computation: 49896 steps/s (collection: 0.238s, learning 0.091s)
             Mean action noise std: 0.22
          Mean value_function loss: 0.0671
               Mean surrogate loss: -0.0056
                 Mean entropy loss: -1.1344
                       Mean reward: 76.76
               Mean episode length: 874.12
           Episode_Reward/progress: 5.3663
              Episode_Reward/alive: 0.5000
            Episode_Reward/upright: 0.0975
     Episode_Reward/move_to_target: 0.4897
          Episode_Reward/action_l2: -0.0260
             Episode_Reward/energy: -0.8939
   Episode_Reward/joint_pos_limits: -0.3079
      Episode_Termination/time_out: 0.8514
  Episode_Termination/torso_height: 0.1486
--------------------------------------------------------------------------------
                   Total timesteps: 3866624
                    Iteration time: 0.33s
                      Time elapsed: 00:01:30
                               ETA: 00:01:41

################################################################################
                      [1m Learning iteration 236/500 [0m                      

                       Computation: 48201 steps/s (collection: 0.249s, learning 0.091s)
             Mean action noise std: 0.22
          Mean value_function loss: 0.0490
               Mean surrogate loss: -0.0032
                 Mean entropy loss: -1.1585
                       Mean reward: 75.19
               Mean episode length: 855.59
           Episode_Reward/progress: 4.3391
              Episode_Reward/alive: 0.4080
            Episode_Reward/upright: 0.0790
     Episode_Reward/move_to_target: 0.4014
          Episode_Reward/action_l2: -0.0212
             Episode_Reward/energy: -0.7225
   Episode_Reward/joint_pos_limits: -0.2523
      Episode_Termination/time_out: 0.8575
  Episode_Termination/torso_height: 0.1425
--------------------------------------------------------------------------------
                   Total timesteps: 3883008
                    Iteration time: 0.34s
                      Time elapsed: 00:01:30
                               ETA: 00:01:40

################################################################################
                      [1m Learning iteration 237/500 [0m                      

                       Computation: 49022 steps/s (collection: 0.246s, learning 0.088s)
             Mean action noise std: 0.22
          Mean value_function loss: 0.0484
               Mean surrogate loss: -0.0043
                 Mean entropy loss: -1.1716
                       Mean reward: 77.22
               Mean episode length: 877.04
           Episode_Reward/progress: 5.3347
              Episode_Reward/alive: 0.4891
            Episode_Reward/upright: 0.0966
     Episode_Reward/move_to_target: 0.4833
          Episode_Reward/action_l2: -0.0255
             Episode_Reward/energy: -0.8766
   Episode_Reward/joint_pos_limits: -0.3019
      Episode_Termination/time_out: 0.8574
  Episode_Termination/torso_height: 0.1426
--------------------------------------------------------------------------------
                   Total timesteps: 3899392
                    Iteration time: 0.33s
                      Time elapsed: 00:01:30
                               ETA: 00:01:40

################################################################################
                      [1m Learning iteration 238/500 [0m                      

                       Computation: 47836 steps/s (collection: 0.248s, learning 0.094s)
             Mean action noise std: 0.22
          Mean value_function loss: 0.0651
               Mean surrogate loss: -0.0071
                 Mean entropy loss: -1.1825
                       Mean reward: 79.20
               Mean episode length: 893.20
           Episode_Reward/progress: 5.3464
              Episode_Reward/alive: 0.4894
            Episode_Reward/upright: 0.0965
     Episode_Reward/move_to_target: 0.4859
          Episode_Reward/action_l2: -0.0257
             Episode_Reward/energy: -0.8857
   Episode_Reward/joint_pos_limits: -0.3042
      Episode_Termination/time_out: 0.8608
  Episode_Termination/torso_height: 0.1392
--------------------------------------------------------------------------------
                   Total timesteps: 3915776
                    Iteration time: 0.34s
                      Time elapsed: 00:01:31
                               ETA: 00:01:39

################################################################################
                      [1m Learning iteration 239/500 [0m                      

                       Computation: 49237 steps/s (collection: 0.245s, learning 0.088s)
             Mean action noise std: 0.22
          Mean value_function loss: 0.0720
               Mean surrogate loss: -0.0014
                 Mean entropy loss: -1.1863
                       Mean reward: 76.44
               Mean episode length: 869.51
           Episode_Reward/progress: 4.5519
              Episode_Reward/alive: 0.4338
            Episode_Reward/upright: 0.0846
     Episode_Reward/move_to_target: 0.4250
          Episode_Reward/action_l2: -0.0226
             Episode_Reward/energy: -0.7715
   Episode_Reward/joint_pos_limits: -0.2673
      Episode_Termination/time_out: 0.8615
  Episode_Termination/torso_height: 0.1385
--------------------------------------------------------------------------------
                   Total timesteps: 3932160
                    Iteration time: 0.33s
                      Time elapsed: 00:01:31
                               ETA: 00:01:39

################################################################################
                      [1m Learning iteration 240/500 [0m                      

                       Computation: 48328 steps/s (collection: 0.248s, learning 0.091s)
             Mean action noise std: 0.22
          Mean value_function loss: 0.0543
               Mean surrogate loss: -0.0063
                 Mean entropy loss: -1.1915
                       Mean reward: 75.84
               Mean episode length: 863.39
           Episode_Reward/progress: 4.7220
              Episode_Reward/alive: 0.4405
            Episode_Reward/upright: 0.0863
     Episode_Reward/move_to_target: 0.4307
          Episode_Reward/action_l2: -0.0230
             Episode_Reward/energy: -0.7912
   Episode_Reward/joint_pos_limits: -0.2724
      Episode_Termination/time_out: 0.8671
  Episode_Termination/torso_height: 0.1329
--------------------------------------------------------------------------------
                   Total timesteps: 3948544
                    Iteration time: 0.34s
                      Time elapsed: 00:01:31
                               ETA: 00:01:39

################################################################################
                      [1m Learning iteration 241/500 [0m                      

                       Computation: 42061 steps/s (collection: 0.290s, learning 0.099s)
             Mean action noise std: 0.22
          Mean value_function loss: 0.0544
               Mean surrogate loss: -0.0047
                 Mean entropy loss: -1.2104
                       Mean reward: 76.69
               Mean episode length: 873.72
           Episode_Reward/progress: 4.7878
              Episode_Reward/alive: 0.4453
            Episode_Reward/upright: 0.0865
     Episode_Reward/move_to_target: 0.4366
          Episode_Reward/action_l2: -0.0232
             Episode_Reward/energy: -0.7905
   Episode_Reward/joint_pos_limits: -0.2734
      Episode_Termination/time_out: 0.8616
  Episode_Termination/torso_height: 0.1384
--------------------------------------------------------------------------------
                   Total timesteps: 3964928
                    Iteration time: 0.39s
                      Time elapsed: 00:01:32
                               ETA: 00:01:38

################################################################################
                      [1m Learning iteration 242/500 [0m                      

                       Computation: 41108 steps/s (collection: 0.305s, learning 0.093s)
             Mean action noise std: 0.22
          Mean value_function loss: 0.0493
               Mean surrogate loss: -0.0042
                 Mean entropy loss: -1.2701
                       Mean reward: 79.34
               Mean episode length: 901.25
           Episode_Reward/progress: 5.3883
              Episode_Reward/alive: 0.5000
            Episode_Reward/upright: 0.0992
     Episode_Reward/move_to_target: 0.4972
          Episode_Reward/action_l2: -0.0262
             Episode_Reward/energy: -0.8742
   Episode_Reward/joint_pos_limits: -0.3140
      Episode_Termination/time_out: 0.8630
  Episode_Termination/torso_height: 0.1370
--------------------------------------------------------------------------------
                   Total timesteps: 3981312
                    Iteration time: 0.40s
                      Time elapsed: 00:01:32
                               ETA: 00:01:38

################################################################################
                      [1m Learning iteration 243/500 [0m                      

                       Computation: 46656 steps/s (collection: 0.263s, learning 0.089s)
             Mean action noise std: 0.22
          Mean value_function loss: 0.0504
               Mean surrogate loss: -0.0056
                 Mean entropy loss: -1.2962
                       Mean reward: 77.10
               Mean episode length: 874.78
           Episode_Reward/progress: 5.0848
              Episode_Reward/alive: 0.4618
            Episode_Reward/upright: 0.0916
     Episode_Reward/move_to_target: 0.4559
          Episode_Reward/action_l2: -0.0244
             Episode_Reward/energy: -0.8392
   Episode_Reward/joint_pos_limits: -0.2838
      Episode_Termination/time_out: 0.8666
  Episode_Termination/torso_height: 0.1334
--------------------------------------------------------------------------------
                   Total timesteps: 3997696
                    Iteration time: 0.35s
                      Time elapsed: 00:01:32
                               ETA: 00:01:37

################################################################################
                      [1m Learning iteration 244/500 [0m                      

                       Computation: 47247 steps/s (collection: 0.257s, learning 0.090s)
             Mean action noise std: 0.22
          Mean value_function loss: 0.0644
               Mean surrogate loss: -0.0042
                 Mean entropy loss: -1.3262
                       Mean reward: 79.26
               Mean episode length: 892.25
           Episode_Reward/progress: 5.4905
              Episode_Reward/alive: 0.4928
            Episode_Reward/upright: 0.0972
     Episode_Reward/move_to_target: 0.4901
          Episode_Reward/action_l2: -0.0262
             Episode_Reward/energy: -0.9014
   Episode_Reward/joint_pos_limits: -0.3025
      Episode_Termination/time_out: 0.8646
  Episode_Termination/torso_height: 0.1354
--------------------------------------------------------------------------------
                   Total timesteps: 4014080
                    Iteration time: 0.35s
                      Time elapsed: 00:01:33
                               ETA: 00:01:37

################################################################################
                      [1m Learning iteration 245/500 [0m                      

                       Computation: 47919 steps/s (collection: 0.245s, learning 0.097s)
             Mean action noise std: 0.22
          Mean value_function loss: 0.0584
               Mean surrogate loss: -0.0052
                 Mean entropy loss: -1.3429
                       Mean reward: 77.91
               Mean episode length: 874.73
           Episode_Reward/progress: 4.6712
              Episode_Reward/alive: 0.4225
            Episode_Reward/upright: 0.0829
     Episode_Reward/move_to_target: 0.4179
          Episode_Reward/action_l2: -0.0224
             Episode_Reward/energy: -0.7585
   Episode_Reward/joint_pos_limits: -0.2641
      Episode_Termination/time_out: 0.8663
  Episode_Termination/torso_height: 0.1337
--------------------------------------------------------------------------------
                   Total timesteps: 4030464
                    Iteration time: 0.34s
                      Time elapsed: 00:01:33
                               ETA: 00:01:37

################################################################################
                      [1m Learning iteration 246/500 [0m                      

                       Computation: 41562 steps/s (collection: 0.322s, learning 0.072s)
             Mean action noise std: 0.22
          Mean value_function loss: 0.0816
               Mean surrogate loss: -0.0050
                 Mean entropy loss: -1.3546
                       Mean reward: 79.23
               Mean episode length: 887.78
           Episode_Reward/progress: 5.2690
              Episode_Reward/alive: 0.4797
            Episode_Reward/upright: 0.0939
     Episode_Reward/move_to_target: 0.4735
          Episode_Reward/action_l2: -0.0253
             Episode_Reward/energy: -0.8648
   Episode_Reward/joint_pos_limits: -0.2962
      Episode_Termination/time_out: 0.8683
  Episode_Termination/torso_height: 0.1317
--------------------------------------------------------------------------------
                   Total timesteps: 4046848
                    Iteration time: 0.39s
                      Time elapsed: 00:01:34
                               ETA: 00:01:36

################################################################################
                      [1m Learning iteration 247/500 [0m                      

                       Computation: 50858 steps/s (collection: 0.252s, learning 0.070s)
             Mean action noise std: 0.22
          Mean value_function loss: 0.0506
               Mean surrogate loss: -0.0067
                 Mean entropy loss: -1.3723
                       Mean reward: 79.58
               Mean episode length: 888.20
           Episode_Reward/progress: 5.4149
              Episode_Reward/alive: 0.4858
            Episode_Reward/upright: 0.0961
     Episode_Reward/move_to_target: 0.4825
          Episode_Reward/action_l2: -0.0260
             Episode_Reward/energy: -0.8898
   Episode_Reward/joint_pos_limits: -0.2995
      Episode_Termination/time_out: 0.8678
  Episode_Termination/torso_height: 0.1322
--------------------------------------------------------------------------------
                   Total timesteps: 4063232
                    Iteration time: 0.32s
                      Time elapsed: 00:01:34
                               ETA: 00:01:36

################################################################################
                      [1m Learning iteration 248/500 [0m                      

                       Computation: 47117 steps/s (collection: 0.272s, learning 0.076s)
             Mean action noise std: 0.21
          Mean value_function loss: 0.0475
               Mean surrogate loss: -0.0068
                 Mean entropy loss: -1.4031
                       Mean reward: 79.45
               Mean episode length: 887.61
           Episode_Reward/progress: 4.8006
              Episode_Reward/alive: 0.4295
            Episode_Reward/upright: 0.0846
     Episode_Reward/move_to_target: 0.4242
          Episode_Reward/action_l2: -0.0229
             Episode_Reward/energy: -0.7848
   Episode_Reward/joint_pos_limits: -0.2661
      Episode_Termination/time_out: 0.8661
  Episode_Termination/torso_height: 0.1339
--------------------------------------------------------------------------------
                   Total timesteps: 4079616
                    Iteration time: 0.35s
                      Time elapsed: 00:01:34
                               ETA: 00:01:35

################################################################################
                      [1m Learning iteration 249/500 [0m                      

                       Computation: 49203 steps/s (collection: 0.258s, learning 0.075s)
             Mean action noise std: 0.21
          Mean value_function loss: 0.0589
               Mean surrogate loss: -0.0055
                 Mean entropy loss: -1.4263
                       Mean reward: 77.72
               Mean episode length: 862.50
           Episode_Reward/progress: 4.8032
              Episode_Reward/alive: 0.4288
            Episode_Reward/upright: 0.0846
     Episode_Reward/move_to_target: 0.4228
          Episode_Reward/action_l2: -0.0230
             Episode_Reward/energy: -0.7829
   Episode_Reward/joint_pos_limits: -0.2658
      Episode_Termination/time_out: 0.8611
  Episode_Termination/torso_height: 0.1389
--------------------------------------------------------------------------------
                   Total timesteps: 4096000
                    Iteration time: 0.33s
                      Time elapsed: 00:01:35
                               ETA: 00:01:35

################################################################################
                      [1m Learning iteration 250/500 [0m                      

                       Computation: 45597 steps/s (collection: 0.289s, learning 0.070s)
             Mean action noise std: 0.21
          Mean value_function loss: 0.0820
               Mean surrogate loss: -0.0074
                 Mean entropy loss: -1.4336
                       Mean reward: 78.91
               Mean episode length: 879.22
           Episode_Reward/progress: 5.1507
              Episode_Reward/alive: 0.4711
            Episode_Reward/upright: 0.0929
     Episode_Reward/move_to_target: 0.4665
          Episode_Reward/action_l2: -0.0252
             Episode_Reward/energy: -0.8529
   Episode_Reward/joint_pos_limits: -0.2928
      Episode_Termination/time_out: 0.8581
  Episode_Termination/torso_height: 0.1419
--------------------------------------------------------------------------------
                   Total timesteps: 4112384
                    Iteration time: 0.36s
                      Time elapsed: 00:01:35
                               ETA: 00:01:35

################################################################################
                      [1m Learning iteration 251/500 [0m                      

                       Computation: 45239 steps/s (collection: 0.264s, learning 0.098s)
             Mean action noise std: 0.21
          Mean value_function loss: 0.0512
               Mean surrogate loss: -0.0047
                 Mean entropy loss: -1.4437
                       Mean reward: 76.86
               Mean episode length: 856.87
           Episode_Reward/progress: 4.5590
              Episode_Reward/alive: 0.4117
            Episode_Reward/upright: 0.0805
     Episode_Reward/move_to_target: 0.4043
          Episode_Reward/action_l2: -0.0217
             Episode_Reward/energy: -0.7469
   Episode_Reward/joint_pos_limits: -0.2528
      Episode_Termination/time_out: 0.8568
  Episode_Termination/torso_height: 0.1432
--------------------------------------------------------------------------------
                   Total timesteps: 4128768
                    Iteration time: 0.36s
                      Time elapsed: 00:01:35
                               ETA: 00:01:34

################################################################################
                      [1m Learning iteration 252/500 [0m                      

                       Computation: 37385 steps/s (collection: 0.339s, learning 0.099s)
             Mean action noise std: 0.21
          Mean value_function loss: 0.0436
               Mean surrogate loss: -0.0059
                 Mean entropy loss: -1.4617
                       Mean reward: 74.53
               Mean episode length: 830.10
           Episode_Reward/progress: 4.5288
              Episode_Reward/alive: 0.4040
            Episode_Reward/upright: 0.0790
     Episode_Reward/move_to_target: 0.4002
          Episode_Reward/action_l2: -0.0216
             Episode_Reward/energy: -0.7309
   Episode_Reward/joint_pos_limits: -0.2522
      Episode_Termination/time_out: 0.8505
  Episode_Termination/torso_height: 0.1495
--------------------------------------------------------------------------------
                   Total timesteps: 4145152
                    Iteration time: 0.44s
                      Time elapsed: 00:01:36
                               ETA: 00:01:34

################################################################################
                      [1m Learning iteration 253/500 [0m                      

                       Computation: 39763 steps/s (collection: 0.314s, learning 0.098s)
             Mean action noise std: 0.21
          Mean value_function loss: 0.0422
               Mean surrogate loss: -0.0021
                 Mean entropy loss: -1.4834
                       Mean reward: 75.54
               Mean episode length: 838.64
           Episode_Reward/progress: 4.5738
              Episode_Reward/alive: 0.4074
            Episode_Reward/upright: 0.0799
     Episode_Reward/move_to_target: 0.4054
          Episode_Reward/action_l2: -0.0218
             Episode_Reward/energy: -0.7412
   Episode_Reward/joint_pos_limits: -0.2537
      Episode_Termination/time_out: 0.8563
  Episode_Termination/torso_height: 0.1437
--------------------------------------------------------------------------------
                   Total timesteps: 4161536
                    Iteration time: 0.41s
                      Time elapsed: 00:01:36
                               ETA: 00:01:33

################################################################################
                      [1m Learning iteration 254/500 [0m                      

                       Computation: 49998 steps/s (collection: 0.258s, learning 0.070s)
             Mean action noise std: 0.21
          Mean value_function loss: 0.0410
               Mean surrogate loss: -0.0058
                 Mean entropy loss: -1.4985
                       Mean reward: 75.89
               Mean episode length: 839.88
           Episode_Reward/progress: 5.4925
              Episode_Reward/alive: 0.4855
            Episode_Reward/upright: 0.0965
     Episode_Reward/move_to_target: 0.4820
          Episode_Reward/action_l2: -0.0262
             Episode_Reward/energy: -0.9028
   Episode_Reward/joint_pos_limits: -0.2995
      Episode_Termination/time_out: 0.8575
  Episode_Termination/torso_height: 0.1425
--------------------------------------------------------------------------------
                   Total timesteps: 4177920
                    Iteration time: 0.33s
                      Time elapsed: 00:01:36
                               ETA: 00:01:33

################################################################################
                      [1m Learning iteration 255/500 [0m                      

                       Computation: 43663 steps/s (collection: 0.281s, learning 0.094s)
             Mean action noise std: 0.21
          Mean value_function loss: 0.0423
               Mean surrogate loss: -0.0049
                 Mean entropy loss: -1.5217
                       Mean reward: 77.44
               Mean episode length: 843.65
           Episode_Reward/progress: 5.7864
              Episode_Reward/alive: 0.4950
            Episode_Reward/upright: 0.0984
     Episode_Reward/move_to_target: 0.4937
          Episode_Reward/action_l2: -0.0268
             Episode_Reward/energy: -0.9286
   Episode_Reward/joint_pos_limits: -0.3048
      Episode_Termination/time_out: 0.8658
  Episode_Termination/torso_height: 0.1342
--------------------------------------------------------------------------------
                   Total timesteps: 4194304
                    Iteration time: 0.38s
                      Time elapsed: 00:01:37
                               ETA: 00:01:33

################################################################################
                      [1m Learning iteration 256/500 [0m                      

                       Computation: 51578 steps/s (collection: 0.248s, learning 0.070s)
             Mean action noise std: 0.21
          Mean value_function loss: 0.0609
               Mean surrogate loss: -0.0024
                 Mean entropy loss: -1.5404
                       Mean reward: 79.13
               Mean episode length: 867.72
           Episode_Reward/progress: 5.1731
              Episode_Reward/alive: 0.4628
            Episode_Reward/upright: 0.0904
     Episode_Reward/move_to_target: 0.4561
          Episode_Reward/action_l2: -0.0247
             Episode_Reward/energy: -0.8443
   Episode_Reward/joint_pos_limits: -0.2873
      Episode_Termination/time_out: 0.8707
  Episode_Termination/torso_height: 0.1293
--------------------------------------------------------------------------------
                   Total timesteps: 4210688
                    Iteration time: 0.32s
                      Time elapsed: 00:01:37
                               ETA: 00:01:32

################################################################################
                      [1m Learning iteration 257/500 [0m                      

                       Computation: 44238 steps/s (collection: 0.285s, learning 0.086s)
             Mean action noise std: 0.21
          Mean value_function loss: 0.0355
               Mean surrogate loss: -0.0062
                 Mean entropy loss: -1.5555
                       Mean reward: 80.43
               Mean episode length: 879.75
           Episode_Reward/progress: 4.7740
              Episode_Reward/alive: 0.4321
            Episode_Reward/upright: 0.0843
     Episode_Reward/move_to_target: 0.4243
          Episode_Reward/action_l2: -0.0232
             Episode_Reward/energy: -0.8013
   Episode_Reward/joint_pos_limits: -0.2691
      Episode_Termination/time_out: 0.8724
  Episode_Termination/torso_height: 0.1276
--------------------------------------------------------------------------------
                   Total timesteps: 4227072
                    Iteration time: 0.37s
                      Time elapsed: 00:01:38
                               ETA: 00:01:32

################################################################################
                      [1m Learning iteration 258/500 [0m                      

                       Computation: 45388 steps/s (collection: 0.267s, learning 0.094s)
             Mean action noise std: 0.21
          Mean value_function loss: 0.0335
               Mean surrogate loss: -0.0061
                 Mean entropy loss: -1.5767
                       Mean reward: 80.35
               Mean episode length: 879.75
           Episode_Reward/progress: 5.1010
              Episode_Reward/alive: 0.4478
            Episode_Reward/upright: 0.0887
     Episode_Reward/move_to_target: 0.4437
          Episode_Reward/action_l2: -0.0240
             Episode_Reward/energy: -0.8299
   Episode_Reward/joint_pos_limits: -0.2784
      Episode_Termination/time_out: 0.8716
  Episode_Termination/torso_height: 0.1284
--------------------------------------------------------------------------------
                   Total timesteps: 4243456
                    Iteration time: 0.36s
                      Time elapsed: 00:01:38
                               ETA: 00:01:31

################################################################################
                      [1m Learning iteration 259/500 [0m                      

                       Computation: 37897 steps/s (collection: 0.315s, learning 0.117s)
             Mean action noise std: 0.21
          Mean value_function loss: 0.0350
               Mean surrogate loss: -0.0047
                 Mean entropy loss: -1.6034
                       Mean reward: 82.27
               Mean episode length: 897.53
           Episode_Reward/progress: 5.5768
              Episode_Reward/alive: 0.4852
            Episode_Reward/upright: 0.0968
     Episode_Reward/move_to_target: 0.4817
          Episode_Reward/action_l2: -0.0263
             Episode_Reward/energy: -0.9146
   Episode_Reward/joint_pos_limits: -0.2999
      Episode_Termination/time_out: 0.8782
  Episode_Termination/torso_height: 0.1218
--------------------------------------------------------------------------------
                   Total timesteps: 4259840
                    Iteration time: 0.43s
                      Time elapsed: 00:01:38
                               ETA: 00:01:31

################################################################################
                      [1m Learning iteration 260/500 [0m                      

                       Computation: 45680 steps/s (collection: 0.272s, learning 0.086s)
             Mean action noise std: 0.21
          Mean value_function loss: 0.0411
               Mean surrogate loss: -0.0061
                 Mean entropy loss: -1.6412
                       Mean reward: 81.32
               Mean episode length: 889.18
           Episode_Reward/progress: 4.7646
              Episode_Reward/alive: 0.4147
            Episode_Reward/upright: 0.0811
     Episode_Reward/move_to_target: 0.4101
          Episode_Reward/action_l2: -0.0226
             Episode_Reward/energy: -0.7726
   Episode_Reward/joint_pos_limits: -0.2592
      Episode_Termination/time_out: 0.8818
  Episode_Termination/torso_height: 0.1182
--------------------------------------------------------------------------------
                   Total timesteps: 4276224
                    Iteration time: 0.36s
                      Time elapsed: 00:01:39
                               ETA: 00:01:31

################################################################################
                      [1m Learning iteration 261/500 [0m                      

                       Computation: 46355 steps/s (collection: 0.270s, learning 0.083s)
             Mean action noise std: 0.21
          Mean value_function loss: 0.0543
               Mean surrogate loss: -0.0037
                 Mean entropy loss: -1.6715
                       Mean reward: 80.41
               Mean episode length: 880.41
           Episode_Reward/progress: 5.6058
              Episode_Reward/alive: 0.4762
            Episode_Reward/upright: 0.0945
     Episode_Reward/move_to_target: 0.4724
          Episode_Reward/action_l2: -0.0259
             Episode_Reward/energy: -0.8928
   Episode_Reward/joint_pos_limits: -0.2953
      Episode_Termination/time_out: 0.8802
  Episode_Termination/torso_height: 0.1198
--------------------------------------------------------------------------------
                   Total timesteps: 4292608
                    Iteration time: 0.35s
                      Time elapsed: 00:01:39
                               ETA: 00:01:30

################################################################################
                      [1m Learning iteration 262/500 [0m                      

                       Computation: 41948 steps/s (collection: 0.306s, learning 0.085s)
             Mean action noise std: 0.21
          Mean value_function loss: 0.0384
               Mean surrogate loss: -0.0041
                 Mean entropy loss: -1.6790
                       Mean reward: 79.09
               Mean episode length: 864.04
           Episode_Reward/progress: 5.1515
              Episode_Reward/alive: 0.4550
            Episode_Reward/upright: 0.0893
     Episode_Reward/move_to_target: 0.4515
          Episode_Reward/action_l2: -0.0246
             Episode_Reward/energy: -0.8448
   Episode_Reward/joint_pos_limits: -0.2851
      Episode_Termination/time_out: 0.8788
  Episode_Termination/torso_height: 0.1212
--------------------------------------------------------------------------------
                   Total timesteps: 4308992
                    Iteration time: 0.39s
                      Time elapsed: 00:01:39
                               ETA: 00:01:30

################################################################################
                      [1m Learning iteration 263/500 [0m                      

                       Computation: 40886 steps/s (collection: 0.296s, learning 0.105s)
             Mean action noise std: 0.21
          Mean value_function loss: 0.0374
               Mean surrogate loss: -0.0031
                 Mean entropy loss: -1.6870
                       Mean reward: 78.56
               Mean episode length: 854.21
           Episode_Reward/progress: 5.4558
              Episode_Reward/alive: 0.4779
            Episode_Reward/upright: 0.0952
     Episode_Reward/move_to_target: 0.4760
          Episode_Reward/action_l2: -0.0254
             Episode_Reward/energy: -0.8693
   Episode_Reward/joint_pos_limits: -0.2958
      Episode_Termination/time_out: 0.8788
  Episode_Termination/torso_height: 0.1212
--------------------------------------------------------------------------------
                   Total timesteps: 4325376
                    Iteration time: 0.40s
                      Time elapsed: 00:01:40
                               ETA: 00:01:30

################################################################################
                      [1m Learning iteration 264/500 [0m                      

                       Computation: 36977 steps/s (collection: 0.347s, learning 0.096s)
             Mean action noise std: 0.21
          Mean value_function loss: 0.0531
               Mean surrogate loss: -0.0033
                 Mean entropy loss: -1.7264
                       Mean reward: 81.34
               Mean episode length: 877.97
           Episode_Reward/progress: 5.6212
              Episode_Reward/alive: 0.4850
            Episode_Reward/upright: 0.0958
     Episode_Reward/move_to_target: 0.4817
          Episode_Reward/action_l2: -0.0264
             Episode_Reward/energy: -0.9066
   Episode_Reward/joint_pos_limits: -0.3016
      Episode_Termination/time_out: 0.8818
  Episode_Termination/torso_height: 0.1182
--------------------------------------------------------------------------------
                   Total timesteps: 4341760
                    Iteration time: 0.44s
                      Time elapsed: 00:01:40
                               ETA: 00:01:29

################################################################################
                      [1m Learning iteration 265/500 [0m                      

                       Computation: 43947 steps/s (collection: 0.266s, learning 0.107s)
             Mean action noise std: 0.21
          Mean value_function loss: 0.0460
               Mean surrogate loss: -0.0025
                 Mean entropy loss: -1.7408
                       Mean reward: 81.29
               Mean episode length: 878.30
           Episode_Reward/progress: 4.7494
              Episode_Reward/alive: 0.4145
            Episode_Reward/upright: 0.0807
     Episode_Reward/move_to_target: 0.4061
          Episode_Reward/action_l2: -0.0223
             Episode_Reward/energy: -0.7785
   Episode_Reward/joint_pos_limits: -0.2564
      Episode_Termination/time_out: 0.8841
  Episode_Termination/torso_height: 0.1159
--------------------------------------------------------------------------------
                   Total timesteps: 4358144
                    Iteration time: 0.37s
                      Time elapsed: 00:01:41
                               ETA: 00:01:29

################################################################################
                      [1m Learning iteration 266/500 [0m                      

                       Computation: 46896 steps/s (collection: 0.258s, learning 0.091s)
             Mean action noise std: 0.21
          Mean value_function loss: 0.0345
               Mean surrogate loss: -0.0062
                 Mean entropy loss: -1.7515
                       Mean reward: 81.27
               Mean episode length: 878.31
           Episode_Reward/progress: 5.5321
              Episode_Reward/alive: 0.4852
            Episode_Reward/upright: 0.0966
     Episode_Reward/move_to_target: 0.4825
          Episode_Reward/action_l2: -0.0265
             Episode_Reward/energy: -0.9101
   Episode_Reward/joint_pos_limits: -0.3033
      Episode_Termination/time_out: 0.8835
  Episode_Termination/torso_height: 0.1165
--------------------------------------------------------------------------------
                   Total timesteps: 4374528
                    Iteration time: 0.35s
                      Time elapsed: 00:01:41
                               ETA: 00:01:28

################################################################################
                      [1m Learning iteration 267/500 [0m                      

                       Computation: 38927 steps/s (collection: 0.289s, learning 0.132s)
             Mean action noise std: 0.21
          Mean value_function loss: 0.0437
               Mean surrogate loss: -0.0060
                 Mean entropy loss: -1.7731
                       Mean reward: 80.05
               Mean episode length: 866.86
           Episode_Reward/progress: 5.3842
              Episode_Reward/alive: 0.4725
            Episode_Reward/upright: 0.0927
     Episode_Reward/move_to_target: 0.4599
          Episode_Reward/action_l2: -0.0255
             Episode_Reward/energy: -0.8810
   Episode_Reward/joint_pos_limits: -0.2940
      Episode_Termination/time_out: 0.8849
  Episode_Termination/torso_height: 0.1151
--------------------------------------------------------------------------------
                   Total timesteps: 4390912
                    Iteration time: 0.42s
                      Time elapsed: 00:01:41
                               ETA: 00:01:28

################################################################################
                      [1m Learning iteration 268/500 [0m                      

                       Computation: 40979 steps/s (collection: 0.296s, learning 0.103s)
             Mean action noise std: 0.21
          Mean value_function loss: 0.0454
               Mean surrogate loss: -0.0037
                 Mean entropy loss: -1.8023
                       Mean reward: 78.37
               Mean episode length: 850.55
           Episode_Reward/progress: 3.9659
              Episode_Reward/alive: 0.3534
            Episode_Reward/upright: 0.0675
     Episode_Reward/move_to_target: 0.3449
          Episode_Reward/action_l2: -0.0192
             Episode_Reward/energy: -0.6507
   Episode_Reward/joint_pos_limits: -0.2221
      Episode_Termination/time_out: 0.8818
  Episode_Termination/torso_height: 0.1182
--------------------------------------------------------------------------------
                   Total timesteps: 4407296
                    Iteration time: 0.40s
                      Time elapsed: 00:01:42
                               ETA: 00:01:28

################################################################################
                      [1m Learning iteration 269/500 [0m                      

                       Computation: 38549 steps/s (collection: 0.326s, learning 0.099s)
             Mean action noise std: 0.21
          Mean value_function loss: 0.0526
               Mean surrogate loss: -0.0031
                 Mean entropy loss: -1.8258
                       Mean reward: 79.02
               Mean episode length: 859.32
           Episode_Reward/progress: 5.2109
              Episode_Reward/alive: 0.4693
            Episode_Reward/upright: 0.0911
     Episode_Reward/move_to_target: 0.4650
          Episode_Reward/action_l2: -0.0252
             Episode_Reward/energy: -0.8566
   Episode_Reward/joint_pos_limits: -0.2972
      Episode_Termination/time_out: 0.8808
  Episode_Termination/torso_height: 0.1192
--------------------------------------------------------------------------------
                   Total timesteps: 4423680
                    Iteration time: 0.43s
                      Time elapsed: 00:01:42
                               ETA: 00:01:27

################################################################################
                      [1m Learning iteration 270/500 [0m                      

                       Computation: 41557 steps/s (collection: 0.284s, learning 0.110s)
             Mean action noise std: 0.21
          Mean value_function loss: 0.0761
               Mean surrogate loss: -0.0034
                 Mean entropy loss: -1.8422
                       Mean reward: 82.22
               Mean episode length: 893.99
           Episode_Reward/progress: 5.7214
              Episode_Reward/alive: 0.4976
            Episode_Reward/upright: 0.0992
     Episode_Reward/move_to_target: 0.4937
          Episode_Reward/action_l2: -0.0270
             Episode_Reward/energy: -0.9162
   Episode_Reward/joint_pos_limits: -0.3161
      Episode_Termination/time_out: 0.8862
  Episode_Termination/torso_height: 0.1138
--------------------------------------------------------------------------------
                   Total timesteps: 4440064
                    Iteration time: 0.39s
                      Time elapsed: 00:01:43
                               ETA: 00:01:27

################################################################################
                      [1m Learning iteration 271/500 [0m                      

                       Computation: 35838 steps/s (collection: 0.326s, learning 0.131s)
             Mean action noise std: 0.20
          Mean value_function loss: 0.0999
               Mean surrogate loss: -0.0044
                 Mean entropy loss: -1.8519
                       Mean reward: 82.33
               Mean episode length: 893.99
           Episode_Reward/progress: 5.8476
              Episode_Reward/alive: 0.5000
            Episode_Reward/upright: 0.0990
     Episode_Reward/move_to_target: 0.4964
          Episode_Reward/action_l2: -0.0275
             Episode_Reward/energy: -0.9451
   Episode_Reward/joint_pos_limits: -0.3151
      Episode_Termination/time_out: 0.8943
  Episode_Termination/torso_height: 0.1057
--------------------------------------------------------------------------------
                   Total timesteps: 4456448
                    Iteration time: 0.46s
                      Time elapsed: 00:01:43
                               ETA: 00:01:27

################################################################################
                      [1m Learning iteration 272/500 [0m                      

                       Computation: 39065 steps/s (collection: 0.327s, learning 0.092s)
             Mean action noise std: 0.20
          Mean value_function loss: 0.0668
               Mean surrogate loss: -0.0064
                 Mean entropy loss: -1.8619
                       Mean reward: 81.76
               Mean episode length: 886.17
           Episode_Reward/progress: 5.4121
              Episode_Reward/alive: 0.4706
            Episode_Reward/upright: 0.0927
     Episode_Reward/move_to_target: 0.4652
          Episode_Reward/action_l2: -0.0256
             Episode_Reward/energy: -0.8733
   Episode_Reward/joint_pos_limits: -0.2932
      Episode_Termination/time_out: 0.8917
  Episode_Termination/torso_height: 0.1083
--------------------------------------------------------------------------------
                   Total timesteps: 4472832
                    Iteration time: 0.42s
                      Time elapsed: 00:01:43
                               ETA: 00:01:26

################################################################################
                      [1m Learning iteration 273/500 [0m                      

                       Computation: 41512 steps/s (collection: 0.291s, learning 0.104s)
             Mean action noise std: 0.20
          Mean value_function loss: 0.0409
               Mean surrogate loss: -0.0060
                 Mean entropy loss: -1.8648
                       Mean reward: 80.85
               Mean episode length: 875.24
           Episode_Reward/progress: 5.2909
              Episode_Reward/alive: 0.4547
            Episode_Reward/upright: 0.0894
     Episode_Reward/move_to_target: 0.4452
          Episode_Reward/action_l2: -0.0244
             Episode_Reward/energy: -0.8381
   Episode_Reward/joint_pos_limits: -0.2840
      Episode_Termination/time_out: 0.8857
  Episode_Termination/torso_height: 0.1143
--------------------------------------------------------------------------------
                   Total timesteps: 4489216
                    Iteration time: 0.39s
                      Time elapsed: 00:01:44
                               ETA: 00:01:26

################################################################################
                      [1m Learning iteration 274/500 [0m                      

                       Computation: 39371 steps/s (collection: 0.314s, learning 0.102s)
             Mean action noise std: 0.20
          Mean value_function loss: 0.0613
               Mean surrogate loss: -0.0061
                 Mean entropy loss: -1.8748
                       Mean reward: 83.23
               Mean episode length: 899.02
           Episode_Reward/progress: 5.1452
              Episode_Reward/alive: 0.4548
            Episode_Reward/upright: 0.0886
     Episode_Reward/move_to_target: 0.4477
          Episode_Reward/action_l2: -0.0246
             Episode_Reward/energy: -0.8407
   Episode_Reward/joint_pos_limits: -0.2871
      Episode_Termination/time_out: 0.8867
  Episode_Termination/torso_height: 0.1133
--------------------------------------------------------------------------------
                   Total timesteps: 4505600
                    Iteration time: 0.42s
                      Time elapsed: 00:01:44
                               ETA: 00:01:26

################################################################################
                      [1m Learning iteration 275/500 [0m                      

                       Computation: 42398 steps/s (collection: 0.287s, learning 0.099s)
             Mean action noise std: 0.20
          Mean value_function loss: 0.0393
               Mean surrogate loss: -0.0060
                 Mean entropy loss: -1.8994
                       Mean reward: 81.84
               Mean episode length: 882.54
           Episode_Reward/progress: 5.2366
              Episode_Reward/alive: 0.4463
            Episode_Reward/upright: 0.0878
     Episode_Reward/move_to_target: 0.4433
          Episode_Reward/action_l2: -0.0244
             Episode_Reward/energy: -0.8282
   Episode_Reward/joint_pos_limits: -0.2795
      Episode_Termination/time_out: 0.8859
  Episode_Termination/torso_height: 0.1141
--------------------------------------------------------------------------------
                   Total timesteps: 4521984
                    Iteration time: 0.39s
                      Time elapsed: 00:01:45
                               ETA: 00:01:25

################################################################################
                      [1m Learning iteration 276/500 [0m                      

                       Computation: 42545 steps/s (collection: 0.302s, learning 0.083s)
             Mean action noise std: 0.20
          Mean value_function loss: 0.0597
               Mean surrogate loss: -0.0060
                 Mean entropy loss: -1.9034
                       Mean reward: 84.41
               Mean episode length: 901.41
           Episode_Reward/progress: 5.8558
              Episode_Reward/alive: 0.4996
            Episode_Reward/upright: 0.0994
     Episode_Reward/move_to_target: 0.4976
          Episode_Reward/action_l2: -0.0274
             Episode_Reward/energy: -0.9372
   Episode_Reward/joint_pos_limits: -0.3127
      Episode_Termination/time_out: 0.8898
  Episode_Termination/torso_height: 0.1102
--------------------------------------------------------------------------------
                   Total timesteps: 4538368
                    Iteration time: 0.39s
                      Time elapsed: 00:01:45
                               ETA: 00:01:25

################################################################################
                      [1m Learning iteration 277/500 [0m                      

                       Computation: 40446 steps/s (collection: 0.314s, learning 0.091s)
             Mean action noise std: 0.20
          Mean value_function loss: 0.0477
               Mean surrogate loss: -0.0058
                 Mean entropy loss: -1.9205
                       Mean reward: 84.26
               Mean episode length: 900.54
           Episode_Reward/progress: 5.5354
              Episode_Reward/alive: 0.4752
            Episode_Reward/upright: 0.0938
     Episode_Reward/move_to_target: 0.4713
          Episode_Reward/action_l2: -0.0261
             Episode_Reward/energy: -0.8929
   Episode_Reward/joint_pos_limits: -0.2980
      Episode_Termination/time_out: 0.8928
  Episode_Termination/torso_height: 0.1072
--------------------------------------------------------------------------------
                   Total timesteps: 4554752
                    Iteration time: 0.41s
                      Time elapsed: 00:01:45
                               ETA: 00:01:25

################################################################################
                      [1m Learning iteration 278/500 [0m                      

                       Computation: 41878 steps/s (collection: 0.289s, learning 0.102s)
             Mean action noise std: 0.20
          Mean value_function loss: 0.0710
               Mean surrogate loss: -0.0049
                 Mean entropy loss: -1.9433
                       Mean reward: 84.37
               Mean episode length: 900.13
           Episode_Reward/progress: 5.3628
              Episode_Reward/alive: 0.4703
            Episode_Reward/upright: 0.0918
     Episode_Reward/move_to_target: 0.4654
          Episode_Reward/action_l2: -0.0255
             Episode_Reward/energy: -0.8693
   Episode_Reward/joint_pos_limits: -0.2948
      Episode_Termination/time_out: 0.8916
  Episode_Termination/torso_height: 0.1084
--------------------------------------------------------------------------------
                   Total timesteps: 4571136
                    Iteration time: 0.39s
                      Time elapsed: 00:01:46
                               ETA: 00:01:24

################################################################################
                      [1m Learning iteration 279/500 [0m                      

                       Computation: 38487 steps/s (collection: 0.330s, learning 0.096s)
             Mean action noise std: 0.20
          Mean value_function loss: 0.0487
               Mean surrogate loss: -0.0075
                 Mean entropy loss: -1.9723
                       Mean reward: 84.14
               Mean episode length: 898.12
           Episode_Reward/progress: 5.4635
              Episode_Reward/alive: 0.4686
            Episode_Reward/upright: 0.0924
     Episode_Reward/move_to_target: 0.4663
          Episode_Reward/action_l2: -0.0256
             Episode_Reward/energy: -0.8651
   Episode_Reward/joint_pos_limits: -0.2962
      Episode_Termination/time_out: 0.8896
  Episode_Termination/torso_height: 0.1104
--------------------------------------------------------------------------------
                   Total timesteps: 4587520
                    Iteration time: 0.43s
                      Time elapsed: 00:01:46
                               ETA: 00:01:24

################################################################################
                      [1m Learning iteration 280/500 [0m                      

                       Computation: 41518 steps/s (collection: 0.292s, learning 0.103s)
             Mean action noise std: 0.20
          Mean value_function loss: 0.0425
               Mean surrogate loss: -0.0056
                 Mean entropy loss: -2.0131
                       Mean reward: 81.80
               Mean episode length: 871.67
           Episode_Reward/progress: 4.0982
              Episode_Reward/alive: 0.3553
            Episode_Reward/upright: 0.0690
     Episode_Reward/move_to_target: 0.3448
          Episode_Reward/action_l2: -0.0195
             Episode_Reward/energy: -0.6546
   Episode_Reward/joint_pos_limits: -0.2250
      Episode_Termination/time_out: 0.8889
  Episode_Termination/torso_height: 0.1111
--------------------------------------------------------------------------------
                   Total timesteps: 4603904
                    Iteration time: 0.39s
                      Time elapsed: 00:01:47
                               ETA: 00:01:23

################################################################################
                      [1m Learning iteration 281/500 [0m                      

                       Computation: 48965 steps/s (collection: 0.263s, learning 0.071s)
             Mean action noise std: 0.20
          Mean value_function loss: 0.0643
               Mean surrogate loss: -0.0057
                 Mean entropy loss: -2.0338
                       Mean reward: 81.03
               Mean episode length: 859.47
           Episode_Reward/progress: 5.3485
              Episode_Reward/alive: 0.4567
            Episode_Reward/upright: 0.0906
     Episode_Reward/move_to_target: 0.4494
          Episode_Reward/action_l2: -0.0251
             Episode_Reward/energy: -0.8507
   Episode_Reward/joint_pos_limits: -0.2866
      Episode_Termination/time_out: 0.8862
  Episode_Termination/torso_height: 0.1138
--------------------------------------------------------------------------------
                   Total timesteps: 4620288
                    Iteration time: 0.33s
                      Time elapsed: 00:01:47
                               ETA: 00:01:23

################################################################################
                      [1m Learning iteration 282/500 [0m                      

                       Computation: 40449 steps/s (collection: 0.300s, learning 0.105s)
             Mean action noise std: 0.20
          Mean value_function loss: 0.0686
               Mean surrogate loss: -0.0049
                 Mean entropy loss: -2.0563
                       Mean reward: 79.84
               Mean episode length: 843.01
           Episode_Reward/progress: 5.2067
              Episode_Reward/alive: 0.4394
            Episode_Reward/upright: 0.0865
     Episode_Reward/move_to_target: 0.4363
          Episode_Reward/action_l2: -0.0243
             Episode_Reward/energy: -0.8242
   Episode_Reward/joint_pos_limits: -0.2762
      Episode_Termination/time_out: 0.8906
  Episode_Termination/torso_height: 0.1094
--------------------------------------------------------------------------------
                   Total timesteps: 4636672
                    Iteration time: 0.41s
                      Time elapsed: 00:01:47
                               ETA: 00:01:23

################################################################################
                      [1m Learning iteration 283/500 [0m                      

                       Computation: 39368 steps/s (collection: 0.313s, learning 0.103s)
             Mean action noise std: 0.20
          Mean value_function loss: 0.0687
               Mean surrogate loss: -0.0045
                 Mean entropy loss: -2.0730
                       Mean reward: 79.50
               Mean episode length: 837.93
           Episode_Reward/progress: 4.5770
              Episode_Reward/alive: 0.3910
            Episode_Reward/upright: 0.0764
     Episode_Reward/move_to_target: 0.3860
          Episode_Reward/action_l2: -0.0215
             Episode_Reward/energy: -0.7212
   Episode_Reward/joint_pos_limits: -0.2467
      Episode_Termination/time_out: 0.8907
  Episode_Termination/torso_height: 0.1093
--------------------------------------------------------------------------------
                   Total timesteps: 4653056
                    Iteration time: 0.42s
                      Time elapsed: 00:01:48
                               ETA: 00:01:22

################################################################################
                      [1m Learning iteration 284/500 [0m                      

                       Computation: 41042 steps/s (collection: 0.308s, learning 0.092s)
             Mean action noise std: 0.20
          Mean value_function loss: 0.0506
               Mean surrogate loss: -0.0085
                 Mean entropy loss: -2.1005
                       Mean reward: 78.20
               Mean episode length: 823.99
           Episode_Reward/progress: 4.3607
              Episode_Reward/alive: 0.3751
            Episode_Reward/upright: 0.0729
     Episode_Reward/move_to_target: 0.3706
          Episode_Reward/action_l2: -0.0205
             Episode_Reward/energy: -0.6837
   Episode_Reward/joint_pos_limits: -0.2372
      Episode_Termination/time_out: 0.8883
  Episode_Termination/torso_height: 0.1117
--------------------------------------------------------------------------------
                   Total timesteps: 4669440
                    Iteration time: 0.40s
                      Time elapsed: 00:01:48
                               ETA: 00:01:22

################################################################################
                      [1m Learning iteration 285/500 [0m                      

                       Computation: 43014 steps/s (collection: 0.287s, learning 0.094s)
             Mean action noise std: 0.20
          Mean value_function loss: 0.0695
               Mean surrogate loss: -0.0055
                 Mean entropy loss: -2.1093
                       Mean reward: 79.89
               Mean episode length: 841.27
           Episode_Reward/progress: 5.4776
              Episode_Reward/alive: 0.4638
            Episode_Reward/upright: 0.0916
     Episode_Reward/move_to_target: 0.4606
          Episode_Reward/action_l2: -0.0258
             Episode_Reward/energy: -0.8759
   Episode_Reward/joint_pos_limits: -0.2922
      Episode_Termination/time_out: 0.8850
  Episode_Termination/torso_height: 0.1150
--------------------------------------------------------------------------------
                   Total timesteps: 4685824
                    Iteration time: 0.38s
                      Time elapsed: 00:01:49
                               ETA: 00:01:22

################################################################################
                      [1m Learning iteration 286/500 [0m                      

                       Computation: 46430 steps/s (collection: 0.262s, learning 0.090s)
             Mean action noise std: 0.20
          Mean value_function loss: 0.0618
               Mean surrogate loss: -0.0059
                 Mean entropy loss: -2.1331
                       Mean reward: 79.16
               Mean episode length: 833.31
           Episode_Reward/progress: 5.6495
              Episode_Reward/alive: 0.4694
            Episode_Reward/upright: 0.0928
     Episode_Reward/move_to_target: 0.4677
          Episode_Reward/action_l2: -0.0261
             Episode_Reward/energy: -0.8758
   Episode_Reward/joint_pos_limits: -0.2961
      Episode_Termination/time_out: 0.8835
  Episode_Termination/torso_height: 0.1165
--------------------------------------------------------------------------------
                   Total timesteps: 4702208
                    Iteration time: 0.35s
                      Time elapsed: 00:01:49
                               ETA: 00:01:21

################################################################################
                      [1m Learning iteration 287/500 [0m                      

                       Computation: 44454 steps/s (collection: 0.266s, learning 0.103s)
             Mean action noise std: 0.20
          Mean value_function loss: 0.0487
               Mean surrogate loss: -0.0040
                 Mean entropy loss: -2.1526
                       Mean reward: 82.00
               Mean episode length: 860.10
           Episode_Reward/progress: 5.7976
              Episode_Reward/alive: 0.4855
            Episode_Reward/upright: 0.0963
     Episode_Reward/move_to_target: 0.4838
          Episode_Reward/action_l2: -0.0271
             Episode_Reward/energy: -0.9121
   Episode_Reward/joint_pos_limits: -0.3062
      Episode_Termination/time_out: 0.8824
  Episode_Termination/torso_height: 0.1176
--------------------------------------------------------------------------------
                   Total timesteps: 4718592
                    Iteration time: 0.37s
                      Time elapsed: 00:01:49
                               ETA: 00:01:21

################################################################################
                      [1m Learning iteration 288/500 [0m                      

                       Computation: 46287 steps/s (collection: 0.264s, learning 0.090s)
             Mean action noise std: 0.20
          Mean value_function loss: 0.0369
               Mean surrogate loss: -0.0012
                 Mean entropy loss: -2.1607
                       Mean reward: 82.37
               Mean episode length: 863.27
           Episode_Reward/progress: 5.7086
              Episode_Reward/alive: 0.4804
            Episode_Reward/upright: 0.0950
     Episode_Reward/move_to_target: 0.4785
          Episode_Reward/action_l2: -0.0267
             Episode_Reward/energy: -0.9016
   Episode_Reward/joint_pos_limits: -0.3022
      Episode_Termination/time_out: 0.8831
  Episode_Termination/torso_height: 0.1169
--------------------------------------------------------------------------------
                   Total timesteps: 4734976
                    Iteration time: 0.35s
                      Time elapsed: 00:01:50
                               ETA: 00:01:20

################################################################################
                      [1m Learning iteration 289/500 [0m                      

                       Computation: 43639 steps/s (collection: 0.281s, learning 0.094s)
             Mean action noise std: 0.20
          Mean value_function loss: 0.0603
               Mean surrogate loss: -0.0031
                 Mean entropy loss: -2.1889
                       Mean reward: 85.03
               Mean episode length: 891.01
           Episode_Reward/progress: 5.6368
              Episode_Reward/alive: 0.4748
            Episode_Reward/upright: 0.0942
     Episode_Reward/move_to_target: 0.4711
          Episode_Reward/action_l2: -0.0265
             Episode_Reward/energy: -0.8926
   Episode_Reward/joint_pos_limits: -0.2985
      Episode_Termination/time_out: 0.8815
  Episode_Termination/torso_height: 0.1185
--------------------------------------------------------------------------------
                   Total timesteps: 4751360
                    Iteration time: 0.38s
                      Time elapsed: 00:01:50
                               ETA: 00:01:20

################################################################################
                      [1m Learning iteration 290/500 [0m                      

                       Computation: 47805 steps/s (collection: 0.252s, learning 0.091s)
             Mean action noise std: 0.20
          Mean value_function loss: 0.0761
               Mean surrogate loss: -0.0044
                 Mean entropy loss: -2.2093
                       Mean reward: 86.18
               Mean episode length: 899.87
           Episode_Reward/progress: 5.9113
              Episode_Reward/alive: 0.5000
            Episode_Reward/upright: 0.0987
     Episode_Reward/move_to_target: 0.4944
          Episode_Reward/action_l2: -0.0279
             Episode_Reward/energy: -0.9399
   Episode_Reward/joint_pos_limits: -0.3147
      Episode_Termination/time_out: 0.8829
  Episode_Termination/torso_height: 0.1171
--------------------------------------------------------------------------------
                   Total timesteps: 4767744
                    Iteration time: 0.34s
                      Time elapsed: 00:01:50
                               ETA: 00:01:20

################################################################################
                      [1m Learning iteration 291/500 [0m                      

                       Computation: 48116 steps/s (collection: 0.250s, learning 0.091s)
             Mean action noise std: 0.20
          Mean value_function loss: 0.0853
               Mean surrogate loss: -0.0027
                 Mean entropy loss: -2.2215
                       Mean reward: 86.28
               Mean episode length: 899.87
           Episode_Reward/progress: 6.0968
              Episode_Reward/alive: 0.5000
            Episode_Reward/upright: 0.0994
     Episode_Reward/move_to_target: 0.4989
          Episode_Reward/action_l2: -0.0283
             Episode_Reward/energy: -0.9495
   Episode_Reward/joint_pos_limits: -0.3161
      Episode_Termination/time_out: 0.8854
  Episode_Termination/torso_height: 0.1146
--------------------------------------------------------------------------------
                   Total timesteps: 4784128
                    Iteration time: 0.34s
                      Time elapsed: 00:01:51
                               ETA: 00:01:19

################################################################################
                      [1m Learning iteration 292/500 [0m                      

                       Computation: 42740 steps/s (collection: 0.292s, learning 0.092s)
             Mean action noise std: 0.20
          Mean value_function loss: 0.0362
               Mean surrogate loss: -0.0069
                 Mean entropy loss: -2.2361
                       Mean reward: 85.98
               Mean episode length: 896.12
           Episode_Reward/progress: 4.6792
              Episode_Reward/alive: 0.3962
            Episode_Reward/upright: 0.0765
     Episode_Reward/move_to_target: 0.3880
          Episode_Reward/action_l2: -0.0221
             Episode_Reward/energy: -0.7361
   Episode_Reward/joint_pos_limits: -0.2493
      Episode_Termination/time_out: 0.8831
  Episode_Termination/torso_height: 0.1169
--------------------------------------------------------------------------------
                   Total timesteps: 4800512
                    Iteration time: 0.38s
                      Time elapsed: 00:01:51
                               ETA: 00:01:19

################################################################################
                      [1m Learning iteration 293/500 [0m                      

                       Computation: 52785 steps/s (collection: 0.241s, learning 0.069s)
             Mean action noise std: 0.20
          Mean value_function loss: 0.0391
               Mean surrogate loss: -0.0055
                 Mean entropy loss: -2.2645
                       Mean reward: 83.94
               Mean episode length: 880.57
           Episode_Reward/progress: 4.8250
              Episode_Reward/alive: 0.4560
            Episode_Reward/upright: 0.0874
     Episode_Reward/move_to_target: 0.4133
          Episode_Reward/action_l2: -0.0246
             Episode_Reward/energy: -0.8212
   Episode_Reward/joint_pos_limits: -0.2895
      Episode_Termination/time_out: 0.8840
  Episode_Termination/torso_height: 0.1160
--------------------------------------------------------------------------------
                   Total timesteps: 4816896
                    Iteration time: 0.31s
                      Time elapsed: 00:01:51
                               ETA: 00:01:18

################################################################################
                      [1m Learning iteration 294/500 [0m                      

                       Computation: 44065 steps/s (collection: 0.275s, learning 0.097s)
             Mean action noise std: 0.20
          Mean value_function loss: 0.0909
               Mean surrogate loss: -0.0069
                 Mean entropy loss: -2.2828
                       Mean reward: 84.74
               Mean episode length: 886.78
           Episode_Reward/progress: 5.7671
              Episode_Reward/alive: 0.4749
            Episode_Reward/upright: 0.0938
     Episode_Reward/move_to_target: 0.4691
          Episode_Reward/action_l2: -0.0269
             Episode_Reward/energy: -0.8953
   Episode_Reward/joint_pos_limits: -0.2980
      Episode_Termination/time_out: 0.8823
  Episode_Termination/torso_height: 0.1177
--------------------------------------------------------------------------------
                   Total timesteps: 4833280
                    Iteration time: 0.37s
                      Time elapsed: 00:01:52
                               ETA: 00:01:18

################################################################################
                      [1m Learning iteration 295/500 [0m                      

                       Computation: 48422 steps/s (collection: 0.247s, learning 0.092s)
             Mean action noise std: 0.20
          Mean value_function loss: 0.0548
               Mean surrogate loss: -0.0023
                 Mean entropy loss: -2.2918
                       Mean reward: 83.47
               Mean episode length: 872.26
           Episode_Reward/progress: 5.0089
              Episode_Reward/alive: 0.4114
            Episode_Reward/upright: 0.0811
     Episode_Reward/move_to_target: 0.4052
          Episode_Reward/action_l2: -0.0232
             Episode_Reward/energy: -0.7726
   Episode_Reward/joint_pos_limits: -0.2587
      Episode_Termination/time_out: 0.8768
  Episode_Termination/torso_height: 0.1232
--------------------------------------------------------------------------------
                   Total timesteps: 4849664
                    Iteration time: 0.34s
                      Time elapsed: 00:01:52
                               ETA: 00:01:18

################################################################################
                      [1m Learning iteration 296/500 [0m                      

                       Computation: 49306 steps/s (collection: 0.245s, learning 0.087s)
             Mean action noise std: 0.20
          Mean value_function loss: 0.0758
               Mean surrogate loss: -0.0033
                 Mean entropy loss: -2.2991
                       Mean reward: 83.77
               Mean episode length: 874.21
           Episode_Reward/progress: 5.4346
              Episode_Reward/alive: 0.4571
            Episode_Reward/upright: 0.0894
     Episode_Reward/move_to_target: 0.4497
          Episode_Reward/action_l2: -0.0258
             Episode_Reward/energy: -0.8501
   Episode_Reward/joint_pos_limits: -0.2883
      Episode_Termination/time_out: 0.8727
  Episode_Termination/torso_height: 0.1273
--------------------------------------------------------------------------------
                   Total timesteps: 4866048
                    Iteration time: 0.33s
                      Time elapsed: 00:01:53
                               ETA: 00:01:17

################################################################################
                      [1m Learning iteration 297/500 [0m                      

                       Computation: 48978 steps/s (collection: 0.245s, learning 0.090s)
             Mean action noise std: 0.20
          Mean value_function loss: 0.0355
               Mean surrogate loss: -0.0054
                 Mean entropy loss: -2.3104
                       Mean reward: 81.95
               Mean episode length: 857.80
           Episode_Reward/progress: 5.3474
              Episode_Reward/alive: 0.4486
            Episode_Reward/upright: 0.0883
     Episode_Reward/move_to_target: 0.4365
          Episode_Reward/action_l2: -0.0250
             Episode_Reward/energy: -0.8213
   Episode_Reward/joint_pos_limits: -0.2887
      Episode_Termination/time_out: 0.8713
  Episode_Termination/torso_height: 0.1287
--------------------------------------------------------------------------------
                   Total timesteps: 4882432
                    Iteration time: 0.33s
                      Time elapsed: 00:01:53
                               ETA: 00:01:17

################################################################################
                      [1m Learning iteration 298/500 [0m                      

                       Computation: 48775 steps/s (collection: 0.246s, learning 0.089s)
             Mean action noise std: 0.20
          Mean value_function loss: 0.0521
               Mean surrogate loss: -0.0055
                 Mean entropy loss: -2.3275
                       Mean reward: 82.11
               Mean episode length: 856.50
           Episode_Reward/progress: 6.0839
              Episode_Reward/alive: 0.4968
            Episode_Reward/upright: 0.0987
     Episode_Reward/move_to_target: 0.4946
          Episode_Reward/action_l2: -0.0281
             Episode_Reward/energy: -0.9374
   Episode_Reward/joint_pos_limits: -0.3113
      Episode_Termination/time_out: 0.8716
  Episode_Termination/torso_height: 0.1284
--------------------------------------------------------------------------------
                   Total timesteps: 4898816
                    Iteration time: 0.34s
                      Time elapsed: 00:01:53
                               ETA: 00:01:16

################################################################################
                      [1m Learning iteration 299/500 [0m                      

                       Computation: 47410 steps/s (collection: 0.259s, learning 0.087s)
             Mean action noise std: 0.19
          Mean value_function loss: 0.0319
               Mean surrogate loss: -0.0046
                 Mean entropy loss: -2.3432
                       Mean reward: 85.03
               Mean episode length: 884.67
           Episode_Reward/progress: 5.9981
              Episode_Reward/alive: 0.5000
            Episode_Reward/upright: 0.0986
     Episode_Reward/move_to_target: 0.4940
          Episode_Reward/action_l2: -0.0281
             Episode_Reward/energy: -0.9311
   Episode_Reward/joint_pos_limits: -0.3136
      Episode_Termination/time_out: 0.8770
  Episode_Termination/torso_height: 0.1230
--------------------------------------------------------------------------------
                   Total timesteps: 4915200
                    Iteration time: 0.35s
                      Time elapsed: 00:01:54
                               ETA: 00:01:16

################################################################################
                      [1m Learning iteration 300/500 [0m                      

                       Computation: 38670 steps/s (collection: 0.321s, learning 0.103s)
             Mean action noise std: 0.19
          Mean value_function loss: 0.0455
               Mean surrogate loss: -0.0041
                 Mean entropy loss: -2.3836
                       Mean reward: 86.09
               Mean episode length: 887.92
           Episode_Reward/progress: 5.5976
              Episode_Reward/alive: 0.4612
            Episode_Reward/upright: 0.0906
     Episode_Reward/move_to_target: 0.4565
          Episode_Reward/action_l2: -0.0264
             Episode_Reward/energy: -0.8805
   Episode_Reward/joint_pos_limits: -0.2896
      Episode_Termination/time_out: 0.8746
  Episode_Termination/torso_height: 0.1254
--------------------------------------------------------------------------------
                   Total timesteps: 4931584
                    Iteration time: 0.42s
                      Time elapsed: 00:01:54
                               ETA: 00:01:16

################################################################################
                      [1m Learning iteration 301/500 [0m                      

                       Computation: 45110 steps/s (collection: 0.272s, learning 0.091s)
             Mean action noise std: 0.19
          Mean value_function loss: 0.0608
               Mean surrogate loss: -0.0049
                 Mean entropy loss: -2.4065
                       Mean reward: 85.57
               Mean episode length: 882.95
           Episode_Reward/progress: 5.3771
              Episode_Reward/alive: 0.4435
            Episode_Reward/upright: 0.0873
     Episode_Reward/move_to_target: 0.4423
          Episode_Reward/action_l2: -0.0252
             Episode_Reward/energy: -0.8362
   Episode_Reward/joint_pos_limits: -0.2800
      Episode_Termination/time_out: 0.8721
  Episode_Termination/torso_height: 0.1279
--------------------------------------------------------------------------------
                   Total timesteps: 4947968
                    Iteration time: 0.36s
                      Time elapsed: 00:01:54
                               ETA: 00:01:15

################################################################################
                      [1m Learning iteration 302/500 [0m                      

                       Computation: 43491 steps/s (collection: 0.293s, learning 0.084s)
             Mean action noise std: 0.19
          Mean value_function loss: 0.0595
               Mean surrogate loss: -0.0045
                 Mean entropy loss: -2.4261
                       Mean reward: 86.88
               Mean episode length: 895.76
           Episode_Reward/progress: 5.2333
              Episode_Reward/alive: 0.4387
            Episode_Reward/upright: 0.0862
     Episode_Reward/move_to_target: 0.4336
          Episode_Reward/action_l2: -0.0250
             Episode_Reward/energy: -0.8254
   Episode_Reward/joint_pos_limits: -0.2763
      Episode_Termination/time_out: 0.8740
  Episode_Termination/torso_height: 0.1260
--------------------------------------------------------------------------------
                   Total timesteps: 4964352
                    Iteration time: 0.38s
                      Time elapsed: 00:01:55
                               ETA: 00:01:15

################################################################################
                      [1m Learning iteration 303/500 [0m                      

                       Computation: 42843 steps/s (collection: 0.292s, learning 0.090s)
             Mean action noise std: 0.19
          Mean value_function loss: 0.0521
               Mean surrogate loss: -0.0053
                 Mean entropy loss: -2.4581
                       Mean reward: 87.85
               Mean episode length: 899.00
           Episode_Reward/progress: 5.8411
              Episode_Reward/alive: 0.4715
            Episode_Reward/upright: 0.0937
     Episode_Reward/move_to_target: 0.4687
          Episode_Reward/action_l2: -0.0271
             Episode_Reward/energy: -0.9092
   Episode_Reward/joint_pos_limits: -0.2961
      Episode_Termination/time_out: 0.8755
  Episode_Termination/torso_height: 0.1245
--------------------------------------------------------------------------------
                   Total timesteps: 4980736
                    Iteration time: 0.38s
                      Time elapsed: 00:01:55
                               ETA: 00:01:14

################################################################################
                      [1m Learning iteration 304/500 [0m                      

                       Computation: 43810 steps/s (collection: 0.281s, learning 0.093s)
             Mean action noise std: 0.19
          Mean value_function loss: 0.0394
               Mean surrogate loss: -0.0011
                 Mean entropy loss: -2.4853
                       Mean reward: 86.24
               Mean episode length: 882.64
           Episode_Reward/progress: 5.6678
              Episode_Reward/alive: 0.4712
            Episode_Reward/upright: 0.0922
     Episode_Reward/move_to_target: 0.4676
          Episode_Reward/action_l2: -0.0269
             Episode_Reward/energy: -0.8974
   Episode_Reward/joint_pos_limits: -0.2978
      Episode_Termination/time_out: 0.8777
  Episode_Termination/torso_height: 0.1223
--------------------------------------------------------------------------------
                   Total timesteps: 4997120
                    Iteration time: 0.37s
                      Time elapsed: 00:01:55
                               ETA: 00:01:14

################################################################################
                      [1m Learning iteration 305/500 [0m                      

                       Computation: 44369 steps/s (collection: 0.276s, learning 0.093s)
             Mean action noise std: 0.19
          Mean value_function loss: 0.0498
               Mean surrogate loss: -0.0039
                 Mean entropy loss: -2.4911
                       Mean reward: 84.98
               Mean episode length: 870.55
           Episode_Reward/progress: 4.6347
              Episode_Reward/alive: 0.3891
            Episode_Reward/upright: 0.0755
     Episode_Reward/move_to_target: 0.3823
          Episode_Reward/action_l2: -0.0221
             Episode_Reward/energy: -0.7264
   Episode_Reward/joint_pos_limits: -0.2450
      Episode_Termination/time_out: 0.8767
  Episode_Termination/torso_height: 0.1233
--------------------------------------------------------------------------------
                   Total timesteps: 5013504
                    Iteration time: 0.37s
                      Time elapsed: 00:01:56
                               ETA: 00:01:14

################################################################################
                      [1m Learning iteration 306/500 [0m                      

                       Computation: 36165 steps/s (collection: 0.357s, learning 0.096s)
             Mean action noise std: 0.19
          Mean value_function loss: 0.0497
               Mean surrogate loss: -0.0071
                 Mean entropy loss: -2.5074
                       Mean reward: 84.27
               Mean episode length: 861.52
           Episode_Reward/progress: 5.4811
              Episode_Reward/alive: 0.4475
            Episode_Reward/upright: 0.0879
     Episode_Reward/move_to_target: 0.4438
          Episode_Reward/action_l2: -0.0256
             Episode_Reward/energy: -0.8471
   Episode_Reward/joint_pos_limits: -0.2812
      Episode_Termination/time_out: 0.8719
  Episode_Termination/torso_height: 0.1281
--------------------------------------------------------------------------------
                   Total timesteps: 5029888
                    Iteration time: 0.45s
                      Time elapsed: 00:01:56
                               ETA: 00:01:13

################################################################################
                      [1m Learning iteration 307/500 [0m                      

                       Computation: 41148 steps/s (collection: 0.303s, learning 0.095s)
             Mean action noise std: 0.19
          Mean value_function loss: 0.0711
               Mean surrogate loss: -0.0051
                 Mean entropy loss: -2.5261
                       Mean reward: 85.43
               Mean episode length: 868.13
           Episode_Reward/progress: 5.4625
              Episode_Reward/alive: 0.4440
            Episode_Reward/upright: 0.0870
     Episode_Reward/move_to_target: 0.4391
          Episode_Reward/action_l2: -0.0257
             Episode_Reward/energy: -0.8343
   Episode_Reward/joint_pos_limits: -0.2807
      Episode_Termination/time_out: 0.8693
  Episode_Termination/torso_height: 0.1307
--------------------------------------------------------------------------------
                   Total timesteps: 5046272
                    Iteration time: 0.40s
                      Time elapsed: 00:01:57
                               ETA: 00:01:13

################################################################################
                      [1m Learning iteration 308/500 [0m                      

                       Computation: 41583 steps/s (collection: 0.313s, learning 0.081s)
             Mean action noise std: 0.19
          Mean value_function loss: 0.0571
               Mean surrogate loss: -0.0051
                 Mean entropy loss: -2.5461
                       Mean reward: 83.80
               Mean episode length: 856.00
           Episode_Reward/progress: 5.5743
              Episode_Reward/alive: 0.4653
            Episode_Reward/upright: 0.0910
     Episode_Reward/move_to_target: 0.4627
          Episode_Reward/action_l2: -0.0264
             Episode_Reward/energy: -0.8651
   Episode_Reward/joint_pos_limits: -0.2936
      Episode_Termination/time_out: 0.8723
  Episode_Termination/torso_height: 0.1277
--------------------------------------------------------------------------------
                   Total timesteps: 5062656
                    Iteration time: 0.39s
                      Time elapsed: 00:01:57
                               ETA: 00:01:13

################################################################################
                      [1m Learning iteration 309/500 [0m                      

                       Computation: 40267 steps/s (collection: 0.310s, learning 0.096s)
             Mean action noise std: 0.19
          Mean value_function loss: 0.0506
               Mean surrogate loss: -0.0038
                 Mean entropy loss: -2.5671
                       Mean reward: 85.25
               Mean episode length: 863.82
           Episode_Reward/progress: 5.4034
              Episode_Reward/alive: 0.4389
            Episode_Reward/upright: 0.0866
     Episode_Reward/move_to_target: 0.4362
          Episode_Reward/action_l2: -0.0251
             Episode_Reward/energy: -0.8281
   Episode_Reward/joint_pos_limits: -0.2762
      Episode_Termination/time_out: 0.8678
  Episode_Termination/torso_height: 0.1322
--------------------------------------------------------------------------------
                   Total timesteps: 5079040
                    Iteration time: 0.41s
                      Time elapsed: 00:01:57
                               ETA: 00:01:12

################################################################################
                      [1m Learning iteration 310/500 [0m                      

                       Computation: 34950 steps/s (collection: 0.354s, learning 0.115s)
             Mean action noise std: 0.19
          Mean value_function loss: 0.0445
               Mean surrogate loss: -0.0015
                 Mean entropy loss: -2.5838
                       Mean reward: 82.43
               Mean episode length: 845.86
           Episode_Reward/progress: 4.8340
              Episode_Reward/alive: 0.4203
            Episode_Reward/upright: 0.0818
     Episode_Reward/move_to_target: 0.4120
          Episode_Reward/action_l2: -0.0238
             Episode_Reward/energy: -0.7656
   Episode_Reward/joint_pos_limits: -0.2700
      Episode_Termination/time_out: 0.8658
  Episode_Termination/torso_height: 0.1342
--------------------------------------------------------------------------------
                   Total timesteps: 5095424
                    Iteration time: 0.47s
                      Time elapsed: 00:01:58
                               ETA: 00:01:12

################################################################################
                      [1m Learning iteration 311/500 [0m                      

                       Computation: 40245 steps/s (collection: 0.312s, learning 0.095s)
             Mean action noise std: 0.19
          Mean value_function loss: 0.0400
               Mean surrogate loss: -0.0053
                 Mean entropy loss: -2.5809
                       Mean reward: 79.03
               Mean episode length: 814.13
           Episode_Reward/progress: 5.3328
              Episode_Reward/alive: 0.4339
            Episode_Reward/upright: 0.0858
     Episode_Reward/move_to_target: 0.4304
          Episode_Reward/action_l2: -0.0252
             Episode_Reward/energy: -0.8220
   Episode_Reward/joint_pos_limits: -0.2725
      Episode_Termination/time_out: 0.8636
  Episode_Termination/torso_height: 0.1364
--------------------------------------------------------------------------------
                   Total timesteps: 5111808
                    Iteration time: 0.41s
                      Time elapsed: 00:01:58
                               ETA: 00:01:11

################################################################################
                      [1m Learning iteration 312/500 [0m                      

                       Computation: 40536 steps/s (collection: 0.295s, learning 0.109s)
             Mean action noise std: 0.19
          Mean value_function loss: 0.0609
               Mean surrogate loss: -0.0047
                 Mean entropy loss: -2.5900
                       Mean reward: 82.24
               Mean episode length: 835.52
           Episode_Reward/progress: 5.8789
              Episode_Reward/alive: 0.4742
            Episode_Reward/upright: 0.0932
     Episode_Reward/move_to_target: 0.4712
          Episode_Reward/action_l2: -0.0275
             Episode_Reward/energy: -0.9043
   Episode_Reward/joint_pos_limits: -0.2979
      Episode_Termination/time_out: 0.8661
  Episode_Termination/torso_height: 0.1339
--------------------------------------------------------------------------------
                   Total timesteps: 5128192
                    Iteration time: 0.40s
                      Time elapsed: 00:01:59
                               ETA: 00:01:11

################################################################################
                      [1m Learning iteration 313/500 [0m                      

                       Computation: 33598 steps/s (collection: 0.361s, learning 0.127s)
             Mean action noise std: 0.19
          Mean value_function loss: 0.0597
               Mean surrogate loss: -0.0059
                 Mean entropy loss: -2.6126
                       Mean reward: 80.98
               Mean episode length: 826.96
           Episode_Reward/progress: 5.4092
              Episode_Reward/alive: 0.4516
            Episode_Reward/upright: 0.0884
     Episode_Reward/move_to_target: 0.4488
          Episode_Reward/action_l2: -0.0259
             Episode_Reward/energy: -0.8346
   Episode_Reward/joint_pos_limits: -0.2846
      Episode_Termination/time_out: 0.8666
  Episode_Termination/torso_height: 0.1334
--------------------------------------------------------------------------------
                   Total timesteps: 5144576
                    Iteration time: 0.49s
                      Time elapsed: 00:01:59
                               ETA: 00:01:11

################################################################################
                      [1m Learning iteration 314/500 [0m                      

                       Computation: 39193 steps/s (collection: 0.326s, learning 0.092s)
             Mean action noise std: 0.19
          Mean value_function loss: 0.0418
               Mean surrogate loss: -0.0020
                 Mean entropy loss: -2.6252
                       Mean reward: 83.94
               Mean episode length: 847.10
           Episode_Reward/progress: 5.9590
              Episode_Reward/alive: 0.4873
            Episode_Reward/upright: 0.0964
     Episode_Reward/move_to_target: 0.4834
          Episode_Reward/action_l2: -0.0282
             Episode_Reward/energy: -0.9140
   Episode_Reward/joint_pos_limits: -0.3057
      Episode_Termination/time_out: 0.8692
  Episode_Termination/torso_height: 0.1308
--------------------------------------------------------------------------------
                   Total timesteps: 5160960
                    Iteration time: 0.42s
                      Time elapsed: 00:02:00
                               ETA: 00:01:10

################################################################################
                      [1m Learning iteration 315/500 [0m                      

                       Computation: 41574 steps/s (collection: 0.301s, learning 0.093s)
             Mean action noise std: 0.19
          Mean value_function loss: 0.0506
               Mean surrogate loss: -0.0043
                 Mean entropy loss: -2.6555
                       Mean reward: 86.79
               Mean episode length: 873.12
           Episode_Reward/progress: 5.9295
              Episode_Reward/alive: 0.4766
            Episode_Reward/upright: 0.0942
     Episode_Reward/move_to_target: 0.4724
          Episode_Reward/action_l2: -0.0278
             Episode_Reward/energy: -0.9085
   Episode_Reward/joint_pos_limits: -0.2953
      Episode_Termination/time_out: 0.8660
  Episode_Termination/torso_height: 0.1340
--------------------------------------------------------------------------------
                   Total timesteps: 5177344
                    Iteration time: 0.39s
                      Time elapsed: 00:02:00
                               ETA: 00:01:10

################################################################################
                      [1m Learning iteration 316/500 [0m                      

                       Computation: 47596 steps/s (collection: 0.253s, learning 0.091s)
             Mean action noise std: 0.19
          Mean value_function loss: 0.0488
               Mean surrogate loss: -0.0036
                 Mean entropy loss: -2.6800
                       Mean reward: 87.09
               Mean episode length: 872.77
           Episode_Reward/progress: 6.0362
              Episode_Reward/alive: 0.4853
            Episode_Reward/upright: 0.0960
     Episode_Reward/move_to_target: 0.4828
          Episode_Reward/action_l2: -0.0285
             Episode_Reward/energy: -0.9279
   Episode_Reward/joint_pos_limits: -0.3018
      Episode_Termination/time_out: 0.8664
  Episode_Termination/torso_height: 0.1336
--------------------------------------------------------------------------------
                   Total timesteps: 5193728
                    Iteration time: 0.34s
                      Time elapsed: 00:02:00
                               ETA: 00:01:10

################################################################################
                      [1m Learning iteration 317/500 [0m                      

                       Computation: 44296 steps/s (collection: 0.280s, learning 0.090s)
             Mean action noise std: 0.19
          Mean value_function loss: 0.0354
               Mean surrogate loss: -0.0047
                 Mean entropy loss: -2.6933
                       Mean reward: 87.13
               Mean episode length: 872.48
           Episode_Reward/progress: 5.6736
              Episode_Reward/alive: 0.4499
            Episode_Reward/upright: 0.0889
     Episode_Reward/move_to_target: 0.4416
          Episode_Reward/action_l2: -0.0261
             Episode_Reward/energy: -0.8431
   Episode_Reward/joint_pos_limits: -0.2800
      Episode_Termination/time_out: 0.8691
  Episode_Termination/torso_height: 0.1309
--------------------------------------------------------------------------------
                   Total timesteps: 5210112
                    Iteration time: 0.37s
                      Time elapsed: 00:02:01
                               ETA: 00:01:09

################################################################################
                      [1m Learning iteration 318/500 [0m                      

                       Computation: 42299 steps/s (collection: 0.295s, learning 0.092s)
             Mean action noise std: 0.19
          Mean value_function loss: 0.0546
               Mean surrogate loss: -0.0048
                 Mean entropy loss: -2.7165
                       Mean reward: 88.44
               Mean episode length: 880.97
           Episode_Reward/progress: 5.7320
              Episode_Reward/alive: 0.4559
            Episode_Reward/upright: 0.0899
     Episode_Reward/move_to_target: 0.4537
          Episode_Reward/action_l2: -0.0265
             Episode_Reward/energy: -0.8615
   Episode_Reward/joint_pos_limits: -0.2841
      Episode_Termination/time_out: 0.8718
  Episode_Termination/torso_height: 0.1282
--------------------------------------------------------------------------------
                   Total timesteps: 5226496
                    Iteration time: 0.39s
                      Time elapsed: 00:02:01
                               ETA: 00:01:09

################################################################################
                      [1m Learning iteration 319/500 [0m                      

                       Computation: 38778 steps/s (collection: 0.295s, learning 0.127s)
             Mean action noise std: 0.19
          Mean value_function loss: 0.0377
               Mean surrogate loss: 0.0004
                 Mean entropy loss: -2.7314
                       Mean reward: 90.23
               Mean episode length: 896.59
           Episode_Reward/progress: 6.0088
              Episode_Reward/alive: 0.4853
            Episode_Reward/upright: 0.0954
     Episode_Reward/move_to_target: 0.4841
          Episode_Reward/action_l2: -0.0282
             Episode_Reward/energy: -0.9191
   Episode_Reward/joint_pos_limits: -0.3006
      Episode_Termination/time_out: 0.8710
  Episode_Termination/torso_height: 0.1290
--------------------------------------------------------------------------------
                   Total timesteps: 5242880
                    Iteration time: 0.42s
                      Time elapsed: 00:02:02
                               ETA: 00:01:09

################################################################################
                      [1m Learning iteration 320/500 [0m                      

                       Computation: 40739 steps/s (collection: 0.290s, learning 0.112s)
             Mean action noise std: 0.19
          Mean value_function loss: 0.0602
               Mean surrogate loss: -0.0056
                 Mean entropy loss: -2.7425
                       Mean reward: 89.96
               Mean episode length: 896.49
           Episode_Reward/progress: 5.7403
              Episode_Reward/alive: 0.4705
            Episode_Reward/upright: 0.0927
     Episode_Reward/move_to_target: 0.4686
          Episode_Reward/action_l2: -0.0277
             Episode_Reward/energy: -0.8896
   Episode_Reward/joint_pos_limits: -0.2997
      Episode_Termination/time_out: 0.8707
  Episode_Termination/torso_height: 0.1293
--------------------------------------------------------------------------------
                   Total timesteps: 5259264
                    Iteration time: 0.40s
                      Time elapsed: 00:02:02
                               ETA: 00:01:08

################################################################################
                      [1m Learning iteration 321/500 [0m                      

                       Computation: 37408 steps/s (collection: 0.347s, learning 0.091s)
             Mean action noise std: 0.19
          Mean value_function loss: 0.0420
               Mean surrogate loss: -0.0035
                 Mean entropy loss: -2.7659
                       Mean reward: 89.32
               Mean episode length: 888.58
           Episode_Reward/progress: 4.5348
              Episode_Reward/alive: 0.3708
            Episode_Reward/upright: 0.0718
     Episode_Reward/move_to_target: 0.3647
          Episode_Reward/action_l2: -0.0216
             Episode_Reward/energy: -0.7030
   Episode_Reward/joint_pos_limits: -0.2308
      Episode_Termination/time_out: 0.8660
  Episode_Termination/torso_height: 0.1340
--------------------------------------------------------------------------------
                   Total timesteps: 5275648
                    Iteration time: 0.44s
                      Time elapsed: 00:02:02
                               ETA: 00:01:08

################################################################################
                      [1m Learning iteration 322/500 [0m                      

                       Computation: 36808 steps/s (collection: 0.335s, learning 0.110s)
             Mean action noise std: 0.19
          Mean value_function loss: 0.0349
               Mean surrogate loss: -0.0053
                 Mean entropy loss: -2.7826
                       Mean reward: 86.61
               Mean episode length: 866.61
           Episode_Reward/progress: 4.8472
              Episode_Reward/alive: 0.3992
            Episode_Reward/upright: 0.0771
     Episode_Reward/move_to_target: 0.3919
          Episode_Reward/action_l2: -0.0232
             Episode_Reward/energy: -0.7472
   Episode_Reward/joint_pos_limits: -0.2499
      Episode_Termination/time_out: 0.8657
  Episode_Termination/torso_height: 0.1343
--------------------------------------------------------------------------------
                   Total timesteps: 5292032
                    Iteration time: 0.45s
                      Time elapsed: 00:02:03
                               ETA: 00:01:07

################################################################################
                      [1m Learning iteration 323/500 [0m                      

                       Computation: 38064 steps/s (collection: 0.312s, learning 0.118s)
             Mean action noise std: 0.19
          Mean value_function loss: 0.0647
               Mean surrogate loss: -0.0064
                 Mean entropy loss: -2.8043
                       Mean reward: 84.29
               Mean episode length: 845.49
           Episode_Reward/progress: 3.6504
              Episode_Reward/alive: 0.3170
            Episode_Reward/upright: 0.0576
     Episode_Reward/move_to_target: 0.2967
          Episode_Reward/action_l2: -0.0179
             Episode_Reward/energy: -0.5678
   Episode_Reward/joint_pos_limits: -0.2017
      Episode_Termination/time_out: 0.8642
  Episode_Termination/torso_height: 0.1358
--------------------------------------------------------------------------------
                   Total timesteps: 5308416
                    Iteration time: 0.43s
                      Time elapsed: 00:02:03
                               ETA: 00:01:07

################################################################################
                      [1m Learning iteration 324/500 [0m                      

                       Computation: 29638 steps/s (collection: 0.426s, learning 0.126s)
             Mean action noise std: 0.19
          Mean value_function loss: 0.1024
               Mean surrogate loss: -0.0067
                 Mean entropy loss: -2.8408
                       Mean reward: 84.60
               Mean episode length: 850.36
           Episode_Reward/progress: 5.9388
              Episode_Reward/alive: 0.4733
            Episode_Reward/upright: 0.0935
     Episode_Reward/move_to_target: 0.4705
          Episode_Reward/action_l2: -0.0279
             Episode_Reward/energy: -0.9057
   Episode_Reward/joint_pos_limits: -0.2926
      Episode_Termination/time_out: 0.8651
  Episode_Termination/torso_height: 0.1349
--------------------------------------------------------------------------------
                   Total timesteps: 5324800
                    Iteration time: 0.55s
                      Time elapsed: 00:02:04
                               ETA: 00:01:07

################################################################################
                      [1m Learning iteration 325/500 [0m                      

                       Computation: 30886 steps/s (collection: 0.408s, learning 0.123s)
             Mean action noise std: 0.19
          Mean value_function loss: 0.1103
               Mean surrogate loss: -0.0038
                 Mean entropy loss: -2.8519
                       Mean reward: 84.90
               Mean episode length: 850.46
           Episode_Reward/progress: 6.2537
              Episode_Reward/alive: 0.4855
            Episode_Reward/upright: 0.0968
     Episode_Reward/move_to_target: 0.4837
          Episode_Reward/action_l2: -0.0292
             Episode_Reward/energy: -0.9529
   Episode_Reward/joint_pos_limits: -0.2975
      Episode_Termination/time_out: 0.8699
  Episode_Termination/torso_height: 0.1301
--------------------------------------------------------------------------------
                   Total timesteps: 5341184
                    Iteration time: 0.53s
                      Time elapsed: 00:02:04
                               ETA: 00:01:07

################################################################################
                      [1m Learning iteration 326/500 [0m                      

                       Computation: 35103 steps/s (collection: 0.366s, learning 0.101s)
             Mean action noise std: 0.19
          Mean value_function loss: 0.0686
               Mean surrogate loss: -0.0040
                 Mean entropy loss: -2.8605
                       Mean reward: 84.24
               Mean episode length: 844.03
           Episode_Reward/progress: 5.0426
              Episode_Reward/alive: 0.4062
            Episode_Reward/upright: 0.0796
     Episode_Reward/move_to_target: 0.3992
          Episode_Reward/action_l2: -0.0240
             Episode_Reward/energy: -0.7789
   Episode_Reward/joint_pos_limits: -0.2535
      Episode_Termination/time_out: 0.8707
  Episode_Termination/torso_height: 0.1293
--------------------------------------------------------------------------------
                   Total timesteps: 5357568
                    Iteration time: 0.47s
                      Time elapsed: 00:02:05
                               ETA: 00:01:06

################################################################################
                      [1m Learning iteration 327/500 [0m                      

                       Computation: 35974 steps/s (collection: 0.345s, learning 0.111s)
             Mean action noise std: 0.19
          Mean value_function loss: 0.0738
               Mean surrogate loss: -0.0046
                 Mean entropy loss: -2.8824
                       Mean reward: 82.37
               Mean episode length: 825.71
           Episode_Reward/progress: 5.5277
              Episode_Reward/alive: 0.4525
            Episode_Reward/upright: 0.0879
     Episode_Reward/move_to_target: 0.4427
          Episode_Reward/action_l2: -0.0266
             Episode_Reward/energy: -0.8704
   Episode_Reward/joint_pos_limits: -0.2794
      Episode_Termination/time_out: 0.8712
  Episode_Termination/torso_height: 0.1288
--------------------------------------------------------------------------------
                   Total timesteps: 5373952
                    Iteration time: 0.46s
                      Time elapsed: 00:02:05
                               ETA: 00:01:06

################################################################################
                      [1m Learning iteration 328/500 [0m                      

                       Computation: 41698 steps/s (collection: 0.296s, learning 0.097s)
             Mean action noise std: 0.19
          Mean value_function loss: 0.0845
               Mean surrogate loss: -0.0042
                 Mean entropy loss: -2.8939
                       Mean reward: 85.51
               Mean episode length: 857.12
           Episode_Reward/progress: 5.7764
              Episode_Reward/alive: 0.4784
            Episode_Reward/upright: 0.0952
     Episode_Reward/move_to_target: 0.4591
          Episode_Reward/action_l2: -0.0282
             Episode_Reward/energy: -0.8928
   Episode_Reward/joint_pos_limits: -0.3101
      Episode_Termination/time_out: 0.8712
  Episode_Termination/torso_height: 0.1288
--------------------------------------------------------------------------------
                   Total timesteps: 5390336
                    Iteration time: 0.39s
                      Time elapsed: 00:02:06
                               ETA: 00:01:05

################################################################################
                      [1m Learning iteration 329/500 [0m                      

                       Computation: 44318 steps/s (collection: 0.271s, learning 0.098s)
             Mean action noise std: 0.18
          Mean value_function loss: 0.0713
               Mean surrogate loss: -0.0056
                 Mean entropy loss: -2.9030
                       Mean reward: 85.53
               Mean episode length: 856.90
           Episode_Reward/progress: 6.0225
              Episode_Reward/alive: 0.4726
            Episode_Reward/upright: 0.0936
     Episode_Reward/move_to_target: 0.4682
          Episode_Reward/action_l2: -0.0284
             Episode_Reward/energy: -0.9149
   Episode_Reward/joint_pos_limits: -0.2912
      Episode_Termination/time_out: 0.8662
  Episode_Termination/torso_height: 0.1338
--------------------------------------------------------------------------------
                   Total timesteps: 5406720
                    Iteration time: 0.37s
                      Time elapsed: 00:02:06
                               ETA: 00:01:05

################################################################################
                      [1m Learning iteration 330/500 [0m                      

                       Computation: 42010 steps/s (collection: 0.291s, learning 0.099s)
             Mean action noise std: 0.18
          Mean value_function loss: 0.0759
               Mean surrogate loss: -0.0025
                 Mean entropy loss: -2.9046
                       Mean reward: 86.89
               Mean episode length: 869.70
           Episode_Reward/progress: 5.8373
              Episode_Reward/alive: 0.4710
            Episode_Reward/upright: 0.0922
     Episode_Reward/move_to_target: 0.4678
          Episode_Reward/action_l2: -0.0280
             Episode_Reward/energy: -0.9044
   Episode_Reward/joint_pos_limits: -0.2914
      Episode_Termination/time_out: 0.8637
  Episode_Termination/torso_height: 0.1363
--------------------------------------------------------------------------------
                   Total timesteps: 5423104
                    Iteration time: 0.39s
                      Time elapsed: 00:02:06
                               ETA: 00:01:05

################################################################################
                      [1m Learning iteration 331/500 [0m                      

                       Computation: 40755 steps/s (collection: 0.308s, learning 0.094s)
             Mean action noise std: 0.18
          Mean value_function loss: 0.0599
               Mean surrogate loss: -0.0044
                 Mean entropy loss: -2.9387
                       Mean reward: 84.29
               Mean episode length: 851.30
           Episode_Reward/progress: 4.0641
              Episode_Reward/alive: 0.3513
            Episode_Reward/upright: 0.0649
     Episode_Reward/move_to_target: 0.3304
          Episode_Reward/action_l2: -0.0202
             Episode_Reward/energy: -0.6512
   Episode_Reward/joint_pos_limits: -0.2175
      Episode_Termination/time_out: 0.8615
  Episode_Termination/torso_height: 0.1385
--------------------------------------------------------------------------------
                   Total timesteps: 5439488
                    Iteration time: 0.40s
                      Time elapsed: 00:02:07
                               ETA: 00:01:04

################################################################################
                      [1m Learning iteration 332/500 [0m                      

                       Computation: 39400 steps/s (collection: 0.317s, learning 0.099s)
             Mean action noise std: 0.18
          Mean value_function loss: 0.0473
               Mean surrogate loss: -0.0035
                 Mean entropy loss: -2.9622
                       Mean reward: 85.45
               Mean episode length: 862.02
           Episode_Reward/progress: 6.1371
              Episode_Reward/alive: 0.4889
            Episode_Reward/upright: 0.0969
     Episode_Reward/move_to_target: 0.4862
          Episode_Reward/action_l2: -0.0292
             Episode_Reward/energy: -0.9462
   Episode_Reward/joint_pos_limits: -0.3021
      Episode_Termination/time_out: 0.8596
  Episode_Termination/torso_height: 0.1404
--------------------------------------------------------------------------------
                   Total timesteps: 5455872
                    Iteration time: 0.42s
                      Time elapsed: 00:02:07
                               ETA: 00:01:04

################################################################################
                      [1m Learning iteration 333/500 [0m                      

                       Computation: 41199 steps/s (collection: 0.298s, learning 0.099s)
             Mean action noise std: 0.18
          Mean value_function loss: 0.0692
               Mean surrogate loss: 0.0034
                 Mean entropy loss: -2.9673
                       Mean reward: 87.30
               Mean episode length: 879.60
           Episode_Reward/progress: 6.2555
              Episode_Reward/alive: 0.4976
            Episode_Reward/upright: 0.0985
     Episode_Reward/move_to_target: 0.4924
          Episode_Reward/action_l2: -0.0298
             Episode_Reward/energy: -0.9638
   Episode_Reward/joint_pos_limits: -0.3050
      Episode_Termination/time_out: 0.8617
  Episode_Termination/torso_height: 0.1383
--------------------------------------------------------------------------------
                   Total timesteps: 5472256
                    Iteration time: 0.40s
                      Time elapsed: 00:02:08
                               ETA: 00:01:04

################################################################################
                      [1m Learning iteration 334/500 [0m                      

                       Computation: 40128 steps/s (collection: 0.310s, learning 0.099s)
             Mean action noise std: 0.18
          Mean value_function loss: 0.0905
               Mean surrogate loss: -0.0072
                 Mean entropy loss: -2.9676
                       Mean reward: 88.34
               Mean episode length: 881.27
           Episode_Reward/progress: 5.7874
              Episode_Reward/alive: 0.4565
            Episode_Reward/upright: 0.0903
     Episode_Reward/move_to_target: 0.4539
          Episode_Reward/action_l2: -0.0274
             Episode_Reward/energy: -0.8876
   Episode_Reward/joint_pos_limits: -0.2800
      Episode_Termination/time_out: 0.8618
  Episode_Termination/torso_height: 0.1382
--------------------------------------------------------------------------------
                   Total timesteps: 5488640
                    Iteration time: 0.41s
                      Time elapsed: 00:02:08
                               ETA: 00:01:03

################################################################################
                      [1m Learning iteration 335/500 [0m                      

                       Computation: 41278 steps/s (collection: 0.300s, learning 0.097s)
             Mean action noise std: 0.18
          Mean value_function loss: 0.1166
               Mean surrogate loss: -0.0035
                 Mean entropy loss: -2.9652
                       Mean reward: 88.30
               Mean episode length: 879.15
           Episode_Reward/progress: 4.8771
              Episode_Reward/alive: 0.3999
            Episode_Reward/upright: 0.0780
     Episode_Reward/move_to_target: 0.3951
          Episode_Reward/action_l2: -0.0237
             Episode_Reward/energy: -0.7631
   Episode_Reward/joint_pos_limits: -0.2472
      Episode_Termination/time_out: 0.8602
  Episode_Termination/torso_height: 0.1398
--------------------------------------------------------------------------------
                   Total timesteps: 5505024
                    Iteration time: 0.40s
                      Time elapsed: 00:02:08
                               ETA: 00:01:03

################################################################################
                      [1m Learning iteration 336/500 [0m                      

                       Computation: 38111 steps/s (collection: 0.340s, learning 0.090s)
             Mean action noise std: 0.18
          Mean value_function loss: 0.1108
               Mean surrogate loss: -0.0069
                 Mean entropy loss: -2.9774
                       Mean reward: 88.84
               Mean episode length: 880.08
           Episode_Reward/progress: 5.9448
              Episode_Reward/alive: 0.4715
            Episode_Reward/upright: 0.0932
     Episode_Reward/move_to_target: 0.4674
          Episode_Reward/action_l2: -0.0283
             Episode_Reward/energy: -0.9057
   Episode_Reward/joint_pos_limits: -0.2909
      Episode_Termination/time_out: 0.8618
  Episode_Termination/torso_height: 0.1382
--------------------------------------------------------------------------------
                   Total timesteps: 5521408
                    Iteration time: 0.43s
                      Time elapsed: 00:02:09
                               ETA: 00:01:02

################################################################################
                      [1m Learning iteration 337/500 [0m                      

                       Computation: 43964 steps/s (collection: 0.277s, learning 0.096s)
             Mean action noise std: 0.18
          Mean value_function loss: 0.0549
               Mean surrogate loss: -0.0041
                 Mean entropy loss: -3.0024
                       Mean reward: 87.73
               Mean episode length: 868.95
           Episode_Reward/progress: 5.9569
              Episode_Reward/alive: 0.4690
            Episode_Reward/upright: 0.0928
     Episode_Reward/move_to_target: 0.4656
          Episode_Reward/action_l2: -0.0283
             Episode_Reward/energy: -0.9132
   Episode_Reward/joint_pos_limits: -0.2884
      Episode_Termination/time_out: 0.8614
  Episode_Termination/torso_height: 0.1386
--------------------------------------------------------------------------------
                   Total timesteps: 5537792
                    Iteration time: 0.37s
                      Time elapsed: 00:02:09
                               ETA: 00:01:02

################################################################################
                      [1m Learning iteration 338/500 [0m                      

                       Computation: 37433 steps/s (collection: 0.332s, learning 0.106s)
             Mean action noise std: 0.18
          Mean value_function loss: 0.0713
               Mean surrogate loss: -0.0001
                 Mean entropy loss: -3.0170
                       Mean reward: 87.06
               Mean episode length: 865.60
           Episode_Reward/progress: 5.9988
              Episode_Reward/alive: 0.4798
            Episode_Reward/upright: 0.0948
     Episode_Reward/move_to_target: 0.4742
          Episode_Reward/action_l2: -0.0288
             Episode_Reward/energy: -0.9244
   Episode_Reward/joint_pos_limits: -0.2966
      Episode_Termination/time_out: 0.8600
  Episode_Termination/torso_height: 0.1400
--------------------------------------------------------------------------------
                   Total timesteps: 5554176
                    Iteration time: 0.44s
                      Time elapsed: 00:02:10
                               ETA: 00:01:02

################################################################################
                      [1m Learning iteration 339/500 [0m                      

                       Computation: 37908 steps/s (collection: 0.330s, learning 0.102s)
             Mean action noise std: 0.18
          Mean value_function loss: 0.0866
               Mean surrogate loss: -0.0051
                 Mean entropy loss: -3.0259
                       Mean reward: 88.45
               Mean episode length: 878.44
           Episode_Reward/progress: 5.8179
              Episode_Reward/alive: 0.4618
            Episode_Reward/upright: 0.0911
     Episode_Reward/move_to_target: 0.4581
          Episode_Reward/action_l2: -0.0280
             Episode_Reward/energy: -0.9034
   Episode_Reward/joint_pos_limits: -0.2856
      Episode_Termination/time_out: 0.8624
  Episode_Termination/torso_height: 0.1376
--------------------------------------------------------------------------------
                   Total timesteps: 5570560
                    Iteration time: 0.43s
                      Time elapsed: 00:02:10
                               ETA: 00:01:01

################################################################################
                      [1m Learning iteration 340/500 [0m                      

                       Computation: 42223 steps/s (collection: 0.294s, learning 0.094s)
             Mean action noise std: 0.18
          Mean value_function loss: 0.1294
               Mean surrogate loss: -0.0041
                 Mean entropy loss: -3.0385
                       Mean reward: 88.56
               Mean episode length: 873.06
           Episode_Reward/progress: 6.1849
              Episode_Reward/alive: 0.4827
            Episode_Reward/upright: 0.0949
     Episode_Reward/move_to_target: 0.4802
          Episode_Reward/action_l2: -0.0293
             Episode_Reward/energy: -0.9417
   Episode_Reward/joint_pos_limits: -0.2981
      Episode_Termination/time_out: 0.8641
  Episode_Termination/torso_height: 0.1359
--------------------------------------------------------------------------------
                   Total timesteps: 5586944
                    Iteration time: 0.39s
                      Time elapsed: 00:02:11
                               ETA: 00:01:01

################################################################################
                      [1m Learning iteration 341/500 [0m                      

                       Computation: 40065 steps/s (collection: 0.311s, learning 0.098s)
             Mean action noise std: 0.18
          Mean value_function loss: 0.1219
               Mean surrogate loss: -0.0067
                 Mean entropy loss: -3.0486
                       Mean reward: 86.47
               Mean episode length: 856.62
           Episode_Reward/progress: 5.3293
              Episode_Reward/alive: 0.4199
            Episode_Reward/upright: 0.0823
     Episode_Reward/move_to_target: 0.4133
          Episode_Reward/action_l2: -0.0255
             Episode_Reward/energy: -0.8226
   Episode_Reward/joint_pos_limits: -0.2594
      Episode_Termination/time_out: 0.8644
  Episode_Termination/torso_height: 0.1356
--------------------------------------------------------------------------------
                   Total timesteps: 5603328
                    Iteration time: 0.41s
                      Time elapsed: 00:02:11
                               ETA: 00:01:01

################################################################################
                      [1m Learning iteration 342/500 [0m                      

                       Computation: 42487 steps/s (collection: 0.312s, learning 0.074s)
             Mean action noise std: 0.18
          Mean value_function loss: 0.0905
               Mean surrogate loss: -0.0019
                 Mean entropy loss: -3.0462
                       Mean reward: 86.80
               Mean episode length: 852.07
           Episode_Reward/progress: 6.0903
              Episode_Reward/alive: 0.4732
            Episode_Reward/upright: 0.0938
     Episode_Reward/move_to_target: 0.4692
          Episode_Reward/action_l2: -0.0288
             Episode_Reward/energy: -0.9255
   Episode_Reward/joint_pos_limits: -0.2923
      Episode_Termination/time_out: 0.8667
  Episode_Termination/torso_height: 0.1333
--------------------------------------------------------------------------------
                   Total timesteps: 5619712
                    Iteration time: 0.39s
                      Time elapsed: 00:02:11
                               ETA: 00:01:00

################################################################################
                      [1m Learning iteration 343/500 [0m                      

                       Computation: 43063 steps/s (collection: 0.291s, learning 0.090s)
             Mean action noise std: 0.18
          Mean value_function loss: 0.0736
               Mean surrogate loss: -0.0046
                 Mean entropy loss: -3.0559
                       Mean reward: 85.88
               Mean episode length: 843.23
           Episode_Reward/progress: 5.5366
              Episode_Reward/alive: 0.4429
            Episode_Reward/upright: 0.0871
     Episode_Reward/move_to_target: 0.4370
          Episode_Reward/action_l2: -0.0268
             Episode_Reward/energy: -0.8662
   Episode_Reward/joint_pos_limits: -0.2711
      Episode_Termination/time_out: 0.8656
  Episode_Termination/torso_height: 0.1344
--------------------------------------------------------------------------------
                   Total timesteps: 5636096
                    Iteration time: 0.38s
                      Time elapsed: 00:02:12
                               ETA: 00:01:00

################################################################################
                      [1m Learning iteration 344/500 [0m                      

                       Computation: 43993 steps/s (collection: 0.277s, learning 0.095s)
             Mean action noise std: 0.18
          Mean value_function loss: 0.0535
               Mean surrogate loss: -0.0059
                 Mean entropy loss: -3.0697
                       Mean reward: 85.50
               Mean episode length: 839.58
           Episode_Reward/progress: 5.3765
              Episode_Reward/alive: 0.4209
            Episode_Reward/upright: 0.0823
     Episode_Reward/move_to_target: 0.4165
          Episode_Reward/action_l2: -0.0257
             Episode_Reward/energy: -0.8242
   Episode_Reward/joint_pos_limits: -0.2587
      Episode_Termination/time_out: 0.8646
  Episode_Termination/torso_height: 0.1354
--------------------------------------------------------------------------------
                   Total timesteps: 5652480
                    Iteration time: 0.37s
                      Time elapsed: 00:02:12
                               ETA: 00:00:59

################################################################################
                      [1m Learning iteration 345/500 [0m                      

                       Computation: 43270 steps/s (collection: 0.286s, learning 0.093s)
             Mean action noise std: 0.18
          Mean value_function loss: 0.0831
               Mean surrogate loss: -0.0039
                 Mean entropy loss: -3.0893
                       Mean reward: 88.83
               Mean episode length: 868.04
           Episode_Reward/progress: 6.3405
              Episode_Reward/alive: 0.4902
            Episode_Reward/upright: 0.0973
     Episode_Reward/move_to_target: 0.4869
          Episode_Reward/action_l2: -0.0301
             Episode_Reward/energy: -0.9678
   Episode_Reward/joint_pos_limits: -0.3014
      Episode_Termination/time_out: 0.8682
  Episode_Termination/torso_height: 0.1318
--------------------------------------------------------------------------------
                   Total timesteps: 5668864
                    Iteration time: 0.38s
                      Time elapsed: 00:02:12
                               ETA: 00:00:59

################################################################################
                      [1m Learning iteration 346/500 [0m                      

                       Computation: 43023 steps/s (collection: 0.282s, learning 0.099s)
             Mean action noise std: 0.18
          Mean value_function loss: 0.1164
               Mean surrogate loss: -0.0045
                 Mean entropy loss: -3.0902
                       Mean reward: 90.45
               Mean episode length: 885.12
           Episode_Reward/progress: 6.1559
              Episode_Reward/alive: 0.4926
            Episode_Reward/upright: 0.0970
     Episode_Reward/move_to_target: 0.4884
          Episode_Reward/action_l2: -0.0297
             Episode_Reward/energy: -0.9477
   Episode_Reward/joint_pos_limits: -0.3058
      Episode_Termination/time_out: 0.8700
  Episode_Termination/torso_height: 0.1300
--------------------------------------------------------------------------------
                   Total timesteps: 5685248
                    Iteration time: 0.38s
                      Time elapsed: 00:02:13
                               ETA: 00:00:59

################################################################################
                      [1m Learning iteration 347/500 [0m                      

                       Computation: 40757 steps/s (collection: 0.316s, learning 0.086s)
             Mean action noise std: 0.18
          Mean value_function loss: 0.1127
               Mean surrogate loss: -0.0077
                 Mean entropy loss: -3.0934
                       Mean reward: 87.57
               Mean episode length: 863.52
           Episode_Reward/progress: 5.3373
              Episode_Reward/alive: 0.4374
            Episode_Reward/upright: 0.0856
     Episode_Reward/move_to_target: 0.4231
          Episode_Reward/action_l2: -0.0262
             Episode_Reward/energy: -0.8348
   Episode_Reward/joint_pos_limits: -0.2698
      Episode_Termination/time_out: 0.8683
  Episode_Termination/torso_height: 0.1317
--------------------------------------------------------------------------------
                   Total timesteps: 5701632
                    Iteration time: 0.40s
                      Time elapsed: 00:02:13
                               ETA: 00:00:58

################################################################################
                      [1m Learning iteration 348/500 [0m                      

                       Computation: 40339 steps/s (collection: 0.327s, learning 0.079s)
             Mean action noise std: 0.18
          Mean value_function loss: 0.0524
               Mean surrogate loss: -0.0047
                 Mean entropy loss: -3.1098
                       Mean reward: 89.03
               Mean episode length: 874.11
           Episode_Reward/progress: 5.4940
              Episode_Reward/alive: 0.4363
            Episode_Reward/upright: 0.0855
     Episode_Reward/move_to_target: 0.4322
          Episode_Reward/action_l2: -0.0265
             Episode_Reward/energy: -0.8545
   Episode_Reward/joint_pos_limits: -0.2675
      Episode_Termination/time_out: 0.8646
  Episode_Termination/torso_height: 0.1354
--------------------------------------------------------------------------------
                   Total timesteps: 5718016
                    Iteration time: 0.41s
                      Time elapsed: 00:02:14
                               ETA: 00:00:58

################################################################################
                      [1m Learning iteration 349/500 [0m                      

                       Computation: 34107 steps/s (collection: 0.382s, learning 0.098s)
             Mean action noise std: 0.18
          Mean value_function loss: 0.0913
               Mean surrogate loss: -0.0053
                 Mean entropy loss: -3.1403
                       Mean reward: 88.34
               Mean episode length: 869.15
           Episode_Reward/progress: 5.5933
              Episode_Reward/alive: 0.4428
            Episode_Reward/upright: 0.0862
     Episode_Reward/move_to_target: 0.4366
          Episode_Reward/action_l2: -0.0270
             Episode_Reward/energy: -0.8592
   Episode_Reward/joint_pos_limits: -0.2738
      Episode_Termination/time_out: 0.8610
  Episode_Termination/torso_height: 0.1390
--------------------------------------------------------------------------------
                   Total timesteps: 5734400
                    Iteration time: 0.48s
                      Time elapsed: 00:02:14
                               ETA: 00:00:58

################################################################################
                      [1m Learning iteration 350/500 [0m                      

                       Computation: 41418 steps/s (collection: 0.302s, learning 0.094s)
             Mean action noise std: 0.18
          Mean value_function loss: 0.0743
               Mean surrogate loss: -0.0038
                 Mean entropy loss: -3.1489
                       Mean reward: 86.98
               Mean episode length: 860.62
           Episode_Reward/progress: 5.4712
              Episode_Reward/alive: 0.4327
            Episode_Reward/upright: 0.0843
     Episode_Reward/move_to_target: 0.4185
          Episode_Reward/action_l2: -0.0266
             Episode_Reward/energy: -0.8378
   Episode_Reward/joint_pos_limits: -0.2704
      Episode_Termination/time_out: 0.8582
  Episode_Termination/torso_height: 0.1418
--------------------------------------------------------------------------------
                   Total timesteps: 5750784
                    Iteration time: 0.40s
                      Time elapsed: 00:02:15
                               ETA: 00:00:57

################################################################################
                      [1m Learning iteration 351/500 [0m                      

                       Computation: 40754 steps/s (collection: 0.311s, learning 0.091s)
             Mean action noise std: 0.18
          Mean value_function loss: 0.0837
               Mean surrogate loss: -0.0047
                 Mean entropy loss: -3.1541
                       Mean reward: 82.98
               Mean episode length: 825.23
           Episode_Reward/progress: 4.7847
              Episode_Reward/alive: 0.3856
            Episode_Reward/upright: 0.0742
     Episode_Reward/move_to_target: 0.3764
          Episode_Reward/action_l2: -0.0235
             Episode_Reward/energy: -0.7314
   Episode_Reward/joint_pos_limits: -0.2453
      Episode_Termination/time_out: 0.8588
  Episode_Termination/torso_height: 0.1412
--------------------------------------------------------------------------------
                   Total timesteps: 5767168
                    Iteration time: 0.40s
                      Time elapsed: 00:02:15
                               ETA: 00:00:57

################################################################################
                      [1m Learning iteration 352/500 [0m                      

                       Computation: 43443 steps/s (collection: 0.302s, learning 0.075s)
             Mean action noise std: 0.18
          Mean value_function loss: 0.0380
               Mean surrogate loss: -0.0021
                 Mean entropy loss: -3.1554
                       Mean reward: 82.35
               Mean episode length: 817.31
           Episode_Reward/progress: 5.9792
              Episode_Reward/alive: 0.4703
            Episode_Reward/upright: 0.0927
     Episode_Reward/move_to_target: 0.4636
          Episode_Reward/action_l2: -0.0288
             Episode_Reward/energy: -0.9253
   Episode_Reward/joint_pos_limits: -0.2891
      Episode_Termination/time_out: 0.8561
  Episode_Termination/torso_height: 0.1439
--------------------------------------------------------------------------------
                   Total timesteps: 5783552
                    Iteration time: 0.38s
                      Time elapsed: 00:02:15
                               ETA: 00:00:56

################################################################################
                      [1m Learning iteration 353/500 [0m                      

                       Computation: 42554 steps/s (collection: 0.272s, learning 0.113s)
             Mean action noise std: 0.18
          Mean value_function loss: 0.0404
               Mean surrogate loss: -0.0045
                 Mean entropy loss: -3.1785
                       Mean reward: 83.82
               Mean episode length: 828.15
           Episode_Reward/progress: 5.5186
              Episode_Reward/alive: 0.4241
            Episode_Reward/upright: 0.0834
     Episode_Reward/move_to_target: 0.4168
          Episode_Reward/action_l2: -0.0264
             Episode_Reward/energy: -0.8465
   Episode_Reward/joint_pos_limits: -0.2585
      Episode_Termination/time_out: 0.8539
  Episode_Termination/torso_height: 0.1461
--------------------------------------------------------------------------------
                   Total timesteps: 5799936
                    Iteration time: 0.39s
                      Time elapsed: 00:02:16
                               ETA: 00:00:56

################################################################################
                      [1m Learning iteration 354/500 [0m                      

                       Computation: 37384 steps/s (collection: 0.343s, learning 0.096s)
             Mean action noise std: 0.18
          Mean value_function loss: 0.0404
               Mean surrogate loss: -0.0035
                 Mean entropy loss: -3.1991
                       Mean reward: 85.28
               Mean episode length: 837.78
           Episode_Reward/progress: 6.5860
              Episode_Reward/alive: 0.5000
            Episode_Reward/upright: 0.0998
     Episode_Reward/move_to_target: 0.4985
          Episode_Reward/action_l2: -0.0312
             Episode_Reward/energy: -1.0055
   Episode_Reward/joint_pos_limits: -0.3068
      Episode_Termination/time_out: 0.8556
  Episode_Termination/torso_height: 0.1444
--------------------------------------------------------------------------------
                   Total timesteps: 5816320
                    Iteration time: 0.44s
                      Time elapsed: 00:02:16
                               ETA: 00:00:56

################################################################################
                      [1m Learning iteration 355/500 [0m                      

                       Computation: 47685 steps/s (collection: 0.255s, learning 0.089s)
             Mean action noise std: 0.18
          Mean value_function loss: 0.0580
               Mean surrogate loss: -0.0038
                 Mean entropy loss: -3.2157
                       Mean reward: 86.70
               Mean episode length: 847.77
           Episode_Reward/progress: 6.5035
              Episode_Reward/alive: 0.5000
            Episode_Reward/upright: 0.0992
     Episode_Reward/move_to_target: 0.4975
          Episode_Reward/action_l2: -0.0314
             Episode_Reward/energy: -1.0199
   Episode_Reward/joint_pos_limits: -0.3073
      Episode_Termination/time_out: 0.8575
  Episode_Termination/torso_height: 0.1425
--------------------------------------------------------------------------------
                   Total timesteps: 5832704
                    Iteration time: 0.34s
                      Time elapsed: 00:02:16
                               ETA: 00:00:55

################################################################################
                      [1m Learning iteration 356/500 [0m                      

                       Computation: 43088 steps/s (collection: 0.291s, learning 0.090s)
             Mean action noise std: 0.18
          Mean value_function loss: 0.0425
               Mean surrogate loss: -0.0014
                 Mean entropy loss: -3.2209
                       Mean reward: 89.52
               Mean episode length: 869.75
           Episode_Reward/progress: 5.9816
              Episode_Reward/alive: 0.4618
            Episode_Reward/upright: 0.0911
     Episode_Reward/move_to_target: 0.4576
          Episode_Reward/action_l2: -0.0288
             Episode_Reward/energy: -0.9312
   Episode_Reward/joint_pos_limits: -0.2865
      Episode_Termination/time_out: 0.8593
  Episode_Termination/torso_height: 0.1407
--------------------------------------------------------------------------------
                   Total timesteps: 5849088
                    Iteration time: 0.38s
                      Time elapsed: 00:02:17
                               ETA: 00:00:55

################################################################################
                      [1m Learning iteration 357/500 [0m                      

                       Computation: 44705 steps/s (collection: 0.272s, learning 0.094s)
             Mean action noise std: 0.18
          Mean value_function loss: 0.0504
               Mean surrogate loss: -0.0046
                 Mean entropy loss: -3.2378
                       Mean reward: 88.84
               Mean episode length: 869.66
           Episode_Reward/progress: 5.7219
              Episode_Reward/alive: 0.4560
            Episode_Reward/upright: 0.0900
     Episode_Reward/move_to_target: 0.4413
          Episode_Reward/action_l2: -0.0280
             Episode_Reward/energy: -0.8789
   Episode_Reward/joint_pos_limits: -0.2876
      Episode_Termination/time_out: 0.8593
  Episode_Termination/torso_height: 0.1407
--------------------------------------------------------------------------------
                   Total timesteps: 5865472
                    Iteration time: 0.37s
                      Time elapsed: 00:02:17
                               ETA: 00:00:55

################################################################################
                      [1m Learning iteration 358/500 [0m                      

                       Computation: 47881 steps/s (collection: 0.262s, learning 0.080s)
             Mean action noise std: 0.18
          Mean value_function loss: 0.0583
               Mean surrogate loss: -0.0038
                 Mean entropy loss: -3.2584
                       Mean reward: 93.97
               Mean episode length: 908.69
           Episode_Reward/progress: 6.5661
              Episode_Reward/alive: 0.5000
            Episode_Reward/upright: 0.0993
     Episode_Reward/move_to_target: 0.4976
          Episode_Reward/action_l2: -0.0314
             Episode_Reward/energy: -0.9965
   Episode_Reward/joint_pos_limits: -0.3109
      Episode_Termination/time_out: 0.8617
  Episode_Termination/torso_height: 0.1383
--------------------------------------------------------------------------------
                   Total timesteps: 5881856
                    Iteration time: 0.34s
                      Time elapsed: 00:02:18
                               ETA: 00:00:54

################################################################################
                      [1m Learning iteration 359/500 [0m                      

                       Computation: 48106 steps/s (collection: 0.266s, learning 0.075s)
             Mean action noise std: 0.18
          Mean value_function loss: 0.0826
               Mean surrogate loss: -0.0025
                 Mean entropy loss: -3.2692
                       Mean reward: 93.96
               Mean episode length: 908.11
           Episode_Reward/progress: 5.7417
              Episode_Reward/alive: 0.4426
            Episode_Reward/upright: 0.0870
     Episode_Reward/move_to_target: 0.4372
          Episode_Reward/action_l2: -0.0277
             Episode_Reward/energy: -0.8901
   Episode_Reward/joint_pos_limits: -0.2736
      Episode_Termination/time_out: 0.8646
  Episode_Termination/torso_height: 0.1354
--------------------------------------------------------------------------------
                   Total timesteps: 5898240
                    Iteration time: 0.34s
                      Time elapsed: 00:02:18
                               ETA: 00:00:54

################################################################################
                      [1m Learning iteration 360/500 [0m                      

                       Computation: 45889 steps/s (collection: 0.265s, learning 0.092s)
             Mean action noise std: 0.18
          Mean value_function loss: 0.0720
               Mean surrogate loss: -0.0046
                 Mean entropy loss: -3.2739
                       Mean reward: 92.50
               Mean episode length: 900.54
           Episode_Reward/progress: 4.6450
              Episode_Reward/alive: 0.3785
            Episode_Reward/upright: 0.0733
     Episode_Reward/move_to_target: 0.3711
          Episode_Reward/action_l2: -0.0233
             Episode_Reward/energy: -0.7421
   Episode_Reward/joint_pos_limits: -0.2364
      Episode_Termination/time_out: 0.8664
  Episode_Termination/torso_height: 0.1336
--------------------------------------------------------------------------------
                   Total timesteps: 5914624
                    Iteration time: 0.36s
                      Time elapsed: 00:02:18
                               ETA: 00:00:53

################################################################################
                      [1m Learning iteration 361/500 [0m                      

                       Computation: 44147 steps/s (collection: 0.276s, learning 0.095s)
             Mean action noise std: 0.18
          Mean value_function loss: 0.0576
               Mean surrogate loss: -0.0032
                 Mean entropy loss: -3.2798
                       Mean reward: 91.12
               Mean episode length: 888.50
           Episode_Reward/progress: 5.7174
              Episode_Reward/alive: 0.4492
            Episode_Reward/upright: 0.0880
     Episode_Reward/move_to_target: 0.4438
          Episode_Reward/action_l2: -0.0280
             Episode_Reward/energy: -0.8921
   Episode_Reward/joint_pos_limits: -0.2783
      Episode_Termination/time_out: 0.8678
  Episode_Termination/torso_height: 0.1322
--------------------------------------------------------------------------------
                   Total timesteps: 5931008
                    Iteration time: 0.37s
                      Time elapsed: 00:02:19
                               ETA: 00:00:53

################################################################################
                      [1m Learning iteration 362/500 [0m                      

                       Computation: 43432 steps/s (collection: 0.287s, learning 0.090s)
             Mean action noise std: 0.18
          Mean value_function loss: 0.1371
               Mean surrogate loss: -0.0044
                 Mean entropy loss: -3.2935
                       Mean reward: 92.16
               Mean episode length: 894.67
           Episode_Reward/progress: 6.6322
              Episode_Reward/alive: 0.5000
            Episode_Reward/upright: 0.0999
     Episode_Reward/move_to_target: 0.4989
          Episode_Reward/action_l2: -0.0318
             Episode_Reward/energy: -1.0166
   Episode_Reward/joint_pos_limits: -0.3084
      Episode_Termination/time_out: 0.8711
  Episode_Termination/torso_height: 0.1289
--------------------------------------------------------------------------------
                   Total timesteps: 5947392
                    Iteration time: 0.38s
                      Time elapsed: 00:02:19
                               ETA: 00:00:53

################################################################################
                      [1m Learning iteration 363/500 [0m                      

                       Computation: 44938 steps/s (collection: 0.275s, learning 0.090s)
             Mean action noise std: 0.18
          Mean value_function loss: 0.0558
               Mean surrogate loss: -0.0056
                 Mean entropy loss: -3.3121
                       Mean reward: 92.45
               Mean episode length: 896.58
           Episode_Reward/progress: 5.5621
              Episode_Reward/alive: 0.4258
            Episode_Reward/upright: 0.0834
     Episode_Reward/move_to_target: 0.4236
          Episode_Reward/action_l2: -0.0269
             Episode_Reward/energy: -0.8488
   Episode_Reward/joint_pos_limits: -0.2665
      Episode_Termination/time_out: 0.8697
  Episode_Termination/torso_height: 0.1303
--------------------------------------------------------------------------------
                   Total timesteps: 5963776
                    Iteration time: 0.36s
                      Time elapsed: 00:02:19
                               ETA: 00:00:52

################################################################################
                      [1m Learning iteration 364/500 [0m                      

                       Computation: 45601 steps/s (collection: 0.272s, learning 0.088s)
             Mean action noise std: 0.18
          Mean value_function loss: 0.0406
               Mean surrogate loss: -0.0038
                 Mean entropy loss: -3.3255
                       Mean reward: 93.00
               Mean episode length: 898.54
           Episode_Reward/progress: 6.3796
              Episode_Reward/alive: 0.4882
            Episode_Reward/upright: 0.0966
     Episode_Reward/move_to_target: 0.4834
          Episode_Reward/action_l2: -0.0309
             Episode_Reward/energy: -0.9863
   Episode_Reward/joint_pos_limits: -0.3039
      Episode_Termination/time_out: 0.8688
  Episode_Termination/torso_height: 0.1312
--------------------------------------------------------------------------------
                   Total timesteps: 5980160
                    Iteration time: 0.36s
                      Time elapsed: 00:02:20
                               ETA: 00:00:52

################################################################################
                      [1m Learning iteration 365/500 [0m                      

                       Computation: 48874 steps/s (collection: 0.266s, learning 0.069s)
             Mean action noise std: 0.18
          Mean value_function loss: 0.0882
               Mean surrogate loss: -0.0015
                 Mean entropy loss: -3.3429
                       Mean reward: 93.35
               Mean episode length: 896.53
           Episode_Reward/progress: 6.2300
              Episode_Reward/alive: 0.4759
            Episode_Reward/upright: 0.0944
     Episode_Reward/move_to_target: 0.4716
          Episode_Reward/action_l2: -0.0300
             Episode_Reward/energy: -0.9636
   Episode_Reward/joint_pos_limits: -0.2935
      Episode_Termination/time_out: 0.8715
  Episode_Termination/torso_height: 0.1285
--------------------------------------------------------------------------------
                   Total timesteps: 5996544
                    Iteration time: 0.34s
                      Time elapsed: 00:02:20
                               ETA: 00:00:51

################################################################################
                      [1m Learning iteration 366/500 [0m                      

                       Computation: 47434 steps/s (collection: 0.273s, learning 0.072s)
             Mean action noise std: 0.18
          Mean value_function loss: 0.0720
               Mean surrogate loss: -0.0034
                 Mean entropy loss: -3.3482
                       Mean reward: 95.91
               Mean episode length: 914.10
           Episode_Reward/progress: 6.3822
              Episode_Reward/alive: 0.4852
            Episode_Reward/upright: 0.0965
     Episode_Reward/move_to_target: 0.4830
          Episode_Reward/action_l2: -0.0309
             Episode_Reward/energy: -0.9947
   Episode_Reward/joint_pos_limits: -0.3002
      Episode_Termination/time_out: 0.8754
  Episode_Termination/torso_height: 0.1246
--------------------------------------------------------------------------------
                   Total timesteps: 6012928
                    Iteration time: 0.35s
                      Time elapsed: 00:02:20
                               ETA: 00:00:51

################################################################################
                      [1m Learning iteration 367/500 [0m                      

                       Computation: 49774 steps/s (collection: 0.261s, learning 0.068s)
             Mean action noise std: 0.18
          Mean value_function loss: 0.0474
               Mean surrogate loss: -0.0043
                 Mean entropy loss: -3.3536
                       Mean reward: 93.13
               Mean episode length: 892.88
           Episode_Reward/progress: 4.6854
              Episode_Reward/alive: 0.3727
            Episode_Reward/upright: 0.0720
     Episode_Reward/move_to_target: 0.3621
          Episode_Reward/action_l2: -0.0232
             Episode_Reward/energy: -0.7394
   Episode_Reward/joint_pos_limits: -0.2312
      Episode_Termination/time_out: 0.8774
  Episode_Termination/torso_height: 0.1226
--------------------------------------------------------------------------------
                   Total timesteps: 6029312
                    Iteration time: 0.33s
                      Time elapsed: 00:02:21
                               ETA: 00:00:51

################################################################################
                      [1m Learning iteration 368/500 [0m                      

                       Computation: 47852 steps/s (collection: 0.270s, learning 0.072s)
             Mean action noise std: 0.18
          Mean value_function loss: 0.0506
               Mean surrogate loss: -0.0053
                 Mean entropy loss: -3.3803
                       Mean reward: 93.03
               Mean episode length: 892.21
           Episode_Reward/progress: 6.3163
              Episode_Reward/alive: 0.4807
            Episode_Reward/upright: 0.0951
     Episode_Reward/move_to_target: 0.4752
          Episode_Reward/action_l2: -0.0304
             Episode_Reward/energy: -0.9685
   Episode_Reward/joint_pos_limits: -0.2980
      Episode_Termination/time_out: 0.8765
  Episode_Termination/torso_height: 0.1235
--------------------------------------------------------------------------------
                   Total timesteps: 6045696
                    Iteration time: 0.34s
                      Time elapsed: 00:02:21
                               ETA: 00:00:50

################################################################################
                      [1m Learning iteration 369/500 [0m                      

                       Computation: 48654 steps/s (collection: 0.257s, learning 0.080s)
             Mean action noise std: 0.18
          Mean value_function loss: 0.0524
               Mean surrogate loss: -0.0047
                 Mean entropy loss: -3.3999
                       Mean reward: 92.05
               Mean episode length: 886.05
           Episode_Reward/progress: 5.7653
              Episode_Reward/alive: 0.4493
            Episode_Reward/upright: 0.0876
     Episode_Reward/move_to_target: 0.4425
          Episode_Reward/action_l2: -0.0282
             Episode_Reward/energy: -0.9023
   Episode_Reward/joint_pos_limits: -0.2790
      Episode_Termination/time_out: 0.8759
  Episode_Termination/torso_height: 0.1241
--------------------------------------------------------------------------------
                   Total timesteps: 6062080
                    Iteration time: 0.34s
                      Time elapsed: 00:02:21
                               ETA: 00:00:50

################################################################################
                      [1m Learning iteration 370/500 [0m                      

                       Computation: 49560 steps/s (collection: 0.256s, learning 0.075s)
             Mean action noise std: 0.18
          Mean value_function loss: 0.0540
               Mean surrogate loss: -0.0044
                 Mean entropy loss: -3.4164
                       Mean reward: 89.75
               Mean episode length: 868.72
           Episode_Reward/progress: 5.6273
              Episode_Reward/alive: 0.4425
            Episode_Reward/upright: 0.0874
     Episode_Reward/move_to_target: 0.4375
          Episode_Reward/action_l2: -0.0278
             Episode_Reward/energy: -0.8753
   Episode_Reward/joint_pos_limits: -0.2766
      Episode_Termination/time_out: 0.8749
  Episode_Termination/torso_height: 0.1251
--------------------------------------------------------------------------------
                   Total timesteps: 6078464
                    Iteration time: 0.33s
                      Time elapsed: 00:02:22
                               ETA: 00:00:49

################################################################################
                      [1m Learning iteration 371/500 [0m                      

                       Computation: 40972 steps/s (collection: 0.322s, learning 0.077s)
             Mean action noise std: 0.18
          Mean value_function loss: 0.1208
               Mean surrogate loss: -0.0047
                 Mean entropy loss: -3.4368
                       Mean reward: 91.09
               Mean episode length: 881.00
           Episode_Reward/progress: 6.4833
              Episode_Reward/alive: 0.4928
            Episode_Reward/upright: 0.0982
     Episode_Reward/move_to_target: 0.4894
          Episode_Reward/action_l2: -0.0313
             Episode_Reward/energy: -1.0058
   Episode_Reward/joint_pos_limits: -0.3048
      Episode_Termination/time_out: 0.8817
  Episode_Termination/torso_height: 0.1183
--------------------------------------------------------------------------------
                   Total timesteps: 6094848
                    Iteration time: 0.40s
                      Time elapsed: 00:02:22
                               ETA: 00:00:49

################################################################################
                      [1m Learning iteration 372/500 [0m                      

                       Computation: 47299 steps/s (collection: 0.256s, learning 0.090s)
             Mean action noise std: 0.18
          Mean value_function loss: 0.0655
               Mean surrogate loss: -0.0041
                 Mean entropy loss: -3.4439
                       Mean reward: 92.11
               Mean episode length: 886.05
           Episode_Reward/progress: 6.0400
              Episode_Reward/alive: 0.4596
            Episode_Reward/upright: 0.0908
     Episode_Reward/move_to_target: 0.4542
          Episode_Reward/action_l2: -0.0292
             Episode_Reward/energy: -0.9320
   Episode_Reward/joint_pos_limits: -0.2845
      Episode_Termination/time_out: 0.8829
  Episode_Termination/torso_height: 0.1171
--------------------------------------------------------------------------------
                   Total timesteps: 6111232
                    Iteration time: 0.35s
                      Time elapsed: 00:02:22
                               ETA: 00:00:49

################################################################################
                      [1m Learning iteration 373/500 [0m                      

                       Computation: 42338 steps/s (collection: 0.298s, learning 0.089s)
             Mean action noise std: 0.18
          Mean value_function loss: 0.0487
               Mean surrogate loss: -0.0048
                 Mean entropy loss: -3.4534
                       Mean reward: 92.13
               Mean episode length: 885.55
           Episode_Reward/progress: 5.8634
              Episode_Reward/alive: 0.4562
            Episode_Reward/upright: 0.0890
     Episode_Reward/move_to_target: 0.4509
          Episode_Reward/action_l2: -0.0285
             Episode_Reward/energy: -0.9043
   Episode_Reward/joint_pos_limits: -0.2846
      Episode_Termination/time_out: 0.8869
  Episode_Termination/torso_height: 0.1131
--------------------------------------------------------------------------------
                   Total timesteps: 6127616
                    Iteration time: 0.39s
                      Time elapsed: 00:02:23
                               ETA: 00:00:48

################################################################################
                      [1m Learning iteration 374/500 [0m                      

                       Computation: 47047 steps/s (collection: 0.254s, learning 0.094s)
             Mean action noise std: 0.18
          Mean value_function loss: 0.0702
               Mean surrogate loss: -0.0027
                 Mean entropy loss: -3.4603
                       Mean reward: 92.60
               Mean episode length: 884.86
           Episode_Reward/progress: 6.3093
              Episode_Reward/alive: 0.4808
            Episode_Reward/upright: 0.0954
     Episode_Reward/move_to_target: 0.4776
          Episode_Reward/action_l2: -0.0305
             Episode_Reward/energy: -0.9806
   Episode_Reward/joint_pos_limits: -0.2978
      Episode_Termination/time_out: 0.8881
  Episode_Termination/torso_height: 0.1119
--------------------------------------------------------------------------------
                   Total timesteps: 6144000
                    Iteration time: 0.35s
                      Time elapsed: 00:02:23
                               ETA: 00:00:48

################################################################################
                      [1m Learning iteration 375/500 [0m                      

                       Computation: 44337 steps/s (collection: 0.281s, learning 0.089s)
             Mean action noise std: 0.18
          Mean value_function loss: 0.0986
               Mean surrogate loss: -0.0062
                 Mean entropy loss: -3.4733
                       Mean reward: 87.70
               Mean episode length: 844.60
           Episode_Reward/progress: 5.3823
              Episode_Reward/alive: 0.4186
            Episode_Reward/upright: 0.0812
     Episode_Reward/move_to_target: 0.4111
          Episode_Reward/action_l2: -0.0265
             Episode_Reward/energy: -0.8376
   Episode_Reward/joint_pos_limits: -0.2631
      Episode_Termination/time_out: 0.8824
  Episode_Termination/torso_height: 0.1176
--------------------------------------------------------------------------------
                   Total timesteps: 6160384
                    Iteration time: 0.37s
                      Time elapsed: 00:02:24
                               ETA: 00:00:47

################################################################################
                      [1m Learning iteration 376/500 [0m                      

                       Computation: 46357 steps/s (collection: 0.264s, learning 0.089s)
             Mean action noise std: 0.18
          Mean value_function loss: 0.0995
               Mean surrogate loss: -0.0051
                 Mean entropy loss: -3.4883
                       Mean reward: 86.89
               Mean episode length: 838.47
           Episode_Reward/progress: 4.9643
              Episode_Reward/alive: 0.3845
            Episode_Reward/upright: 0.0745
     Episode_Reward/move_to_target: 0.3785
          Episode_Reward/action_l2: -0.0243
             Episode_Reward/energy: -0.7658
   Episode_Reward/joint_pos_limits: -0.2419
      Episode_Termination/time_out: 0.8760
  Episode_Termination/torso_height: 0.1240
--------------------------------------------------------------------------------
                   Total timesteps: 6176768
                    Iteration time: 0.35s
                      Time elapsed: 00:02:24
                               ETA: 00:00:47

################################################################################
                      [1m Learning iteration 377/500 [0m                      

                       Computation: 47421 steps/s (collection: 0.251s, learning 0.095s)
             Mean action noise std: 0.17
          Mean value_function loss: 0.0356
               Mean surrogate loss: -0.0056
                 Mean entropy loss: -3.5098
                       Mean reward: 88.34
               Mean episode length: 847.54
           Episode_Reward/progress: 6.7222
              Episode_Reward/alive: 0.5000
            Episode_Reward/upright: 0.0991
     Episode_Reward/move_to_target: 0.4971
          Episode_Reward/action_l2: -0.0319
             Episode_Reward/energy: -1.0208
   Episode_Reward/joint_pos_limits: -0.3088
      Episode_Termination/time_out: 0.8765
  Episode_Termination/torso_height: 0.1235
--------------------------------------------------------------------------------
                   Total timesteps: 6193152
                    Iteration time: 0.35s
                      Time elapsed: 00:02:24
                               ETA: 00:00:47

################################################################################
                      [1m Learning iteration 378/500 [0m                      

                       Computation: 46766 steps/s (collection: 0.261s, learning 0.089s)
             Mean action noise std: 0.17
          Mean value_function loss: 0.0440
               Mean surrogate loss: -0.0026
                 Mean entropy loss: -3.5340
                       Mean reward: 87.86
               Mean episode length: 844.10
           Episode_Reward/progress: 5.6538
              Episode_Reward/alive: 0.4362
            Episode_Reward/upright: 0.0858
     Episode_Reward/move_to_target: 0.4302
          Episode_Reward/action_l2: -0.0277
             Episode_Reward/energy: -0.8670
   Episode_Reward/joint_pos_limits: -0.2746
      Episode_Termination/time_out: 0.8793
  Episode_Termination/torso_height: 0.1207
--------------------------------------------------------------------------------
                   Total timesteps: 6209536
                    Iteration time: 0.35s
                      Time elapsed: 00:02:25
                               ETA: 00:00:46

################################################################################
                      [1m Learning iteration 379/500 [0m                      

                       Computation: 44930 steps/s (collection: 0.273s, learning 0.092s)
             Mean action noise std: 0.17
          Mean value_function loss: 0.0431
               Mean surrogate loss: -0.0048
                 Mean entropy loss: -3.5458
                       Mean reward: 88.77
               Mean episode length: 851.84
           Episode_Reward/progress: 6.2555
              Episode_Reward/alive: 0.4777
            Episode_Reward/upright: 0.0939
     Episode_Reward/move_to_target: 0.4675
          Episode_Reward/action_l2: -0.0304
             Episode_Reward/energy: -0.9756
   Episode_Reward/joint_pos_limits: -0.2959
      Episode_Termination/time_out: 0.8813
  Episode_Termination/torso_height: 0.1187
--------------------------------------------------------------------------------
                   Total timesteps: 6225920
                    Iteration time: 0.36s
                      Time elapsed: 00:02:25
                               ETA: 00:00:46

################################################################################
                      [1m Learning iteration 380/500 [0m                      

                       Computation: 51186 steps/s (collection: 0.251s, learning 0.069s)
             Mean action noise std: 0.17
          Mean value_function loss: 0.0390
               Mean surrogate loss: -0.0032
                 Mean entropy loss: -3.5473
                       Mean reward: 89.36
               Mean episode length: 859.91
           Episode_Reward/progress: 5.3721
              Episode_Reward/alive: 0.4120
            Episode_Reward/upright: 0.0806
     Episode_Reward/move_to_target: 0.4037
          Episode_Reward/action_l2: -0.0265
             Episode_Reward/energy: -0.8385
   Episode_Reward/joint_pos_limits: -0.2606
      Episode_Termination/time_out: 0.8797
  Episode_Termination/torso_height: 0.1203
--------------------------------------------------------------------------------
                   Total timesteps: 6242304
                    Iteration time: 0.32s
                      Time elapsed: 00:02:25
                               ETA: 00:00:45

################################################################################
                      [1m Learning iteration 381/500 [0m                      

                       Computation: 47891 steps/s (collection: 0.248s, learning 0.095s)
             Mean action noise std: 0.17
          Mean value_function loss: 0.0573
               Mean surrogate loss: -0.0043
                 Mean entropy loss: -3.5466
                       Mean reward: 90.60
               Mean episode length: 868.85
           Episode_Reward/progress: 5.8042
              Episode_Reward/alive: 0.4647
            Episode_Reward/upright: 0.0917
     Episode_Reward/move_to_target: 0.4507
          Episode_Reward/action_l2: -0.0289
             Episode_Reward/energy: -0.9142
   Episode_Reward/joint_pos_limits: -0.2923
      Episode_Termination/time_out: 0.8818
  Episode_Termination/torso_height: 0.1182
--------------------------------------------------------------------------------
                   Total timesteps: 6258688
                    Iteration time: 0.34s
                      Time elapsed: 00:02:26
                               ETA: 00:00:45

################################################################################
                      [1m Learning iteration 382/500 [0m                      

                       Computation: 44391 steps/s (collection: 0.279s, learning 0.090s)
             Mean action noise std: 0.17
          Mean value_function loss: 0.0378
               Mean surrogate loss: -0.0009
                 Mean entropy loss: -3.5537
                       Mean reward: 93.62
               Mean episode length: 895.40
           Episode_Reward/progress: 6.6887
              Episode_Reward/alive: 0.5000
            Episode_Reward/upright: 0.0996
     Episode_Reward/move_to_target: 0.4965
          Episode_Reward/action_l2: -0.0322
             Episode_Reward/energy: -1.0387
   Episode_Reward/joint_pos_limits: -0.3104
      Episode_Termination/time_out: 0.8885
  Episode_Termination/torso_height: 0.1115
--------------------------------------------------------------------------------
                   Total timesteps: 6275072
                    Iteration time: 0.37s
                      Time elapsed: 00:02:26
                               ETA: 00:00:45

################################################################################
                      [1m Learning iteration 383/500 [0m                      

                       Computation: 49434 steps/s (collection: 0.243s, learning 0.089s)
             Mean action noise std: 0.17
          Mean value_function loss: 0.0633
               Mean surrogate loss: -0.0029
                 Mean entropy loss: -3.5597
                       Mean reward: 93.61
               Mean episode length: 894.04
           Episode_Reward/progress: 5.8100
              Episode_Reward/alive: 0.4454
            Episode_Reward/upright: 0.0877
     Episode_Reward/move_to_target: 0.4392
          Episode_Reward/action_l2: -0.0283
             Episode_Reward/energy: -0.8977
   Episode_Reward/joint_pos_limits: -0.2776
      Episode_Termination/time_out: 0.8923
  Episode_Termination/torso_height: 0.1077
--------------------------------------------------------------------------------
                   Total timesteps: 6291456
                    Iteration time: 0.33s
                      Time elapsed: 00:02:26
                               ETA: 00:00:44

################################################################################
                      [1m Learning iteration 384/500 [0m                      

                       Computation: 48467 steps/s (collection: 0.247s, learning 0.091s)
             Mean action noise std: 0.17
          Mean value_function loss: 0.0508
               Mean surrogate loss: -0.0032
                 Mean entropy loss: -3.5674
                       Mean reward: 94.07
               Mean episode length: 900.84
           Episode_Reward/progress: 6.5090
              Episode_Reward/alive: 0.5000
            Episode_Reward/upright: 0.0989
     Episode_Reward/move_to_target: 0.4948
          Episode_Reward/action_l2: -0.0318
             Episode_Reward/energy: -1.0158
   Episode_Reward/joint_pos_limits: -0.3097
      Episode_Termination/time_out: 0.8945
  Episode_Termination/torso_height: 0.1055
--------------------------------------------------------------------------------
                   Total timesteps: 6307840
                    Iteration time: 0.34s
                      Time elapsed: 00:02:27
                               ETA: 00:00:44

################################################################################
                      [1m Learning iteration 385/500 [0m                      

                       Computation: 49755 steps/s (collection: 0.240s, learning 0.089s)
             Mean action noise std: 0.17
          Mean value_function loss: 0.0717
               Mean surrogate loss: -0.0044
                 Mean entropy loss: -3.5800
                       Mean reward: 93.90
               Mean episode length: 897.36
           Episode_Reward/progress: 5.8550
              Episode_Reward/alive: 0.4567
            Episode_Reward/upright: 0.0893
     Episode_Reward/move_to_target: 0.4521
          Episode_Reward/action_l2: -0.0290
             Episode_Reward/energy: -0.9300
   Episode_Reward/joint_pos_limits: -0.2867
      Episode_Termination/time_out: 0.8931
  Episode_Termination/torso_height: 0.1069
--------------------------------------------------------------------------------
                   Total timesteps: 6324224
                    Iteration time: 0.33s
                      Time elapsed: 00:02:27
                               ETA: 00:00:43

################################################################################
                      [1m Learning iteration 386/500 [0m                      

                       Computation: 49215 steps/s (collection: 0.245s, learning 0.088s)
             Mean action noise std: 0.17
          Mean value_function loss: 0.0335
               Mean surrogate loss: -0.0040
                 Mean entropy loss: -3.5919
                       Mean reward: 93.24
               Mean episode length: 891.36
           Episode_Reward/progress: 6.4834
              Episode_Reward/alive: 0.4902
            Episode_Reward/upright: 0.0977
     Episode_Reward/move_to_target: 0.4855
          Episode_Reward/action_l2: -0.0314
             Episode_Reward/energy: -1.0126
   Episode_Reward/joint_pos_limits: -0.3028
      Episode_Termination/time_out: 0.8910
  Episode_Termination/torso_height: 0.1090
--------------------------------------------------------------------------------
                   Total timesteps: 6340608
                    Iteration time: 0.33s
                      Time elapsed: 00:02:27
                               ETA: 00:00:43

################################################################################
                      [1m Learning iteration 387/500 [0m                      

                       Computation: 48777 steps/s (collection: 0.249s, learning 0.087s)
             Mean action noise std: 0.17
          Mean value_function loss: 0.0954
               Mean surrogate loss: -0.0009
                 Mean entropy loss: -3.6122
                       Mean reward: 92.19
               Mean episode length: 874.50
           Episode_Reward/progress: 5.5496
              Episode_Reward/alive: 0.4173
            Episode_Reward/upright: 0.0817
     Episode_Reward/move_to_target: 0.4114
          Episode_Reward/action_l2: -0.0268
             Episode_Reward/energy: -0.8547
   Episode_Reward/joint_pos_limits: -0.2590
      Episode_Termination/time_out: 0.8875
  Episode_Termination/torso_height: 0.1125
--------------------------------------------------------------------------------
                   Total timesteps: 6356992
                    Iteration time: 0.34s
                      Time elapsed: 00:02:28
                               ETA: 00:00:43

################################################################################
                      [1m Learning iteration 388/500 [0m                      

                       Computation: 52701 steps/s (collection: 0.242s, learning 0.069s)
             Mean action noise std: 0.17
          Mean value_function loss: 0.0803
               Mean surrogate loss: -0.0046
                 Mean entropy loss: -3.6150
                       Mean reward: 92.82
               Mean episode length: 879.84
           Episode_Reward/progress: 5.6568
              Episode_Reward/alive: 0.4405
            Episode_Reward/upright: 0.0866
     Episode_Reward/move_to_target: 0.4347
          Episode_Reward/action_l2: -0.0277
             Episode_Reward/energy: -0.8803
   Episode_Reward/joint_pos_limits: -0.2754
      Episode_Termination/time_out: 0.8840
  Episode_Termination/torso_height: 0.1160
--------------------------------------------------------------------------------
                   Total timesteps: 6373376
                    Iteration time: 0.31s
                      Time elapsed: 00:02:28
                               ETA: 00:00:42

################################################################################
                      [1m Learning iteration 389/500 [0m                      

                       Computation: 46269 steps/s (collection: 0.264s, learning 0.091s)
             Mean action noise std: 0.17
          Mean value_function loss: 0.0541
               Mean surrogate loss: -0.0030
                 Mean entropy loss: -3.6214
                       Mean reward: 91.37
               Mean episode length: 869.15
           Episode_Reward/progress: 5.7978
              Episode_Reward/alive: 0.4474
            Episode_Reward/upright: 0.0868
     Episode_Reward/move_to_target: 0.4397
          Episode_Reward/action_l2: -0.0283
             Episode_Reward/energy: -0.8901
   Episode_Reward/joint_pos_limits: -0.2831
      Episode_Termination/time_out: 0.8836
  Episode_Termination/torso_height: 0.1164
--------------------------------------------------------------------------------
                   Total timesteps: 6389760
                    Iteration time: 0.35s
                      Time elapsed: 00:02:28
                               ETA: 00:00:42

################################################################################
                      [1m Learning iteration 390/500 [0m                      

                       Computation: 46855 steps/s (collection: 0.255s, learning 0.095s)
             Mean action noise std: 0.17
          Mean value_function loss: 0.0916
               Mean surrogate loss: -0.0041
                 Mean entropy loss: -3.6300
                       Mean reward: 88.68
               Mean episode length: 851.40
           Episode_Reward/progress: 4.6156
              Episode_Reward/alive: 0.3975
            Episode_Reward/upright: 0.0750
     Episode_Reward/move_to_target: 0.3193
          Episode_Reward/action_l2: -0.0245
             Episode_Reward/energy: -0.7194
   Episode_Reward/joint_pos_limits: -0.2669
      Episode_Termination/time_out: 0.8831
  Episode_Termination/torso_height: 0.1169
--------------------------------------------------------------------------------
                   Total timesteps: 6406144
                    Iteration time: 0.35s
                      Time elapsed: 00:02:29
                               ETA: 00:00:41

################################################################################
                      [1m Learning iteration 391/500 [0m                      

                       Computation: 47742 steps/s (collection: 0.270s, learning 0.073s)
             Mean action noise std: 0.17
          Mean value_function loss: 0.0962
               Mean surrogate loss: -0.0058
                 Mean entropy loss: -3.6491
                       Mean reward: 87.25
               Mean episode length: 833.57
           Episode_Reward/progress: 5.8361
              Episode_Reward/alive: 0.4355
            Episode_Reward/upright: 0.0858
     Episode_Reward/move_to_target: 0.4302
          Episode_Reward/action_l2: -0.0281
             Episode_Reward/energy: -0.8908
   Episode_Reward/joint_pos_limits: -0.2703
      Episode_Termination/time_out: 0.8842
  Episode_Termination/torso_height: 0.1158
--------------------------------------------------------------------------------
                   Total timesteps: 6422528
                    Iteration time: 0.34s
                      Time elapsed: 00:02:29
                               ETA: 00:00:41

################################################################################
                      [1m Learning iteration 392/500 [0m                      

                       Computation: 42105 steps/s (collection: 0.277s, learning 0.112s)
             Mean action noise std: 0.17
          Mean value_function loss: 0.0803
               Mean surrogate loss: -0.0048
                 Mean entropy loss: -3.6675
                       Mean reward: 88.53
               Mean episode length: 844.29
           Episode_Reward/progress: 6.5896
              Episode_Reward/alive: 0.4922
            Episode_Reward/upright: 0.0969
     Episode_Reward/move_to_target: 0.4879
          Episode_Reward/action_l2: -0.0318
             Episode_Reward/energy: -1.0119
   Episode_Reward/joint_pos_limits: -0.3057
      Episode_Termination/time_out: 0.8809
  Episode_Termination/torso_height: 0.1191
--------------------------------------------------------------------------------
                   Total timesteps: 6438912
                    Iteration time: 0.39s
                      Time elapsed: 00:02:29
                               ETA: 00:00:41

################################################################################
                      [1m Learning iteration 393/500 [0m                      

                       Computation: 45774 steps/s (collection: 0.288s, learning 0.070s)
             Mean action noise std: 0.17
          Mean value_function loss: 0.0540
               Mean surrogate loss: -0.0035
                 Mean entropy loss: -3.6816
                       Mean reward: 89.13
               Mean episode length: 847.63
           Episode_Reward/progress: 5.8657
              Episode_Reward/alive: 0.4439
            Episode_Reward/upright: 0.0868
     Episode_Reward/move_to_target: 0.4383
          Episode_Reward/action_l2: -0.0284
             Episode_Reward/energy: -0.9022
   Episode_Reward/joint_pos_limits: -0.2771
      Episode_Termination/time_out: 0.8765
  Episode_Termination/torso_height: 0.1235
--------------------------------------------------------------------------------
                   Total timesteps: 6455296
                    Iteration time: 0.36s
                      Time elapsed: 00:02:30
                               ETA: 00:00:40

################################################################################
                      [1m Learning iteration 394/500 [0m                      

                       Computation: 49322 steps/s (collection: 0.255s, learning 0.078s)
             Mean action noise std: 0.17
          Mean value_function loss: 0.0572
               Mean surrogate loss: -0.0057
                 Mean entropy loss: -3.6987
                       Mean reward: 89.95
               Mean episode length: 851.28
           Episode_Reward/progress: 6.4005
              Episode_Reward/alive: 0.4770
            Episode_Reward/upright: 0.0947
     Episode_Reward/move_to_target: 0.4711
          Episode_Reward/action_l2: -0.0308
             Episode_Reward/energy: -0.9738
   Episode_Reward/joint_pos_limits: -0.2957
      Episode_Termination/time_out: 0.8755
  Episode_Termination/torso_height: 0.1245
--------------------------------------------------------------------------------
                   Total timesteps: 6471680
                    Iteration time: 0.33s
                      Time elapsed: 00:02:30
                               ETA: 00:00:40

################################################################################
                      [1m Learning iteration 395/500 [0m                      

                       Computation: 46922 steps/s (collection: 0.261s, learning 0.088s)
             Mean action noise std: 0.17
          Mean value_function loss: 0.0365
               Mean surrogate loss: -0.0013
                 Mean entropy loss: -3.7172
                       Mean reward: 92.98
               Mean episode length: 875.73
           Episode_Reward/progress: 6.6106
              Episode_Reward/alive: 0.4982
            Episode_Reward/upright: 0.0992
     Episode_Reward/move_to_target: 0.4896
          Episode_Reward/action_l2: -0.0318
             Episode_Reward/energy: -1.0133
   Episode_Reward/joint_pos_limits: -0.3080
      Episode_Termination/time_out: 0.8795
  Episode_Termination/torso_height: 0.1205
--------------------------------------------------------------------------------
                   Total timesteps: 6488064
                    Iteration time: 0.35s
                      Time elapsed: 00:02:30
                               ETA: 00:00:40

################################################################################
                      [1m Learning iteration 396/500 [0m                      

                       Computation: 50989 steps/s (collection: 0.251s, learning 0.070s)
             Mean action noise std: 0.17
          Mean value_function loss: 0.0487
               Mean surrogate loss: -0.0024
                 Mean entropy loss: -3.7253
                       Mean reward: 93.39
               Mean episode length: 879.20
           Episode_Reward/progress: 6.3305
              Episode_Reward/alive: 0.4858
            Episode_Reward/upright: 0.0953
     Episode_Reward/move_to_target: 0.4762
          Episode_Reward/action_l2: -0.0305
             Episode_Reward/energy: -0.9505
   Episode_Reward/joint_pos_limits: -0.3085
      Episode_Termination/time_out: 0.8771
  Episode_Termination/torso_height: 0.1229
--------------------------------------------------------------------------------
                   Total timesteps: 6504448
                    Iteration time: 0.32s
                      Time elapsed: 00:02:31
                               ETA: 00:00:39

################################################################################
                      [1m Learning iteration 397/500 [0m                      

                       Computation: 45482 steps/s (collection: 0.266s, learning 0.094s)
             Mean action noise std: 0.17
          Mean value_function loss: 0.1076
               Mean surrogate loss: -0.0047
                 Mean entropy loss: -3.7422
                       Mean reward: 95.74
               Mean episode length: 901.28
           Episode_Reward/progress: 6.5831
              Episode_Reward/alive: 0.5000
            Episode_Reward/upright: 0.0994
     Episode_Reward/move_to_target: 0.4936
          Episode_Reward/action_l2: -0.0319
             Episode_Reward/energy: -1.0167
   Episode_Reward/joint_pos_limits: -0.3085
      Episode_Termination/time_out: 0.8817
  Episode_Termination/torso_height: 0.1183
--------------------------------------------------------------------------------
                   Total timesteps: 6520832
                    Iteration time: 0.36s
                      Time elapsed: 00:02:31
                               ETA: 00:00:39

################################################################################
                      [1m Learning iteration 398/500 [0m                      

                       Computation: 46420 steps/s (collection: 0.262s, learning 0.091s)
             Mean action noise std: 0.17
          Mean value_function loss: 0.0753
               Mean surrogate loss: -0.0059
                 Mean entropy loss: -3.7478
                       Mean reward: 99.85
               Mean episode length: 936.40
           Episode_Reward/progress: 6.5873
              Episode_Reward/alive: 0.4978
            Episode_Reward/upright: 0.0984
     Episode_Reward/move_to_target: 0.4933
          Episode_Reward/action_l2: -0.0319
             Episode_Reward/energy: -1.0155
   Episode_Reward/joint_pos_limits: -0.3077
      Episode_Termination/time_out: 0.8854
  Episode_Termination/torso_height: 0.1146
--------------------------------------------------------------------------------
                   Total timesteps: 6537216
                    Iteration time: 0.35s
                      Time elapsed: 00:02:32
                               ETA: 00:00:38

################################################################################
                      [1m Learning iteration 399/500 [0m                      

                       Computation: 48526 steps/s (collection: 0.249s, learning 0.088s)
             Mean action noise std: 0.17
          Mean value_function loss: 0.0598
               Mean surrogate loss: -0.0055
                 Mean entropy loss: -3.7499
                       Mean reward: 97.61
               Mean episode length: 919.96
           Episode_Reward/progress: 5.9007
              Episode_Reward/alive: 0.4456
            Episode_Reward/upright: 0.0869
     Episode_Reward/move_to_target: 0.4406
          Episode_Reward/action_l2: -0.0287
             Episode_Reward/energy: -0.9091
   Episode_Reward/joint_pos_limits: -0.2749
      Episode_Termination/time_out: 0.8861
  Episode_Termination/torso_height: 0.1139
--------------------------------------------------------------------------------
                   Total timesteps: 6553600
                    Iteration time: 0.34s
                      Time elapsed: 00:02:32
                               ETA: 00:00:38

################################################################################
                      [1m Learning iteration 400/500 [0m                      

                       Computation: 47974 steps/s (collection: 0.252s, learning 0.089s)
             Mean action noise std: 0.17
          Mean value_function loss: 0.0523
               Mean surrogate loss: -0.0033
                 Mean entropy loss: -3.7724
                       Mean reward: 97.23
               Mean episode length: 911.78
           Episode_Reward/progress: 6.1299
              Episode_Reward/alive: 0.4560
            Episode_Reward/upright: 0.0903
     Episode_Reward/move_to_target: 0.4499
          Episode_Reward/action_l2: -0.0293
             Episode_Reward/energy: -0.9419
   Episode_Reward/joint_pos_limits: -0.2805
      Episode_Termination/time_out: 0.8853
  Episode_Termination/torso_height: 0.1147
--------------------------------------------------------------------------------
                   Total timesteps: 6569984
                    Iteration time: 0.34s
                      Time elapsed: 00:02:32
                               ETA: 00:00:38

################################################################################
                      [1m Learning iteration 401/500 [0m                      

                       Computation: 45547 steps/s (collection: 0.268s, learning 0.092s)
             Mean action noise std: 0.17
          Mean value_function loss: 0.0601
               Mean surrogate loss: 0.0018
                 Mean entropy loss: -3.7855
                       Mean reward: 96.72
               Mean episode length: 905.22
           Episode_Reward/progress: 6.6262
              Episode_Reward/alive: 0.4893
            Episode_Reward/upright: 0.0971
     Episode_Reward/move_to_target: 0.4849
          Episode_Reward/action_l2: -0.0316
             Episode_Reward/energy: -1.0032
   Episode_Reward/joint_pos_limits: -0.3001
      Episode_Termination/time_out: 0.8838
  Episode_Termination/torso_height: 0.1162
--------------------------------------------------------------------------------
                   Total timesteps: 6586368
                    Iteration time: 0.36s
                      Time elapsed: 00:02:33
                               ETA: 00:00:37

################################################################################
                      [1m Learning iteration 402/500 [0m                      

                       Computation: 46358 steps/s (collection: 0.279s, learning 0.075s)
             Mean action noise std: 0.17
          Mean value_function loss: 0.0951
               Mean surrogate loss: -0.0041
                 Mean entropy loss: -3.7873
                       Mean reward: 97.51
               Mean episode length: 911.94
           Episode_Reward/progress: 6.6242
              Episode_Reward/alive: 0.4999
            Episode_Reward/upright: 0.0983
     Episode_Reward/move_to_target: 0.4943
          Episode_Reward/action_l2: -0.0319
             Episode_Reward/energy: -1.0090
   Episode_Reward/joint_pos_limits: -0.3090
      Episode_Termination/time_out: 0.8853
  Episode_Termination/torso_height: 0.1147
--------------------------------------------------------------------------------
                   Total timesteps: 6602752
                    Iteration time: 0.35s
                      Time elapsed: 00:02:33
                               ETA: 00:00:37

################################################################################
                      [1m Learning iteration 403/500 [0m                      

                       Computation: 44120 steps/s (collection: 0.286s, learning 0.085s)
             Mean action noise std: 0.17
          Mean value_function loss: 0.0742
               Mean surrogate loss: -0.0033
                 Mean entropy loss: -3.7819
                       Mean reward: 94.04
               Mean episode length: 882.38
           Episode_Reward/progress: 5.9583
              Episode_Reward/alive: 0.4497
            Episode_Reward/upright: 0.0881
     Episode_Reward/move_to_target: 0.4424
          Episode_Reward/action_l2: -0.0289
             Episode_Reward/energy: -0.9072
   Episode_Reward/joint_pos_limits: -0.2793
      Episode_Termination/time_out: 0.8842
  Episode_Termination/torso_height: 0.1158
--------------------------------------------------------------------------------
                   Total timesteps: 6619136
                    Iteration time: 0.37s
                      Time elapsed: 00:02:33
                               ETA: 00:00:36

################################################################################
                      [1m Learning iteration 404/500 [0m                      

                       Computation: 44076 steps/s (collection: 0.280s, learning 0.092s)
             Mean action noise std: 0.17
          Mean value_function loss: 0.0974
               Mean surrogate loss: -0.0039
                 Mean entropy loss: -3.7867
                       Mean reward: 92.88
               Mean episode length: 874.57
           Episode_Reward/progress: 4.8431
              Episode_Reward/alive: 0.3749
            Episode_Reward/upright: 0.0726
     Episode_Reward/move_to_target: 0.3665
          Episode_Reward/action_l2: -0.0237
             Episode_Reward/energy: -0.7517
   Episode_Reward/joint_pos_limits: -0.2314
      Episode_Termination/time_out: 0.8793
  Episode_Termination/torso_height: 0.1207
--------------------------------------------------------------------------------
                   Total timesteps: 6635520
                    Iteration time: 0.37s
                      Time elapsed: 00:02:34
                               ETA: 00:00:36

################################################################################
                      [1m Learning iteration 405/500 [0m                      

                       Computation: 41482 steps/s (collection: 0.293s, learning 0.102s)
             Mean action noise std: 0.17
          Mean value_function loss: 0.0845
               Mean surrogate loss: -0.0025
                 Mean entropy loss: -3.8004
                       Mean reward: 89.83
               Mean episode length: 845.55
           Episode_Reward/progress: 6.2216
              Episode_Reward/alive: 0.4613
            Episode_Reward/upright: 0.0912
     Episode_Reward/move_to_target: 0.4561
          Episode_Reward/action_l2: -0.0300
             Episode_Reward/energy: -0.9567
   Episode_Reward/joint_pos_limits: -0.2829
      Episode_Termination/time_out: 0.8786
  Episode_Termination/torso_height: 0.1214
--------------------------------------------------------------------------------
                   Total timesteps: 6651904
                    Iteration time: 0.39s
                      Time elapsed: 00:02:34
                               ETA: 00:00:36

################################################################################
                      [1m Learning iteration 406/500 [0m                      

                       Computation: 41404 steps/s (collection: 0.305s, learning 0.091s)
             Mean action noise std: 0.17
          Mean value_function loss: 0.0658
               Mean surrogate loss: -0.0046
                 Mean entropy loss: -3.8095
                       Mean reward: 87.01
               Mean episode length: 820.09
           Episode_Reward/progress: 6.1840
              Episode_Reward/alive: 0.4585
            Episode_Reward/upright: 0.0898
     Episode_Reward/move_to_target: 0.4538
          Episode_Reward/action_l2: -0.0295
             Episode_Reward/energy: -0.9305
   Episode_Reward/joint_pos_limits: -0.2855
      Episode_Termination/time_out: 0.8846
  Episode_Termination/torso_height: 0.1154
--------------------------------------------------------------------------------
                   Total timesteps: 6668288
                    Iteration time: 0.40s
                      Time elapsed: 00:02:34
                               ETA: 00:00:35

################################################################################
                      [1m Learning iteration 407/500 [0m                      

                       Computation: 45539 steps/s (collection: 0.265s, learning 0.094s)
             Mean action noise std: 0.17
          Mean value_function loss: 0.0456
               Mean surrogate loss: -0.0015
                 Mean entropy loss: -3.8104
                       Mean reward: 86.14
               Mean episode length: 812.24
           Episode_Reward/progress: 5.6852
              Episode_Reward/alive: 0.4212
            Episode_Reward/upright: 0.0825
     Episode_Reward/move_to_target: 0.4127
          Episode_Reward/action_l2: -0.0272
             Episode_Reward/energy: -0.8650
   Episode_Reward/joint_pos_limits: -0.2566
      Episode_Termination/time_out: 0.8843
  Episode_Termination/torso_height: 0.1157
--------------------------------------------------------------------------------
                   Total timesteps: 6684672
                    Iteration time: 0.36s
                      Time elapsed: 00:02:35
                               ETA: 00:00:35

################################################################################
                      [1m Learning iteration 408/500 [0m                      

                       Computation: 43933 steps/s (collection: 0.279s, learning 0.094s)
             Mean action noise std: 0.17
          Mean value_function loss: 0.1155
               Mean surrogate loss: -0.0039
                 Mean entropy loss: -3.8180
                       Mean reward: 89.96
               Mean episode length: 844.27
           Episode_Reward/progress: 6.6338
              Episode_Reward/alive: 0.4977
            Episode_Reward/upright: 0.0985
     Episode_Reward/move_to_target: 0.4885
          Episode_Reward/action_l2: -0.0318
             Episode_Reward/energy: -1.0224
   Episode_Reward/joint_pos_limits: -0.3038
      Episode_Termination/time_out: 0.8822
  Episode_Termination/torso_height: 0.1178
--------------------------------------------------------------------------------
                   Total timesteps: 6701056
                    Iteration time: 0.37s
                      Time elapsed: 00:02:35
                               ETA: 00:00:35

################################################################################
                      [1m Learning iteration 409/500 [0m                      

                       Computation: 41110 steps/s (collection: 0.303s, learning 0.096s)
             Mean action noise std: 0.17
          Mean value_function loss: 0.0687
               Mean surrogate loss: -0.0054
                 Mean entropy loss: -3.8322
                       Mean reward: 93.02
               Mean episode length: 869.18
           Episode_Reward/progress: 6.6329
              Episode_Reward/alive: 0.4920
            Episode_Reward/upright: 0.0969
     Episode_Reward/move_to_target: 0.4858
          Episode_Reward/action_l2: -0.0317
             Episode_Reward/energy: -1.0057
   Episode_Reward/joint_pos_limits: -0.3019
      Episode_Termination/time_out: 0.8851
  Episode_Termination/torso_height: 0.1149
--------------------------------------------------------------------------------
                   Total timesteps: 6717440
                    Iteration time: 0.40s
                      Time elapsed: 00:02:36
                               ETA: 00:00:34

################################################################################
                      [1m Learning iteration 410/500 [0m                      

                       Computation: 46485 steps/s (collection: 0.266s, learning 0.086s)
             Mean action noise std: 0.17
          Mean value_function loss: 0.1086
               Mean surrogate loss: -0.0022
                 Mean entropy loss: -3.8408
                       Mean reward: 90.21
               Mean episode length: 845.97
           Episode_Reward/progress: 5.4568
              Episode_Reward/alive: 0.4129
            Episode_Reward/upright: 0.0786
     Episode_Reward/move_to_target: 0.4045
          Episode_Reward/action_l2: -0.0263
             Episode_Reward/energy: -0.8196
   Episode_Reward/joint_pos_limits: -0.2571
      Episode_Termination/time_out: 0.8820
  Episode_Termination/torso_height: 0.1180
--------------------------------------------------------------------------------
                   Total timesteps: 6733824
                    Iteration time: 0.35s
                      Time elapsed: 00:02:36
                               ETA: 00:00:34

################################################################################
                      [1m Learning iteration 411/500 [0m                      

                       Computation: 45799 steps/s (collection: 0.263s, learning 0.095s)
             Mean action noise std: 0.17
          Mean value_function loss: 0.0792
               Mean surrogate loss: -0.0059
                 Mean entropy loss: -3.8540
                       Mean reward: 87.94
               Mean episode length: 828.29
           Episode_Reward/progress: 6.5459
              Episode_Reward/alive: 0.4856
            Episode_Reward/upright: 0.0958
     Episode_Reward/move_to_target: 0.4787
          Episode_Reward/action_l2: -0.0315
             Episode_Reward/energy: -1.0045
   Episode_Reward/joint_pos_limits: -0.2953
      Episode_Termination/time_out: 0.8786
  Episode_Termination/torso_height: 0.1214
--------------------------------------------------------------------------------
                   Total timesteps: 6750208
                    Iteration time: 0.36s
                      Time elapsed: 00:02:36
                               ETA: 00:00:33

################################################################################
                      [1m Learning iteration 412/500 [0m                      

                       Computation: 40751 steps/s (collection: 0.286s, learning 0.116s)
             Mean action noise std: 0.17
          Mean value_function loss: 0.0418
               Mean surrogate loss: -0.0035
                 Mean entropy loss: -3.8551
                       Mean reward: 87.77
               Mean episode length: 832.57
           Episode_Reward/progress: 5.1412
              Episode_Reward/alive: 0.4022
            Episode_Reward/upright: 0.0773
     Episode_Reward/move_to_target: 0.3940
          Episode_Reward/action_l2: -0.0253
             Episode_Reward/energy: -0.7899
   Episode_Reward/joint_pos_limits: -0.2499
      Episode_Termination/time_out: 0.8755
  Episode_Termination/torso_height: 0.1245
--------------------------------------------------------------------------------
                   Total timesteps: 6766592
                    Iteration time: 0.40s
                      Time elapsed: 00:02:37
                               ETA: 00:00:33

################################################################################
                      [1m Learning iteration 413/500 [0m                      

                       Computation: 40326 steps/s (collection: 0.306s, learning 0.100s)
             Mean action noise std: 0.17
          Mean value_function loss: 0.0699
               Mean surrogate loss: -0.0042
                 Mean entropy loss: -3.8599
                       Mean reward: 89.97
               Mean episode length: 850.15
           Episode_Reward/progress: 6.5270
              Episode_Reward/alive: 0.4857
            Episode_Reward/upright: 0.0964
     Episode_Reward/move_to_target: 0.4788
          Episode_Reward/action_l2: -0.0314
             Episode_Reward/energy: -0.9921
   Episode_Reward/joint_pos_limits: -0.2982
      Episode_Termination/time_out: 0.8741
  Episode_Termination/torso_height: 0.1259
--------------------------------------------------------------------------------
                   Total timesteps: 6782976
                    Iteration time: 0.41s
                      Time elapsed: 00:02:37
                               ETA: 00:00:33

################################################################################
                      [1m Learning iteration 414/500 [0m                      

                       Computation: 45664 steps/s (collection: 0.270s, learning 0.088s)
             Mean action noise std: 0.17
          Mean value_function loss: 0.0316
               Mean surrogate loss: -0.0043
                 Mean entropy loss: -3.8650
                       Mean reward: 87.19
               Mean episode length: 828.88
           Episode_Reward/progress: 5.0563
              Episode_Reward/alive: 0.3942
            Episode_Reward/upright: 0.0768
     Episode_Reward/move_to_target: 0.3819
          Episode_Reward/action_l2: -0.0251
             Episode_Reward/energy: -0.7858
   Episode_Reward/joint_pos_limits: -0.2438
      Episode_Termination/time_out: 0.8714
  Episode_Termination/torso_height: 0.1286
--------------------------------------------------------------------------------
                   Total timesteps: 6799360
                    Iteration time: 0.36s
                      Time elapsed: 00:02:37
                               ETA: 00:00:32

################################################################################
                      [1m Learning iteration 415/500 [0m                      

                       Computation: 43154 steps/s (collection: 0.281s, learning 0.098s)
             Mean action noise std: 0.17
          Mean value_function loss: 0.0647
               Mean surrogate loss: -0.0016
                 Mean entropy loss: -3.8691
                       Mean reward: 83.10
               Mean episode length: 793.20
           Episode_Reward/progress: 4.0480
              Episode_Reward/alive: 0.3183
            Episode_Reward/upright: 0.0606
     Episode_Reward/move_to_target: 0.2971
          Episode_Reward/action_l2: -0.0200
             Episode_Reward/energy: -0.6330
   Episode_Reward/joint_pos_limits: -0.1962
      Episode_Termination/time_out: 0.8668
  Episode_Termination/torso_height: 0.1332
--------------------------------------------------------------------------------
                   Total timesteps: 6815744
                    Iteration time: 0.38s
                      Time elapsed: 00:02:38
                               ETA: 00:00:32

################################################################################
                      [1m Learning iteration 416/500 [0m                      

                       Computation: 40142 steps/s (collection: 0.302s, learning 0.106s)
             Mean action noise std: 0.17
          Mean value_function loss: 0.0779
               Mean surrogate loss: -0.0052
                 Mean entropy loss: -3.8845
                       Mean reward: 83.75
               Mean episode length: 802.97
           Episode_Reward/progress: 6.6204
              Episode_Reward/alive: 0.5000
            Episode_Reward/upright: 0.0989
     Episode_Reward/move_to_target: 0.4890
          Episode_Reward/action_l2: -0.0320
             Episode_Reward/energy: -1.0109
   Episode_Reward/joint_pos_limits: -0.3062
      Episode_Termination/time_out: 0.8672
  Episode_Termination/torso_height: 0.1328
--------------------------------------------------------------------------------
                   Total timesteps: 6832128
                    Iteration time: 0.41s
                      Time elapsed: 00:02:38
                               ETA: 00:00:31

################################################################################
                      [1m Learning iteration 417/500 [0m                      

                       Computation: 33623 steps/s (collection: 0.382s, learning 0.105s)
             Mean action noise std: 0.17
          Mean value_function loss: 0.0662
               Mean surrogate loss: -0.0024
                 Mean entropy loss: -3.8894
                       Mean reward: 86.20
               Mean episode length: 826.78
           Episode_Reward/progress: 6.5595
              Episode_Reward/alive: 0.5000
            Episode_Reward/upright: 0.0989
     Episode_Reward/move_to_target: 0.4927
          Episode_Reward/action_l2: -0.0322
             Episode_Reward/energy: -1.0159
   Episode_Reward/joint_pos_limits: -0.3080
      Episode_Termination/time_out: 0.8703
  Episode_Termination/torso_height: 0.1297
--------------------------------------------------------------------------------
                   Total timesteps: 6848512
                    Iteration time: 0.49s
                      Time elapsed: 00:02:39
                               ETA: 00:00:31

################################################################################
                      [1m Learning iteration 418/500 [0m                      

                       Computation: 36066 steps/s (collection: 0.353s, learning 0.102s)
             Mean action noise std: 0.17
          Mean value_function loss: 0.0980
               Mean surrogate loss: -0.0054
                 Mean entropy loss: -3.8889
                       Mean reward: 87.70
               Mean episode length: 840.86
           Episode_Reward/progress: 5.7580
              Episode_Reward/alive: 0.4335
            Episode_Reward/upright: 0.0851
     Episode_Reward/move_to_target: 0.4231
          Episode_Reward/action_l2: -0.0277
             Episode_Reward/energy: -0.8692
   Episode_Reward/joint_pos_limits: -0.2664
      Episode_Termination/time_out: 0.8719
  Episode_Termination/torso_height: 0.1281
--------------------------------------------------------------------------------
                   Total timesteps: 6864896
                    Iteration time: 0.45s
                      Time elapsed: 00:02:39
                               ETA: 00:00:31

################################################################################
                      [1m Learning iteration 419/500 [0m                      

                       Computation: 40063 steps/s (collection: 0.308s, learning 0.101s)
             Mean action noise std: 0.17
          Mean value_function loss: 0.0456
               Mean surrogate loss: -0.0041
                 Mean entropy loss: -3.9000
                       Mean reward: 87.32
               Mean episode length: 834.29
           Episode_Reward/progress: 5.1433
              Episode_Reward/alive: 0.3900
            Episode_Reward/upright: 0.0748
     Episode_Reward/move_to_target: 0.3833
          Episode_Reward/action_l2: -0.0248
             Episode_Reward/energy: -0.7663
   Episode_Reward/joint_pos_limits: -0.2431
      Episode_Termination/time_out: 0.8640
  Episode_Termination/torso_height: 0.1360
--------------------------------------------------------------------------------
                   Total timesteps: 6881280
                    Iteration time: 0.41s
                      Time elapsed: 00:02:40
                               ETA: 00:00:30

################################################################################
                      [1m Learning iteration 420/500 [0m                      

                       Computation: 40469 steps/s (collection: 0.320s, learning 0.085s)
             Mean action noise std: 0.17
          Mean value_function loss: 0.0489
               Mean surrogate loss: -0.0041
                 Mean entropy loss: -3.9151
                       Mean reward: 89.01
               Mean episode length: 846.47
           Episode_Reward/progress: 6.5763
              Episode_Reward/alive: 0.4821
            Episode_Reward/upright: 0.0957
     Episode_Reward/move_to_target: 0.4783
          Episode_Reward/action_l2: -0.0313
             Episode_Reward/energy: -0.9708
   Episode_Reward/joint_pos_limits: -0.2984
      Episode_Termination/time_out: 0.8624
  Episode_Termination/torso_height: 0.1376
--------------------------------------------------------------------------------
                   Total timesteps: 6897664
                    Iteration time: 0.40s
                      Time elapsed: 00:02:40
                               ETA: 00:00:30

################################################################################
                      [1m Learning iteration 421/500 [0m                      

                       Computation: 39092 steps/s (collection: 0.341s, learning 0.078s)
             Mean action noise std: 0.17
          Mean value_function loss: 0.0476
               Mean surrogate loss: -0.0043
                 Mean entropy loss: -3.9211
                       Mean reward: 90.24
               Mean episode length: 855.78
           Episode_Reward/progress: 6.0103
              Episode_Reward/alive: 0.4529
            Episode_Reward/upright: 0.0890
     Episode_Reward/move_to_target: 0.4410
          Episode_Reward/action_l2: -0.0292
             Episode_Reward/energy: -0.9208
   Episode_Reward/joint_pos_limits: -0.2781
      Episode_Termination/time_out: 0.8635
  Episode_Termination/torso_height: 0.1365
--------------------------------------------------------------------------------
                   Total timesteps: 6914048
                    Iteration time: 0.42s
                      Time elapsed: 00:02:40
                               ETA: 00:00:30

################################################################################
                      [1m Learning iteration 422/500 [0m                      

                       Computation: 40497 steps/s (collection: 0.309s, learning 0.095s)
             Mean action noise std: 0.17
          Mean value_function loss: 0.0551
               Mean surrogate loss: -0.0038
                 Mean entropy loss: -3.9176
                       Mean reward: 87.77
               Mean episode length: 829.22
           Episode_Reward/progress: 5.2807
              Episode_Reward/alive: 0.4072
            Episode_Reward/upright: 0.0789
     Episode_Reward/move_to_target: 0.3987
          Episode_Reward/action_l2: -0.0262
             Episode_Reward/energy: -0.8137
   Episode_Reward/joint_pos_limits: -0.2529
      Episode_Termination/time_out: 0.8623
  Episode_Termination/torso_height: 0.1377
--------------------------------------------------------------------------------
                   Total timesteps: 6930432
                    Iteration time: 0.40s
                      Time elapsed: 00:02:41
                               ETA: 00:00:29

################################################################################
                      [1m Learning iteration 423/500 [0m                      

                       Computation: 47228 steps/s (collection: 0.274s, learning 0.073s)
             Mean action noise std: 0.17
          Mean value_function loss: 0.0283
               Mean surrogate loss: -0.0036
                 Mean entropy loss: -3.9213
                       Mean reward: 91.25
               Mean episode length: 855.64
           Episode_Reward/progress: 6.5748
              Episode_Reward/alive: 0.4909
            Episode_Reward/upright: 0.0973
     Episode_Reward/move_to_target: 0.4849
          Episode_Reward/action_l2: -0.0318
             Episode_Reward/energy: -0.9927
   Episode_Reward/joint_pos_limits: -0.3040
      Episode_Termination/time_out: 0.8635
  Episode_Termination/torso_height: 0.1365
--------------------------------------------------------------------------------
                   Total timesteps: 6946816
                    Iteration time: 0.35s
                      Time elapsed: 00:02:41
                               ETA: 00:00:29

################################################################################
                      [1m Learning iteration 424/500 [0m                      

                       Computation: 45248 steps/s (collection: 0.280s, learning 0.082s)
             Mean action noise std: 0.17
          Mean value_function loss: 0.0536
               Mean surrogate loss: -0.0041
                 Mean entropy loss: -3.9489
                       Mean reward: 94.36
               Mean episode length: 880.70
           Episode_Reward/progress: 6.7767
              Episode_Reward/alive: 0.5000
            Episode_Reward/upright: 0.0991
     Episode_Reward/move_to_target: 0.4937
          Episode_Reward/action_l2: -0.0326
             Episode_Reward/energy: -1.0166
   Episode_Reward/joint_pos_limits: -0.3065
      Episode_Termination/time_out: 0.8686
  Episode_Termination/torso_height: 0.1314
--------------------------------------------------------------------------------
                   Total timesteps: 6963200
                    Iteration time: 0.36s
                      Time elapsed: 00:02:42
                               ETA: 00:00:28

################################################################################
                      [1m Learning iteration 425/500 [0m                      

                       Computation: 45053 steps/s (collection: 0.264s, learning 0.100s)
             Mean action noise std: 0.17
          Mean value_function loss: 0.0538
               Mean surrogate loss: -0.0033
                 Mean entropy loss: -3.9624
                       Mean reward: 94.55
               Mean episode length: 880.87
           Episode_Reward/progress: 6.6457
              Episode_Reward/alive: 0.4903
            Episode_Reward/upright: 0.0970
     Episode_Reward/move_to_target: 0.4859
          Episode_Reward/action_l2: -0.0318
             Episode_Reward/energy: -0.9883
   Episode_Reward/joint_pos_limits: -0.3041
      Episode_Termination/time_out: 0.8683
  Episode_Termination/torso_height: 0.1317
--------------------------------------------------------------------------------
                   Total timesteps: 6979584
                    Iteration time: 0.36s
                      Time elapsed: 00:02:42
                               ETA: 00:00:28

################################################################################
                      [1m Learning iteration 426/500 [0m                      

                       Computation: 43999 steps/s (collection: 0.279s, learning 0.094s)
             Mean action noise std: 0.17
          Mean value_function loss: 0.0636
               Mean surrogate loss: -0.0034
                 Mean entropy loss: -3.9690
                       Mean reward: 96.12
               Mean episode length: 892.05
           Episode_Reward/progress: 6.6277
              Episode_Reward/alive: 0.4869
            Episode_Reward/upright: 0.0962
     Episode_Reward/move_to_target: 0.4802
          Episode_Reward/action_l2: -0.0317
             Episode_Reward/energy: -0.9777
   Episode_Reward/joint_pos_limits: -0.3021
      Episode_Termination/time_out: 0.8692
  Episode_Termination/torso_height: 0.1308
--------------------------------------------------------------------------------
                   Total timesteps: 6995968
                    Iteration time: 0.37s
                      Time elapsed: 00:02:42
                               ETA: 00:00:28

################################################################################
                      [1m Learning iteration 427/500 [0m                      

                       Computation: 44704 steps/s (collection: 0.291s, learning 0.075s)
             Mean action noise std: 0.17
          Mean value_function loss: 0.0400
               Mean surrogate loss: -0.0013
                 Mean entropy loss: -3.9760
                       Mean reward: 98.46
               Mean episode length: 909.80
           Episode_Reward/progress: 6.8040
              Episode_Reward/alive: 0.4927
            Episode_Reward/upright: 0.0981
     Episode_Reward/move_to_target: 0.4885
          Episode_Reward/action_l2: -0.0324
             Episode_Reward/energy: -1.0150
   Episode_Reward/joint_pos_limits: -0.3034
      Episode_Termination/time_out: 0.8672
  Episode_Termination/torso_height: 0.1328
--------------------------------------------------------------------------------
                   Total timesteps: 7012352
                    Iteration time: 0.37s
                      Time elapsed: 00:02:43
                               ETA: 00:00:27

################################################################################
                      [1m Learning iteration 428/500 [0m                      

                       Computation: 44055 steps/s (collection: 0.295s, learning 0.077s)
             Mean action noise std: 0.17
          Mean value_function loss: 0.0372
               Mean surrogate loss: -0.0033
                 Mean entropy loss: -3.9876
                       Mean reward: 100.27
               Mean episode length: 929.61
           Episode_Reward/progress: 6.5079
              Episode_Reward/alive: 0.4963
            Episode_Reward/upright: 0.0982
     Episode_Reward/move_to_target: 0.4798
          Episode_Reward/action_l2: -0.0318
             Episode_Reward/energy: -0.9855
   Episode_Reward/joint_pos_limits: -0.3110
      Episode_Termination/time_out: 0.8677
  Episode_Termination/torso_height: 0.1323
--------------------------------------------------------------------------------
                   Total timesteps: 7028736
                    Iteration time: 0.37s
                      Time elapsed: 00:02:43
                               ETA: 00:00:27

################################################################################
                      [1m Learning iteration 429/500 [0m                      

                       Computation: 43214 steps/s (collection: 0.301s, learning 0.078s)
             Mean action noise std: 0.17
          Mean value_function loss: 0.0858
               Mean surrogate loss: -0.0046
                 Mean entropy loss: -3.9946
                       Mean reward: 99.31
               Mean episode length: 920.63
           Episode_Reward/progress: 6.8069
              Episode_Reward/alive: 0.4927
            Episode_Reward/upright: 0.0983
     Episode_Reward/move_to_target: 0.4891
          Episode_Reward/action_l2: -0.0322
             Episode_Reward/energy: -1.0048
   Episode_Reward/joint_pos_limits: -0.3024
      Episode_Termination/time_out: 0.8672
  Episode_Termination/torso_height: 0.1328
--------------------------------------------------------------------------------
                   Total timesteps: 7045120
                    Iteration time: 0.38s
                      Time elapsed: 00:02:43
                               ETA: 00:00:27

################################################################################
                      [1m Learning iteration 430/500 [0m                      

                       Computation: 44321 steps/s (collection: 0.294s, learning 0.076s)
             Mean action noise std: 0.17
          Mean value_function loss: 0.0621
               Mean surrogate loss: -0.0025
                 Mean entropy loss: -3.9964
                       Mean reward: 98.25
               Mean episode length: 911.74
           Episode_Reward/progress: 5.8848
              Episode_Reward/alive: 0.4351
            Episode_Reward/upright: 0.0855
     Episode_Reward/move_to_target: 0.4312
          Episode_Reward/action_l2: -0.0285
             Episode_Reward/energy: -0.8804
   Episode_Reward/joint_pos_limits: -0.2724
      Episode_Termination/time_out: 0.8679
  Episode_Termination/torso_height: 0.1321
--------------------------------------------------------------------------------
                   Total timesteps: 7061504
                    Iteration time: 0.37s
                      Time elapsed: 00:02:44
                               ETA: 00:00:26

################################################################################
                      [1m Learning iteration 431/500 [0m                      

                       Computation: 43211 steps/s (collection: 0.306s, learning 0.073s)
             Mean action noise std: 0.17
          Mean value_function loss: 0.0823
               Mean surrogate loss: -0.0031
                 Mean entropy loss: -4.0032
                       Mean reward: 97.09
               Mean episode length: 898.09
           Episode_Reward/progress: 5.4764
              Episode_Reward/alive: 0.4083
            Episode_Reward/upright: 0.0797
     Episode_Reward/move_to_target: 0.4003
          Episode_Reward/action_l2: -0.0265
             Episode_Reward/energy: -0.8162
   Episode_Reward/joint_pos_limits: -0.2542
      Episode_Termination/time_out: 0.8676
  Episode_Termination/torso_height: 0.1324
--------------------------------------------------------------------------------
                   Total timesteps: 7077888
                    Iteration time: 0.38s
                      Time elapsed: 00:02:44
                               ETA: 00:00:26

################################################################################
                      [1m Learning iteration 432/500 [0m                      

                       Computation: 45429 steps/s (collection: 0.286s, learning 0.075s)
             Mean action noise std: 0.17
          Mean value_function loss: 0.0465
               Mean surrogate loss: -0.0061
                 Mean entropy loss: -4.0086
                       Mean reward: 94.12
               Mean episode length: 875.60
           Episode_Reward/progress: 5.6250
              Episode_Reward/alive: 0.4270
            Episode_Reward/upright: 0.0834
     Episode_Reward/move_to_target: 0.4198
          Episode_Reward/action_l2: -0.0275
             Episode_Reward/energy: -0.8402
   Episode_Reward/joint_pos_limits: -0.2687
      Episode_Termination/time_out: 0.8642
  Episode_Termination/torso_height: 0.1358
--------------------------------------------------------------------------------
                   Total timesteps: 7094272
                    Iteration time: 0.36s
                      Time elapsed: 00:02:44
                               ETA: 00:00:25

################################################################################
                      [1m Learning iteration 433/500 [0m                      

                       Computation: 46052 steps/s (collection: 0.281s, learning 0.074s)
             Mean action noise std: 0.17
          Mean value_function loss: 0.0502
               Mean surrogate loss: -0.0047
                 Mean entropy loss: -4.0163
                       Mean reward: 93.25
               Mean episode length: 867.07
           Episode_Reward/progress: 6.2131
              Episode_Reward/alive: 0.4641
            Episode_Reward/upright: 0.0909
     Episode_Reward/move_to_target: 0.4571
          Episode_Reward/action_l2: -0.0301
             Episode_Reward/energy: -0.9264
   Episode_Reward/joint_pos_limits: -0.2895
      Episode_Termination/time_out: 0.8626
  Episode_Termination/torso_height: 0.1374
--------------------------------------------------------------------------------
                   Total timesteps: 7110656
                    Iteration time: 0.36s
                      Time elapsed: 00:02:45
                               ETA: 00:00:25

################################################################################
                      [1m Learning iteration 434/500 [0m                      

                       Computation: 46378 steps/s (collection: 0.281s, learning 0.073s)
             Mean action noise std: 0.17
          Mean value_function loss: 0.0386
               Mean surrogate loss: -0.0025
                 Mean entropy loss: -4.0284
                       Mean reward: 93.40
               Mean episode length: 867.04
           Episode_Reward/progress: 5.7443
              Episode_Reward/alive: 0.4272
            Episode_Reward/upright: 0.0839
     Episode_Reward/move_to_target: 0.4197
          Episode_Reward/action_l2: -0.0279
             Episode_Reward/energy: -0.8575
   Episode_Reward/joint_pos_limits: -0.2669
      Episode_Termination/time_out: 0.8686
  Episode_Termination/torso_height: 0.1314
--------------------------------------------------------------------------------
                   Total timesteps: 7127040
                    Iteration time: 0.35s
                      Time elapsed: 00:02:45
                               ETA: 00:00:25

################################################################################
                      [1m Learning iteration 435/500 [0m                      

                       Computation: 42557 steps/s (collection: 0.306s, learning 0.079s)
             Mean action noise std: 0.17
          Mean value_function loss: 0.0445
               Mean surrogate loss: -0.0031
                 Mean entropy loss: -4.0480
                       Mean reward: 94.79
               Mean episode length: 884.55
           Episode_Reward/progress: 6.2774
              Episode_Reward/alive: 0.4717
            Episode_Reward/upright: 0.0932
     Episode_Reward/move_to_target: 0.4660
          Episode_Reward/action_l2: -0.0307
             Episode_Reward/energy: -0.9509
   Episode_Reward/joint_pos_limits: -0.2932
      Episode_Termination/time_out: 0.8702
  Episode_Termination/torso_height: 0.1298
--------------------------------------------------------------------------------
                   Total timesteps: 7143424
                    Iteration time: 0.38s
                      Time elapsed: 00:02:46
                               ETA: 00:00:24

################################################################################
                      [1m Learning iteration 436/500 [0m                      

                       Computation: 42689 steps/s (collection: 0.305s, learning 0.079s)
             Mean action noise std: 0.17
          Mean value_function loss: 0.0475
               Mean surrogate loss: 0.0007
                 Mean entropy loss: -4.0651
                       Mean reward: 95.51
               Mean episode length: 888.74
           Episode_Reward/progress: 6.2556
              Episode_Reward/alive: 0.4628
            Episode_Reward/upright: 0.0917
     Episode_Reward/move_to_target: 0.4570
          Episode_Reward/action_l2: -0.0305
             Episode_Reward/energy: -0.9441
   Episode_Reward/joint_pos_limits: -0.2889
      Episode_Termination/time_out: 0.8699
  Episode_Termination/torso_height: 0.1301
--------------------------------------------------------------------------------
                   Total timesteps: 7159808
                    Iteration time: 0.38s
                      Time elapsed: 00:02:46
                               ETA: 00:00:24

################################################################################
                      [1m Learning iteration 437/500 [0m                      

                       Computation: 39973 steps/s (collection: 0.320s, learning 0.090s)
             Mean action noise std: 0.17
          Mean value_function loss: 0.0747
               Mean surrogate loss: -0.0045
                 Mean entropy loss: -4.0733
                       Mean reward: 95.11
               Mean episode length: 879.23
           Episode_Reward/progress: 5.9881
              Episode_Reward/alive: 0.4413
            Episode_Reward/upright: 0.0874
     Episode_Reward/move_to_target: 0.4370
          Episode_Reward/action_l2: -0.0291
             Episode_Reward/energy: -0.9009
   Episode_Reward/joint_pos_limits: -0.2728
      Episode_Termination/time_out: 0.8721
  Episode_Termination/torso_height: 0.1279
--------------------------------------------------------------------------------
                   Total timesteps: 7176192
                    Iteration time: 0.41s
                      Time elapsed: 00:02:46
                               ETA: 00:00:24

################################################################################
                      [1m Learning iteration 438/500 [0m                      

                       Computation: 44386 steps/s (collection: 0.294s, learning 0.075s)
             Mean action noise std: 0.17
          Mean value_function loss: 0.0602
               Mean surrogate loss: -0.0042
                 Mean entropy loss: -4.0917
                       Mean reward: 96.13
               Mean episode length: 888.16
           Episode_Reward/progress: 6.7894
              Episode_Reward/alive: 0.5000
            Episode_Reward/upright: 0.0992
     Episode_Reward/move_to_target: 0.4949
          Episode_Reward/action_l2: -0.0329
             Episode_Reward/energy: -1.0249
   Episode_Reward/joint_pos_limits: -0.3083
      Episode_Termination/time_out: 0.8768
  Episode_Termination/torso_height: 0.1232
--------------------------------------------------------------------------------
                   Total timesteps: 7192576
                    Iteration time: 0.37s
                      Time elapsed: 00:02:47
                               ETA: 00:00:23

################################################################################
                      [1m Learning iteration 439/500 [0m                      

                       Computation: 42273 steps/s (collection: 0.296s, learning 0.092s)
             Mean action noise std: 0.16
          Mean value_function loss: 0.0682
               Mean surrogate loss: -0.0062
                 Mean entropy loss: -4.1110
                       Mean reward: 95.89
               Mean episode length: 888.32
           Episode_Reward/progress: 4.8089
              Episode_Reward/alive: 0.3747
            Episode_Reward/upright: 0.0722
     Episode_Reward/move_to_target: 0.3691
          Episode_Reward/action_l2: -0.0243
             Episode_Reward/energy: -0.7281
   Episode_Reward/joint_pos_limits: -0.2385
      Episode_Termination/time_out: 0.8748
  Episode_Termination/torso_height: 0.1252
--------------------------------------------------------------------------------
                   Total timesteps: 7208960
                    Iteration time: 0.39s
                      Time elapsed: 00:02:47
                               ETA: 00:00:23

################################################################################
                      [1m Learning iteration 440/500 [0m                      

                       Computation: 42119 steps/s (collection: 0.310s, learning 0.079s)
             Mean action noise std: 0.16
          Mean value_function loss: 0.0475
               Mean surrogate loss: -0.0034
                 Mean entropy loss: -4.1227
                       Mean reward: 94.12
               Mean episode length: 869.37
           Episode_Reward/progress: 6.3171
              Episode_Reward/alive: 0.4650
            Episode_Reward/upright: 0.0919
     Episode_Reward/move_to_target: 0.4592
          Episode_Reward/action_l2: -0.0307
             Episode_Reward/energy: -0.9381
   Episode_Reward/joint_pos_limits: -0.2899
      Episode_Termination/time_out: 0.8787
  Episode_Termination/torso_height: 0.1213
--------------------------------------------------------------------------------
                   Total timesteps: 7225344
                    Iteration time: 0.39s
                      Time elapsed: 00:02:48
                               ETA: 00:00:22

################################################################################
                      [1m Learning iteration 441/500 [0m                      

                       Computation: 45145 steps/s (collection: 0.286s, learning 0.077s)
             Mean action noise std: 0.16
          Mean value_function loss: 0.0674
               Mean surrogate loss: 0.0010
                 Mean entropy loss: -4.1217
                       Mean reward: 95.42
               Mean episode length: 887.21
           Episode_Reward/progress: 5.5004
              Episode_Reward/alive: 0.5000
            Episode_Reward/upright: 0.0964
     Episode_Reward/move_to_target: 0.3373
          Episode_Reward/action_l2: -0.0308
             Episode_Reward/energy: -0.8581
   Episode_Reward/joint_pos_limits: -0.3440
      Episode_Termination/time_out: 0.8827
  Episode_Termination/torso_height: 0.1173
--------------------------------------------------------------------------------
                   Total timesteps: 7241728
                    Iteration time: 0.36s
                      Time elapsed: 00:02:48
                               ETA: 00:00:22

################################################################################
                      [1m Learning iteration 442/500 [0m                      

                       Computation: 43107 steps/s (collection: 0.285s, learning 0.095s)
             Mean action noise std: 0.16
          Mean value_function loss: 0.0696
               Mean surrogate loss: -0.0044
                 Mean entropy loss: -4.1290
                       Mean reward: 95.24
               Mean episode length: 887.26
           Episode_Reward/progress: 6.3507
              Episode_Reward/alive: 0.4704
            Episode_Reward/upright: 0.0931
     Episode_Reward/move_to_target: 0.4503
          Episode_Reward/action_l2: -0.0310
             Episode_Reward/energy: -0.9426
   Episode_Reward/joint_pos_limits: -0.2974
      Episode_Termination/time_out: 0.8864
  Episode_Termination/torso_height: 0.1136
--------------------------------------------------------------------------------
                   Total timesteps: 7258112
                    Iteration time: 0.38s
                      Time elapsed: 00:02:48
                               ETA: 00:00:22

################################################################################
                      [1m Learning iteration 443/500 [0m                      

                       Computation: 47723 steps/s (collection: 0.270s, learning 0.074s)
             Mean action noise std: 0.16
          Mean value_function loss: 0.0571
               Mean surrogate loss: 0.0003
                 Mean entropy loss: -4.1422
                       Mean reward: 97.00
               Mean episode length: 901.67
           Episode_Reward/progress: 6.0018
              Episode_Reward/alive: 0.4405
            Episode_Reward/upright: 0.0867
     Episode_Reward/move_to_target: 0.4336
          Episode_Reward/action_l2: -0.0290
             Episode_Reward/energy: -0.8953
   Episode_Reward/joint_pos_limits: -0.2725
      Episode_Termination/time_out: 0.8858
  Episode_Termination/torso_height: 0.1142
--------------------------------------------------------------------------------
                   Total timesteps: 7274496
                    Iteration time: 0.34s
                      Time elapsed: 00:02:49
                               ETA: 00:00:21

################################################################################
                      [1m Learning iteration 444/500 [0m                      

                       Computation: 40210 steps/s (collection: 0.302s, learning 0.106s)
             Mean action noise std: 0.16
          Mean value_function loss: 0.0624
               Mean surrogate loss: -0.0045
                 Mean entropy loss: -4.1527
                       Mean reward: 94.37
               Mean episode length: 881.16
           Episode_Reward/progress: 6.1388
              Episode_Reward/alive: 0.4592
            Episode_Reward/upright: 0.0903
     Episode_Reward/move_to_target: 0.4507
          Episode_Reward/action_l2: -0.0303
             Episode_Reward/energy: -0.9223
   Episode_Reward/joint_pos_limits: -0.2878
      Episode_Termination/time_out: 0.8854
  Episode_Termination/torso_height: 0.1146
--------------------------------------------------------------------------------
                   Total timesteps: 7290880
                    Iteration time: 0.41s
                      Time elapsed: 00:02:49
                               ETA: 00:00:21

################################################################################
                      [1m Learning iteration 445/500 [0m                      

                       Computation: 41350 steps/s (collection: 0.315s, learning 0.081s)
             Mean action noise std: 0.16
          Mean value_function loss: 0.0498
               Mean surrogate loss: -0.0060
                 Mean entropy loss: -4.1621
                       Mean reward: 93.45
               Mean episode length: 872.23
           Episode_Reward/progress: 6.2178
              Episode_Reward/alive: 0.4567
            Episode_Reward/upright: 0.0900
     Episode_Reward/move_to_target: 0.4513
          Episode_Reward/action_l2: -0.0304
             Episode_Reward/energy: -0.9279
   Episode_Reward/joint_pos_limits: -0.2848
      Episode_Termination/time_out: 0.8865
  Episode_Termination/torso_height: 0.1135
--------------------------------------------------------------------------------
                   Total timesteps: 7307264
                    Iteration time: 0.40s
                      Time elapsed: 00:02:49
                               ETA: 00:00:20

################################################################################
                      [1m Learning iteration 446/500 [0m                      

                       Computation: 41330 steps/s (collection: 0.313s, learning 0.083s)
             Mean action noise std: 0.16
          Mean value_function loss: 0.0469
               Mean surrogate loss: -0.0033
                 Mean entropy loss: -4.1719
                       Mean reward: 92.29
               Mean episode length: 861.01
           Episode_Reward/progress: 6.3014
              Episode_Reward/alive: 0.4634
            Episode_Reward/upright: 0.0917
     Episode_Reward/move_to_target: 0.4575
          Episode_Reward/action_l2: -0.0308
             Episode_Reward/energy: -0.9415
   Episode_Reward/joint_pos_limits: -0.2882
      Episode_Termination/time_out: 0.8862
  Episode_Termination/torso_height: 0.1138
--------------------------------------------------------------------------------
                   Total timesteps: 7323648
                    Iteration time: 0.40s
                      Time elapsed: 00:02:50
                               ETA: 00:00:20

################################################################################
                      [1m Learning iteration 447/500 [0m                      

                       Computation: 47978 steps/s (collection: 0.267s, learning 0.074s)
             Mean action noise std: 0.16
          Mean value_function loss: 0.0661
               Mean surrogate loss: -0.0033
                 Mean entropy loss: -4.1748
                       Mean reward: 93.12
               Mean episode length: 871.10
           Episode_Reward/progress: 6.7935
              Episode_Reward/alive: 0.5000
            Episode_Reward/upright: 0.0982
     Episode_Reward/move_to_target: 0.4941
          Episode_Reward/action_l2: -0.0330
             Episode_Reward/energy: -1.0111
   Episode_Reward/joint_pos_limits: -0.3149
      Episode_Termination/time_out: 0.8848
  Episode_Termination/torso_height: 0.1152
--------------------------------------------------------------------------------
                   Total timesteps: 7340032
                    Iteration time: 0.34s
                      Time elapsed: 00:02:50
                               ETA: 00:00:20

################################################################################
                      [1m Learning iteration 448/500 [0m                      

                       Computation: 48071 steps/s (collection: 0.267s, learning 0.074s)
             Mean action noise std: 0.16
          Mean value_function loss: 0.0569
               Mean surrogate loss: -0.0017
                 Mean entropy loss: -4.1785
                       Mean reward: 94.17
               Mean episode length: 870.91
           Episode_Reward/progress: 6.4790
              Episode_Reward/alive: 0.4705
            Episode_Reward/upright: 0.0933
     Episode_Reward/move_to_target: 0.4664
          Episode_Reward/action_l2: -0.0315
             Episode_Reward/energy: -0.9606
   Episode_Reward/joint_pos_limits: -0.2901
      Episode_Termination/time_out: 0.8856
  Episode_Termination/torso_height: 0.1144
--------------------------------------------------------------------------------
                   Total timesteps: 7356416
                    Iteration time: 0.34s
                      Time elapsed: 00:02:50
                               ETA: 00:00:19

################################################################################
                      [1m Learning iteration 449/500 [0m                      

                       Computation: 46451 steps/s (collection: 0.280s, learning 0.073s)
             Mean action noise std: 0.16
          Mean value_function loss: 0.0391
               Mean surrogate loss: -0.0035
                 Mean entropy loss: -4.1737
                       Mean reward: 94.52
               Mean episode length: 873.26
           Episode_Reward/progress: 6.4079
              Episode_Reward/alive: 0.4686
            Episode_Reward/upright: 0.0924
     Episode_Reward/move_to_target: 0.4640
          Episode_Reward/action_l2: -0.0312
             Episode_Reward/energy: -0.9555
   Episode_Reward/joint_pos_limits: -0.2906
      Episode_Termination/time_out: 0.8900
  Episode_Termination/torso_height: 0.1100
--------------------------------------------------------------------------------
                   Total timesteps: 7372800
                    Iteration time: 0.35s
                      Time elapsed: 00:02:51
                               ETA: 00:00:19

################################################################################
                      [1m Learning iteration 450/500 [0m                      

                       Computation: 42551 steps/s (collection: 0.302s, learning 0.083s)
             Mean action noise std: 0.16
          Mean value_function loss: 0.1342
               Mean surrogate loss: -0.0001
                 Mean entropy loss: -4.1717
                       Mean reward: 94.55
               Mean episode length: 872.94
           Episode_Reward/progress: 6.5520
              Episode_Reward/alive: 0.4724
            Episode_Reward/upright: 0.0936
     Episode_Reward/move_to_target: 0.4652
          Episode_Reward/action_l2: -0.0315
             Episode_Reward/energy: -0.9742
   Episode_Reward/joint_pos_limits: -0.2901
      Episode_Termination/time_out: 0.8959
  Episode_Termination/torso_height: 0.1041
--------------------------------------------------------------------------------
                   Total timesteps: 7389184
                    Iteration time: 0.39s
                      Time elapsed: 00:02:51
                               ETA: 00:00:19

################################################################################
                      [1m Learning iteration 451/500 [0m                      

                       Computation: 44593 steps/s (collection: 0.293s, learning 0.074s)
             Mean action noise std: 0.16
          Mean value_function loss: 0.0447
               Mean surrogate loss: -0.0023
                 Mean entropy loss: -4.1693
                       Mean reward: 95.81
               Mean episode length: 884.26
           Episode_Reward/progress: 6.3819
              Episode_Reward/alive: 0.4779
            Episode_Reward/upright: 0.0944
     Episode_Reward/move_to_target: 0.4457
          Episode_Reward/action_l2: -0.0312
             Episode_Reward/energy: -0.9626
   Episode_Reward/joint_pos_limits: -0.2971
      Episode_Termination/time_out: 0.8989
  Episode_Termination/torso_height: 0.1011
--------------------------------------------------------------------------------
                   Total timesteps: 7405568
                    Iteration time: 0.37s
                      Time elapsed: 00:02:52
                               ETA: 00:00:18

################################################################################
                      [1m Learning iteration 452/500 [0m                      

                       Computation: 42105 steps/s (collection: 0.293s, learning 0.096s)
             Mean action noise std: 0.16
          Mean value_function loss: 0.0438
               Mean surrogate loss: -0.0060
                 Mean entropy loss: -4.1782
                       Mean reward: 96.36
               Mean episode length: 885.28
           Episode_Reward/progress: 6.1034
              Episode_Reward/alive: 0.4473
            Episode_Reward/upright: 0.0879
     Episode_Reward/move_to_target: 0.4387
          Episode_Reward/action_l2: -0.0297
             Episode_Reward/energy: -0.9186
   Episode_Reward/joint_pos_limits: -0.2761
      Episode_Termination/time_out: 0.9017
  Episode_Termination/torso_height: 0.0983
--------------------------------------------------------------------------------
                   Total timesteps: 7421952
                    Iteration time: 0.39s
                      Time elapsed: 00:02:52
                               ETA: 00:00:18

################################################################################
                      [1m Learning iteration 453/500 [0m                      

                       Computation: 47247 steps/s (collection: 0.271s, learning 0.075s)
             Mean action noise std: 0.16
          Mean value_function loss: 0.0440
               Mean surrogate loss: -0.0016
                 Mean entropy loss: -4.2062
                       Mean reward: 97.63
               Mean episode length: 894.33
           Episode_Reward/progress: 6.3514
              Episode_Reward/alive: 0.4628
            Episode_Reward/upright: 0.0918
     Episode_Reward/move_to_target: 0.4586
          Episode_Reward/action_l2: -0.0309
             Episode_Reward/energy: -0.9517
   Episode_Reward/joint_pos_limits: -0.2877
      Episode_Termination/time_out: 0.9055
  Episode_Termination/torso_height: 0.0945
--------------------------------------------------------------------------------
                   Total timesteps: 7438336
                    Iteration time: 0.35s
                      Time elapsed: 00:02:52
                               ETA: 00:00:17

################################################################################
                      [1m Learning iteration 454/500 [0m                      

                       Computation: 47677 steps/s (collection: 0.271s, learning 0.072s)
             Mean action noise std: 0.16
          Mean value_function loss: 0.0709
               Mean surrogate loss: -0.0041
                 Mean entropy loss: -4.2171
                       Mean reward: 97.72
               Mean episode length: 892.36
           Episode_Reward/progress: 6.3616
              Episode_Reward/alive: 0.4617
            Episode_Reward/upright: 0.0911
     Episode_Reward/move_to_target: 0.4558
          Episode_Reward/action_l2: -0.0310
             Episode_Reward/energy: -0.9576
   Episode_Reward/joint_pos_limits: -0.2844
      Episode_Termination/time_out: 0.9050
  Episode_Termination/torso_height: 0.0950
--------------------------------------------------------------------------------
                   Total timesteps: 7454720
                    Iteration time: 0.34s
                      Time elapsed: 00:02:53
                               ETA: 00:00:17

################################################################################
                      [1m Learning iteration 455/500 [0m                      

                       Computation: 48265 steps/s (collection: 0.265s, learning 0.074s)
             Mean action noise std: 0.16
          Mean value_function loss: 0.0470
               Mean surrogate loss: 0.0026
                 Mean entropy loss: -4.2284
                       Mean reward: 97.10
               Mean episode length: 887.28
           Episode_Reward/progress: 6.4957
              Episode_Reward/alive: 0.4706
            Episode_Reward/upright: 0.0936
     Episode_Reward/move_to_target: 0.4675
          Episode_Reward/action_l2: -0.0317
             Episode_Reward/energy: -0.9880
   Episode_Reward/joint_pos_limits: -0.2898
      Episode_Termination/time_out: 0.9059
  Episode_Termination/torso_height: 0.0941
--------------------------------------------------------------------------------
                   Total timesteps: 7471104
                    Iteration time: 0.34s
                      Time elapsed: 00:02:53
                               ETA: 00:00:17

################################################################################
                      [1m Learning iteration 456/500 [0m                      

                       Computation: 43762 steps/s (collection: 0.281s, learning 0.094s)
             Mean action noise std: 0.16
          Mean value_function loss: 0.0767
               Mean surrogate loss: 0.0010
                 Mean entropy loss: -4.2313
                       Mean reward: 97.05
               Mean episode length: 890.12
           Episode_Reward/progress: 6.3213
              Episode_Reward/alive: 0.4678
            Episode_Reward/upright: 0.0926
     Episode_Reward/move_to_target: 0.4534
          Episode_Reward/action_l2: -0.0310
             Episode_Reward/energy: -0.9617
   Episode_Reward/joint_pos_limits: -0.2897
      Episode_Termination/time_out: 0.9038
  Episode_Termination/torso_height: 0.0962
--------------------------------------------------------------------------------
                   Total timesteps: 7487488
                    Iteration time: 0.37s
                      Time elapsed: 00:02:53
                               ETA: 00:00:16

################################################################################
                      [1m Learning iteration 457/500 [0m                      

                       Computation: 44664 steps/s (collection: 0.275s, learning 0.092s)
             Mean action noise std: 0.16
          Mean value_function loss: 0.0456
               Mean surrogate loss: -0.0057
                 Mean entropy loss: -4.2386
                       Mean reward: 94.80
               Mean episode length: 866.18
           Episode_Reward/progress: 5.2472
              Episode_Reward/alive: 0.3819
            Episode_Reward/upright: 0.0736
     Episode_Reward/move_to_target: 0.3721
          Episode_Reward/action_l2: -0.0252
             Episode_Reward/energy: -0.7639
   Episode_Reward/joint_pos_limits: -0.2423
      Episode_Termination/time_out: 0.9025
  Episode_Termination/torso_height: 0.0975
--------------------------------------------------------------------------------
                   Total timesteps: 7503872
                    Iteration time: 0.37s
                      Time elapsed: 00:02:54
                               ETA: 00:00:16

################################################################################
                      [1m Learning iteration 458/500 [0m                      

                       Computation: 42755 steps/s (collection: 0.290s, learning 0.093s)
             Mean action noise std: 0.16
          Mean value_function loss: 0.0516
               Mean surrogate loss: -0.0043
                 Mean entropy loss: -4.2543
                       Mean reward: 95.64
               Mean episode length: 875.57
           Episode_Reward/progress: 6.6130
              Episode_Reward/alive: 0.4860
            Episode_Reward/upright: 0.0964
     Episode_Reward/move_to_target: 0.4803
          Episode_Reward/action_l2: -0.0324
             Episode_Reward/energy: -1.0093
   Episode_Reward/joint_pos_limits: -0.3009
      Episode_Termination/time_out: 0.8968
  Episode_Termination/torso_height: 0.1032
--------------------------------------------------------------------------------
                   Total timesteps: 7520256
                    Iteration time: 0.38s
                      Time elapsed: 00:02:54
                               ETA: 00:00:15

################################################################################
                      [1m Learning iteration 459/500 [0m                      

                       Computation: 46943 steps/s (collection: 0.275s, learning 0.074s)
             Mean action noise std: 0.16
          Mean value_function loss: 0.0692
               Mean surrogate loss: -0.0045
                 Mean entropy loss: -4.2751
                       Mean reward: 95.89
               Mean episode length: 875.10
           Episode_Reward/progress: 6.4813
              Episode_Reward/alive: 0.4706
            Episode_Reward/upright: 0.0935
     Episode_Reward/move_to_target: 0.4641
          Episode_Reward/action_l2: -0.0316
             Episode_Reward/energy: -0.9711
   Episode_Reward/joint_pos_limits: -0.2898
      Episode_Termination/time_out: 0.8973
  Episode_Termination/torso_height: 0.1027
--------------------------------------------------------------------------------
                   Total timesteps: 7536640
                    Iteration time: 0.35s
                      Time elapsed: 00:02:54
                               ETA: 00:00:15

################################################################################
                      [1m Learning iteration 460/500 [0m                      

                       Computation: 44464 steps/s (collection: 0.278s, learning 0.091s)
             Mean action noise std: 0.16
          Mean value_function loss: 0.1011
               Mean surrogate loss: -0.0036
                 Mean entropy loss: -4.2823
                       Mean reward: 92.74
               Mean episode length: 847.24
           Episode_Reward/progress: 5.6097
              Episode_Reward/alive: 0.4045
            Episode_Reward/upright: 0.0796
     Episode_Reward/move_to_target: 0.3986
          Episode_Reward/action_l2: -0.0270
             Episode_Reward/energy: -0.8385
   Episode_Reward/joint_pos_limits: -0.2483
      Episode_Termination/time_out: 0.8928
  Episode_Termination/torso_height: 0.1072
--------------------------------------------------------------------------------
                   Total timesteps: 7553024
                    Iteration time: 0.37s
                      Time elapsed: 00:02:55
                               ETA: 00:00:15

################################################################################
                      [1m Learning iteration 461/500 [0m                      

                       Computation: 42711 steps/s (collection: 0.306s, learning 0.077s)
             Mean action noise std: 0.16
          Mean value_function loss: 0.0738
               Mean surrogate loss: -0.0041
                 Mean entropy loss: -4.2797
                       Mean reward: 93.93
               Mean episode length: 853.44
           Episode_Reward/progress: 6.8919
              Episode_Reward/alive: 0.4926
            Episode_Reward/upright: 0.0983
     Episode_Reward/move_to_target: 0.4887
          Episode_Reward/action_l2: -0.0332
             Episode_Reward/energy: -1.0312
   Episode_Reward/joint_pos_limits: -0.3037
      Episode_Termination/time_out: 0.8917
  Episode_Termination/torso_height: 0.1083
--------------------------------------------------------------------------------
                   Total timesteps: 7569408
                    Iteration time: 0.38s
                      Time elapsed: 00:02:55
                               ETA: 00:00:14

################################################################################
                      [1m Learning iteration 462/500 [0m                      

                       Computation: 43901 steps/s (collection: 0.297s, learning 0.076s)
             Mean action noise std: 0.16
          Mean value_function loss: 0.0997
               Mean surrogate loss: 0.0043
                 Mean entropy loss: -4.2674
                       Mean reward: 95.95
               Mean episode length: 869.07
           Episode_Reward/progress: 5.9919
              Episode_Reward/alive: 0.4343
            Episode_Reward/upright: 0.0859
     Episode_Reward/move_to_target: 0.4291
          Episode_Reward/action_l2: -0.0292
             Episode_Reward/energy: -0.8952
   Episode_Reward/joint_pos_limits: -0.2690
      Episode_Termination/time_out: 0.8973
  Episode_Termination/torso_height: 0.1027
--------------------------------------------------------------------------------
                   Total timesteps: 7585792
                    Iteration time: 0.37s
                      Time elapsed: 00:02:56
                               ETA: 00:00:14

################################################################################
                      [1m Learning iteration 463/500 [0m                      

                       Computation: 42702 steps/s (collection: 0.294s, learning 0.089s)
             Mean action noise std: 0.16
          Mean value_function loss: 0.0935
               Mean surrogate loss: -0.0061
                 Mean entropy loss: -4.2694
                       Mean reward: 93.85
               Mean episode length: 851.38
           Episode_Reward/progress: 6.5294
              Episode_Reward/alive: 0.4661
            Episode_Reward/upright: 0.0925
     Episode_Reward/move_to_target: 0.4622
          Episode_Reward/action_l2: -0.0314
             Episode_Reward/energy: -0.9647
   Episode_Reward/joint_pos_limits: -0.2897
      Episode_Termination/time_out: 0.8964
  Episode_Termination/torso_height: 0.1036
--------------------------------------------------------------------------------
                   Total timesteps: 7602176
                    Iteration time: 0.38s
                      Time elapsed: 00:02:56
                               ETA: 00:00:14

################################################################################
                      [1m Learning iteration 464/500 [0m                      

                       Computation: 43258 steps/s (collection: 0.294s, learning 0.085s)
             Mean action noise std: 0.16
          Mean value_function loss: 0.0991
               Mean surrogate loss: -0.0031
                 Mean entropy loss: -4.2747
                       Mean reward: 91.46
               Mean episode length: 836.77
           Episode_Reward/progress: 5.6641
              Episode_Reward/alive: 0.4160
            Episode_Reward/upright: 0.0813
     Episode_Reward/move_to_target: 0.4077
          Episode_Reward/action_l2: -0.0276
             Episode_Reward/energy: -0.8480
   Episode_Reward/joint_pos_limits: -0.2583
      Episode_Termination/time_out: 0.8917
  Episode_Termination/torso_height: 0.1083
--------------------------------------------------------------------------------
                   Total timesteps: 7618560
                    Iteration time: 0.38s
                      Time elapsed: 00:02:56
                               ETA: 00:00:13

################################################################################
                      [1m Learning iteration 465/500 [0m                      

                       Computation: 45540 steps/s (collection: 0.284s, learning 0.076s)
             Mean action noise std: 0.16
          Mean value_function loss: 0.0949
               Mean surrogate loss: -0.0050
                 Mean entropy loss: -4.2767
                       Mean reward: 84.74
               Mean episode length: 783.64
           Episode_Reward/progress: 4.7353
              Episode_Reward/alive: 0.3554
            Episode_Reward/upright: 0.0687
     Episode_Reward/move_to_target: 0.3516
          Episode_Reward/action_l2: -0.0234
             Episode_Reward/energy: -0.7161
   Episode_Reward/joint_pos_limits: -0.2228
      Episode_Termination/time_out: 0.8818
  Episode_Termination/torso_height: 0.1182
--------------------------------------------------------------------------------
                   Total timesteps: 7634944
                    Iteration time: 0.36s
                      Time elapsed: 00:02:57
                               ETA: 00:00:13

################################################################################
                      [1m Learning iteration 466/500 [0m                      

                       Computation: 42473 steps/s (collection: 0.308s, learning 0.078s)
             Mean action noise std: 0.16
          Mean value_function loss: 0.0732
               Mean surrogate loss: -0.0053
                 Mean entropy loss: -4.2804
                       Mean reward: 86.81
               Mean episode length: 801.65
           Episode_Reward/progress: 4.5360
              Episode_Reward/alive: 0.3470
            Episode_Reward/upright: 0.0660
     Episode_Reward/move_to_target: 0.3370
          Episode_Reward/action_l2: -0.0227
             Episode_Reward/energy: -0.6897
   Episode_Reward/joint_pos_limits: -0.2188
      Episode_Termination/time_out: 0.8727
  Episode_Termination/torso_height: 0.1273
--------------------------------------------------------------------------------
                   Total timesteps: 7651328
                    Iteration time: 0.39s
                      Time elapsed: 00:02:57
                               ETA: 00:00:12

################################################################################
                      [1m Learning iteration 467/500 [0m                      

                       Computation: 41339 steps/s (collection: 0.302s, learning 0.094s)
             Mean action noise std: 0.16
          Mean value_function loss: 0.0661
               Mean surrogate loss: -0.0051
                 Mean entropy loss: -4.2895
                       Mean reward: 86.51
               Mean episode length: 801.65
           Episode_Reward/progress: 6.7293
              Episode_Reward/alive: 0.5000
            Episode_Reward/upright: 0.0983
     Episode_Reward/move_to_target: 0.4885
          Episode_Reward/action_l2: -0.0329
             Episode_Reward/energy: -1.0110
   Episode_Reward/joint_pos_limits: -0.3134
      Episode_Termination/time_out: 0.8762
  Episode_Termination/torso_height: 0.1238
--------------------------------------------------------------------------------
                   Total timesteps: 7667712
                    Iteration time: 0.40s
                      Time elapsed: 00:02:58
                               ETA: 00:00:12

################################################################################
                      [1m Learning iteration 468/500 [0m                      

                       Computation: 41324 steps/s (collection: 0.297s, learning 0.099s)
             Mean action noise std: 0.16
          Mean value_function loss: 0.0872
               Mean surrogate loss: -0.0027
                 Mean entropy loss: -4.3012
                       Mean reward: 88.60
               Mean episode length: 818.20
           Episode_Reward/progress: 6.6209
              Episode_Reward/alive: 0.4782
            Episode_Reward/upright: 0.0947
     Episode_Reward/move_to_target: 0.4645
          Episode_Reward/action_l2: -0.0320
             Episode_Reward/energy: -0.9986
   Episode_Reward/joint_pos_limits: -0.2939
      Episode_Termination/time_out: 0.8747
  Episode_Termination/torso_height: 0.1253
--------------------------------------------------------------------------------
                   Total timesteps: 7684096
                    Iteration time: 0.40s
                      Time elapsed: 00:02:58
                               ETA: 00:00:12

################################################################################
                      [1m Learning iteration 469/500 [0m                      

                       Computation: 45146 steps/s (collection: 0.285s, learning 0.078s)
             Mean action noise std: 0.16
          Mean value_function loss: 0.1243
               Mean surrogate loss: -0.0055
                 Mean entropy loss: -4.3121
                       Mean reward: 90.52
               Mean episode length: 833.99
           Episode_Reward/progress: 6.3772
              Episode_Reward/alive: 0.4708
            Episode_Reward/upright: 0.0925
     Episode_Reward/move_to_target: 0.4638
          Episode_Reward/action_l2: -0.0314
             Episode_Reward/energy: -0.9646
   Episode_Reward/joint_pos_limits: -0.2921
      Episode_Termination/time_out: 0.8730
  Episode_Termination/torso_height: 0.1270
--------------------------------------------------------------------------------
                   Total timesteps: 7700480
                    Iteration time: 0.36s
                      Time elapsed: 00:02:58
                               ETA: 00:00:11

################################################################################
                      [1m Learning iteration 470/500 [0m                      

                       Computation: 42070 steps/s (collection: 0.299s, learning 0.090s)
             Mean action noise std: 0.16
          Mean value_function loss: 0.1043
               Mean surrogate loss: -0.0040
                 Mean entropy loss: -4.3315
                       Mean reward: 93.75
               Mean episode length: 856.34
           Episode_Reward/progress: 5.3638
              Episode_Reward/alive: 0.3959
            Episode_Reward/upright: 0.0770
     Episode_Reward/move_to_target: 0.3897
          Episode_Reward/action_l2: -0.0263
             Episode_Reward/energy: -0.8026
   Episode_Reward/joint_pos_limits: -0.2461
      Episode_Termination/time_out: 0.8651
  Episode_Termination/torso_height: 0.1349
--------------------------------------------------------------------------------
                   Total timesteps: 7716864
                    Iteration time: 0.39s
                      Time elapsed: 00:02:59
                               ETA: 00:00:11

################################################################################
                      [1m Learning iteration 471/500 [0m                      

                       Computation: 36883 steps/s (collection: 0.322s, learning 0.123s)
             Mean action noise std: 0.16
          Mean value_function loss: 0.0832
               Mean surrogate loss: -0.0050
                 Mean entropy loss: -4.3446
                       Mean reward: 95.76
               Mean episode length: 870.68
           Episode_Reward/progress: 6.6541
              Episode_Reward/alive: 0.4712
            Episode_Reward/upright: 0.0935
     Episode_Reward/move_to_target: 0.4656
          Episode_Reward/action_l2: -0.0318
             Episode_Reward/energy: -0.9777
   Episode_Reward/joint_pos_limits: -0.2877
      Episode_Termination/time_out: 0.8668
  Episode_Termination/torso_height: 0.1332
--------------------------------------------------------------------------------
                   Total timesteps: 7733248
                    Iteration time: 0.44s
                      Time elapsed: 00:02:59
                               ETA: 00:00:11

################################################################################
                      [1m Learning iteration 472/500 [0m                      

                       Computation: 39945 steps/s (collection: 0.309s, learning 0.101s)
             Mean action noise std: 0.16
          Mean value_function loss: 0.1238
               Mean surrogate loss: -0.0027
                 Mean entropy loss: -4.3412
                       Mean reward: 96.15
               Mean episode length: 874.33
           Episode_Reward/progress: 5.8649
              Episode_Reward/alive: 0.4272
            Episode_Reward/upright: 0.0841
     Episode_Reward/move_to_target: 0.4222
          Episode_Reward/action_l2: -0.0288
             Episode_Reward/energy: -0.8921
   Episode_Reward/joint_pos_limits: -0.2647
      Episode_Termination/time_out: 0.8657
  Episode_Termination/torso_height: 0.1343
--------------------------------------------------------------------------------
                   Total timesteps: 7749632
                    Iteration time: 0.41s
                      Time elapsed: 00:03:00
                               ETA: 00:00:10

################################################################################
                      [1m Learning iteration 473/500 [0m                      

                       Computation: 32699 steps/s (collection: 0.382s, learning 0.119s)
             Mean action noise std: 0.16
          Mean value_function loss: 0.0865
               Mean surrogate loss: -0.0056
                 Mean entropy loss: -4.3553
                       Mean reward: 93.38
               Mean episode length: 852.26
           Episode_Reward/progress: 6.2527
              Episode_Reward/alive: 0.4629
            Episode_Reward/upright: 0.0905
     Episode_Reward/move_to_target: 0.4570
          Episode_Reward/action_l2: -0.0304
             Episode_Reward/energy: -0.9332
   Episode_Reward/joint_pos_limits: -0.2864
      Episode_Termination/time_out: 0.8633
  Episode_Termination/torso_height: 0.1367
--------------------------------------------------------------------------------
                   Total timesteps: 7766016
                    Iteration time: 0.50s
                      Time elapsed: 00:03:00
                               ETA: 00:00:10

################################################################################
                      [1m Learning iteration 474/500 [0m                      

                       Computation: 35070 steps/s (collection: 0.361s, learning 0.106s)
             Mean action noise std: 0.16
          Mean value_function loss: 0.0625
               Mean surrogate loss: -0.0041
                 Mean entropy loss: -4.3732
                       Mean reward: 92.02
               Mean episode length: 842.96
           Episode_Reward/progress: 5.9643
              Episode_Reward/alive: 0.4418
            Episode_Reward/upright: 0.0866
     Episode_Reward/move_to_target: 0.4344
          Episode_Reward/action_l2: -0.0294
             Episode_Reward/energy: -0.9020
   Episode_Reward/joint_pos_limits: -0.2708
      Episode_Termination/time_out: 0.8604
  Episode_Termination/torso_height: 0.1396
--------------------------------------------------------------------------------
                   Total timesteps: 7782400
                    Iteration time: 0.47s
                      Time elapsed: 00:03:00
                               ETA: 00:00:09

################################################################################
                      [1m Learning iteration 475/500 [0m                      

                       Computation: 39360 steps/s (collection: 0.314s, learning 0.103s)
             Mean action noise std: 0.16
          Mean value_function loss: 0.1140
               Mean surrogate loss: -0.0034
                 Mean entropy loss: -4.3755
                       Mean reward: 91.43
               Mean episode length: 839.18
           Episode_Reward/progress: 4.9725
              Episode_Reward/alive: 0.3770
            Episode_Reward/upright: 0.0712
     Episode_Reward/move_to_target: 0.3690
          Episode_Reward/action_l2: -0.0247
             Episode_Reward/energy: -0.7514
   Episode_Reward/joint_pos_limits: -0.2335
      Episode_Termination/time_out: 0.8578
  Episode_Termination/torso_height: 0.1422
--------------------------------------------------------------------------------
                   Total timesteps: 7798784
                    Iteration time: 0.42s
                      Time elapsed: 00:03:01
                               ETA: 00:00:09

################################################################################
                      [1m Learning iteration 476/500 [0m                      

                       Computation: 42961 steps/s (collection: 0.288s, learning 0.094s)
             Mean action noise std: 0.16
          Mean value_function loss: 0.0996
               Mean surrogate loss: -0.0054
                 Mean entropy loss: -4.3831
                       Mean reward: 94.47
               Mean episode length: 865.88
           Episode_Reward/progress: 6.6873
              Episode_Reward/alive: 0.5000
            Episode_Reward/upright: 0.0970
     Episode_Reward/move_to_target: 0.4949
          Episode_Reward/action_l2: -0.0334
             Episode_Reward/energy: -1.0217
   Episode_Reward/joint_pos_limits: -0.3069
      Episode_Termination/time_out: 0.8618
  Episode_Termination/torso_height: 0.1382
--------------------------------------------------------------------------------
                   Total timesteps: 7815168
                    Iteration time: 0.38s
                      Time elapsed: 00:03:01
                               ETA: 00:00:09

################################################################################
                      [1m Learning iteration 477/500 [0m                      

                       Computation: 42348 steps/s (collection: 0.295s, learning 0.092s)
             Mean action noise std: 0.16
          Mean value_function loss: 0.0927
               Mean surrogate loss: -0.0053
                 Mean entropy loss: -4.4026
                       Mean reward: 94.69
               Mean episode length: 870.03
           Episode_Reward/progress: 6.8326
              Episode_Reward/alive: 0.5000
            Episode_Reward/upright: 0.0994
     Episode_Reward/move_to_target: 0.4920
          Episode_Reward/action_l2: -0.0333
             Episode_Reward/energy: -1.0244
   Episode_Reward/joint_pos_limits: -0.3011
      Episode_Termination/time_out: 0.8633
  Episode_Termination/torso_height: 0.1367
--------------------------------------------------------------------------------
                   Total timesteps: 7831552
                    Iteration time: 0.39s
                      Time elapsed: 00:03:02
                               ETA: 00:00:08

################################################################################
                      [1m Learning iteration 478/500 [0m                      

                       Computation: 41066 steps/s (collection: 0.304s, learning 0.095s)
             Mean action noise std: 0.16
          Mean value_function loss: 0.1070
               Mean surrogate loss: -0.0046
                 Mean entropy loss: -4.4168
                       Mean reward: 94.39
               Mean episode length: 869.84
           Episode_Reward/progress: 6.0404
              Episode_Reward/alive: 0.4412
            Episode_Reward/upright: 0.0867
     Episode_Reward/move_to_target: 0.4340
          Episode_Reward/action_l2: -0.0296
             Episode_Reward/energy: -0.9068
   Episode_Reward/joint_pos_limits: -0.2711
      Episode_Termination/time_out: 0.8626
  Episode_Termination/torso_height: 0.1374
--------------------------------------------------------------------------------
                   Total timesteps: 7847936
                    Iteration time: 0.40s
                      Time elapsed: 00:03:02
                               ETA: 00:00:08

################################################################################
                      [1m Learning iteration 479/500 [0m                      

                       Computation: 43786 steps/s (collection: 0.276s, learning 0.098s)
             Mean action noise std: 0.16
          Mean value_function loss: 0.0876
               Mean surrogate loss: -0.0050
                 Mean entropy loss: -4.4327
                       Mean reward: 96.28
               Mean episode length: 883.69
           Episode_Reward/progress: 7.0697
              Episode_Reward/alive: 0.5000
            Episode_Reward/upright: 0.0994
     Episode_Reward/move_to_target: 0.4957
          Episode_Reward/action_l2: -0.0340
             Episode_Reward/energy: -1.0447
   Episode_Reward/joint_pos_limits: -0.3049
      Episode_Termination/time_out: 0.8639
  Episode_Termination/torso_height: 0.1361
--------------------------------------------------------------------------------
                   Total timesteps: 7864320
                    Iteration time: 0.37s
                      Time elapsed: 00:03:02
                               ETA: 00:00:08

################################################################################
                      [1m Learning iteration 480/500 [0m                      

                       Computation: 43570 steps/s (collection: 0.284s, learning 0.092s)
             Mean action noise std: 0.16
          Mean value_function loss: 0.0737
               Mean surrogate loss: -0.0022
                 Mean entropy loss: -4.4389
                       Mean reward: 98.43
               Mean episode length: 898.87
           Episode_Reward/progress: 6.4908
              Episode_Reward/alive: 0.4689
            Episode_Reward/upright: 0.0926
     Episode_Reward/move_to_target: 0.4610
          Episode_Reward/action_l2: -0.0316
             Episode_Reward/energy: -0.9619
   Episode_Reward/joint_pos_limits: -0.2863
      Episode_Termination/time_out: 0.8641
  Episode_Termination/torso_height: 0.1359
--------------------------------------------------------------------------------
                   Total timesteps: 7880704
                    Iteration time: 0.38s
                      Time elapsed: 00:03:03
                               ETA: 00:00:07

################################################################################
                      [1m Learning iteration 481/500 [0m                      

                       Computation: 40475 steps/s (collection: 0.311s, learning 0.093s)
             Mean action noise std: 0.16
          Mean value_function loss: 0.0480
               Mean surrogate loss: -0.0049
                 Mean entropy loss: -4.4540
                       Mean reward: 99.16
               Mean episode length: 905.89
           Episode_Reward/progress: 6.3831
              Episode_Reward/alive: 0.4668
            Episode_Reward/upright: 0.0915
     Episode_Reward/move_to_target: 0.4587
          Episode_Reward/action_l2: -0.0313
             Episode_Reward/energy: -0.9528
   Episode_Reward/joint_pos_limits: -0.2841
      Episode_Termination/time_out: 0.8612
  Episode_Termination/torso_height: 0.1388
--------------------------------------------------------------------------------
                   Total timesteps: 7897088
                    Iteration time: 0.40s
                      Time elapsed: 00:03:03
                               ETA: 00:00:07

################################################################################
                      [1m Learning iteration 482/500 [0m                      

                       Computation: 39969 steps/s (collection: 0.313s, learning 0.097s)
             Mean action noise std: 0.16
          Mean value_function loss: 0.0522
               Mean surrogate loss: 0.0028
                 Mean entropy loss: -4.4708
                       Mean reward: 101.85
               Mean episode length: 920.15
           Episode_Reward/progress: 6.9616
              Episode_Reward/alive: 0.5000
            Episode_Reward/upright: 0.0991
     Episode_Reward/move_to_target: 0.4968
          Episode_Reward/action_l2: -0.0336
             Episode_Reward/energy: -1.0290
   Episode_Reward/joint_pos_limits: -0.3045
      Episode_Termination/time_out: 0.8636
  Episode_Termination/torso_height: 0.1364
--------------------------------------------------------------------------------
                   Total timesteps: 7913472
                    Iteration time: 0.41s
                      Time elapsed: 00:03:04
                               ETA: 00:00:06

################################################################################
                      [1m Learning iteration 483/500 [0m                      

                       Computation: 44725 steps/s (collection: 0.289s, learning 0.077s)
             Mean action noise std: 0.16
          Mean value_function loss: 0.0781
               Mean surrogate loss: 0.0015
                 Mean entropy loss: -4.4807
                       Mean reward: 101.50
               Mean episode length: 919.87
           Episode_Reward/progress: 6.4856
              Episode_Reward/alive: 0.4705
            Episode_Reward/upright: 0.0934
     Episode_Reward/move_to_target: 0.4588
          Episode_Reward/action_l2: -0.0317
             Episode_Reward/energy: -0.9741
   Episode_Reward/joint_pos_limits: -0.2880
      Episode_Termination/time_out: 0.8662
  Episode_Termination/torso_height: 0.1338
--------------------------------------------------------------------------------
                   Total timesteps: 7929856
                    Iteration time: 0.37s
                      Time elapsed: 00:03:04
                               ETA: 00:00:06

################################################################################
                      [1m Learning iteration 484/500 [0m                      

                       Computation: 41903 steps/s (collection: 0.307s, learning 0.084s)
             Mean action noise std: 0.16
          Mean value_function loss: 0.0546
               Mean surrogate loss: -0.0035
                 Mean entropy loss: -4.4887
                       Mean reward: 98.35
               Mean episode length: 892.49
           Episode_Reward/progress: 6.4202
              Episode_Reward/alive: 0.4601
            Episode_Reward/upright: 0.0907
     Episode_Reward/move_to_target: 0.4510
          Episode_Reward/action_l2: -0.0311
             Episode_Reward/energy: -0.9424
   Episode_Reward/joint_pos_limits: -0.2772
      Episode_Termination/time_out: 0.8643
  Episode_Termination/torso_height: 0.1357
--------------------------------------------------------------------------------
                   Total timesteps: 7946240
                    Iteration time: 0.39s
                      Time elapsed: 00:03:04
                               ETA: 00:00:06

################################################################################
                      [1m Learning iteration 485/500 [0m                      

                       Computation: 42513 steps/s (collection: 0.290s, learning 0.095s)
             Mean action noise std: 0.16
          Mean value_function loss: 0.1015
               Mean surrogate loss: -0.0065
                 Mean entropy loss: -4.4999
                       Mean reward: 96.62
               Mean episode length: 878.53
           Episode_Reward/progress: 6.0337
              Episode_Reward/alive: 0.4416
            Episode_Reward/upright: 0.0873
     Episode_Reward/move_to_target: 0.4348
          Episode_Reward/action_l2: -0.0293
             Episode_Reward/energy: -0.9010
   Episode_Reward/joint_pos_limits: -0.2695
      Episode_Termination/time_out: 0.8592
  Episode_Termination/torso_height: 0.1408
--------------------------------------------------------------------------------
                   Total timesteps: 7962624
                    Iteration time: 0.39s
                      Time elapsed: 00:03:05
                               ETA: 00:00:05

################################################################################
                      [1m Learning iteration 486/500 [0m                      

                       Computation: 42226 steps/s (collection: 0.297s, learning 0.091s)
             Mean action noise std: 0.16
          Mean value_function loss: 0.1103
               Mean surrogate loss: -0.0044
                 Mean entropy loss: -4.4979
                       Mean reward: 98.24
               Mean episode length: 887.29
           Episode_Reward/progress: 6.5739
              Episode_Reward/alive: 0.4708
            Episode_Reward/upright: 0.0935
     Episode_Reward/move_to_target: 0.4656
          Episode_Reward/action_l2: -0.0317
             Episode_Reward/energy: -0.9707
   Episode_Reward/joint_pos_limits: -0.2828
      Episode_Termination/time_out: 0.8589
  Episode_Termination/torso_height: 0.1411
--------------------------------------------------------------------------------
                   Total timesteps: 7979008
                    Iteration time: 0.39s
                      Time elapsed: 00:03:05
                               ETA: 00:00:05

################################################################################
                      [1m Learning iteration 487/500 [0m                      

                       Computation: 41460 steps/s (collection: 0.293s, learning 0.102s)
             Mean action noise std: 0.16
          Mean value_function loss: 0.1676
               Mean surrogate loss: -0.0038
                 Mean entropy loss: -4.4978
                       Mean reward: 95.90
               Mean episode length: 874.39
           Episode_Reward/progress: 6.4345
              Episode_Reward/alive: 0.4782
            Episode_Reward/upright: 0.0934
     Episode_Reward/move_to_target: 0.4716
          Episode_Reward/action_l2: -0.0317
             Episode_Reward/energy: -0.9494
   Episode_Reward/joint_pos_limits: -0.2933
      Episode_Termination/time_out: 0.8563
  Episode_Termination/torso_height: 0.1437
--------------------------------------------------------------------------------
                   Total timesteps: 7995392
                    Iteration time: 0.40s
                      Time elapsed: 00:03:06
                               ETA: 00:00:04

################################################################################
                      [1m Learning iteration 488/500 [0m                      

                       Computation: 42306 steps/s (collection: 0.291s, learning 0.096s)
             Mean action noise std: 0.16
          Mean value_function loss: 0.1047
               Mean surrogate loss: -0.0035
                 Mean entropy loss: -4.5109
                       Mean reward: 96.07
               Mean episode length: 871.41
           Episode_Reward/progress: 6.5878
              Episode_Reward/alive: 0.4808
            Episode_Reward/upright: 0.0954
     Episode_Reward/move_to_target: 0.4676
          Episode_Reward/action_l2: -0.0324
             Episode_Reward/energy: -0.9838
   Episode_Reward/joint_pos_limits: -0.2897
      Episode_Termination/time_out: 0.8601
  Episode_Termination/torso_height: 0.1399
--------------------------------------------------------------------------------
                   Total timesteps: 8011776
                    Iteration time: 0.39s
                      Time elapsed: 00:03:06
                               ETA: 00:00:04

################################################################################
                      [1m Learning iteration 489/500 [0m                      

                       Computation: 41189 steps/s (collection: 0.319s, learning 0.079s)
             Mean action noise std: 0.16
          Mean value_function loss: 0.0954
               Mean surrogate loss: -0.0048
                 Mean entropy loss: -4.5371
                       Mean reward: 91.95
               Mean episode length: 839.30
           Episode_Reward/progress: 5.1376
              Episode_Reward/alive: 0.3784
            Episode_Reward/upright: 0.0740
     Episode_Reward/move_to_target: 0.3718
          Episode_Reward/action_l2: -0.0252
             Episode_Reward/energy: -0.7592
   Episode_Reward/joint_pos_limits: -0.2311
      Episode_Termination/time_out: 0.8522
  Episode_Termination/torso_height: 0.1478
--------------------------------------------------------------------------------
                   Total timesteps: 8028160
                    Iteration time: 0.40s
                      Time elapsed: 00:03:06
                               ETA: 00:00:04

################################################################################
                      [1m Learning iteration 490/500 [0m                      

                       Computation: 41182 steps/s (collection: 0.299s, learning 0.099s)
             Mean action noise std: 0.16
          Mean value_function loss: 0.0656
               Mean surrogate loss: -0.0030
                 Mean entropy loss: -4.5590
                       Mean reward: 91.46
               Mean episode length: 837.16
           Episode_Reward/progress: 5.8340
              Episode_Reward/alive: 0.4250
            Episode_Reward/upright: 0.0839
     Episode_Reward/move_to_target: 0.4198
          Episode_Reward/action_l2: -0.0289
             Episode_Reward/energy: -0.8741
   Episode_Reward/joint_pos_limits: -0.2569
      Episode_Termination/time_out: 0.8474
  Episode_Termination/torso_height: 0.1526
--------------------------------------------------------------------------------
                   Total timesteps: 8044544
                    Iteration time: 0.40s
                      Time elapsed: 00:03:07
                               ETA: 00:00:03

################################################################################
                      [1m Learning iteration 491/500 [0m                      

                       Computation: 41766 steps/s (collection: 0.302s, learning 0.090s)
             Mean action noise std: 0.16
          Mean value_function loss: 0.0785
               Mean surrogate loss: -0.0031
                 Mean entropy loss: -4.5656
                       Mean reward: 92.33
               Mean episode length: 846.26
           Episode_Reward/progress: 6.7946
              Episode_Reward/alive: 0.4896
            Episode_Reward/upright: 0.0969
     Episode_Reward/move_to_target: 0.4838
          Episode_Reward/action_l2: -0.0332
             Episode_Reward/energy: -1.0070
   Episode_Reward/joint_pos_limits: -0.2947
      Episode_Termination/time_out: 0.8477
  Episode_Termination/torso_height: 0.1523
--------------------------------------------------------------------------------
                   Total timesteps: 8060928
                    Iteration time: 0.39s
                      Time elapsed: 00:03:07
                               ETA: 00:00:03

################################################################################
                      [1m Learning iteration 492/500 [0m                      

                       Computation: 39457 steps/s (collection: 0.316s, learning 0.099s)
             Mean action noise std: 0.16
          Mean value_function loss: 0.0597
               Mean surrogate loss: -0.0050
                 Mean entropy loss: -4.5788
                       Mean reward: 91.70
               Mean episode length: 842.33
           Episode_Reward/progress: 6.2670
              Episode_Reward/alive: 0.4712
            Episode_Reward/upright: 0.0925
     Episode_Reward/move_to_target: 0.4576
          Episode_Reward/action_l2: -0.0316
             Episode_Reward/energy: -0.9515
   Episode_Reward/joint_pos_limits: -0.2863
      Episode_Termination/time_out: 0.8493
  Episode_Termination/torso_height: 0.1507
--------------------------------------------------------------------------------
                   Total timesteps: 8077312
                    Iteration time: 0.42s
                      Time elapsed: 00:03:08
                               ETA: 00:00:03

################################################################################
                      [1m Learning iteration 493/500 [0m                      

                       Computation: 36483 steps/s (collection: 0.345s, learning 0.104s)
             Mean action noise std: 0.16
          Mean value_function loss: 0.0956
               Mean surrogate loss: -0.0038
                 Mean entropy loss: -4.5928
                       Mean reward: 90.72
               Mean episode length: 836.44
           Episode_Reward/progress: 6.6047
              Episode_Reward/alive: 0.4924
            Episode_Reward/upright: 0.0941
     Episode_Reward/move_to_target: 0.4598
          Episode_Reward/action_l2: -0.0326
             Episode_Reward/energy: -0.9874
   Episode_Reward/joint_pos_limits: -0.2949
      Episode_Termination/time_out: 0.8558
  Episode_Termination/torso_height: 0.1442
--------------------------------------------------------------------------------
                   Total timesteps: 8093696
                    Iteration time: 0.45s
                      Time elapsed: 00:03:08
                               ETA: 00:00:02

################################################################################
                      [1m Learning iteration 494/500 [0m                      

                       Computation: 39676 steps/s (collection: 0.313s, learning 0.100s)
             Mean action noise std: 0.16
          Mean value_function loss: 0.0554
               Mean surrogate loss: -0.0027
                 Mean entropy loss: -4.6103
                       Mean reward: 96.26
               Mean episode length: 887.73
           Episode_Reward/progress: 6.6116
              Episode_Reward/alive: 0.4804
            Episode_Reward/upright: 0.0947
     Episode_Reward/move_to_target: 0.4732
          Episode_Reward/action_l2: -0.0326
             Episode_Reward/energy: -0.9860
   Episode_Reward/joint_pos_limits: -0.2892
      Episode_Termination/time_out: 0.8579
  Episode_Termination/torso_height: 0.1421
--------------------------------------------------------------------------------
                   Total timesteps: 8110080
                    Iteration time: 0.41s
                      Time elapsed: 00:03:08
                               ETA: 00:00:02

################################################################################
                      [1m Learning iteration 495/500 [0m                      

                       Computation: 38069 steps/s (collection: 0.351s, learning 0.079s)
             Mean action noise std: 0.16
          Mean value_function loss: 0.0530
               Mean surrogate loss: -0.0018
                 Mean entropy loss: -4.6386
                       Mean reward: 96.46
               Mean episode length: 886.94
           Episode_Reward/progress: 6.4984
              Episode_Reward/alive: 0.4673
            Episode_Reward/upright: 0.0912
     Episode_Reward/move_to_target: 0.4604
          Episode_Reward/action_l2: -0.0319
             Episode_Reward/energy: -0.9510
   Episode_Reward/joint_pos_limits: -0.2821
      Episode_Termination/time_out: 0.8660
  Episode_Termination/torso_height: 0.1340
--------------------------------------------------------------------------------
                   Total timesteps: 8126464
                    Iteration time: 0.43s
                      Time elapsed: 00:03:09
                               ETA: 00:00:01

################################################################################
                      [1m Learning iteration 496/500 [0m                      

                       Computation: 40718 steps/s (collection: 0.318s, learning 0.084s)
             Mean action noise std: 0.16
          Mean value_function loss: 0.0689
               Mean surrogate loss: 0.0050
                 Mean entropy loss: -4.6450
                       Mean reward: 96.96
               Mean episode length: 886.98
           Episode_Reward/progress: 6.5077
              Episode_Reward/alive: 0.4714
            Episode_Reward/upright: 0.0923
     Episode_Reward/move_to_target: 0.4632
          Episode_Reward/action_l2: -0.0320
             Episode_Reward/energy: -0.9598
   Episode_Reward/joint_pos_limits: -0.2844
      Episode_Termination/time_out: 0.8760
  Episode_Termination/torso_height: 0.1240
--------------------------------------------------------------------------------
                   Total timesteps: 8142848
                    Iteration time: 0.40s
                      Time elapsed: 00:03:09
                               ETA: 00:00:01

################################################################################
                      [1m Learning iteration 497/500 [0m                      

                       Computation: 38516 steps/s (collection: 0.331s, learning 0.094s)
             Mean action noise std: 0.16
          Mean value_function loss: 0.0446
               Mean surrogate loss: 0.0036
                 Mean entropy loss: -4.6450
                       Mean reward: 96.34
               Mean episode length: 877.16
           Episode_Reward/progress: 6.4858
              Episode_Reward/alive: 0.4709
            Episode_Reward/upright: 0.0933
     Episode_Reward/move_to_target: 0.4678
          Episode_Reward/action_l2: -0.0322
             Episode_Reward/energy: -0.9672
   Episode_Reward/joint_pos_limits: -0.2818
      Episode_Termination/time_out: 0.8788
  Episode_Termination/torso_height: 0.1212
--------------------------------------------------------------------------------
                   Total timesteps: 8159232
                    Iteration time: 0.43s
                      Time elapsed: 00:03:10
                               ETA: 00:00:01

################################################################################
                      [1m Learning iteration 498/500 [0m                      

                       Computation: 40913 steps/s (collection: 0.306s, learning 0.095s)
             Mean action noise std: 0.16
          Mean value_function loss: 0.0534
               Mean surrogate loss: 0.0017
                 Mean entropy loss: -4.6432
                       Mean reward: 96.11
               Mean episode length: 868.56
           Episode_Reward/progress: 6.2651
              Episode_Reward/alive: 0.4504
            Episode_Reward/upright: 0.0886
     Episode_Reward/move_to_target: 0.4448
          Episode_Reward/action_l2: -0.0309
             Episode_Reward/energy: -0.9244
   Episode_Reward/joint_pos_limits: -0.2724
      Episode_Termination/time_out: 0.8763
  Episode_Termination/torso_height: 0.1237
--------------------------------------------------------------------------------
                   Total timesteps: 8175616
                    Iteration time: 0.40s
                      Time elapsed: 00:03:10
                               ETA: 00:00:00

################################################################################
                      [1m Learning iteration 499/500 [0m                      

                       Computation: 40409 steps/s (collection: 0.320s, learning 0.086s)
             Mean action noise std: 0.16
          Mean value_function loss: 0.0743
               Mean surrogate loss: -0.0024
                 Mean entropy loss: -4.6407
                       Mean reward: 94.78
               Mean episode length: 869.40
           Episode_Reward/progress: 5.3756
              Episode_Reward/alive: 0.4155
            Episode_Reward/upright: 0.0800
     Episode_Reward/move_to_target: 0.3867
          Episode_Reward/action_l2: -0.0275
             Episode_Reward/energy: -0.8073
   Episode_Reward/joint_pos_limits: -0.2583
      Episode_Termination/time_out: 0.8768
  Episode_Termination/torso_height: 0.1232
--------------------------------------------------------------------------------
                   Total timesteps: 8192000
                    Iteration time: 0.41s
                      Time elapsed: 00:03:10
                               ETA: 00:00:00

TRAINING_COMPLETE
2026-09-30T12:25:22Z [9,918ms] [Warning] [omni.physx.plugin] Damping attribute is unsupported for articulation joints and will be ignored (/World/envs/env_0/Robot/joints/right_back_foot).
2026-09-30T12:25:22Z [9,918ms] [Warning] [omni.physx.plugin] Damping attribute is unsupported for articulation joints and will be ignored (/World/envs/env_0/Robot/joints/right_back_leg).
2026-09-30T12:25:22Z [9,918ms] [Warning] [omni.physx.plugin] Damping attribute is unsupported for articulation joints and will be ignored (/World/envs/env_0/Robot/joints/right_back_foot).
