Loading user config located at: '/home/hhm/miniforge3/envs/lerobot-arena/lib/python3.11/site-packages/isaacsim/kit/data/Kit/Isaac-Sim/5.1/user.config.json'
[Info] [carb] Logging to file: /home/hhm/miniforge3/envs/lerobot-arena/lib/python3.11/site-packages/isaacsim/kit/logs/Kit/Isaac-Sim/5.1/kit_20260930_213522.log
2026-09-30T12:35:23Z [95ms] [Warning] [omni.usd_config.extension] Enable omni.materialx.libs extension to use MaterialX
2026-09-30T12:35:23Z [566ms] [Warning] [carb] Acquiring non optional plugin interface which is not listed as dependency: [omni::physx::IPhysxBenchmarks v1.0] (plugin: <default plugin>), by client: omni.physics.physx.plugin. Add it to CARB_PLUGIN_IMPL_DEPS() macro of a client.
2026-09-30T12:35:23Z [785ms] [Warning] [omni.isaac.dynamic_control] omni.isaac.dynamic_control is deprecated as of Isaac Sim 4.5. No action is needed from end-users.

|---------------------------------------------------------------------------------------------|
| Driver Version: 580.178.04    | Graphics API: Vulkan
|=============================================================================================|
| GPU | Name                             | Active | LDA | GPU Memory | Vendor-ID | LUID       |
|     |                                  |        |     |            | Device-ID | UUID       |
|     |                                  |        |     |            | Bus-ID    |            |
|---------------------------------------------------------------------------------------------|
| 0   | NVIDIA GeForce RTX 4050 Laptop.. | Yes: 0 |     | 6141    MB | 10de      | 0          |
|     |                                  |        |     |            | 28e1      | 04c25621.. |
|     |                                  |        |     |            | 1         |            |
|=============================================================================================|
| OS: 22.04.5 LTS (Jammy Jellyfish) ubuntu, Version: 22.04.5, Kernel: 6.8.0-138-generic
| XServer Vendor: The X.Org Foundation, XServer Version: 12101004 (1.21.1.4)
| Processor: AMD Ryzen 7 7435HS
| Cores: 8 | Logical Cores: 16
|---------------------------------------------------------------------------------------------|
| Total Memory (MB): 15805 | Free Memory: 10257
| Total Page/Swap (MB): 2047 | Free Page/Swap: 1437
|---------------------------------------------------------------------------------------------|
2026-09-30T12:35:28Z [5,406ms] [Warning] [gpu.foundation.plugin] CPU performance profile is set to powersave. This profile sets the CPU to the lowest frequency reducing performance.
2026-09-30T12:35:28Z [5,416ms] [Warning] [gpu.foundation.plugin] IOMMU is enabled.
2026-09-30T12:35:31Z [8,955ms] [Warning] [omni.fabric.plugin] Warning: input prim:attr `/World/envs/env_0:omni:rtx:skip` has no valid data.

2026-09-30T12:35:32Z [9,644ms] [Warning] [omni.physx.plugin] Damping attribute is unsupported for articulation joints and will be ignored (/World/envs/env_0/Robot/joints/front_left_leg).
2026-09-30T12:35:32Z [9,644ms] [Warning] [omni.physx.plugin] Damping attribute is unsupported for articulation joints and will be ignored (/World/envs/env_0/Robot/joints/front_left_foot).
2026-09-30T12:35:32Z [9,644ms] [Warning] [omni.physx.plugin] Damping attribute is unsupported for articulation joints and will be ignored (/World/envs/env_0/Robot/joints/front_right_leg).
2026-09-30T12:35:32Z [9,644ms] [Warning] [omni.physx.plugin] Damping attribute is unsupported for articulation joints and will be ignored (/World/envs/env_0/Robot/joints/front_right_foot).
2026-09-30T12:35:32Z [9,644ms] [Warning] [omni.physx.plugin] Damping attribute is unsupported for articulation joints and will be ignored (/World/envs/env_0/Robot/joints/left_back_leg).
2026-09-30T12:35:32Z [9,644ms] [Warning] [omni.physx.plugin] Damping attribute is unsupported for articulation joints and will be ignored (/World/envs/env_0/Robot/joints/left_back_foot).
2026-09-30T12:35:32Z [9,644ms] [Warning] [omni.physx.plugin] Damping attribute is unsupported for articulation joints and will be ignored (/World/envs/env_0/Robot/joints/right_back_leg).
2026-09-30T12:35:32Z [9,644ms] [Warning] [omni.physx.plugin] Damping attribute is unsupported for articulation joints and will be ignored (/World/envs/env_0/Robot/joints/right_back_foot).
2026-09-30T12:35:32Z [9,644ms] [Warning] [omni.physx.plugin] Damping attribute is unsupported for articulation joints and will be ignored (/World/envs/env_0/Robot/joints/front_right_leg).
2026-09-30T12:35:32Z [9,644ms] [Warning] [omni.physx.plugin] Damping attribute is unsupported for articulation joints and will be ignored (/World/envs/env_0/Robot/joints/front_right_foot).
2026-09-30T12:35:32Z [9,644ms] [Warning] [omni.physx.plugin] Damping attribute is unsupported for articulation joints and will be ignored (/World/envs/env_0/Robot/joints/left_back_leg).
2026-09-30T12:35:32Z [9,644ms] [Warning] [omni.physx.plugin] Damping attribute is unsupported for articulation joints and will be ignored (/World/envs/env_0/Robot/joints/left_back_foot).
2026-09-30T12:35:32Z [9,644ms] [Warning] [omni.physx.plugin] Damping attribute is unsupported for articulation joints and will be ignored (/World/envs/env_0/Robot/joints/right_back_leg).
2026-09-30T12:35:32Z [9,644ms] [Warning] [omni.physx.plugin] Damping attribute is unsupported for articulation joints and will be ignored (/World/envs/env_0/Robot/joints/right_back_foot).
2026-09-30T12:35:32Z [9,644ms] [Warning] [omni.physx.plugin] Damping attribute is unsupported for articulation joints and will be ignored (/World/envs/env_0/Robot/joints/front_right_leg).
2026-09-30T12:35:32Z [9,644ms] [Warning] [omni.physx.plugin] Damping attribute is unsupported for articulation joints and will be ignored (/World/envs/env_0/Robot/joints/front_right_foot).
2026-09-30T12:35:32Z [9,644ms] [Warning] [omni.physx.plugin] Damping attribute is unsupported for articulation joints and will be ignored (/World/envs/env_0/Robot/joints/left_back_leg).
2026-09-30T12:35:32Z [9,644ms] [Warning] [omni.physx.plugin] Damping attribute is unsupported for articulation joints and will be ignored (/World/envs/env_0/Robot/joints/left_back_foot).
2026-09-30T12:35:32Z [9,644ms] [Warning] [omni.physx.plugin] Damping attribute is unsupported for articulation joints and will be ignored (/World/envs/env_0/Robot/joints/right_back_leg).
2026-09-30T12:35:32Z [9,644ms] [Warning] [omni.physx.plugin] Damping attribute is unsupported for articulation joints and will be ignored (/World/envs/env_0/Robot/joints/right_back_foot).
2026-09-30T12:35:32Z [9,644ms] [Warning] [omni.physx.plugin] Damping attribute is unsupported for articulation joints and will be ignored (/World/envs/env_0/Robot/joints/left_back_leg).
2026-09-30T12:35:32Z [9,644ms] [Warning] [omni.physx.plugin] Damping attribute is unsupported for articulation joints and will be ignored (/World/envs/env_0/Robot/joints/left_back_foot).
2026-09-30T12:35:32Z [9,644ms] [Warning] [omni.physx.plugin] Damping attribute is unsupported for articulation joints and will be ignored (/World/envs/env_0/Robot/joints/right_back_leg).
2026-09-30T12:35:32Z [9,644ms] [Warning] [omni.physx.plugin] Damping attribute is unsupported for articulation joints and will be ignored (/World/envs/env_0/Robot/joints/right_back_foot).
2026-09-30T12:35:32Z [9,644ms] [Warning] [omni.physx.plugin] Damping attribute is unsupported for articulation joints and will be ignored (/World/envs/env_0/Robot/joints/left_back_leg).
2026-09-30T12:35:32Z [9,644ms] [Warning] [omni.physx.plugin] Damping attribute is unsupported for articulation joints and will be ignored (/World/envs/env_0/Robot/joints/left_back_foot).
2026-09-30T12:35:32Z [9,644ms] [Warning] [omni.physx.plugin] Damping attribute is unsupported for articulation joints and will be ignored (/World/envs/env_0/Robot/joints/right_back_leg).
2026-09-30T12:35:32Z [9,644ms] [Warning] [omni.physx.plugin] Damping attribute is unsupported for articulation joints and will be ignored (/World/envs/env_0/Robot/joints/right_back_foot).
2026-09-30T12:35:32Z [9,644ms] [Warning] [omni.physx.plugin] Damping attribute is unsupported for articulation joints and will be ignored (/World/envs/env_0/Robot/joints/right_back_leg).
/home/hhm/miniforge3/envs/lerobot-arena/lib/python3.11/site-packages/rsl_rl/utils/utils.py:244: UserWarning: The observation configuration dictionary 'obs_groups' must contain the 'policy' key. As an observation group with the name 'policy' was found, this is assumed to be the observation set. Consider adding the 'policy' key to the 'obs_groups' dictionary for clarity. This behavior will be removed in a future version.
  warnings.warn(
/home/hhm/miniforge3/envs/lerobot-arena/lib/python3.11/site-packages/rsl_rl/utils/utils.py:290: UserWarning: The observation configuration dictionary 'obs_groups' must contain the 'critic' key. As the configuration for 'critic' is missing, the observations from the 'policy' set are used. Consider adding the 'critic' key to the 'obs_groups' dictionary for clarity. This behavior will be removed in a future version.
  warnings.warn(
[INFO][AppLauncher]: Using device: cuda:0
[INFO][AppLauncher]: Loading experience file: /home/hhm/IsaacLab_RS/apps/isaaclab.python.headless.kit
Setting seed: 33
[INFO]: Base environment:
	Environment device    : cuda:0
	Environment seed      : 33
	Physics step-size     : 0.008333333333333333
	Rendering step-size   : 0.016666666666666666
	Environment step-size : 0.016666666666666666
[INFO]: Time taken for scene creation : 3.008991 seconds
[INFO]: Scene manager:  <class InteractiveScene>
	Number of environments: 512
	Environment spacing   : 5.0
	Source prim name      : /World/envs/env_0
	Global prim paths     : ['/World/ground']
	Replicate physics     : True
[INFO]: Starting the simulation. This may take a few seconds. Please wait...
[INFO]: Time taken for simulation start : 0.830629 seconds
[INFO] Command Manager:  <CommandManager> contains 0 active terms.
+------------------------+
|  Active Command Terms  |
+--------+-------+-------+
| Index  | Name  |  Type |
+--------+-------+-------+
+--------+-------+-------+

[INFO] Event Manager:  <EventManager> contains 3 active terms.
+-------------------------------------+
| Active Event Terms in Mode: 'reset' |
+---------+---------------------------+
|  Index  | Name                      |
+---------+---------------------------+
|    0    | reset_base                |
|    1    | reset_robot_joints        |
+---------+---------------------------+
+----------------------------------+
| Active Event Terms in Mode: 'startup' |
+-------------+--------------------+
|    Index    | Name               |
+-------------+--------------------+
|      0      | material           |
|      1      | mass               |
+-------------+--------------------+
+--------------------------------------------+
|   Active Event Terms in Mode: 'interval'   |
+--------+-------+---------------------------+
| Index  | Name  |  Interval time range (s)  |
+--------+-------+---------------------------+
|   0    | kick  |         (4.0, 7.0)        |
+--------+-------+---------------------------+

[INFO] Recorder Manager:  <RecorderManager> contains 0 active terms.
+---------------------+
| Active Recorder Terms |
+-----------+---------+
|   Index   | Name    |
+-----------+---------+
+-----------+---------+

[INFO] Action Manager:  <ActionManager> contains 1 active terms.
+----------------------------------+
|  Active Action Terms (shape: 8)  |
+-------+--------------+-----------+
| Index | Name         | Dimension |
+-------+--------------+-----------+
|   0   | joint_effort |         8 |
+-------+--------------+-----------+

[INFO] Observation Manager: <ObservationManager> contains 1 groups.
+-----------------------------------------------------------+
| Active Observation Terms in Group: 'policy' (shape: (60,)) |
+-----------+-----------------------------------+-----------+
|   Index   | Name                              |   Shape   |
+-----------+-----------------------------------+-----------+
|     0     | base_height                       |    (1,)   |
|     1     | base_lin_vel                      |    (3,)   |
|     2     | base_ang_vel                      |    (3,)   |
|     3     | base_yaw_roll                     |    (2,)   |
|     4     | base_angle_to_target              |    (1,)   |
|     5     | base_up_proj                      |    (1,)   |
|     6     | base_heading_proj                 |    (1,)   |
|     7     | joint_pos_norm                    |    (8,)   |
|     8     | joint_vel_rel                     |    (8,)   |
|     9     | feet_body_forces                  |   (24,)   |
|     10    | actions                           |    (8,)   |
+-----------+-----------------------------------+-----------+

[INFO] Termination Manager:  <TerminationManager> contains 2 active terms.
+---------------------------------+
|     Active Termination Terms    |
+-------+--------------+----------+
| Index | Name         | Time Out |
+-------+--------------+----------+
|   0   | time_out     |   True   |
|   1   | torso_height |  False   |
+-------+--------------+----------+

[INFO] Reward Manager:  <RewardManager> contains 7 active terms.
+-----------------------------------+
|        Active Reward Terms        |
+-------+------------------+--------+
| Index | Name             | Weight |
+-------+------------------+--------+
|   0   | progress         |    1.0 |
|   1   | alive            |    0.5 |
|   2   | upright          |    0.1 |
|   3   | move_to_target   |    0.5 |
|   4   | action_l2        | -0.005 |
|   5   | energy           |  -0.05 |
|   6   | joint_pos_limits |   -0.1 |
+-------+------------------+--------+

[INFO] Curriculum Manager:  <CurriculumManager> contains 0 active terms.
+----------------------+
| Active Curriculum Terms |
+-----------+----------+
|   Index   | Name     |
+-----------+----------+
+-----------+----------+

[INFO]: Completed setting up the environment...
--------------------------------------------------------------------------------
Resolved observation sets: 
	 policy :  ['policy']
	 critic :  ['policy']
--------------------------------------------------------------------------------
Actor MLP: MLP(
  (0): Linear(in_features=60, out_features=400, bias=True)
  (1): ELU(alpha=1.0)
  (2): Linear(in_features=400, out_features=200, bias=True)
  (3): ELU(alpha=1.0)
  (4): Linear(in_features=200, out_features=100, bias=True)
  (5): ELU(alpha=1.0)
  (6): Linear(in_features=100, out_features=8, bias=True)
)
Critic MLP: MLP(
  (0): Linear(in_features=60, out_features=400, bias=True)
  (1): ELU(alpha=1.0)
  (2): Linear(in_features=400, out_features=200, bias=True)
  (3): ELU(alpha=1.0)
  (4): Linear(in_features=200, out_features=100, bias=True)
  (5): ELU(alpha=1.0)
  (6): Linear(in_features=100, out_features=1, bias=True)
)
################################################################################
                       [1m Learning iteration 0/500 [0m                       

                       Computation: 14985 steps/s (collection: 0.862s, learning 0.231s)
             Mean action noise std: 0.99
          Mean value_function loss: 0.0365
               Mean surrogate loss: -0.0121
                 Mean entropy loss: 11.3140
                       Mean reward: -0.59
               Mean episode length: 19.62
           Episode_Reward/progress: -0.0023
              Episode_Reward/alive: 0.0079
            Episode_Reward/upright: 0.0014
     Episode_Reward/move_to_target: 0.0077
          Episode_Reward/action_l2: -0.0007
             Episode_Reward/energy: -0.0405
   Episode_Reward/joint_pos_limits: -0.0024
      Episode_Termination/time_out: 0.0106
  Episode_Termination/torso_height: 0.0000
--------------------------------------------------------------------------------
                   Total timesteps: 16384
                    Iteration time: 1.09s
                      Time elapsed: 00:00:01
                               ETA: 00:09:06

Could not find git repository in /home/hhm/miniforge3/envs/lerobot-arena/lib/python3.11/site-packages/rsl_rl/__init__.py. Skipping.
################################################################################
                       [1m Learning iteration 1/500 [0m                       

                       Computation: 19689 steps/s (collection: 0.748s, learning 0.084s)
             Mean action noise std: 0.97
          Mean value_function loss: 0.0427
               Mean surrogate loss: -0.0150
                 Mean entropy loss: 11.2081
                       Mean reward: -0.97
               Mean episode length: 36.59
           Episode_Reward/progress: -0.0008
              Episode_Reward/alive: 0.0243
            Episode_Reward/upright: 0.0027
     Episode_Reward/move_to_target: 0.0222
          Episode_Reward/action_l2: -0.0019
             Episode_Reward/energy: -0.1189
   Episode_Reward/joint_pos_limits: -0.0078
      Episode_Termination/time_out: 0.0379
  Episode_Termination/torso_height: 0.0018
--------------------------------------------------------------------------------
                   Total timesteps: 32768
                    Iteration time: 0.83s
                      Time elapsed: 00:00:01
                               ETA: 00:08:00

################################################################################
                       [1m Learning iteration 2/500 [0m                       

                       Computation: 36300 steps/s (collection: 0.343s, learning 0.108s)
             Mean action noise std: 0.96
          Mean value_function loss: 0.0375
               Mean surrogate loss: -0.0151
                 Mean entropy loss: 11.0713
                       Mean reward: -1.91
               Mean episode length: 66.07
           Episode_Reward/progress: 0.0065
              Episode_Reward/alive: 0.0413
            Episode_Reward/upright: 0.0023
     Episode_Reward/move_to_target: 0.0235
          Episode_Reward/action_l2: -0.0033
             Episode_Reward/energy: -0.2030
   Episode_Reward/joint_pos_limits: -0.0150
      Episode_Termination/time_out: 0.0595
  Episode_Termination/torso_height: 0.0599
--------------------------------------------------------------------------------
                   Total timesteps: 49152
                    Iteration time: 0.45s
                      Time elapsed: 00:00:02
                               ETA: 00:06:34

################################################################################
                       [1m Learning iteration 3/500 [0m                       

                       Computation: 41022 steps/s (collection: 0.322s, learning 0.077s)
             Mean action noise std: 0.94
          Mean value_function loss: 0.0330
               Mean surrogate loss: -0.0160
                 Mean entropy loss: 10.9003
                       Mean reward: -2.73
               Mean episode length: 96.38
           Episode_Reward/progress: 0.0208
              Episode_Reward/alive: 0.0568
            Episode_Reward/upright: 0.0058
     Episode_Reward/move_to_target: 0.0357
          Episode_Reward/action_l2: -0.0046
             Episode_Reward/energy: -0.2723
   Episode_Reward/joint_pos_limits: -0.0206
      Episode_Termination/time_out: 0.0870
  Episode_Termination/torso_height: 0.1454
--------------------------------------------------------------------------------
                   Total timesteps: 65536
                    Iteration time: 0.40s
                      Time elapsed: 00:00:02
                               ETA: 00:05:44

################################################################################
                       [1m Learning iteration 4/500 [0m                       

                       Computation: 36064 steps/s (collection: 0.358s, learning 0.096s)
             Mean action noise std: 0.92
          Mean value_function loss: 0.0288
               Mean surrogate loss: -0.0142
                 Mean entropy loss: 10.7279
                       Mean reward: -3.42
               Mean episode length: 122.07
           Episode_Reward/progress: -0.0060
              Episode_Reward/alive: 0.0684
            Episode_Reward/upright: 0.0079
     Episode_Reward/move_to_target: 0.0449
          Episode_Reward/action_l2: -0.0054
             Episode_Reward/energy: -0.3122
   Episode_Reward/joint_pos_limits: -0.0254
      Episode_Termination/time_out: 0.1129
  Episode_Termination/torso_height: 0.2051
--------------------------------------------------------------------------------
                   Total timesteps: 81920
                    Iteration time: 0.45s
                      Time elapsed: 00:00:03
                               ETA: 00:05:20

################################################################################
                       [1m Learning iteration 5/500 [0m                       

                       Computation: 40390 steps/s (collection: 0.321s, learning 0.084s)
             Mean action noise std: 0.90
          Mean value_function loss: 0.0252
               Mean surrogate loss: -0.0140
                 Mean entropy loss: 10.5654
                       Mean reward: -3.98
               Mean episode length: 143.20
           Episode_Reward/progress: -0.0175
              Episode_Reward/alive: 0.0766
            Episode_Reward/upright: 0.0080
     Episode_Reward/move_to_target: 0.0450
          Episode_Reward/action_l2: -0.0058
             Episode_Reward/energy: -0.3328
   Episode_Reward/joint_pos_limits: -0.0295
      Episode_Termination/time_out: 0.1367
  Episode_Termination/torso_height: 0.2633
--------------------------------------------------------------------------------
                   Total timesteps: 98304
                    Iteration time: 0.41s
                      Time elapsed: 00:00:03
                               ETA: 00:04:59

################################################################################
                       [1m Learning iteration 6/500 [0m                       

                       Computation: 39804 steps/s (collection: 0.328s, learning 0.083s)
             Mean action noise std: 0.88
          Mean value_function loss: 0.0207
               Mean surrogate loss: -0.0142
                 Mean entropy loss: 10.3946
                       Mean reward: -4.03
               Mean episode length: 159.03
           Episode_Reward/progress: 0.0205
              Episode_Reward/alive: 0.0940
            Episode_Reward/upright: 0.0115
     Episode_Reward/move_to_target: 0.0594
          Episode_Reward/action_l2: -0.0071
             Episode_Reward/energy: -0.3951
   Episode_Reward/joint_pos_limits: -0.0358
      Episode_Termination/time_out: 0.1483
  Episode_Termination/torso_height: 0.3210
--------------------------------------------------------------------------------
                   Total timesteps: 114688
                    Iteration time: 0.41s
                      Time elapsed: 00:00:04
                               ETA: 00:04:45

################################################################################
                       [1m Learning iteration 7/500 [0m                       

                       Computation: 43592 steps/s (collection: 0.293s, learning 0.083s)
             Mean action noise std: 0.86
          Mean value_function loss: 0.0189
               Mean surrogate loss: -0.0153
                 Mean entropy loss: 10.2345
                       Mean reward: -3.96
               Mean episode length: 167.96
           Episode_Reward/progress: 0.0325
              Episode_Reward/alive: 0.1041
            Episode_Reward/upright: 0.0125
     Episode_Reward/move_to_target: 0.0500
          Episode_Reward/action_l2: -0.0077
             Episode_Reward/energy: -0.4118
   Episode_Reward/joint_pos_limits: -0.0420
      Episode_Termination/time_out: 0.1455
  Episode_Termination/torso_height: 0.3580
--------------------------------------------------------------------------------
                   Total timesteps: 131072
                    Iteration time: 0.38s
                      Time elapsed: 00:00:04
                               ETA: 00:04:32

################################################################################
                       [1m Learning iteration 8/500 [0m                       

                       Computation: 42103 steps/s (collection: 0.310s, learning 0.079s)
             Mean action noise std: 0.85
          Mean value_function loss: 0.0168
               Mean surrogate loss: -0.0156
                 Mean entropy loss: 10.0823
                       Mean reward: -4.33
               Mean episode length: 197.70
           Episode_Reward/progress: 0.0115
              Episode_Reward/alive: 0.1192
            Episode_Reward/upright: 0.0170
     Episode_Reward/move_to_target: 0.0622
          Episode_Reward/action_l2: -0.0087
             Episode_Reward/energy: -0.4663
   Episode_Reward/joint_pos_limits: -0.0467
      Episode_Termination/time_out: 0.1500
  Episode_Termination/torso_height: 0.3998
--------------------------------------------------------------------------------
                   Total timesteps: 147456
                    Iteration time: 0.39s
                      Time elapsed: 00:00:04
                               ETA: 00:04:23

################################################################################
                       [1m Learning iteration 9/500 [0m                       

                       Computation: 42057 steps/s (collection: 0.299s, learning 0.091s)
             Mean action noise std: 0.84
          Mean value_function loss: 0.0143
               Mean surrogate loss: -0.0137
                 Mean entropy loss: 9.9731
                       Mean reward: -4.93
               Mean episode length: 227.36
           Episode_Reward/progress: 0.0162
              Episode_Reward/alive: 0.1214
            Episode_Reward/upright: 0.0159
     Episode_Reward/move_to_target: 0.0449
          Episode_Reward/action_l2: -0.0086
             Episode_Reward/energy: -0.4561
   Episode_Reward/joint_pos_limits: -0.0500
      Episode_Termination/time_out: 0.1668
  Episode_Termination/torso_height: 0.4346
--------------------------------------------------------------------------------
                   Total timesteps: 163840
                    Iteration time: 0.39s
                      Time elapsed: 00:00:05
                               ETA: 00:04:15

################################################################################
                      [1m Learning iteration 10/500 [0m                       

                       Computation: 45241 steps/s (collection: 0.270s, learning 0.092s)
             Mean action noise std: 0.83
          Mean value_function loss: 0.0139
               Mean surrogate loss: -0.0137
                 Mean entropy loss: 9.8736
                       Mean reward: -4.96
               Mean episode length: 236.41
           Episode_Reward/progress: 0.0163
              Episode_Reward/alive: 0.1169
            Episode_Reward/upright: 0.0160
     Episode_Reward/move_to_target: 0.0481
          Episode_Reward/action_l2: -0.0081
             Episode_Reward/energy: -0.4100
   Episode_Reward/joint_pos_limits: -0.0488
      Episode_Termination/time_out: 0.1807
  Episode_Termination/torso_height: 0.4576
--------------------------------------------------------------------------------
                   Total timesteps: 180224
                    Iteration time: 0.36s
                      Time elapsed: 00:00:05
                               ETA: 00:04:07

################################################################################
                      [1m Learning iteration 11/500 [0m                       

                       Computation: 42532 steps/s (collection: 0.303s, learning 0.082s)
             Mean action noise std: 0.81
          Mean value_function loss: 0.0114
               Mean surrogate loss: -0.0152
                 Mean entropy loss: 9.7276
                       Mean reward: -5.31
               Mean episode length: 260.54
           Episode_Reward/progress: -0.0095
              Episode_Reward/alive: 0.1592
            Episode_Reward/upright: 0.0254
     Episode_Reward/move_to_target: 0.0764
          Episode_Reward/action_l2: -0.0112
             Episode_Reward/energy: -0.5483
   Episode_Reward/joint_pos_limits: -0.0698
      Episode_Termination/time_out: 0.1958
  Episode_Termination/torso_height: 0.4781
--------------------------------------------------------------------------------
                   Total timesteps: 196608
                    Iteration time: 0.39s
                      Time elapsed: 00:00:05
                               ETA: 00:04:02

################################################################################
                      [1m Learning iteration 12/500 [0m                       

                       Computation: 44315 steps/s (collection: 0.292s, learning 0.078s)
             Mean action noise std: 0.79
          Mean value_function loss: 0.0113
               Mean surrogate loss: -0.0137
                 Mean entropy loss: 9.5493
                       Mean reward: -5.39
               Mean episode length: 267.87
           Episode_Reward/progress: -0.0133
              Episode_Reward/alive: 0.1766
            Episode_Reward/upright: 0.0294
     Episode_Reward/move_to_target: 0.0600
          Episode_Reward/action_l2: -0.0123
             Episode_Reward/energy: -0.5975
   Episode_Reward/joint_pos_limits: -0.0788
      Episode_Termination/time_out: 0.2109
  Episode_Termination/torso_height: 0.4938
--------------------------------------------------------------------------------
                   Total timesteps: 212992
                    Iteration time: 0.37s
                      Time elapsed: 00:00:06
                               ETA: 00:03:57

################################################################################
                      [1m Learning iteration 13/500 [0m                       

                       Computation: 44233 steps/s (collection: 0.295s, learning 0.075s)
             Mean action noise std: 0.78
          Mean value_function loss: 0.0105
               Mean surrogate loss: -0.0126
                 Mean entropy loss: 9.4252
                       Mean reward: -5.70
               Mean episode length: 297.95
           Episode_Reward/progress: -0.0033
              Episode_Reward/alive: 0.1791
            Episode_Reward/upright: 0.0271
     Episode_Reward/move_to_target: 0.0723
          Episode_Reward/action_l2: -0.0124
             Episode_Reward/energy: -0.5682
   Episode_Reward/joint_pos_limits: -0.0831
      Episode_Termination/time_out: 0.2280
  Episode_Termination/torso_height: 0.5093
--------------------------------------------------------------------------------
                   Total timesteps: 229376
                    Iteration time: 0.37s
                      Time elapsed: 00:00:06
                               ETA: 00:03:52

################################################################################
                      [1m Learning iteration 14/500 [0m                       

                       Computation: 47243 steps/s (collection: 0.277s, learning 0.069s)
             Mean action noise std: 0.76
          Mean value_function loss: 0.0090
               Mean surrogate loss: -0.0122
                 Mean entropy loss: 9.2384
                       Mean reward: -5.92
               Mean episode length: 312.86
           Episode_Reward/progress: -0.0506
              Episode_Reward/alive: 0.1767
            Episode_Reward/upright: 0.0288
     Episode_Reward/move_to_target: 0.0747
          Episode_Reward/action_l2: -0.0121
             Episode_Reward/energy: -0.5278
   Episode_Reward/joint_pos_limits: -0.0862
      Episode_Termination/time_out: 0.2399
  Episode_Termination/torso_height: 0.5214
--------------------------------------------------------------------------------
                   Total timesteps: 245760
                    Iteration time: 0.35s
                      Time elapsed: 00:00:07
                               ETA: 00:03:47

################################################################################
                      [1m Learning iteration 15/500 [0m                       

                       Computation: 48598 steps/s (collection: 0.266s, learning 0.071s)
             Mean action noise std: 0.75
          Mean value_function loss: 0.0076
               Mean surrogate loss: -0.0099
                 Mean entropy loss: 9.0800
                       Mean reward: -6.34
               Mean episode length: 341.49
           Episode_Reward/progress: -0.0522
              Episode_Reward/alive: 0.2168
            Episode_Reward/upright: 0.0394
     Episode_Reward/move_to_target: 0.0919
          Episode_Reward/action_l2: -0.0149
             Episode_Reward/energy: -0.6408
   Episode_Reward/joint_pos_limits: -0.1081
      Episode_Termination/time_out: 0.2562
  Episode_Termination/torso_height: 0.5283
--------------------------------------------------------------------------------
                   Total timesteps: 262144
                    Iteration time: 0.34s
                      Time elapsed: 00:00:07
                               ETA: 00:03:43

################################################################################
                      [1m Learning iteration 16/500 [0m                       

                       Computation: 50196 steps/s (collection: 0.252s, learning 0.074s)
             Mean action noise std: 0.73
          Mean value_function loss: 0.0078
               Mean surrogate loss: -0.0087
                 Mean entropy loss: 8.9243
                       Mean reward: -6.63
               Mean episode length: 355.12
           Episode_Reward/progress: -0.0511
              Episode_Reward/alive: 0.2619
            Episode_Reward/upright: 0.0465
     Episode_Reward/move_to_target: 0.0771
          Episode_Reward/action_l2: -0.0176
             Episode_Reward/energy: -0.7422
   Episode_Reward/joint_pos_limits: -0.1326
      Episode_Termination/time_out: 0.2707
  Episode_Termination/torso_height: 0.5311
--------------------------------------------------------------------------------
                   Total timesteps: 278528
                    Iteration time: 0.33s
                      Time elapsed: 00:00:07
                               ETA: 00:03:39

################################################################################
                      [1m Learning iteration 17/500 [0m                       

                       Computation: 50784 steps/s (collection: 0.251s, learning 0.071s)
             Mean action noise std: 0.71
          Mean value_function loss: 0.0060
               Mean surrogate loss: -0.0096
                 Mean entropy loss: 8.7309
                       Mean reward: -6.51
               Mean episode length: 354.28
           Episode_Reward/progress: 0.0161
              Episode_Reward/alive: 0.1843
            Episode_Reward/upright: 0.0288
     Episode_Reward/move_to_target: 0.0484
          Episode_Reward/action_l2: -0.0123
             Episode_Reward/energy: -0.4889
   Episode_Reward/joint_pos_limits: -0.1010
      Episode_Termination/time_out: 0.2732
  Episode_Termination/torso_height: 0.5363
--------------------------------------------------------------------------------
                   Total timesteps: 294912
                    Iteration time: 0.32s
                      Time elapsed: 00:00:08
                               ETA: 00:03:35

################################################################################
                      [1m Learning iteration 18/500 [0m                       

                       Computation: 47358 steps/s (collection: 0.277s, learning 0.069s)
             Mean action noise std: 0.70
          Mean value_function loss: 0.0044
               Mean surrogate loss: -0.0086
                 Mean entropy loss: 8.5642
                       Mean reward: -6.77
               Mean episode length: 378.73
           Episode_Reward/progress: 0.0034
              Episode_Reward/alive: 0.2833
            Episode_Reward/upright: 0.0537
     Episode_Reward/move_to_target: 0.0921
          Episode_Reward/action_l2: -0.0190
             Episode_Reward/energy: -0.7730
   Episode_Reward/joint_pos_limits: -0.1523
      Episode_Termination/time_out: 0.2805
  Episode_Termination/torso_height: 0.5393
--------------------------------------------------------------------------------
                   Total timesteps: 311296
                    Iteration time: 0.35s
                      Time elapsed: 00:00:08
                               ETA: 00:03:32

################################################################################
                      [1m Learning iteration 19/500 [0m                       

                       Computation: 48261 steps/s (collection: 0.263s, learning 0.076s)
             Mean action noise std: 0.69
          Mean value_function loss: 0.0051
               Mean surrogate loss: -0.0067
                 Mean entropy loss: 8.4153
                       Mean reward: -7.04
               Mean episode length: 408.64
           Episode_Reward/progress: 0.0007
              Episode_Reward/alive: 0.2369
            Episode_Reward/upright: 0.0435
     Episode_Reward/move_to_target: 0.0841
          Episode_Reward/action_l2: -0.0160
             Episode_Reward/energy: -0.5834
   Episode_Reward/joint_pos_limits: -0.1376
      Episode_Termination/time_out: 0.3015
  Episode_Termination/torso_height: 0.5416
--------------------------------------------------------------------------------
                   Total timesteps: 327680
                    Iteration time: 0.34s
                      Time elapsed: 00:00:08
                               ETA: 00:03:29

################################################################################
                      [1m Learning iteration 20/500 [0m                       

                       Computation: 47314 steps/s (collection: 0.262s, learning 0.084s)
             Mean action noise std: 0.67
          Mean value_function loss: 0.0038
               Mean surrogate loss: -0.0088
                 Mean entropy loss: 8.2402
                       Mean reward: -7.33
               Mean episode length: 440.32
           Episode_Reward/progress: 0.0506
              Episode_Reward/alive: 0.3403
            Episode_Reward/upright: 0.0599
     Episode_Reward/move_to_target: 0.0508
          Episode_Reward/action_l2: -0.0224
             Episode_Reward/energy: -0.8641
   Episode_Reward/joint_pos_limits: -0.1911
      Episode_Termination/time_out: 0.3154
  Episode_Termination/torso_height: 0.5430
--------------------------------------------------------------------------------
                   Total timesteps: 344064
                    Iteration time: 0.35s
                      Time elapsed: 00:00:09
                               ETA: 00:03:26

################################################################################
                      [1m Learning iteration 21/500 [0m                       

                       Computation: 40391 steps/s (collection: 0.291s, learning 0.114s)
             Mean action noise std: 0.66
          Mean value_function loss: 0.0035
               Mean surrogate loss: -0.0069
                 Mean entropy loss: 8.1044
                       Mean reward: -7.50
               Mean episode length: 450.93
           Episode_Reward/progress: -0.0518
              Episode_Reward/alive: 0.3565
            Episode_Reward/upright: 0.0640
     Episode_Reward/move_to_target: -0.0836
          Episode_Reward/action_l2: -0.0237
             Episode_Reward/energy: -0.8934
   Episode_Reward/joint_pos_limits: -0.2125
      Episode_Termination/time_out: 0.3303
  Episode_Termination/torso_height: 0.5430
--------------------------------------------------------------------------------
                   Total timesteps: 360448
                    Iteration time: 0.41s
                      Time elapsed: 00:00:09
                               ETA: 00:03:25

################################################################################
                      [1m Learning iteration 22/500 [0m                       

                       Computation: 46111 steps/s (collection: 0.263s, learning 0.092s)
             Mean action noise std: 0.65
          Mean value_function loss: 0.0038
               Mean surrogate loss: -0.0099
                 Mean entropy loss: 7.9626
                       Mean reward: -7.59
               Mean episode length: 479.45
           Episode_Reward/progress: -0.0628
              Episode_Reward/alive: 0.3734
            Episode_Reward/upright: 0.0715
     Episode_Reward/move_to_target: 0.1878
          Episode_Reward/action_l2: -0.0247
             Episode_Reward/energy: -0.8744
   Episode_Reward/joint_pos_limits: -0.2309
      Episode_Termination/time_out: 0.3426
  Episode_Termination/torso_height: 0.5430
--------------------------------------------------------------------------------
                   Total timesteps: 376832
                    Iteration time: 0.36s
                      Time elapsed: 00:00:09
                               ETA: 00:03:23

################################################################################
                      [1m Learning iteration 23/500 [0m                       

                       Computation: 44230 steps/s (collection: 0.280s, learning 0.090s)
             Mean action noise std: 0.64
          Mean value_function loss: 0.0030
               Mean surrogate loss: -0.0049
                 Mean entropy loss: 7.8375
                       Mean reward: -7.99
               Mean episode length: 526.90
           Episode_Reward/progress: -0.0142
              Episode_Reward/alive: 0.3514
            Episode_Reward/upright: 0.0648
     Episode_Reward/move_to_target: 0.1723
          Episode_Reward/action_l2: -0.0228
             Episode_Reward/energy: -0.7666
   Episode_Reward/joint_pos_limits: -0.2251
      Episode_Termination/time_out: 0.3598
  Episode_Termination/torso_height: 0.5447
--------------------------------------------------------------------------------
                   Total timesteps: 393216
                    Iteration time: 0.37s
                      Time elapsed: 00:00:10
                               ETA: 00:03:22

################################################################################
                      [1m Learning iteration 24/500 [0m                       

                       Computation: 46685 steps/s (collection: 0.258s, learning 0.093s)
             Mean action noise std: 0.63
          Mean value_function loss: 0.0021
               Mean surrogate loss: -0.0053
                 Mean entropy loss: 7.7069
                       Mean reward: -8.03
               Mean episode length: 557.40
           Episode_Reward/progress: 0.0410
              Episode_Reward/alive: 0.4070
            Episode_Reward/upright: 0.0784
     Episode_Reward/move_to_target: 0.2294
          Episode_Reward/action_l2: -0.0266
             Episode_Reward/energy: -0.8678
   Episode_Reward/joint_pos_limits: -0.2637
      Episode_Termination/time_out: 0.3796
  Episode_Termination/torso_height: 0.5449
--------------------------------------------------------------------------------
                   Total timesteps: 409600
                    Iteration time: 0.35s
                      Time elapsed: 00:00:10
                               ETA: 00:03:20

################################################################################
                      [1m Learning iteration 25/500 [0m                       

                       Computation: 47822 steps/s (collection: 0.253s, learning 0.089s)
             Mean action noise std: 0.62
          Mean value_function loss: 0.0021
               Mean surrogate loss: -0.0068
                 Mean entropy loss: 7.5575
                       Mean reward: -8.17
               Mean episode length: 584.92
           Episode_Reward/progress: 0.0130
              Episode_Reward/alive: 0.4106
            Episode_Reward/upright: 0.0778
     Episode_Reward/move_to_target: 0.1903
          Episode_Reward/action_l2: -0.0266
             Episode_Reward/energy: -0.8762
   Episode_Reward/joint_pos_limits: -0.2626
      Episode_Termination/time_out: 0.3879
  Episode_Termination/torso_height: 0.5450
--------------------------------------------------------------------------------
                   Total timesteps: 425984
                    Iteration time: 0.34s
                      Time elapsed: 00:00:10
                               ETA: 00:03:18

################################################################################
                      [1m Learning iteration 26/500 [0m                       

                       Computation: 49764 steps/s (collection: 0.241s, learning 0.088s)
             Mean action noise std: 0.61
          Mean value_function loss: 0.0020
               Mean surrogate loss: -0.0062
                 Mean entropy loss: 7.4215
                       Mean reward: -8.05
               Mean episode length: 595.25
           Episode_Reward/progress: -0.0337
              Episode_Reward/alive: 0.3896
            Episode_Reward/upright: 0.0736
     Episode_Reward/move_to_target: 0.0644
          Episode_Reward/action_l2: -0.0248
             Episode_Reward/energy: -0.8033
   Episode_Reward/joint_pos_limits: -0.2540
      Episode_Termination/time_out: 0.3953
  Episode_Termination/torso_height: 0.5478
--------------------------------------------------------------------------------
                   Total timesteps: 442368
                    Iteration time: 0.33s
                      Time elapsed: 00:00:11
                               ETA: 00:03:16

################################################################################
                      [1m Learning iteration 27/500 [0m                       

                       Computation: 49400 steps/s (collection: 0.244s, learning 0.087s)
             Mean action noise std: 0.60
          Mean value_function loss: 0.0017
               Mean surrogate loss: -0.0048
                 Mean entropy loss: 7.2861
                       Mean reward: -8.15
               Mean episode length: 641.13
           Episode_Reward/progress: 0.0157
              Episode_Reward/alive: 0.4568
            Episode_Reward/upright: 0.0833
     Episode_Reward/move_to_target: 0.1402
          Episode_Reward/action_l2: -0.0292
             Episode_Reward/energy: -0.8964
   Episode_Reward/joint_pos_limits: -0.3174
      Episode_Termination/time_out: 0.4070
  Episode_Termination/torso_height: 0.5488
--------------------------------------------------------------------------------
                   Total timesteps: 458752
                    Iteration time: 0.33s
                      Time elapsed: 00:00:11
                               ETA: 00:03:14

################################################################################
                      [1m Learning iteration 28/500 [0m                       

                       Computation: 51561 steps/s (collection: 0.250s, learning 0.067s)
             Mean action noise std: 0.59
          Mean value_function loss: 0.0013
               Mean surrogate loss: -0.0068
                 Mean entropy loss: 7.1426
                       Mean reward: -7.94
               Mean episode length: 685.76
           Episode_Reward/progress: -0.0029
              Episode_Reward/alive: 0.4739
            Episode_Reward/upright: 0.0908
     Episode_Reward/move_to_target: 0.2289
          Episode_Reward/action_l2: -0.0299
             Episode_Reward/energy: -0.8725
   Episode_Reward/joint_pos_limits: -0.3348
      Episode_Termination/time_out: 0.4258
  Episode_Termination/torso_height: 0.5488
--------------------------------------------------------------------------------
                   Total timesteps: 475136
                    Iteration time: 0.32s
                      Time elapsed: 00:00:11
                               ETA: 00:03:12

################################################################################
                      [1m Learning iteration 29/500 [0m                       

                       Computation: 50457 steps/s (collection: 0.254s, learning 0.070s)
             Mean action noise std: 0.58
          Mean value_function loss: 0.0013
               Mean surrogate loss: -0.0056
                 Mean entropy loss: 7.0069
                       Mean reward: -8.32
               Mean episode length: 725.50
           Episode_Reward/progress: -0.0574
              Episode_Reward/alive: 0.4478
            Episode_Reward/upright: 0.0847
     Episode_Reward/move_to_target: 0.0654
          Episode_Reward/action_l2: -0.0281
             Episode_Reward/energy: -0.8549
   Episode_Reward/joint_pos_limits: -0.3114
      Episode_Termination/time_out: 0.4431
  Episode_Termination/torso_height: 0.5500
--------------------------------------------------------------------------------
                   Total timesteps: 491520
                    Iteration time: 0.32s
                      Time elapsed: 00:00:12
                               ETA: 00:03:11

################################################################################
                      [1m Learning iteration 30/500 [0m                       

                       Computation: 52177 steps/s (collection: 0.243s, learning 0.071s)
             Mean action noise std: 0.57
          Mean value_function loss: 0.0012
               Mean surrogate loss: -0.0037
                 Mean entropy loss: 6.8921
                       Mean reward: -8.31
               Mean episode length: 746.93
           Episode_Reward/progress: 0.0163
              Episode_Reward/alive: 0.4124
            Episode_Reward/upright: 0.0797
     Episode_Reward/move_to_target: 0.1410
          Episode_Reward/action_l2: -0.0261
             Episode_Reward/energy: -0.7355
   Episode_Reward/joint_pos_limits: -0.3028
      Episode_Termination/time_out: 0.4473
  Episode_Termination/torso_height: 0.5527
--------------------------------------------------------------------------------
                   Total timesteps: 507904
                    Iteration time: 0.31s
                      Time elapsed: 00:00:12
                               ETA: 00:03:09

################################################################################
                      [1m Learning iteration 31/500 [0m                       

                       Computation: 52452 steps/s (collection: 0.244s, learning 0.068s)
             Mean action noise std: 0.56
          Mean value_function loss: 0.0010
               Mean surrogate loss: -0.0064
                 Mean entropy loss: 6.7415
                       Mean reward: -7.90
               Mean episode length: 777.97
           Episode_Reward/progress: 0.0084
              Episode_Reward/alive: 0.5000
            Episode_Reward/upright: 0.0965
     Episode_Reward/move_to_target: 0.0561
          Episode_Reward/action_l2: -0.0306
             Episode_Reward/energy: -0.8021
   Episode_Reward/joint_pos_limits: -0.3843
      Episode_Termination/time_out: 0.4473
  Episode_Termination/torso_height: 0.5527
--------------------------------------------------------------------------------
                   Total timesteps: 524288
                    Iteration time: 0.31s
                      Time elapsed: 00:00:12
                               ETA: 00:03:07

################################################################################
                      [1m Learning iteration 32/500 [0m                       

                       Computation: 45272 steps/s (collection: 0.272s, learning 0.089s)
             Mean action noise std: 0.55
          Mean value_function loss: 0.0011
               Mean surrogate loss: -0.0084
                 Mean entropy loss: 6.6440
                       Mean reward: -6.79
               Mean episode length: 879.23
           Episode_Reward/progress: -0.0121
              Episode_Reward/alive: 0.5000
            Episode_Reward/upright: 0.0958
     Episode_Reward/move_to_target: 0.3073
          Episode_Reward/action_l2: -0.0303
             Episode_Reward/energy: -0.7208
   Episode_Reward/joint_pos_limits: -0.3970
      Episode_Termination/time_out: 0.4776
  Episode_Termination/torso_height: 0.5224
--------------------------------------------------------------------------------
                   Total timesteps: 540672
                    Iteration time: 0.36s
                      Time elapsed: 00:00:13
                               ETA: 00:03:06

################################################################################
                      [1m Learning iteration 33/500 [0m                       

                       Computation: 45276 steps/s (collection: 0.271s, learning 0.090s)
             Mean action noise std: 0.54
          Mean value_function loss: 0.0013
               Mean surrogate loss: -0.0086
                 Mean entropy loss: 6.5137
                       Mean reward: -5.52
               Mean episode length: 911.41
           Episode_Reward/progress: -0.0213
              Episode_Reward/alive: 0.4803
            Episode_Reward/upright: 0.0934
     Episode_Reward/move_to_target: 0.3493
          Episode_Reward/action_l2: -0.0289
             Episode_Reward/energy: -0.6158
   Episode_Reward/joint_pos_limits: -0.3981
      Episode_Termination/time_out: 0.5302
  Episode_Termination/torso_height: 0.4698
--------------------------------------------------------------------------------
                   Total timesteps: 557056
                    Iteration time: 0.36s
                      Time elapsed: 00:00:13
                               ETA: 00:03:05

################################################################################
                      [1m Learning iteration 34/500 [0m                       

                       Computation: 44879 steps/s (collection: 0.276s, learning 0.089s)
             Mean action noise std: 0.53
          Mean value_function loss: 0.0010
               Mean surrogate loss: -0.0104
                 Mean entropy loss: 6.3860
                       Mean reward: -3.89
               Mean episode length: 923.81
           Episode_Reward/progress: 0.0115
              Episode_Reward/alive: 0.4927
            Episode_Reward/upright: 0.0945
     Episode_Reward/move_to_target: 0.2493
          Episode_Reward/action_l2: -0.0288
             Episode_Reward/energy: -0.6134
   Episode_Reward/joint_pos_limits: -0.4053
      Episode_Termination/time_out: 0.5703
  Episode_Termination/torso_height: 0.4297
--------------------------------------------------------------------------------
                   Total timesteps: 573440
                    Iteration time: 0.37s
                      Time elapsed: 00:00:13
                               ETA: 00:03:05

################################################################################
                      [1m Learning iteration 35/500 [0m                       

                       Computation: 45911 steps/s (collection: 0.268s, learning 0.089s)
             Mean action noise std: 0.53
          Mean value_function loss: 0.0011
               Mean surrogate loss: -0.0076
                 Mean entropy loss: 6.2596
                       Mean reward: -2.43
               Mean episode length: 923.81
           Episode_Reward/progress: -0.0002
              Episode_Reward/alive: 0.5000
            Episode_Reward/upright: 0.0983
     Episode_Reward/move_to_target: 0.3092
          Episode_Reward/action_l2: -0.0289
             Episode_Reward/energy: -0.5334
   Episode_Reward/joint_pos_limits: -0.4312
      Episode_Termination/time_out: 0.6153
  Episode_Termination/torso_height: 0.3847
--------------------------------------------------------------------------------
                   Total timesteps: 589824
                    Iteration time: 0.36s
                      Time elapsed: 00:00:14
                               ETA: 00:03:04

################################################################################
                      [1m Learning iteration 36/500 [0m                       

                       Computation: 47459 steps/s (collection: 0.275s, learning 0.071s)
             Mean action noise std: 0.52
          Mean value_function loss: 0.0017
               Mean surrogate loss: -0.0087
                 Mean entropy loss: 6.1733
                       Mean reward: -1.44
               Mean episode length: 942.03
           Episode_Reward/progress: -0.0026
              Episode_Reward/alive: 0.4963
            Episode_Reward/upright: 0.0977
     Episode_Reward/move_to_target: 0.3652
          Episode_Reward/action_l2: -0.0281
             Episode_Reward/energy: -0.5006
   Episode_Reward/joint_pos_limits: -0.4351
      Episode_Termination/time_out: 0.6746
  Episode_Termination/torso_height: 0.3254
--------------------------------------------------------------------------------
                   Total timesteps: 606208
                    Iteration time: 0.35s
                      Time elapsed: 00:00:14
                               ETA: 00:03:03

################################################################################
                      [1m Learning iteration 37/500 [0m                       

                       Computation: 48192 steps/s (collection: 0.270s, learning 0.070s)
             Mean action noise std: 0.52
          Mean value_function loss: 0.0020
               Mean surrogate loss: -0.0094
                 Mean entropy loss: 6.1180
                       Mean reward: -0.14
               Mean episode length: 888.65
           Episode_Reward/progress: 0.0389
              Episode_Reward/alive: 0.3897
            Episode_Reward/upright: 0.0754
     Episode_Reward/move_to_target: 0.2830
          Episode_Reward/action_l2: -0.0216
             Episode_Reward/energy: -0.3392
   Episode_Reward/joint_pos_limits: -0.3489
      Episode_Termination/time_out: 0.7067
  Episode_Termination/torso_height: 0.2933
--------------------------------------------------------------------------------
                   Total timesteps: 622592
                    Iteration time: 0.34s
                      Time elapsed: 00:00:14
                               ETA: 00:03:02

################################################################################
                      [1m Learning iteration 38/500 [0m                       

                       Computation: 46589 steps/s (collection: 0.282s, learning 0.070s)
             Mean action noise std: 0.51
          Mean value_function loss: 0.0012
               Mean surrogate loss: -0.0092
                 Mean entropy loss: 6.0215
                       Mean reward: 1.13
               Mean episode length: 879.52
           Episode_Reward/progress: 0.0002
              Episode_Reward/alive: 0.4950
            Episode_Reward/upright: 0.0974
     Episode_Reward/move_to_target: 0.4472
          Episode_Reward/action_l2: -0.0281
             Episode_Reward/energy: -0.3802
   Episode_Reward/joint_pos_limits: -0.4675
      Episode_Termination/time_out: 0.7471
  Episode_Termination/torso_height: 0.2529
--------------------------------------------------------------------------------
                   Total timesteps: 638976
                    Iteration time: 0.35s
                      Time elapsed: 00:00:15
                               ETA: 00:03:01

################################################################################
                      [1m Learning iteration 39/500 [0m                       

                       Computation: 47196 steps/s (collection: 0.278s, learning 0.070s)
             Mean action noise std: 0.51
          Mean value_function loss: 0.0013
               Mean surrogate loss: -0.0085
                 Mean entropy loss: 5.9329
                       Mean reward: 2.15
               Mean episode length: 888.58
           Episode_Reward/progress: -0.0131
              Episode_Reward/alive: 0.5000
            Episode_Reward/upright: 0.0990
     Episode_Reward/move_to_target: 0.4247
          Episode_Reward/action_l2: -0.0277
             Episode_Reward/energy: -0.3514
   Episode_Reward/joint_pos_limits: -0.4813
      Episode_Termination/time_out: 0.8036
  Episode_Termination/torso_height: 0.1964
--------------------------------------------------------------------------------
                   Total timesteps: 655360
                    Iteration time: 0.35s
                      Time elapsed: 00:00:15
                               ETA: 00:03:00

################################################################################
                      [1m Learning iteration 40/500 [0m                       

                       Computation: 48038 steps/s (collection: 0.272s, learning 0.069s)
             Mean action noise std: 0.50
          Mean value_function loss: 0.0013
               Mean surrogate loss: -0.0066
                 Mean entropy loss: 5.8369
                       Mean reward: 2.76
               Mean episode length: 933.06
           Episode_Reward/progress: 0.0020
              Episode_Reward/alive: 0.4710
            Episode_Reward/upright: 0.0932
     Episode_Reward/move_to_target: 0.4398
          Episode_Reward/action_l2: -0.0261
             Episode_Reward/energy: -0.2851
   Episode_Reward/joint_pos_limits: -0.4662
      Episode_Termination/time_out: 0.8397
  Episode_Termination/torso_height: 0.1603
--------------------------------------------------------------------------------
                   Total timesteps: 671744
                    Iteration time: 0.34s
                      Time elapsed: 00:00:15
                               ETA: 00:02:59

################################################################################
                      [1m Learning iteration 41/500 [0m                       

                       Computation: 46183 steps/s (collection: 0.284s, learning 0.071s)
             Mean action noise std: 0.49
          Mean value_function loss: 0.0014
               Mean surrogate loss: -0.0111
                 Mean entropy loss: 5.7416
                       Mean reward: 3.19
               Mean episode length: 914.99
           Episode_Reward/progress: 0.0031
              Episode_Reward/alive: 0.4481
            Episode_Reward/upright: 0.0885
     Episode_Reward/move_to_target: 0.4253
          Episode_Reward/action_l2: -0.0242
             Episode_Reward/energy: -0.2578
   Episode_Reward/joint_pos_limits: -0.4428
      Episode_Termination/time_out: 0.8674
  Episode_Termination/torso_height: 0.1326
--------------------------------------------------------------------------------
                   Total timesteps: 688128
                    Iteration time: 0.35s
                      Time elapsed: 00:00:16
                               ETA: 00:02:58

################################################################################
                      [1m Learning iteration 42/500 [0m                       

                       Computation: 47897 steps/s (collection: 0.254s, learning 0.088s)
             Mean action noise std: 0.49
          Mean value_function loss: 0.0013
               Mean surrogate loss: -0.0088
                 Mean entropy loss: 5.6535
                       Mean reward: 3.57
               Mean episode length: 914.99
           Episode_Reward/progress: 0.0305
              Episode_Reward/alive: 0.5000
            Episode_Reward/upright: 0.0993
     Episode_Reward/move_to_target: 0.4594
          Episode_Reward/action_l2: -0.0266
             Episode_Reward/energy: -0.2701
   Episode_Reward/joint_pos_limits: -0.4946
      Episode_Termination/time_out: 0.8895
  Episode_Termination/torso_height: 0.1105
--------------------------------------------------------------------------------
                   Total timesteps: 704512
                    Iteration time: 0.34s
                      Time elapsed: 00:00:16
                               ETA: 00:02:57

################################################################################
                      [1m Learning iteration 43/500 [0m                       

                       Computation: 46449 steps/s (collection: 0.265s, learning 0.087s)
             Mean action noise std: 0.49
          Mean value_function loss: 0.0016
               Mean surrogate loss: -0.0065
                 Mean entropy loss: 5.5975
                       Mean reward: 3.98
               Mean episode length: 897.28
           Episode_Reward/progress: 0.0253
              Episode_Reward/alive: 0.4832
            Episode_Reward/upright: 0.0958
     Episode_Reward/move_to_target: 0.4692
          Episode_Reward/action_l2: -0.0250
             Episode_Reward/energy: -0.2309
   Episode_Reward/joint_pos_limits: -0.4874
      Episode_Termination/time_out: 0.9047
  Episode_Termination/torso_height: 0.0953
--------------------------------------------------------------------------------
                   Total timesteps: 720896
                    Iteration time: 0.35s
                      Time elapsed: 00:00:17
                               ETA: 00:02:56

################################################################################
                      [1m Learning iteration 44/500 [0m                       

                       Computation: 45699 steps/s (collection: 0.267s, learning 0.091s)
             Mean action noise std: 0.48
          Mean value_function loss: 0.0018
               Mean surrogate loss: -0.0100
                 Mean entropy loss: 5.5132
                       Mean reward: 4.25
               Mean episode length: 879.83
           Episode_Reward/progress: 0.0038
              Episode_Reward/alive: 0.4102
            Episode_Reward/upright: 0.0803
     Episode_Reward/move_to_target: 0.4019
          Episode_Reward/action_l2: -0.0213
             Episode_Reward/energy: -0.1764
   Episode_Reward/joint_pos_limits: -0.4255
      Episode_Termination/time_out: 0.9192
  Episode_Termination/torso_height: 0.0808
--------------------------------------------------------------------------------
                   Total timesteps: 737280
                    Iteration time: 0.36s
                      Time elapsed: 00:00:17
                               ETA: 00:02:56

################################################################################
                      [1m Learning iteration 45/500 [0m                       

                       Computation: 47525 steps/s (collection: 0.256s, learning 0.088s)
             Mean action noise std: 0.48
          Mean value_function loss: 0.0024
               Mean surrogate loss: -0.0095
                 Mean entropy loss: 5.4242
                       Mean reward: 4.62
               Mean episode length: 897.91
           Episode_Reward/progress: 0.0171
              Episode_Reward/alive: 0.5000
            Episode_Reward/upright: 0.0997
     Episode_Reward/move_to_target: 0.4810
          Episode_Reward/action_l2: -0.0256
             Episode_Reward/energy: -0.2029
   Episode_Reward/joint_pos_limits: -0.5197
      Episode_Termination/time_out: 0.9268
  Episode_Termination/torso_height: 0.0732
--------------------------------------------------------------------------------
                   Total timesteps: 753664
                    Iteration time: 0.34s
                      Time elapsed: 00:00:17
                               ETA: 00:02:55

################################################################################
                      [1m Learning iteration 46/500 [0m                       

                       Computation: 49127 steps/s (collection: 0.246s, learning 0.088s)
             Mean action noise std: 0.47
          Mean value_function loss: 0.0034
               Mean surrogate loss: -0.0096
                 Mean entropy loss: 5.3399
                       Mean reward: 4.62
               Mean episode length: 880.81
           Episode_Reward/progress: 0.0233
              Episode_Reward/alive: 0.3703
            Episode_Reward/upright: 0.0723
     Episode_Reward/move_to_target: 0.3662
          Episode_Reward/action_l2: -0.0186
             Episode_Reward/energy: -0.1585
   Episode_Reward/joint_pos_limits: -0.3748
      Episode_Termination/time_out: 0.9285
  Episode_Termination/torso_height: 0.0715
--------------------------------------------------------------------------------
                   Total timesteps: 770048
                    Iteration time: 0.33s
                      Time elapsed: 00:00:18
                               ETA: 00:02:54

################################################################################
                      [1m Learning iteration 47/500 [0m                       

                       Computation: 47825 steps/s (collection: 0.255s, learning 0.088s)
             Mean action noise std: 0.47
          Mean value_function loss: 0.0031
               Mean surrogate loss: -0.0110
                 Mean entropy loss: 5.2790
                       Mean reward: 4.75
               Mean episode length: 845.34
           Episode_Reward/progress: 0.0269
              Episode_Reward/alive: 0.3695
            Episode_Reward/upright: 0.0722
     Episode_Reward/move_to_target: 0.3668
          Episode_Reward/action_l2: -0.0186
             Episode_Reward/energy: -0.1356
   Episode_Reward/joint_pos_limits: -0.3921
      Episode_Termination/time_out: 0.9290
  Episode_Termination/torso_height: 0.0710
--------------------------------------------------------------------------------
                   Total timesteps: 786432
                    Iteration time: 0.34s
                      Time elapsed: 00:00:18
                               ETA: 00:02:53

################################################################################
                      [1m Learning iteration 48/500 [0m                       

                       Computation: 47822 steps/s (collection: 0.252s, learning 0.091s)
             Mean action noise std: 0.46
          Mean value_function loss: 0.0028
               Mean surrogate loss: -0.0116
                 Mean entropy loss: 5.2220
                       Mean reward: 4.93
               Mean episode length: 845.16
           Episode_Reward/progress: 0.0408
              Episode_Reward/alive: 0.4406
            Episode_Reward/upright: 0.0874
     Episode_Reward/move_to_target: 0.4390
          Episode_Reward/action_l2: -0.0215
             Episode_Reward/energy: -0.1574
   Episode_Reward/joint_pos_limits: -0.4577
      Episode_Termination/time_out: 0.9319
  Episode_Termination/torso_height: 0.0681
--------------------------------------------------------------------------------
                   Total timesteps: 802816
                    Iteration time: 0.34s
                      Time elapsed: 00:00:18
                               ETA: 00:02:52

################################################################################
                      [1m Learning iteration 49/500 [0m                       

                       Computation: 48648 steps/s (collection: 0.250s, learning 0.087s)
             Mean action noise std: 0.46
          Mean value_function loss: 0.0034
               Mean surrogate loss: -0.0093
                 Mean entropy loss: 5.1778
                       Mean reward: 5.08
               Mean episode length: 831.61
           Episode_Reward/progress: 0.0716
              Episode_Reward/alive: 0.4779
            Episode_Reward/upright: 0.0947
     Episode_Reward/move_to_target: 0.4750
          Episode_Reward/action_l2: -0.0226
             Episode_Reward/energy: -0.1745
   Episode_Reward/joint_pos_limits: -0.4946
      Episode_Termination/time_out: 0.9317
  Episode_Termination/torso_height: 0.0683
--------------------------------------------------------------------------------
                   Total timesteps: 819200
                    Iteration time: 0.34s
                      Time elapsed: 00:00:19
                               ETA: 00:02:52

################################################################################
                      [1m Learning iteration 50/500 [0m                       

                       Computation: 47617 steps/s (collection: 0.249s, learning 0.095s)
             Mean action noise std: 0.46
          Mean value_function loss: 0.0043
               Mean surrogate loss: -0.0119
                 Mean entropy loss: 5.1223
                       Mean reward: 5.30
               Mean episode length: 831.58
           Episode_Reward/progress: 0.0576
              Episode_Reward/alive: 0.3976
            Episode_Reward/upright: 0.0769
     Episode_Reward/move_to_target: 0.3932
          Episode_Reward/action_l2: -0.0186
             Episode_Reward/energy: -0.1496
   Episode_Reward/joint_pos_limits: -0.4069
      Episode_Termination/time_out: 0.9302
  Episode_Termination/torso_height: 0.0698
--------------------------------------------------------------------------------
                   Total timesteps: 835584
                    Iteration time: 0.34s
                      Time elapsed: 00:00:19
                               ETA: 00:02:51

################################################################################
                      [1m Learning iteration 51/500 [0m                       

                       Computation: 49614 steps/s (collection: 0.241s, learning 0.089s)
             Mean action noise std: 0.46
          Mean value_function loss: 0.0051
               Mean surrogate loss: -0.0138
                 Mean entropy loss: 5.0609
                       Mean reward: 5.35
               Mean episode length: 822.31
           Episode_Reward/progress: 0.1001
              Episode_Reward/alive: 0.4924
            Episode_Reward/upright: 0.0976
     Episode_Reward/move_to_target: 0.4912
          Episode_Reward/action_l2: -0.0230
             Episode_Reward/energy: -0.1951
   Episode_Reward/joint_pos_limits: -0.4928
      Episode_Termination/time_out: 0.9290
  Episode_Termination/torso_height: 0.0710
--------------------------------------------------------------------------------
                   Total timesteps: 851968
                    Iteration time: 0.33s
                      Time elapsed: 00:00:19
                               ETA: 00:02:50

################################################################################
                      [1m Learning iteration 52/500 [0m                       

                       Computation: 47816 steps/s (collection: 0.253s, learning 0.090s)
             Mean action noise std: 0.45
          Mean value_function loss: 0.0058
               Mean surrogate loss: -0.0117
                 Mean entropy loss: 4.9866
                       Mean reward: 5.48
               Mean episode length: 804.75
           Episode_Reward/progress: 0.0919
              Episode_Reward/alive: 0.3851
            Episode_Reward/upright: 0.0745
     Episode_Reward/move_to_target: 0.3622
          Episode_Reward/action_l2: -0.0172
             Episode_Reward/energy: -0.1629
   Episode_Reward/joint_pos_limits: -0.3753
      Episode_Termination/time_out: 0.9269
  Episode_Termination/torso_height: 0.0731
--------------------------------------------------------------------------------
                   Total timesteps: 868352
                    Iteration time: 0.34s
                      Time elapsed: 00:00:20
                               ETA: 00:02:49

################################################################################
                      [1m Learning iteration 53/500 [0m                       

                       Computation: 47721 steps/s (collection: 0.257s, learning 0.087s)
             Mean action noise std: 0.45
          Mean value_function loss: 0.0063
               Mean surrogate loss: -0.0081
                 Mean entropy loss: 4.9256
                       Mean reward: 5.99
               Mean episode length: 824.13
           Episode_Reward/progress: 0.1407
              Episode_Reward/alive: 0.4850
            Episode_Reward/upright: 0.0968
     Episode_Reward/move_to_target: 0.4781
          Episode_Reward/action_l2: -0.0212
             Episode_Reward/energy: -0.1775
   Episode_Reward/joint_pos_limits: -0.4849
      Episode_Termination/time_out: 0.9247
  Episode_Termination/torso_height: 0.0753
--------------------------------------------------------------------------------
                   Total timesteps: 884736
                    Iteration time: 0.34s
                      Time elapsed: 00:00:20
                               ETA: 00:02:49

################################################################################
                      [1m Learning iteration 54/500 [0m                       

                       Computation: 51023 steps/s (collection: 0.253s, learning 0.068s)
             Mean action noise std: 0.44
          Mean value_function loss: 0.0073
               Mean surrogate loss: -0.0077
                 Mean entropy loss: 4.8685
                       Mean reward: 6.07
               Mean episode length: 815.12
           Episode_Reward/progress: 0.0948
              Episode_Reward/alive: 0.3826
            Episode_Reward/upright: 0.0751
     Episode_Reward/move_to_target: 0.3709
          Episode_Reward/action_l2: -0.0161
             Episode_Reward/energy: -0.1459
   Episode_Reward/joint_pos_limits: -0.3708
      Episode_Termination/time_out: 0.9238
  Episode_Termination/torso_height: 0.0762
--------------------------------------------------------------------------------
                   Total timesteps: 901120
                    Iteration time: 0.32s
                      Time elapsed: 00:00:20
                               ETA: 00:02:48

################################################################################
                      [1m Learning iteration 55/500 [0m                       

                       Computation: 52369 steps/s (collection: 0.246s, learning 0.067s)
             Mean action noise std: 0.44
          Mean value_function loss: 0.0087
               Mean surrogate loss: -0.0099
                 Mean entropy loss: 4.8024
                       Mean reward: 6.22
               Mean episode length: 806.23
           Episode_Reward/progress: 0.1630
              Episode_Reward/alive: 0.4855
            Episode_Reward/upright: 0.0969
     Episode_Reward/move_to_target: 0.4769
          Episode_Reward/action_l2: -0.0210
             Episode_Reward/energy: -0.1782
   Episode_Reward/joint_pos_limits: -0.4813
      Episode_Termination/time_out: 0.9231
  Episode_Termination/torso_height: 0.0769
--------------------------------------------------------------------------------
                   Total timesteps: 917504
                    Iteration time: 0.31s
                      Time elapsed: 00:00:21
                               ETA: 00:02:47

################################################################################
                      [1m Learning iteration 56/500 [0m                       

                       Computation: 49271 steps/s (collection: 0.244s, learning 0.089s)
             Mean action noise std: 0.44
          Mean value_function loss: 0.0089
               Mean surrogate loss: -0.0104
                 Mean entropy loss: 4.7340
                       Mean reward: 6.47
               Mean episode length: 814.74
           Episode_Reward/progress: 0.1941
              Episode_Reward/alive: 0.5000
            Episode_Reward/upright: 0.0994
     Episode_Reward/move_to_target: 0.4929
          Episode_Reward/action_l2: -0.0206
             Episode_Reward/energy: -0.2076
   Episode_Reward/joint_pos_limits: -0.4728
      Episode_Termination/time_out: 0.9247
  Episode_Termination/torso_height: 0.0753
--------------------------------------------------------------------------------
                   Total timesteps: 933888
                    Iteration time: 0.33s
                      Time elapsed: 00:00:21
                               ETA: 00:02:46

################################################################################
                      [1m Learning iteration 57/500 [0m                       

                       Computation: 49795 steps/s (collection: 0.257s, learning 0.072s)
             Mean action noise std: 0.44
          Mean value_function loss: 0.0120
               Mean surrogate loss: -0.0105
                 Mean entropy loss: 4.7050
                       Mean reward: 6.98
               Mean episode length: 837.12
           Episode_Reward/progress: 0.2368
              Episode_Reward/alive: 0.4240
            Episode_Reward/upright: 0.0815
     Episode_Reward/move_to_target: 0.3961
          Episode_Reward/action_l2: -0.0176
             Episode_Reward/energy: -0.1879
   Episode_Reward/joint_pos_limits: -0.3974
      Episode_Termination/time_out: 0.9235
  Episode_Termination/torso_height: 0.0765
--------------------------------------------------------------------------------
                   Total timesteps: 950272
                    Iteration time: 0.33s
                      Time elapsed: 00:00:21
                               ETA: 00:02:46

################################################################################
                      [1m Learning iteration 58/500 [0m                       

                       Computation: 47819 steps/s (collection: 0.254s, learning 0.089s)
             Mean action noise std: 0.43
          Mean value_function loss: 0.0126
               Mean surrogate loss: -0.0099
                 Mean entropy loss: 4.6619
                       Mean reward: 7.47
               Mean episode length: 843.73
           Episode_Reward/progress: 0.1990
              Episode_Reward/alive: 0.3372
            Episode_Reward/upright: 0.0645
     Episode_Reward/move_to_target: 0.3234
          Episode_Reward/action_l2: -0.0139
             Episode_Reward/energy: -0.1541
   Episode_Reward/joint_pos_limits: -0.3193
      Episode_Termination/time_out: 0.9182
  Episode_Termination/torso_height: 0.0818
--------------------------------------------------------------------------------
                   Total timesteps: 966656
                    Iteration time: 0.34s
                      Time elapsed: 00:00:22
                               ETA: 00:02:45

################################################################################
                      [1m Learning iteration 59/500 [0m                       

                       Computation: 51238 steps/s (collection: 0.251s, learning 0.069s)
             Mean action noise std: 0.43
          Mean value_function loss: 0.0139
               Mean surrogate loss: -0.0086
                 Mean entropy loss: 4.6246
                       Mean reward: 7.87
               Mean episode length: 852.26
           Episode_Reward/progress: 0.2869
              Episode_Reward/alive: 0.4971
            Episode_Reward/upright: 0.0987
     Episode_Reward/move_to_target: 0.4848
          Episode_Reward/action_l2: -0.0193
             Episode_Reward/energy: -0.2321
   Episode_Reward/joint_pos_limits: -0.4431
      Episode_Termination/time_out: 0.9165
  Episode_Termination/torso_height: 0.0835
--------------------------------------------------------------------------------
                   Total timesteps: 983040
                    Iteration time: 0.32s
                      Time elapsed: 00:00:22
                               ETA: 00:02:44

################################################################################
                      [1m Learning iteration 60/500 [0m                       

                       Computation: 50088 steps/s (collection: 0.258s, learning 0.069s)
             Mean action noise std: 0.43
          Mean value_function loss: 0.0175
               Mean surrogate loss: -0.0097
                 Mean entropy loss: 4.5793
                       Mean reward: 8.11
               Mean episode length: 834.12
           Episode_Reward/progress: 0.2522
              Episode_Reward/alive: 0.3442
            Episode_Reward/upright: 0.0657
     Episode_Reward/move_to_target: 0.3309
          Episode_Reward/action_l2: -0.0133
             Episode_Reward/energy: -0.1823
   Episode_Reward/joint_pos_limits: -0.3051
      Episode_Termination/time_out: 0.9166
  Episode_Termination/torso_height: 0.0834
--------------------------------------------------------------------------------
                   Total timesteps: 999424
                    Iteration time: 0.33s
                      Time elapsed: 00:00:22
                               ETA: 00:02:43

################################################################################
                      [1m Learning iteration 61/500 [0m                       

                       Computation: 48307 steps/s (collection: 0.251s, learning 0.088s)
             Mean action noise std: 0.43
          Mean value_function loss: 0.0207
               Mean surrogate loss: -0.0092
                 Mean entropy loss: 4.5403
                       Mean reward: 8.48
               Mean episode length: 822.44
           Episode_Reward/progress: 0.3438
              Episode_Reward/alive: 0.4393
            Episode_Reward/upright: 0.0846
     Episode_Reward/move_to_target: 0.4197
          Episode_Reward/action_l2: -0.0169
             Episode_Reward/energy: -0.2167
   Episode_Reward/joint_pos_limits: -0.3961
      Episode_Termination/time_out: 0.9120
  Episode_Termination/torso_height: 0.0880
--------------------------------------------------------------------------------
                   Total timesteps: 1015808
                    Iteration time: 0.34s
                      Time elapsed: 00:00:23
                               ETA: 00:02:43

################################################################################
                      [1m Learning iteration 62/500 [0m                       

                       Computation: 46965 steps/s (collection: 0.279s, learning 0.070s)
             Mean action noise std: 0.43
          Mean value_function loss: 0.0308
               Mean surrogate loss: -0.0073
                 Mean entropy loss: 4.5189
                       Mean reward: 10.33
               Mean episode length: 854.02
           Episode_Reward/progress: 0.4111
              Episode_Reward/alive: 0.4670
            Episode_Reward/upright: 0.0913
     Episode_Reward/move_to_target: 0.4596
          Episode_Reward/action_l2: -0.0176
             Episode_Reward/energy: -0.2518
   Episode_Reward/joint_pos_limits: -0.4094
      Episode_Termination/time_out: 0.9011
  Episode_Termination/torso_height: 0.0989
--------------------------------------------------------------------------------
                   Total timesteps: 1032192
                    Iteration time: 0.35s
                      Time elapsed: 00:00:23
                               ETA: 00:02:42

################################################################################
                      [1m Learning iteration 63/500 [0m                       

                       Computation: 44896 steps/s (collection: 0.276s, learning 0.088s)
             Mean action noise std: 0.42
          Mean value_function loss: 0.0404
               Mean surrogate loss: -0.0070
                 Mean entropy loss: 4.4903
                       Mean reward: 11.54
               Mean episode length: 857.14
           Episode_Reward/progress: 0.3831
              Episode_Reward/alive: 0.4150
            Episode_Reward/upright: 0.0805
     Episode_Reward/move_to_target: 0.4024
          Episode_Reward/action_l2: -0.0156
             Episode_Reward/energy: -0.2371
   Episode_Reward/joint_pos_limits: -0.3568
      Episode_Termination/time_out: 0.8898
  Episode_Termination/torso_height: 0.1102
--------------------------------------------------------------------------------
                   Total timesteps: 1048576
                    Iteration time: 0.36s
                      Time elapsed: 00:00:23
                               ETA: 00:02:42

################################################################################
                      [1m Learning iteration 64/500 [0m                       

                       Computation: 43486 steps/s (collection: 0.288s, learning 0.088s)
             Mean action noise std: 0.42
          Mean value_function loss: 0.0435
               Mean surrogate loss: -0.0061
                 Mean entropy loss: 4.4585
                       Mean reward: 12.30
               Mean episode length: 871.58
           Episode_Reward/progress: 0.4843
              Episode_Reward/alive: 0.4453
            Episode_Reward/upright: 0.0863
     Episode_Reward/move_to_target: 0.4323
          Episode_Reward/action_l2: -0.0163
             Episode_Reward/energy: -0.2661
   Episode_Reward/joint_pos_limits: -0.3751
      Episode_Termination/time_out: 0.8745
  Episode_Termination/torso_height: 0.1255
--------------------------------------------------------------------------------
                   Total timesteps: 1064960
                    Iteration time: 0.38s
                      Time elapsed: 00:00:24
                               ETA: 00:02:42

################################################################################
                      [1m Learning iteration 65/500 [0m                       

                       Computation: 45007 steps/s (collection: 0.274s, learning 0.090s)
             Mean action noise std: 0.42
          Mean value_function loss: 0.0442
               Mean surrogate loss: -0.0090
                 Mean entropy loss: 4.4212
                       Mean reward: 12.51
               Mean episode length: 826.45
           Episode_Reward/progress: 0.5558
              Episode_Reward/alive: 0.4312
            Episode_Reward/upright: 0.0839
     Episode_Reward/move_to_target: 0.4241
          Episode_Reward/action_l2: -0.0155
             Episode_Reward/energy: -0.2732
   Episode_Reward/joint_pos_limits: -0.3534
      Episode_Termination/time_out: 0.8499
  Episode_Termination/torso_height: 0.1501
--------------------------------------------------------------------------------
                   Total timesteps: 1081344
                    Iteration time: 0.36s
                      Time elapsed: 00:00:24
                               ETA: 00:02:41

################################################################################
                      [1m Learning iteration 66/500 [0m                       

                       Computation: 46038 steps/s (collection: 0.288s, learning 0.068s)
             Mean action noise std: 0.42
          Mean value_function loss: 0.0448
               Mean surrogate loss: -0.0079
                 Mean entropy loss: 4.3755
                       Mean reward: 13.16
               Mean episode length: 805.19
           Episode_Reward/progress: 0.5715
              Episode_Reward/alive: 0.4122
            Episode_Reward/upright: 0.0791
     Episode_Reward/move_to_target: 0.4029
          Episode_Reward/action_l2: -0.0150
             Episode_Reward/energy: -0.2788
   Episode_Reward/joint_pos_limits: -0.3361
      Episode_Termination/time_out: 0.8281
  Episode_Termination/torso_height: 0.1719
--------------------------------------------------------------------------------
                   Total timesteps: 1097728
                    Iteration time: 0.36s
                      Time elapsed: 00:00:24
                               ETA: 00:02:41

################################################################################
                      [1m Learning iteration 67/500 [0m                       

                       Computation: 48079 steps/s (collection: 0.270s, learning 0.071s)
             Mean action noise std: 0.42
          Mean value_function loss: 0.0434
               Mean surrogate loss: -0.0087
                 Mean entropy loss: 4.3404
                       Mean reward: 13.06
               Mean episode length: 771.78
           Episode_Reward/progress: 0.5976
              Episode_Reward/alive: 0.4128
            Episode_Reward/upright: 0.0791
     Episode_Reward/move_to_target: 0.3984
          Episode_Reward/action_l2: -0.0147
             Episode_Reward/energy: -0.2920
   Episode_Reward/joint_pos_limits: -0.3296
      Episode_Termination/time_out: 0.8137
  Episode_Termination/torso_height: 0.1863
--------------------------------------------------------------------------------
                   Total timesteps: 1114112
                    Iteration time: 0.34s
                      Time elapsed: 00:00:25
                               ETA: 00:02:40

################################################################################
                      [1m Learning iteration 68/500 [0m                       

                       Computation: 43759 steps/s (collection: 0.285s, learning 0.090s)
             Mean action noise std: 0.42
          Mean value_function loss: 0.0499
               Mean surrogate loss: -0.0079
                 Mean entropy loss: 4.3101
                       Mean reward: 12.93
               Mean episode length: 739.58
           Episode_Reward/progress: 0.5619
              Episode_Reward/alive: 0.3551
            Episode_Reward/upright: 0.0673
     Episode_Reward/move_to_target: 0.3444
          Episode_Reward/action_l2: -0.0127
             Episode_Reward/energy: -0.2692
   Episode_Reward/joint_pos_limits: -0.2777
      Episode_Termination/time_out: 0.8044
  Episode_Termination/torso_height: 0.1956
--------------------------------------------------------------------------------
                   Total timesteps: 1130496
                    Iteration time: 0.37s
                      Time elapsed: 00:00:25
                               ETA: 00:02:40

################################################################################
                      [1m Learning iteration 69/500 [0m                       

                       Computation: 43988 steps/s (collection: 0.284s, learning 0.088s)
             Mean action noise std: 0.41
          Mean value_function loss: 0.0451
               Mean surrogate loss: -0.0085
                 Mean entropy loss: 4.2657
                       Mean reward: 13.63
               Mean episode length: 749.82
           Episode_Reward/progress: 0.6974
              Episode_Reward/alive: 0.4349
            Episode_Reward/upright: 0.0844
     Episode_Reward/move_to_target: 0.4205
          Episode_Reward/action_l2: -0.0154
             Episode_Reward/energy: -0.3300
   Episode_Reward/joint_pos_limits: -0.3375
      Episode_Termination/time_out: 0.7819
  Episode_Termination/torso_height: 0.2181
--------------------------------------------------------------------------------
                   Total timesteps: 1146880
                    Iteration time: 0.37s
                      Time elapsed: 00:00:25
                               ETA: 00:02:39

################################################################################
                      [1m Learning iteration 70/500 [0m                       

                       Computation: 44356 steps/s (collection: 0.281s, learning 0.089s)
             Mean action noise std: 0.41
          Mean value_function loss: 0.0514
               Mean surrogate loss: -0.0033
                 Mean entropy loss: 4.1929
                       Mean reward: 13.26
               Mean episode length: 706.24
           Episode_Reward/progress: 0.6111
              Episode_Reward/alive: 0.3522
            Episode_Reward/upright: 0.0664
     Episode_Reward/move_to_target: 0.3427
          Episode_Reward/action_l2: -0.0123
             Episode_Reward/energy: -0.2758
   Episode_Reward/joint_pos_limits: -0.2708
      Episode_Termination/time_out: 0.7655
  Episode_Termination/torso_height: 0.2345
--------------------------------------------------------------------------------
                   Total timesteps: 1163264
                    Iteration time: 0.37s
                      Time elapsed: 00:00:26
                               ETA: 00:02:39

################################################################################
                      [1m Learning iteration 71/500 [0m                       

                       Computation: 43411 steps/s (collection: 0.290s, learning 0.087s)
             Mean action noise std: 0.41
          Mean value_function loss: 0.0539
               Mean surrogate loss: -0.0073
                 Mean entropy loss: 4.1522
                       Mean reward: 14.29
               Mean episode length: 721.31
           Episode_Reward/progress: 0.8259
              Episode_Reward/alive: 0.4126
            Episode_Reward/upright: 0.0798
     Episode_Reward/move_to_target: 0.4038
          Episode_Reward/action_l2: -0.0145
             Episode_Reward/energy: -0.3486
   Episode_Reward/joint_pos_limits: -0.3131
      Episode_Termination/time_out: 0.7430
  Episode_Termination/torso_height: 0.2570
--------------------------------------------------------------------------------
                   Total timesteps: 1179648
                    Iteration time: 0.38s
                      Time elapsed: 00:00:26
                               ETA: 00:02:39

################################################################################
                      [1m Learning iteration 72/500 [0m                       

                       Computation: 46219 steps/s (collection: 0.265s, learning 0.089s)
             Mean action noise std: 0.41
          Mean value_function loss: 0.0554
               Mean surrogate loss: -0.0080
                 Mean entropy loss: 4.1043
                       Mean reward: 13.73
               Mean episode length: 650.72
           Episode_Reward/progress: 0.5271
              Episode_Reward/alive: 0.2433
            Episode_Reward/upright: 0.0437
     Episode_Reward/move_to_target: 0.2270
          Episode_Reward/action_l2: -0.0085
             Episode_Reward/energy: -0.2311
   Episode_Reward/joint_pos_limits: -0.1773
      Episode_Termination/time_out: 0.7215
  Episode_Termination/torso_height: 0.2785
--------------------------------------------------------------------------------
                   Total timesteps: 1196032
                    Iteration time: 0.35s
                      Time elapsed: 00:00:27
                               ETA: 00:02:38

################################################################################
                      [1m Learning iteration 73/500 [0m                       

                       Computation: 44419 steps/s (collection: 0.281s, learning 0.088s)
             Mean action noise std: 0.40
          Mean value_function loss: 0.0609
               Mean surrogate loss: -0.0055
                 Mean entropy loss: 4.0573
                       Mean reward: 14.10
               Mean episode length: 640.99
           Episode_Reward/progress: 0.7549
              Episode_Reward/alive: 0.3392
            Episode_Reward/upright: 0.0632
     Episode_Reward/move_to_target: 0.3302
          Episode_Reward/action_l2: -0.0118
             Episode_Reward/energy: -0.3053
   Episode_Reward/joint_pos_limits: -0.2512
      Episode_Termination/time_out: 0.6956
  Episode_Termination/torso_height: 0.3044
--------------------------------------------------------------------------------
                   Total timesteps: 1212416
                    Iteration time: 0.37s
                      Time elapsed: 00:00:27
                               ETA: 00:02:38

################################################################################
                      [1m Learning iteration 74/500 [0m                       

                       Computation: 45658 steps/s (collection: 0.270s, learning 0.089s)
             Mean action noise std: 0.40
          Mean value_function loss: 0.0652
               Mean surrogate loss: -0.0057
                 Mean entropy loss: 4.0118
                       Mean reward: 12.67
               Mean episode length: 564.98
           Episode_Reward/progress: 0.6191
              Episode_Reward/alive: 0.2502
            Episode_Reward/upright: 0.0454
     Episode_Reward/move_to_target: 0.2350
          Episode_Reward/action_l2: -0.0088
             Episode_Reward/energy: -0.2413
   Episode_Reward/joint_pos_limits: -0.1823
      Episode_Termination/time_out: 0.6763
  Episode_Termination/torso_height: 0.3237
--------------------------------------------------------------------------------
                   Total timesteps: 1228800
                    Iteration time: 0.36s
                      Time elapsed: 00:00:27
                               ETA: 00:02:37

################################################################################
                      [1m Learning iteration 75/500 [0m                       

                       Computation: 46532 steps/s (collection: 0.263s, learning 0.089s)
             Mean action noise std: 0.40
          Mean value_function loss: 0.0844
               Mean surrogate loss: -0.0070
                 Mean entropy loss: 3.9903
                       Mean reward: 12.37
               Mean episode length: 527.01
           Episode_Reward/progress: 0.7009
              Episode_Reward/alive: 0.2549
            Episode_Reward/upright: 0.0469
     Episode_Reward/move_to_target: 0.2417
          Episode_Reward/action_l2: -0.0091
             Episode_Reward/energy: -0.2571
   Episode_Reward/joint_pos_limits: -0.1871
      Episode_Termination/time_out: 0.6524
  Episode_Termination/torso_height: 0.3476
--------------------------------------------------------------------------------
                   Total timesteps: 1245184
                    Iteration time: 0.35s
                      Time elapsed: 00:00:28
                               ETA: 00:02:37

################################################################################
                      [1m Learning iteration 76/500 [0m                       

                       Computation: 44010 steps/s (collection: 0.278s, learning 0.094s)
             Mean action noise std: 0.40
          Mean value_function loss: 0.0719
               Mean surrogate loss: -0.0067
                 Mean entropy loss: 3.9646
                       Mean reward: 11.58
               Mean episode length: 477.28
           Episode_Reward/progress: 0.5570
              Episode_Reward/alive: 0.2015
            Episode_Reward/upright: 0.0339
     Episode_Reward/move_to_target: 0.1869
          Episode_Reward/action_l2: -0.0072
             Episode_Reward/energy: -0.2100
   Episode_Reward/joint_pos_limits: -0.1441
      Episode_Termination/time_out: 0.6243
  Episode_Termination/torso_height: 0.3757
--------------------------------------------------------------------------------
                   Total timesteps: 1261568
                    Iteration time: 0.37s
                      Time elapsed: 00:00:28
                               ETA: 00:02:37

################################################################################
                      [1m Learning iteration 77/500 [0m                       

                       Computation: 45944 steps/s (collection: 0.268s, learning 0.089s)
             Mean action noise std: 0.40
          Mean value_function loss: 0.0629
               Mean surrogate loss: -0.0089
                 Mean entropy loss: 3.9322
                       Mean reward: 11.99
               Mean episode length: 466.01
           Episode_Reward/progress: 0.8206
              Episode_Reward/alive: 0.2836
            Episode_Reward/upright: 0.0518
     Episode_Reward/move_to_target: 0.2650
          Episode_Reward/action_l2: -0.0100
             Episode_Reward/energy: -0.2927
   Episode_Reward/joint_pos_limits: -0.2034
      Episode_Termination/time_out: 0.5999
  Episode_Termination/torso_height: 0.4001
--------------------------------------------------------------------------------
                   Total timesteps: 1277952
                    Iteration time: 0.36s
                      Time elapsed: 00:00:28
                               ETA: 00:02:36

################################################################################
                      [1m Learning iteration 78/500 [0m                       

                       Computation: 46980 steps/s (collection: 0.259s, learning 0.089s)
             Mean action noise std: 0.39
          Mean value_function loss: 0.0516
               Mean surrogate loss: -0.0079
                 Mean entropy loss: 3.8789
                       Mean reward: 12.84
               Mean episode length: 472.36
           Episode_Reward/progress: 0.9867
              Episode_Reward/alive: 0.3135
            Episode_Reward/upright: 0.0578
     Episode_Reward/move_to_target: 0.3016
          Episode_Reward/action_l2: -0.0111
             Episode_Reward/energy: -0.3374
   Episode_Reward/joint_pos_limits: -0.2234
      Episode_Termination/time_out: 0.5838
  Episode_Termination/torso_height: 0.4162
--------------------------------------------------------------------------------
                   Total timesteps: 1294336
                    Iteration time: 0.35s
                      Time elapsed: 00:00:29
                               ETA: 00:02:36

################################################################################
                      [1m Learning iteration 79/500 [0m                       

                       Computation: 47379 steps/s (collection: 0.258s, learning 0.088s)
             Mean action noise std: 0.39
          Mean value_function loss: 0.0521
               Mean surrogate loss: -0.0060
                 Mean entropy loss: 3.8342
                       Mean reward: 13.14
               Mean episode length: 469.85
           Episode_Reward/progress: 0.8887
              Episode_Reward/alive: 0.2762
            Episode_Reward/upright: 0.0507
     Episode_Reward/move_to_target: 0.2675
          Episode_Reward/action_l2: -0.0099
             Episode_Reward/energy: -0.2920
   Episode_Reward/joint_pos_limits: -0.1997
      Episode_Termination/time_out: 0.5699
  Episode_Termination/torso_height: 0.4301
--------------------------------------------------------------------------------
                   Total timesteps: 1310720
                    Iteration time: 0.35s
                      Time elapsed: 00:00:29
                               ETA: 00:02:35

################################################################################
                      [1m Learning iteration 80/500 [0m                       

                       Computation: 46644 steps/s (collection: 0.261s, learning 0.090s)
             Mean action noise std: 0.39
          Mean value_function loss: 0.0469
               Mean surrogate loss: -0.0080
                 Mean entropy loss: 3.7516
                       Mean reward: 14.48
               Mean episode length: 512.07
           Episode_Reward/progress: 0.8132
              Episode_Reward/alive: 0.2640
            Episode_Reward/upright: 0.0483
     Episode_Reward/move_to_target: 0.2505
          Episode_Reward/action_l2: -0.0094
             Episode_Reward/energy: -0.2791
   Episode_Reward/joint_pos_limits: -0.1910
      Episode_Termination/time_out: 0.5594
  Episode_Termination/torso_height: 0.4406
--------------------------------------------------------------------------------
                   Total timesteps: 1327104
                    Iteration time: 0.35s
                      Time elapsed: 00:00:29
                               ETA: 00:02:35

################################################################################
                      [1m Learning iteration 81/500 [0m                       

                       Computation: 47299 steps/s (collection: 0.258s, learning 0.089s)
             Mean action noise std: 0.38
          Mean value_function loss: 0.0501
               Mean surrogate loss: -0.0066
                 Mean entropy loss: 3.6732
                       Mean reward: 14.70
               Mean episode length: 513.67
           Episode_Reward/progress: 0.5188
              Episode_Reward/alive: 0.1587
            Episode_Reward/upright: 0.0261
     Episode_Reward/move_to_target: 0.1394
          Episode_Reward/action_l2: -0.0058
             Episode_Reward/energy: -0.1848
   Episode_Reward/joint_pos_limits: -0.1122
      Episode_Termination/time_out: 0.5516
  Episode_Termination/torso_height: 0.4484
--------------------------------------------------------------------------------
                   Total timesteps: 1343488
                    Iteration time: 0.35s
                      Time elapsed: 00:00:30
                               ETA: 00:02:34

################################################################################
                      [1m Learning iteration 82/500 [0m                       

                       Computation: 48238 steps/s (collection: 0.269s, learning 0.071s)
             Mean action noise std: 0.38
          Mean value_function loss: 0.0362
               Mean surrogate loss: -0.0067
                 Mean entropy loss: 3.6281
                       Mean reward: 16.26
               Mean episode length: 542.75
           Episode_Reward/progress: 1.3028
              Episode_Reward/alive: 0.3508
            Episode_Reward/upright: 0.0654
     Episode_Reward/move_to_target: 0.3430
          Episode_Reward/action_l2: -0.0125
             Episode_Reward/energy: -0.4032
   Episode_Reward/joint_pos_limits: -0.2486
      Episode_Termination/time_out: 0.5410
  Episode_Termination/torso_height: 0.4590
--------------------------------------------------------------------------------
                   Total timesteps: 1359872
                    Iteration time: 0.34s
                      Time elapsed: 00:00:30
                               ETA: 00:02:34

################################################################################
                      [1m Learning iteration 83/500 [0m                       

                       Computation: 49668 steps/s (collection: 0.257s, learning 0.073s)
             Mean action noise std: 0.38
          Mean value_function loss: 0.0466
               Mean surrogate loss: -0.0043
                 Mean entropy loss: 3.5893
                       Mean reward: 17.18
               Mean episode length: 569.83
           Episode_Reward/progress: 1.5219
              Episode_Reward/alive: 0.4702
            Episode_Reward/upright: 0.0888
     Episode_Reward/move_to_target: 0.4660
          Episode_Reward/action_l2: -0.0161
             Episode_Reward/energy: -0.4937
   Episode_Reward/joint_pos_limits: -0.3323
      Episode_Termination/time_out: 0.5380
  Episode_Termination/torso_height: 0.4620
--------------------------------------------------------------------------------
                   Total timesteps: 1376256
                    Iteration time: 0.33s
                      Time elapsed: 00:00:30
                               ETA: 00:02:33

################################################################################
                      [1m Learning iteration 84/500 [0m                       

                       Computation: 47680 steps/s (collection: 0.254s, learning 0.089s)
             Mean action noise std: 0.38
          Mean value_function loss: 0.0403
               Mean surrogate loss: -0.0072
                 Mean entropy loss: 3.5328
                       Mean reward: 17.30
               Mean episode length: 564.37
           Episode_Reward/progress: 0.9959
              Episode_Reward/alive: 0.2689
            Episode_Reward/upright: 0.0494
     Episode_Reward/move_to_target: 0.2581
          Episode_Reward/action_l2: -0.0096
             Episode_Reward/energy: -0.3233
   Episode_Reward/joint_pos_limits: -0.1888
      Episode_Termination/time_out: 0.5351
  Episode_Termination/torso_height: 0.4649
--------------------------------------------------------------------------------
                   Total timesteps: 1392640
                    Iteration time: 0.34s
                      Time elapsed: 00:00:31
                               ETA: 00:02:33

################################################################################
                      [1m Learning iteration 85/500 [0m                       

                       Computation: 47711 steps/s (collection: 0.257s, learning 0.086s)
             Mean action noise std: 0.38
          Mean value_function loss: 0.0579
               Mean surrogate loss: -0.0055
                 Mean entropy loss: 3.4861
                       Mean reward: 17.41
               Mean episode length: 567.86
           Episode_Reward/progress: 0.7353
              Episode_Reward/alive: 0.2412
            Episode_Reward/upright: 0.0406
     Episode_Reward/move_to_target: 0.2289
          Episode_Reward/action_l2: -0.0087
             Episode_Reward/energy: -0.2646
   Episode_Reward/joint_pos_limits: -0.1761
      Episode_Termination/time_out: 0.5312
  Episode_Termination/torso_height: 0.4688
--------------------------------------------------------------------------------
                   Total timesteps: 1409024
                    Iteration time: 0.34s
                      Time elapsed: 00:00:31
                               ETA: 00:02:32

################################################################################
                      [1m Learning iteration 86/500 [0m                       

                       Computation: 46073 steps/s (collection: 0.268s, learning 0.087s)
             Mean action noise std: 0.37
          Mean value_function loss: 0.0454
               Mean surrogate loss: -0.0017
                 Mean entropy loss: 3.4612
                       Mean reward: 17.56
               Mean episode length: 559.54
           Episode_Reward/progress: 1.1343
              Episode_Reward/alive: 0.3052
            Episode_Reward/upright: 0.0560
     Episode_Reward/move_to_target: 0.2955
          Episode_Reward/action_l2: -0.0109
             Episode_Reward/energy: -0.3537
   Episode_Reward/joint_pos_limits: -0.2218
      Episode_Termination/time_out: 0.5253
  Episode_Termination/torso_height: 0.4747
--------------------------------------------------------------------------------
                   Total timesteps: 1425408
                    Iteration time: 0.36s
                      Time elapsed: 00:00:31
                               ETA: 00:02:32

################################################################################
                      [1m Learning iteration 87/500 [0m                       

                       Computation: 48044 steps/s (collection: 0.270s, learning 0.071s)
             Mean action noise std: 0.37
          Mean value_function loss: 0.0508
               Mean surrogate loss: -0.0055
                 Mean entropy loss: 3.4268
                       Mean reward: 19.40
               Mean episode length: 600.72
           Episode_Reward/progress: 1.7752
              Episode_Reward/alive: 0.4334
            Episode_Reward/upright: 0.0828
     Episode_Reward/move_to_target: 0.4157
          Episode_Reward/action_l2: -0.0157
             Episode_Reward/energy: -0.5222
   Episode_Reward/joint_pos_limits: -0.3111
      Episode_Termination/time_out: 0.5204
  Episode_Termination/torso_height: 0.4796
--------------------------------------------------------------------------------
                   Total timesteps: 1441792
                    Iteration time: 0.34s
                      Time elapsed: 00:00:32
                               ETA: 00:02:31

################################################################################
                      [1m Learning iteration 88/500 [0m                       

                       Computation: 42105 steps/s (collection: 0.290s, learning 0.099s)
             Mean action noise std: 0.37
          Mean value_function loss: 0.0351
               Mean surrogate loss: -0.0053
                 Mean entropy loss: 3.3649
                       Mean reward: 20.59
               Mean episode length: 624.81
           Episode_Reward/progress: 1.5081
              Episode_Reward/alive: 0.3918
            Episode_Reward/upright: 0.0742
     Episode_Reward/move_to_target: 0.3694
          Episode_Reward/action_l2: -0.0143
             Episode_Reward/energy: -0.4799
   Episode_Reward/joint_pos_limits: -0.2794
      Episode_Termination/time_out: 0.5193
  Episode_Termination/torso_height: 0.4807
--------------------------------------------------------------------------------
                   Total timesteps: 1458176
                    Iteration time: 0.39s
                      Time elapsed: 00:00:32
                               ETA: 00:02:31

################################################################################
                      [1m Learning iteration 89/500 [0m                       

                       Computation: 47205 steps/s (collection: 0.263s, learning 0.084s)
             Mean action noise std: 0.37
          Mean value_function loss: 0.0411
               Mean surrogate loss: -0.0047
                 Mean entropy loss: 3.2966
                       Mean reward: 22.80
               Mean episode length: 666.54
           Episode_Reward/progress: 1.7478
              Episode_Reward/alive: 0.3777
            Episode_Reward/upright: 0.0733
     Episode_Reward/move_to_target: 0.3697
          Episode_Reward/action_l2: -0.0137
             Episode_Reward/energy: -0.4599
   Episode_Reward/joint_pos_limits: -0.2746
      Episode_Termination/time_out: 0.5183
  Episode_Termination/torso_height: 0.4817
--------------------------------------------------------------------------------
                   Total timesteps: 1474560
                    Iteration time: 0.35s
                      Time elapsed: 00:00:33
                               ETA: 00:02:30

################################################################################
                      [1m Learning iteration 90/500 [0m                       

                       Computation: 49112 steps/s (collection: 0.261s, learning 0.073s)
             Mean action noise std: 0.37
          Mean value_function loss: 0.0328
               Mean surrogate loss: -0.0056
                 Mean entropy loss: 3.2620
                       Mean reward: 23.47
               Mean episode length: 675.34
           Episode_Reward/progress: 1.5536
              Episode_Reward/alive: 0.3599
            Episode_Reward/upright: 0.0689
     Episode_Reward/move_to_target: 0.3545
          Episode_Reward/action_l2: -0.0130
             Episode_Reward/energy: -0.4334
   Episode_Reward/joint_pos_limits: -0.2604
      Episode_Termination/time_out: 0.5184
  Episode_Termination/torso_height: 0.4816
--------------------------------------------------------------------------------
                   Total timesteps: 1490944
                    Iteration time: 0.33s
                      Time elapsed: 00:00:33
                               ETA: 00:02:30

################################################################################
                      [1m Learning iteration 91/500 [0m                       

                       Computation: 49005 steps/s (collection: 0.261s, learning 0.074s)
             Mean action noise std: 0.36
          Mean value_function loss: 0.0345
               Mean surrogate loss: -0.0051
                 Mean entropy loss: 3.2163
                       Mean reward: 24.14
               Mean episode length: 688.14
           Episode_Reward/progress: 2.0581
              Episode_Reward/alive: 0.4714
            Episode_Reward/upright: 0.0936
     Episode_Reward/move_to_target: 0.4683
          Episode_Reward/action_l2: -0.0170
             Episode_Reward/energy: -0.5614
   Episode_Reward/joint_pos_limits: -0.3405
      Episode_Termination/time_out: 0.5186
  Episode_Termination/torso_height: 0.4814
--------------------------------------------------------------------------------
                   Total timesteps: 1507328
                    Iteration time: 0.33s
                      Time elapsed: 00:00:33
                               ETA: 00:02:29

################################################################################
                      [1m Learning iteration 92/500 [0m                       

                       Computation: 39558 steps/s (collection: 0.319s, learning 0.095s)
             Mean action noise std: 0.36
          Mean value_function loss: 0.0333
               Mean surrogate loss: -0.0036
                 Mean entropy loss: 3.1854
                       Mean reward: 27.56
               Mean episode length: 735.57
           Episode_Reward/progress: 2.2058
              Episode_Reward/alive: 0.4742
            Episode_Reward/upright: 0.0930
     Episode_Reward/move_to_target: 0.4677
          Episode_Reward/action_l2: -0.0171
             Episode_Reward/energy: -0.5790
   Episode_Reward/joint_pos_limits: -0.3429
      Episode_Termination/time_out: 0.5193
  Episode_Termination/torso_height: 0.4807
--------------------------------------------------------------------------------
                   Total timesteps: 1523712
                    Iteration time: 0.41s
                      Time elapsed: 00:00:34
                               ETA: 00:02:29

################################################################################
                      [1m Learning iteration 93/500 [0m                       

                       Computation: 43650 steps/s (collection: 0.284s, learning 0.091s)
             Mean action noise std: 0.36
          Mean value_function loss: 0.0394
               Mean surrogate loss: -0.0040
                 Mean entropy loss: 3.1576
                       Mean reward: 32.16
               Mean episode length: 820.98
           Episode_Reward/progress: 2.2163
              Episode_Reward/alive: 0.4682
            Episode_Reward/upright: 0.0911
     Episode_Reward/move_to_target: 0.4580
          Episode_Reward/action_l2: -0.0170
             Episode_Reward/energy: -0.5838
   Episode_Reward/joint_pos_limits: -0.3411
      Episode_Termination/time_out: 0.5268
  Episode_Termination/torso_height: 0.4732
--------------------------------------------------------------------------------
                   Total timesteps: 1540096
                    Iteration time: 0.38s
                      Time elapsed: 00:00:34
                               ETA: 00:02:29

################################################################################
                      [1m Learning iteration 94/500 [0m                       

                       Computation: 42677 steps/s (collection: 0.301s, learning 0.083s)
             Mean action noise std: 0.36
          Mean value_function loss: 0.0382
               Mean surrogate loss: -0.0067
                 Mean entropy loss: 3.1188
                       Mean reward: 33.86
               Mean episode length: 832.02
           Episode_Reward/progress: 2.0935
              Episode_Reward/alive: 0.4288
            Episode_Reward/upright: 0.0836
     Episode_Reward/move_to_target: 0.4206
          Episode_Reward/action_l2: -0.0156
             Episode_Reward/energy: -0.5351
   Episode_Reward/joint_pos_limits: -0.3144
      Episode_Termination/time_out: 0.5327
  Episode_Termination/torso_height: 0.4673
--------------------------------------------------------------------------------
                   Total timesteps: 1556480
                    Iteration time: 0.38s
                      Time elapsed: 00:00:34
                               ETA: 00:02:29

################################################################################
                      [1m Learning iteration 95/500 [0m                       

                       Computation: 40263 steps/s (collection: 0.319s, learning 0.088s)
             Mean action noise std: 0.36
          Mean value_function loss: 0.0353
               Mean surrogate loss: -0.0040
                 Mean entropy loss: 3.0640
                       Mean reward: 36.47
               Mean episode length: 873.98
           Episode_Reward/progress: 2.3445
              Episode_Reward/alive: 0.4642
            Episode_Reward/upright: 0.0910
     Episode_Reward/move_to_target: 0.4591
          Episode_Reward/action_l2: -0.0170
             Episode_Reward/energy: -0.5740
   Episode_Reward/joint_pos_limits: -0.3415
      Episode_Termination/time_out: 0.5392
  Episode_Termination/torso_height: 0.4608
--------------------------------------------------------------------------------
                   Total timesteps: 1572864
                    Iteration time: 0.41s
                      Time elapsed: 00:00:35
                               ETA: 00:02:28

################################################################################
                      [1m Learning iteration 96/500 [0m                       

                       Computation: 45697 steps/s (collection: 0.289s, learning 0.070s)
             Mean action noise std: 0.35
          Mean value_function loss: 0.0590
               Mean surrogate loss: -0.0054
                 Mean entropy loss: 2.9968
                       Mean reward: 37.72
               Mean episode length: 894.16
           Episode_Reward/progress: 2.3865
              Episode_Reward/alive: 0.4914
            Episode_Reward/upright: 0.0962
     Episode_Reward/move_to_target: 0.4837
          Episode_Reward/action_l2: -0.0178
             Episode_Reward/energy: -0.6063
   Episode_Reward/joint_pos_limits: -0.3627
      Episode_Termination/time_out: 0.5524
  Episode_Termination/torso_height: 0.4476
--------------------------------------------------------------------------------
                   Total timesteps: 1589248
                    Iteration time: 0.36s
                      Time elapsed: 00:00:35
                               ETA: 00:02:28

################################################################################
                      [1m Learning iteration 97/500 [0m                       

                       Computation: 41328 steps/s (collection: 0.303s, learning 0.093s)
             Mean action noise std: 0.35
          Mean value_function loss: 0.0672
               Mean surrogate loss: -0.0023
                 Mean entropy loss: 2.9828
                       Mean reward: 36.65
               Mean episode length: 860.25
           Episode_Reward/progress: 2.1527
              Episode_Reward/alive: 0.4266
            Episode_Reward/upright: 0.0832
     Episode_Reward/move_to_target: 0.4184
          Episode_Reward/action_l2: -0.0156
             Episode_Reward/energy: -0.5258
   Episode_Reward/joint_pos_limits: -0.3184
      Episode_Termination/time_out: 0.5583
  Episode_Termination/torso_height: 0.4417
--------------------------------------------------------------------------------
                   Total timesteps: 1605632
                    Iteration time: 0.40s
                      Time elapsed: 00:00:36
                               ETA: 00:02:28

################################################################################
                      [1m Learning iteration 98/500 [0m                       

                       Computation: 44050 steps/s (collection: 0.301s, learning 0.071s)
             Mean action noise std: 0.35
          Mean value_function loss: 0.0633
               Mean surrogate loss: -0.0031
                 Mean entropy loss: 2.9762
                       Mean reward: 38.42
               Mean episode length: 879.13
           Episode_Reward/progress: 2.6408
              Episode_Reward/alive: 0.4871
            Episode_Reward/upright: 0.0961
     Episode_Reward/move_to_target: 0.4814
          Episode_Reward/action_l2: -0.0179
             Episode_Reward/energy: -0.6260
   Episode_Reward/joint_pos_limits: -0.3613
      Episode_Termination/time_out: 0.5686
  Episode_Termination/torso_height: 0.4314
--------------------------------------------------------------------------------
                   Total timesteps: 1622016
                    Iteration time: 0.37s
                      Time elapsed: 00:00:36
                               ETA: 00:02:27

################################################################################
                      [1m Learning iteration 99/500 [0m                       

                       Computation: 46640 steps/s (collection: 0.277s, learning 0.074s)
             Mean action noise std: 0.35
          Mean value_function loss: 0.0474
               Mean surrogate loss: -0.0057
                 Mean entropy loss: 2.9542
                       Mean reward: 38.12
               Mean episode length: 853.40
           Episode_Reward/progress: 2.4516
              Episode_Reward/alive: 0.4576
            Episode_Reward/upright: 0.0896
     Episode_Reward/move_to_target: 0.4511
          Episode_Reward/action_l2: -0.0168
             Episode_Reward/energy: -0.5768
   Episode_Reward/joint_pos_limits: -0.3404
      Episode_Termination/time_out: 0.5889
  Episode_Termination/torso_height: 0.4111
--------------------------------------------------------------------------------
                   Total timesteps: 1638400
                    Iteration time: 0.35s
                      Time elapsed: 00:00:36
                               ETA: 00:02:27

################################################################################
                      [1m Learning iteration 100/500 [0m                      

                       Computation: 46134 steps/s (collection: 0.281s, learning 0.074s)
             Mean action noise std: 0.35
          Mean value_function loss: 0.0578
               Mean surrogate loss: -0.0044
                 Mean entropy loss: 2.9281
                       Mean reward: 38.44
               Mean episode length: 840.51
           Episode_Reward/progress: 2.3663
              Episode_Reward/alive: 0.4455
            Episode_Reward/upright: 0.0876
     Episode_Reward/move_to_target: 0.4388
          Episode_Reward/action_l2: -0.0163
             Episode_Reward/energy: -0.5528
   Episode_Reward/joint_pos_limits: -0.3353
      Episode_Termination/time_out: 0.5945
  Episode_Termination/torso_height: 0.4055
--------------------------------------------------------------------------------
                   Total timesteps: 1654784
                    Iteration time: 0.36s
                      Time elapsed: 00:00:37
                               ETA: 00:02:27

################################################################################
                      [1m Learning iteration 101/500 [0m                      

                       Computation: 48201 steps/s (collection: 0.271s, learning 0.069s)
             Mean action noise std: 0.35
          Mean value_function loss: 0.0510
               Mean surrogate loss: -0.0056
                 Mean entropy loss: 2.8902
                       Mean reward: 39.67
               Mean episode length: 862.79
           Episode_Reward/progress: 2.3442
              Episode_Reward/alive: 0.4373
            Episode_Reward/upright: 0.0861
     Episode_Reward/move_to_target: 0.4271
          Episode_Reward/action_l2: -0.0160
             Episode_Reward/energy: -0.5597
   Episode_Reward/joint_pos_limits: -0.3271
      Episode_Termination/time_out: 0.5955
  Episode_Termination/torso_height: 0.4045
--------------------------------------------------------------------------------
                   Total timesteps: 1671168
                    Iteration time: 0.34s
                      Time elapsed: 00:00:37
                               ETA: 00:02:26

################################################################################
                      [1m Learning iteration 102/500 [0m                      

                       Computation: 46779 steps/s (collection: 0.275s, learning 0.075s)
             Mean action noise std: 0.35
          Mean value_function loss: 0.0464
               Mean surrogate loss: -0.0060
                 Mean entropy loss: 2.8036
                       Mean reward: 37.88
               Mean episode length: 816.86
           Episode_Reward/progress: 2.0722
              Episode_Reward/alive: 0.3746
            Episode_Reward/upright: 0.0724
     Episode_Reward/move_to_target: 0.3644
          Episode_Reward/action_l2: -0.0139
             Episode_Reward/energy: -0.4743
   Episode_Reward/joint_pos_limits: -0.2819
      Episode_Termination/time_out: 0.6075
  Episode_Termination/torso_height: 0.3925
--------------------------------------------------------------------------------
                   Total timesteps: 1687552
                    Iteration time: 0.35s
                      Time elapsed: 00:00:37
                               ETA: 00:02:26

################################################################################
                      [1m Learning iteration 103/500 [0m                      

                       Computation: 44215 steps/s (collection: 0.296s, learning 0.075s)
             Mean action noise std: 0.34
          Mean value_function loss: 0.0359
               Mean surrogate loss: -0.0059
                 Mean entropy loss: 2.7542
                       Mean reward: 37.99
               Mean episode length: 811.92
           Episode_Reward/progress: 2.2760
              Episode_Reward/alive: 0.4102
            Episode_Reward/upright: 0.0804
     Episode_Reward/move_to_target: 0.4021
          Episode_Reward/action_l2: -0.0152
             Episode_Reward/energy: -0.5153
   Episode_Reward/joint_pos_limits: -0.3128
      Episode_Termination/time_out: 0.6328
  Episode_Termination/torso_height: 0.3672
--------------------------------------------------------------------------------
                   Total timesteps: 1703936
                    Iteration time: 0.37s
                      Time elapsed: 00:00:38
                               ETA: 00:02:25

################################################################################
                      [1m Learning iteration 104/500 [0m                      

                       Computation: 44887 steps/s (collection: 0.289s, learning 0.076s)
             Mean action noise std: 0.34
          Mean value_function loss: 0.0361
               Mean surrogate loss: -0.0048
                 Mean entropy loss: 2.6999
                       Mean reward: 38.74
               Mean episode length: 819.63
           Episode_Reward/progress: 2.6471
              Episode_Reward/alive: 0.4694
            Episode_Reward/upright: 0.0930
     Episode_Reward/move_to_target: 0.4635
          Episode_Reward/action_l2: -0.0174
             Episode_Reward/energy: -0.5970
   Episode_Reward/joint_pos_limits: -0.3595
      Episode_Termination/time_out: 0.6462
  Episode_Termination/torso_height: 0.3538
--------------------------------------------------------------------------------
                   Total timesteps: 1720320
                    Iteration time: 0.36s
                      Time elapsed: 00:00:38
                               ETA: 00:02:25

################################################################################
                      [1m Learning iteration 105/500 [0m                      

                       Computation: 45319 steps/s (collection: 0.289s, learning 0.072s)
             Mean action noise std: 0.34
          Mean value_function loss: 0.0393
               Mean surrogate loss: -0.0059
                 Mean entropy loss: 2.6638
                       Mean reward: 38.55
               Mean episode length: 812.31
           Episode_Reward/progress: 2.3529
              Episode_Reward/alive: 0.4207
            Episode_Reward/upright: 0.0825
     Episode_Reward/move_to_target: 0.4147
          Episode_Reward/action_l2: -0.0156
             Episode_Reward/energy: -0.5356
   Episode_Reward/joint_pos_limits: -0.3222
      Episode_Termination/time_out: 0.6589
  Episode_Termination/torso_height: 0.3411
--------------------------------------------------------------------------------
                   Total timesteps: 1736704
                    Iteration time: 0.36s
                      Time elapsed: 00:00:38
                               ETA: 00:02:25

################################################################################
                      [1m Learning iteration 106/500 [0m                      

                       Computation: 45229 steps/s (collection: 0.279s, learning 0.083s)
             Mean action noise std: 0.34
          Mean value_function loss: 0.0480
               Mean surrogate loss: -0.0052
                 Mean entropy loss: 2.6168
                       Mean reward: 40.13
               Mean episode length: 834.08
           Episode_Reward/progress: 2.7231
              Episode_Reward/alive: 0.4604
            Episode_Reward/upright: 0.0907
     Episode_Reward/move_to_target: 0.4550
          Episode_Reward/action_l2: -0.0171
             Episode_Reward/energy: -0.5883
   Episode_Reward/joint_pos_limits: -0.3538
      Episode_Termination/time_out: 0.6945
  Episode_Termination/torso_height: 0.3055
--------------------------------------------------------------------------------
                   Total timesteps: 1753088
                    Iteration time: 0.36s
                      Time elapsed: 00:00:39
                               ETA: 00:02:24

################################################################################
                      [1m Learning iteration 107/500 [0m                      

                       Computation: 43233 steps/s (collection: 0.304s, learning 0.074s)
             Mean action noise std: 0.34
          Mean value_function loss: 0.0266
               Mean surrogate loss: -0.0051
                 Mean entropy loss: 2.5704
                       Mean reward: 39.70
               Mean episode length: 819.49
           Episode_Reward/progress: 2.3231
              Episode_Reward/alive: 0.4033
            Episode_Reward/upright: 0.0782
     Episode_Reward/move_to_target: 0.3959
          Episode_Reward/action_l2: -0.0151
             Episode_Reward/energy: -0.5118
   Episode_Reward/joint_pos_limits: -0.3131
      Episode_Termination/time_out: 0.7206
  Episode_Termination/torso_height: 0.2794
--------------------------------------------------------------------------------
                   Total timesteps: 1769472
                    Iteration time: 0.38s
                      Time elapsed: 00:00:39
                               ETA: 00:02:24

################################################################################
                      [1m Learning iteration 108/500 [0m                      

                       Computation: 38117 steps/s (collection: 0.337s, learning 0.093s)
             Mean action noise std: 0.33
          Mean value_function loss: 0.0359
               Mean surrogate loss: -0.0026
                 Mean entropy loss: 2.5308
                       Mean reward: 40.60
               Mean episode length: 832.53
           Episode_Reward/progress: 2.8337
              Episode_Reward/alive: 0.4709
            Episode_Reward/upright: 0.0924
     Episode_Reward/move_to_target: 0.4650
          Episode_Reward/action_l2: -0.0177
             Episode_Reward/energy: -0.6129
   Episode_Reward/joint_pos_limits: -0.3652
      Episode_Termination/time_out: 0.7337
  Episode_Termination/torso_height: 0.2663
--------------------------------------------------------------------------------
                   Total timesteps: 1785856
                    Iteration time: 0.43s
                      Time elapsed: 00:00:40
                               ETA: 00:02:24

################################################################################
                      [1m Learning iteration 109/500 [0m                      

                       Computation: 35744 steps/s (collection: 0.361s, learning 0.098s)
             Mean action noise std: 0.33
          Mean value_function loss: 0.0466
               Mean surrogate loss: -0.0063
                 Mean entropy loss: 2.4887
                       Mean reward: 40.33
               Mean episode length: 823.83
           Episode_Reward/progress: 2.4860
              Episode_Reward/alive: 0.4149
            Episode_Reward/upright: 0.0811
     Episode_Reward/move_to_target: 0.4084
          Episode_Reward/action_l2: -0.0155
             Episode_Reward/energy: -0.5253
   Episode_Reward/joint_pos_limits: -0.3203
      Episode_Termination/time_out: 0.7435
  Episode_Termination/torso_height: 0.2565
--------------------------------------------------------------------------------
                   Total timesteps: 1802240
                    Iteration time: 0.46s
                      Time elapsed: 00:00:40
                               ETA: 00:02:24

################################################################################
                      [1m Learning iteration 110/500 [0m                      

                       Computation: 34845 steps/s (collection: 0.368s, learning 0.102s)
             Mean action noise std: 0.33
          Mean value_function loss: 0.0309
               Mean surrogate loss: -0.0051
                 Mean entropy loss: 2.4357
                       Mean reward: 40.89
               Mean episode length: 826.03
           Episode_Reward/progress: 2.0847
              Episode_Reward/alive: 0.3524
            Episode_Reward/upright: 0.0680
     Episode_Reward/move_to_target: 0.3430
          Episode_Reward/action_l2: -0.0132
             Episode_Reward/energy: -0.4587
   Episode_Reward/joint_pos_limits: -0.2709
      Episode_Termination/time_out: 0.7449
  Episode_Termination/torso_height: 0.2551
--------------------------------------------------------------------------------
                   Total timesteps: 1818624
                    Iteration time: 0.47s
                      Time elapsed: 00:00:41
                               ETA: 00:02:24

################################################################################
                      [1m Learning iteration 111/500 [0m                      

                       Computation: 44552 steps/s (collection: 0.273s, learning 0.095s)
             Mean action noise std: 0.33
          Mean value_function loss: 0.0287
               Mean surrogate loss: -0.0063
                 Mean entropy loss: 2.4087
                       Mean reward: 41.17
               Mean episode length: 823.96
           Episode_Reward/progress: 2.8889
              Episode_Reward/alive: 0.4783
            Episode_Reward/upright: 0.0945
     Episode_Reward/move_to_target: 0.4648
          Episode_Reward/action_l2: -0.0179
             Episode_Reward/energy: -0.6351
   Episode_Reward/joint_pos_limits: -0.3685
      Episode_Termination/time_out: 0.7551
  Episode_Termination/torso_height: 0.2449
--------------------------------------------------------------------------------
                   Total timesteps: 1835008
                    Iteration time: 0.37s
                      Time elapsed: 00:00:41
                               ETA: 00:02:23

################################################################################
                      [1m Learning iteration 112/500 [0m                      

                       Computation: 39511 steps/s (collection: 0.320s, learning 0.095s)
             Mean action noise std: 0.33
          Mean value_function loss: 0.0246
               Mean surrogate loss: -0.0057
                 Mean entropy loss: 2.3538
                       Mean reward: 41.28
               Mean episode length: 812.73
           Episode_Reward/progress: 2.9788
              Episode_Reward/alive: 0.4560
            Episode_Reward/upright: 0.0902
     Episode_Reward/move_to_target: 0.4507
          Episode_Reward/action_l2: -0.0171
             Episode_Reward/energy: -0.6135
   Episode_Reward/joint_pos_limits: -0.3517
      Episode_Termination/time_out: 0.7656
  Episode_Termination/torso_height: 0.2344
--------------------------------------------------------------------------------
                   Total timesteps: 1851392
                    Iteration time: 0.41s
                      Time elapsed: 00:00:41
                               ETA: 00:02:23

################################################################################
                      [1m Learning iteration 113/500 [0m                      

                       Computation: 44734 steps/s (collection: 0.278s, learning 0.089s)
             Mean action noise std: 0.33
          Mean value_function loss: 0.0265
               Mean surrogate loss: -0.0088
                 Mean entropy loss: 2.3248
                       Mean reward: 42.25
               Mean episode length: 825.33
           Episode_Reward/progress: 3.0560
              Episode_Reward/alive: 0.5000
            Episode_Reward/upright: 0.0997
     Episode_Reward/move_to_target: 0.4906
          Episode_Reward/action_l2: -0.0189
             Episode_Reward/energy: -0.6648
   Episode_Reward/joint_pos_limits: -0.3828
      Episode_Termination/time_out: 0.7733
  Episode_Termination/torso_height: 0.2267
--------------------------------------------------------------------------------
                   Total timesteps: 1867776
                    Iteration time: 0.37s
                      Time elapsed: 00:00:42
                               ETA: 00:02:23

################################################################################
                      [1m Learning iteration 114/500 [0m                      

                       Computation: 43482 steps/s (collection: 0.285s, learning 0.092s)
             Mean action noise std: 0.32
          Mean value_function loss: 0.0219
               Mean surrogate loss: -0.0053
                 Mean entropy loss: 2.2751
                       Mean reward: 41.60
               Mean episode length: 804.62
           Episode_Reward/progress: 2.1213
              Episode_Reward/alive: 0.3407
            Episode_Reward/upright: 0.0660
     Episode_Reward/move_to_target: 0.3309
          Episode_Reward/action_l2: -0.0129
             Episode_Reward/energy: -0.4526
   Episode_Reward/joint_pos_limits: -0.2661
      Episode_Termination/time_out: 0.7781
  Episode_Termination/torso_height: 0.2219
--------------------------------------------------------------------------------
                   Total timesteps: 1884160
                    Iteration time: 0.38s
                      Time elapsed: 00:00:42
                               ETA: 00:02:22

################################################################################
                      [1m Learning iteration 115/500 [0m                      

                       Computation: 43358 steps/s (collection: 0.290s, learning 0.088s)
             Mean action noise std: 0.32
          Mean value_function loss: 0.0283
               Mean surrogate loss: -0.0047
                 Mean entropy loss: 2.2193
                       Mean reward: 41.70
               Mean episode length: 803.86
           Episode_Reward/progress: 1.8796
              Episode_Reward/alive: 0.3133
            Episode_Reward/upright: 0.0599
     Episode_Reward/move_to_target: 0.3020
          Episode_Reward/action_l2: -0.0115
             Episode_Reward/energy: -0.4089
   Episode_Reward/joint_pos_limits: -0.2457
      Episode_Termination/time_out: 0.7821
  Episode_Termination/torso_height: 0.2179
--------------------------------------------------------------------------------
                   Total timesteps: 1900544
                    Iteration time: 0.38s
                      Time elapsed: 00:00:42
                               ETA: 00:02:22

################################################################################
                      [1m Learning iteration 116/500 [0m                      

                       Computation: 41078 steps/s (collection: 0.292s, learning 0.107s)
             Mean action noise std: 0.32
          Mean value_function loss: 0.0325
               Mean surrogate loss: -0.0033
                 Mean entropy loss: 2.1819
                       Mean reward: 41.24
               Mean episode length: 784.18
           Episode_Reward/progress: 2.7753
              Episode_Reward/alive: 0.4333
            Episode_Reward/upright: 0.0860
     Episode_Reward/move_to_target: 0.4277
          Episode_Reward/action_l2: -0.0162
             Episode_Reward/energy: -0.5873
   Episode_Reward/joint_pos_limits: -0.3374
      Episode_Termination/time_out: 0.7915
  Episode_Termination/torso_height: 0.2085
--------------------------------------------------------------------------------
                   Total timesteps: 1916928
                    Iteration time: 0.40s
                      Time elapsed: 00:00:43
                               ETA: 00:02:22

################################################################################
                      [1m Learning iteration 117/500 [0m                      

                       Computation: 36939 steps/s (collection: 0.328s, learning 0.115s)
             Mean action noise std: 0.32
          Mean value_function loss: 0.0340
               Mean surrogate loss: -0.0063
                 Mean entropy loss: 2.1476
                       Mean reward: 42.28
               Mean episode length: 796.73
           Episode_Reward/progress: 3.1535
              Episode_Reward/alive: 0.4743
            Episode_Reward/upright: 0.0942
     Episode_Reward/move_to_target: 0.4689
          Episode_Reward/action_l2: -0.0178
             Episode_Reward/energy: -0.6388
   Episode_Reward/joint_pos_limits: -0.3726
      Episode_Termination/time_out: 0.7960
  Episode_Termination/torso_height: 0.2040
--------------------------------------------------------------------------------
                   Total timesteps: 1933312
                    Iteration time: 0.44s
                      Time elapsed: 00:00:43
                               ETA: 00:02:22

################################################################################
                      [1m Learning iteration 118/500 [0m                      

                       Computation: 36252 steps/s (collection: 0.342s, learning 0.110s)
             Mean action noise std: 0.32
          Mean value_function loss: 0.0591
               Mean surrogate loss: -0.0054
                 Mean entropy loss: 2.1203
                       Mean reward: 44.10
               Mean episode length: 821.97
           Episode_Reward/progress: 3.0950
              Episode_Reward/alive: 0.4799
            Episode_Reward/upright: 0.0942
     Episode_Reward/move_to_target: 0.4712
          Episode_Reward/action_l2: -0.0181
             Episode_Reward/energy: -0.6521
   Episode_Reward/joint_pos_limits: -0.3753
      Episode_Termination/time_out: 0.8052
  Episode_Termination/torso_height: 0.1948
--------------------------------------------------------------------------------
                   Total timesteps: 1949696
                    Iteration time: 0.45s
                      Time elapsed: 00:00:44
                               ETA: 00:02:21

################################################################################
                      [1m Learning iteration 119/500 [0m                      

                       Computation: 37579 steps/s (collection: 0.329s, learning 0.107s)
             Mean action noise std: 0.32
          Mean value_function loss: 0.0450
               Mean surrogate loss: -0.0063
                 Mean entropy loss: 2.1020
                       Mean reward: 44.39
               Mean episode length: 818.00
           Episode_Reward/progress: 2.8439
              Episode_Reward/alive: 0.4150
            Episode_Reward/upright: 0.0819
     Episode_Reward/move_to_target: 0.4075
          Episode_Reward/action_l2: -0.0157
             Episode_Reward/energy: -0.5754
   Episode_Reward/joint_pos_limits: -0.3299
      Episode_Termination/time_out: 0.8112
  Episode_Termination/torso_height: 0.1888
--------------------------------------------------------------------------------
                   Total timesteps: 1966080
                    Iteration time: 0.44s
                      Time elapsed: 00:00:44
                               ETA: 00:02:21

################################################################################
                      [1m Learning iteration 120/500 [0m                      

                       Computation: 39219 steps/s (collection: 0.322s, learning 0.096s)
             Mean action noise std: 0.32
          Mean value_function loss: 0.0365
               Mean surrogate loss: 0.0002
                 Mean entropy loss: 2.0729
                       Mean reward: 45.21
               Mean episode length: 826.28
           Episode_Reward/progress: 3.3142
              Episode_Reward/alive: 0.4863
            Episode_Reward/upright: 0.0945
     Episode_Reward/move_to_target: 0.4745
          Episode_Reward/action_l2: -0.0183
             Episode_Reward/energy: -0.6721
   Episode_Reward/joint_pos_limits: -0.3761
      Episode_Termination/time_out: 0.8103
  Episode_Termination/torso_height: 0.1897
--------------------------------------------------------------------------------
                   Total timesteps: 1982464
                    Iteration time: 0.42s
                      Time elapsed: 00:00:45
                               ETA: 00:02:21

################################################################################
                      [1m Learning iteration 121/500 [0m                      

                       Computation: 40613 steps/s (collection: 0.288s, learning 0.116s)
             Mean action noise std: 0.32
          Mean value_function loss: 0.0540
               Mean surrogate loss: -0.0059
                 Mean entropy loss: 2.0523
                       Mean reward: 43.85
               Mean episode length: 801.21
           Episode_Reward/progress: 2.1451
              Episode_Reward/alive: 0.3334
            Episode_Reward/upright: 0.0631
     Episode_Reward/move_to_target: 0.3202
          Episode_Reward/action_l2: -0.0127
             Episode_Reward/energy: -0.4564
   Episode_Reward/joint_pos_limits: -0.2628
      Episode_Termination/time_out: 0.8070
  Episode_Termination/torso_height: 0.1930
--------------------------------------------------------------------------------
                   Total timesteps: 1998848
                    Iteration time: 0.40s
                      Time elapsed: 00:00:45
                               ETA: 00:02:21

################################################################################
                      [1m Learning iteration 122/500 [0m                      

                       Computation: 41902 steps/s (collection: 0.299s, learning 0.092s)
             Mean action noise std: 0.31
          Mean value_function loss: 0.0356
               Mean surrogate loss: -0.0051
                 Mean entropy loss: 2.0182
                       Mean reward: 44.45
               Mean episode length: 806.77
           Episode_Reward/progress: 3.1266
              Episode_Reward/alive: 0.4620
            Episode_Reward/upright: 0.0916
     Episode_Reward/move_to_target: 0.4544
          Episode_Reward/action_l2: -0.0177
             Episode_Reward/energy: -0.6492
   Episode_Reward/joint_pos_limits: -0.3638
      Episode_Termination/time_out: 0.8095
  Episode_Termination/torso_height: 0.1905
--------------------------------------------------------------------------------
                   Total timesteps: 2015232
                    Iteration time: 0.39s
                      Time elapsed: 00:00:45
                               ETA: 00:02:20

################################################################################
                      [1m Learning iteration 123/500 [0m                      

                       Computation: 33167 steps/s (collection: 0.397s, learning 0.097s)
             Mean action noise std: 0.31
          Mean value_function loss: 0.0428
               Mean surrogate loss: -0.0058
                 Mean entropy loss: 1.9842
                       Mean reward: 48.25
               Mean episode length: 846.48
           Episode_Reward/progress: 3.3792
              Episode_Reward/alive: 0.4609
            Episode_Reward/upright: 0.0913
     Episode_Reward/move_to_target: 0.4571
          Episode_Reward/action_l2: -0.0178
             Episode_Reward/energy: -0.6654
   Episode_Reward/joint_pos_limits: -0.3655
      Episode_Termination/time_out: 0.8120
  Episode_Termination/torso_height: 0.1880
--------------------------------------------------------------------------------
                   Total timesteps: 2031616
                    Iteration time: 0.49s
                      Time elapsed: 00:00:46
                               ETA: 00:02:20

################################################################################
                      [1m Learning iteration 124/500 [0m                      

                       Computation: 40348 steps/s (collection: 0.327s, learning 0.079s)
             Mean action noise std: 0.31
          Mean value_function loss: 0.0338
               Mean surrogate loss: -0.0065
                 Mean entropy loss: 1.9493
                       Mean reward: 48.32
               Mean episode length: 837.49
           Episode_Reward/progress: 3.1623
              Episode_Reward/alive: 0.4455
            Episode_Reward/upright: 0.0883
     Episode_Reward/move_to_target: 0.4406
          Episode_Reward/action_l2: -0.0171
             Episode_Reward/energy: -0.6274
   Episode_Reward/joint_pos_limits: -0.3541
      Episode_Termination/time_out: 0.8165
  Episode_Termination/torso_height: 0.1835
--------------------------------------------------------------------------------
                   Total timesteps: 2048000
                    Iteration time: 0.41s
                      Time elapsed: 00:00:46
                               ETA: 00:02:20

################################################################################
                      [1m Learning iteration 125/500 [0m                      

                       Computation: 39000 steps/s (collection: 0.324s, learning 0.096s)
             Mean action noise std: 0.31
          Mean value_function loss: 0.0334
               Mean surrogate loss: -0.0062
                 Mean entropy loss: 1.9143
                       Mean reward: 51.75
               Mean episode length: 887.76
           Episode_Reward/progress: 3.3663
              Episode_Reward/alive: 0.4710
            Episode_Reward/upright: 0.0934
     Episode_Reward/move_to_target: 0.4672
          Episode_Reward/action_l2: -0.0181
             Episode_Reward/energy: -0.6698
   Episode_Reward/joint_pos_limits: -0.3732
      Episode_Termination/time_out: 0.8163
  Episode_Termination/torso_height: 0.1837
--------------------------------------------------------------------------------
                   Total timesteps: 2064384
                    Iteration time: 0.42s
                      Time elapsed: 00:00:47
                               ETA: 00:02:20

################################################################################
                      [1m Learning iteration 126/500 [0m                      

                       Computation: 45556 steps/s (collection: 0.279s, learning 0.081s)
             Mean action noise std: 0.31
          Mean value_function loss: 0.0319
               Mean surrogate loss: -0.0058
                 Mean entropy loss: 1.8651
                       Mean reward: 53.68
               Mean episode length: 908.67
           Episode_Reward/progress: 3.7071
              Episode_Reward/alive: 0.4998
            Episode_Reward/upright: 0.0990
     Episode_Reward/move_to_target: 0.4979
          Episode_Reward/action_l2: -0.0190
             Episode_Reward/energy: -0.6988
   Episode_Reward/joint_pos_limits: -0.3997
      Episode_Termination/time_out: 0.8184
  Episode_Termination/torso_height: 0.1816
--------------------------------------------------------------------------------
                   Total timesteps: 2080768
                    Iteration time: 0.36s
                      Time elapsed: 00:00:47
                               ETA: 00:02:20

################################################################################
                      [1m Learning iteration 127/500 [0m                      

                       Computation: 44103 steps/s (collection: 0.283s, learning 0.089s)
             Mean action noise std: 0.30
          Mean value_function loss: 0.0251
               Mean surrogate loss: -0.0033
                 Mean entropy loss: 1.8018
                       Mean reward: 54.18
               Mean episode length: 908.35
           Episode_Reward/progress: 3.6135
              Episode_Reward/alive: 0.4926
            Episode_Reward/upright: 0.0982
     Episode_Reward/move_to_target: 0.4890
          Episode_Reward/action_l2: -0.0190
             Episode_Reward/energy: -0.7174
   Episode_Reward/joint_pos_limits: -0.3900
      Episode_Termination/time_out: 0.8226
  Episode_Termination/torso_height: 0.1774
--------------------------------------------------------------------------------
                   Total timesteps: 2097152
                    Iteration time: 0.37s
                      Time elapsed: 00:00:47
                               ETA: 00:02:19

################################################################################
                      [1m Learning iteration 128/500 [0m                      

                       Computation: 44663 steps/s (collection: 0.291s, learning 0.075s)
             Mean action noise std: 0.30
          Mean value_function loss: 0.0352
               Mean surrogate loss: -0.0050
                 Mean entropy loss: 1.7389
                       Mean reward: 54.80
               Mean episode length: 917.59
           Episode_Reward/progress: 3.4926
              Episode_Reward/alive: 0.4782
            Episode_Reward/upright: 0.0949
     Episode_Reward/move_to_target: 0.4738
          Episode_Reward/action_l2: -0.0185
             Episode_Reward/energy: -0.6888
   Episode_Reward/joint_pos_limits: -0.3816
      Episode_Termination/time_out: 0.8314
  Episode_Termination/torso_height: 0.1686
--------------------------------------------------------------------------------
                   Total timesteps: 2113536
                    Iteration time: 0.37s
                      Time elapsed: 00:00:48
                               ETA: 00:02:19

################################################################################
                      [1m Learning iteration 129/500 [0m                      

                       Computation: 46882 steps/s (collection: 0.277s, learning 0.072s)
             Mean action noise std: 0.30
          Mean value_function loss: 0.0307
               Mean surrogate loss: -0.0055
                 Mean entropy loss: 1.6831
                       Mean reward: 53.97
               Mean episode length: 897.56
           Episode_Reward/progress: 3.2164
              Episode_Reward/alive: 0.4381
            Episode_Reward/upright: 0.0866
     Episode_Reward/move_to_target: 0.4322
          Episode_Reward/action_l2: -0.0169
             Episode_Reward/energy: -0.6329
   Episode_Reward/joint_pos_limits: -0.3483
      Episode_Termination/time_out: 0.8362
  Episode_Termination/torso_height: 0.1638
--------------------------------------------------------------------------------
                   Total timesteps: 2129920
                    Iteration time: 0.35s
                      Time elapsed: 00:00:48
                               ETA: 00:02:18

################################################################################
                      [1m Learning iteration 130/500 [0m                      

                       Computation: 46978 steps/s (collection: 0.280s, learning 0.069s)
             Mean action noise std: 0.30
          Mean value_function loss: 0.0474
               Mean surrogate loss: -0.0045
                 Mean entropy loss: 1.6576
                       Mean reward: 52.23
               Mean episode length: 862.48
           Episode_Reward/progress: 3.0710
              Episode_Reward/alive: 0.4124
            Episode_Reward/upright: 0.0812
     Episode_Reward/move_to_target: 0.4061
          Episode_Reward/action_l2: -0.0159
             Episode_Reward/energy: -0.5934
   Episode_Reward/joint_pos_limits: -0.3289
      Episode_Termination/time_out: 0.8386
  Episode_Termination/torso_height: 0.1614
--------------------------------------------------------------------------------
                   Total timesteps: 2146304
                    Iteration time: 0.35s
                      Time elapsed: 00:00:48
                               ETA: 00:02:18

################################################################################
                      [1m Learning iteration 131/500 [0m                      

                       Computation: 41589 steps/s (collection: 0.317s, learning 0.077s)
             Mean action noise std: 0.30
          Mean value_function loss: 0.0483
               Mean surrogate loss: -0.0041
                 Mean entropy loss: 1.6301
                       Mean reward: 52.48
               Mean episode length: 862.09
           Episode_Reward/progress: 3.7929
              Episode_Reward/alive: 0.4993
            Episode_Reward/upright: 0.0996
     Episode_Reward/move_to_target: 0.4973
          Episode_Reward/action_l2: -0.0194
             Episode_Reward/energy: -0.7270
   Episode_Reward/joint_pos_limits: -0.4007
      Episode_Termination/time_out: 0.8451
  Episode_Termination/torso_height: 0.1549
--------------------------------------------------------------------------------
                   Total timesteps: 2162688
                    Iteration time: 0.39s
                      Time elapsed: 00:00:49
                               ETA: 00:02:18

################################################################################
                      [1m Learning iteration 132/500 [0m                      

                       Computation: 41538 steps/s (collection: 0.293s, learning 0.101s)
             Mean action noise std: 0.30
          Mean value_function loss: 0.0662
               Mean surrogate loss: -0.0034
                 Mean entropy loss: 1.6034
                       Mean reward: 54.33
               Mean episode length: 870.74
           Episode_Reward/progress: 3.4793
              Episode_Reward/alive: 0.4558
            Episode_Reward/upright: 0.0906
     Episode_Reward/move_to_target: 0.4540
          Episode_Reward/action_l2: -0.0178
             Episode_Reward/energy: -0.6615
   Episode_Reward/joint_pos_limits: -0.3652
      Episode_Termination/time_out: 0.8523
  Episode_Termination/torso_height: 0.1477
--------------------------------------------------------------------------------
                   Total timesteps: 2179072
                    Iteration time: 0.39s
                      Time elapsed: 00:00:49
                               ETA: 00:02:17

################################################################################
                      [1m Learning iteration 133/500 [0m                      

                       Computation: 38700 steps/s (collection: 0.332s, learning 0.092s)
             Mean action noise std: 0.30
          Mean value_function loss: 0.0383
               Mean surrogate loss: -0.0082
                 Mean entropy loss: 1.5717
                       Mean reward: 55.35
               Mean episode length: 877.45
           Episode_Reward/progress: 3.2451
              Episode_Reward/alive: 0.4214
            Episode_Reward/upright: 0.0829
     Episode_Reward/move_to_target: 0.4153
          Episode_Reward/action_l2: -0.0166
             Episode_Reward/energy: -0.6294
   Episode_Reward/joint_pos_limits: -0.3361
      Episode_Termination/time_out: 0.8535
  Episode_Termination/torso_height: 0.1465
--------------------------------------------------------------------------------
                   Total timesteps: 2195456
                    Iteration time: 0.42s
                      Time elapsed: 00:00:50
                               ETA: 00:02:17

################################################################################
                      [1m Learning iteration 134/500 [0m                      

                       Computation: 45260 steps/s (collection: 0.273s, learning 0.089s)
             Mean action noise std: 0.30
          Mean value_function loss: 0.0450
               Mean surrogate loss: -0.0050
                 Mean entropy loss: 1.5272
                       Mean reward: 54.82
               Mean episode length: 864.32
           Episode_Reward/progress: 3.5084
              Episode_Reward/alive: 0.4443
            Episode_Reward/upright: 0.0871
     Episode_Reward/move_to_target: 0.4418
          Episode_Reward/action_l2: -0.0175
             Episode_Reward/energy: -0.6611
   Episode_Reward/joint_pos_limits: -0.3573
      Episode_Termination/time_out: 0.8516
  Episode_Termination/torso_height: 0.1484
--------------------------------------------------------------------------------
                   Total timesteps: 2211840
                    Iteration time: 0.36s
                      Time elapsed: 00:00:50
                               ETA: 00:02:17

################################################################################
                      [1m Learning iteration 135/500 [0m                      

                       Computation: 45274 steps/s (collection: 0.274s, learning 0.088s)
             Mean action noise std: 0.29
          Mean value_function loss: 0.0532
               Mean surrogate loss: -0.0073
                 Mean entropy loss: 1.4922
                       Mean reward: 52.88
               Mean episode length: 832.03
           Episode_Reward/progress: 3.2431
              Episode_Reward/alive: 0.4151
            Episode_Reward/upright: 0.0815
     Episode_Reward/move_to_target: 0.4094
          Episode_Reward/action_l2: -0.0164
             Episode_Reward/energy: -0.6213
   Episode_Reward/joint_pos_limits: -0.3337
      Episode_Termination/time_out: 0.8521
  Episode_Termination/torso_height: 0.1479
--------------------------------------------------------------------------------
                   Total timesteps: 2228224
                    Iteration time: 0.36s
                      Time elapsed: 00:00:50
                               ETA: 00:02:16

################################################################################
                      [1m Learning iteration 136/500 [0m                      

                       Computation: 44877 steps/s (collection: 0.275s, learning 0.090s)
             Mean action noise std: 0.29
          Mean value_function loss: 0.0362
               Mean surrogate loss: -0.0054
                 Mean entropy loss: 1.4555
                       Mean reward: 50.56
               Mean episode length: 797.59
           Episode_Reward/progress: 3.5973
              Episode_Reward/alive: 0.4558
            Episode_Reward/upright: 0.0900
     Episode_Reward/move_to_target: 0.4514
          Episode_Reward/action_l2: -0.0180
             Episode_Reward/energy: -0.6836
   Episode_Reward/joint_pos_limits: -0.3668
      Episode_Termination/time_out: 0.8510
  Episode_Termination/torso_height: 0.1490
--------------------------------------------------------------------------------
                   Total timesteps: 2244608
                    Iteration time: 0.37s
                      Time elapsed: 00:00:51
                               ETA: 00:02:16

################################################################################
                      [1m Learning iteration 137/500 [0m                      

                       Computation: 45871 steps/s (collection: 0.266s, learning 0.091s)
             Mean action noise std: 0.29
          Mean value_function loss: 0.0467
               Mean surrogate loss: -0.0045
                 Mean entropy loss: 1.3970
                       Mean reward: 52.23
               Mean episode length: 818.26
           Episode_Reward/progress: 3.4002
              Episode_Reward/alive: 0.4346
            Episode_Reward/upright: 0.0855
     Episode_Reward/move_to_target: 0.4295
          Episode_Reward/action_l2: -0.0172
             Episode_Reward/energy: -0.6485
   Episode_Reward/joint_pos_limits: -0.3511
      Episode_Termination/time_out: 0.8503
  Episode_Termination/torso_height: 0.1497
--------------------------------------------------------------------------------
                   Total timesteps: 2260992
                    Iteration time: 0.36s
                      Time elapsed: 00:00:51
                               ETA: 00:02:15

################################################################################
                      [1m Learning iteration 138/500 [0m                      

                       Computation: 42774 steps/s (collection: 0.284s, learning 0.099s)
             Mean action noise std: 0.29
          Mean value_function loss: 0.0310
               Mean surrogate loss: -0.0071
                 Mean entropy loss: 1.3573
                       Mean reward: 51.99
               Mean episode length: 812.82
           Episode_Reward/progress: 3.5355
              Episode_Reward/alive: 0.4345
            Episode_Reward/upright: 0.0850
     Episode_Reward/move_to_target: 0.4293
          Episode_Reward/action_l2: -0.0173
             Episode_Reward/energy: -0.6672
   Episode_Reward/joint_pos_limits: -0.3502
      Episode_Termination/time_out: 0.8536
  Episode_Termination/torso_height: 0.1464
--------------------------------------------------------------------------------
                   Total timesteps: 2277376
                    Iteration time: 0.38s
                      Time elapsed: 00:00:52
                               ETA: 00:02:15

################################################################################
                      [1m Learning iteration 139/500 [0m                      

                       Computation: 46273 steps/s (collection: 0.264s, learning 0.090s)
             Mean action noise std: 0.29
          Mean value_function loss: 0.0358
               Mean surrogate loss: -0.0049
                 Mean entropy loss: 1.3082
                       Mean reward: 50.94
               Mean episode length: 797.01
           Episode_Reward/progress: 2.7594
              Episode_Reward/alive: 0.3673
            Episode_Reward/upright: 0.0709
     Episode_Reward/move_to_target: 0.3593
          Episode_Reward/action_l2: -0.0147
             Episode_Reward/energy: -0.5396
   Episode_Reward/joint_pos_limits: -0.2987
      Episode_Termination/time_out: 0.8449
  Episode_Termination/torso_height: 0.1551
--------------------------------------------------------------------------------
                   Total timesteps: 2293760
                    Iteration time: 0.35s
                      Time elapsed: 00:00:52
                               ETA: 00:02:15

################################################################################
                      [1m Learning iteration 140/500 [0m                      

                       Computation: 48037 steps/s (collection: 0.252s, learning 0.089s)
             Mean action noise std: 0.29
          Mean value_function loss: 0.0377
               Mean surrogate loss: -0.0034
                 Mean entropy loss: 1.2844
                       Mean reward: 51.77
               Mean episode length: 804.40
           Episode_Reward/progress: 3.9781
              Episode_Reward/alive: 0.4826
            Episode_Reward/upright: 0.0953
     Episode_Reward/move_to_target: 0.4796
          Episode_Reward/action_l2: -0.0195
             Episode_Reward/energy: -0.7447
   Episode_Reward/joint_pos_limits: -0.3919
      Episode_Termination/time_out: 0.8444
  Episode_Termination/torso_height: 0.1556
--------------------------------------------------------------------------------
                   Total timesteps: 2310144
                    Iteration time: 0.34s
                      Time elapsed: 00:00:52
                               ETA: 00:02:14

################################################################################
                      [1m Learning iteration 141/500 [0m                      

                       Computation: 42774 steps/s (collection: 0.290s, learning 0.093s)
             Mean action noise std: 0.29
          Mean value_function loss: 0.0602
               Mean surrogate loss: -0.0059
                 Mean entropy loss: 1.2675
                       Mean reward: 52.08
               Mean episode length: 802.22
           Episode_Reward/progress: 3.2992
              Episode_Reward/alive: 0.3972
            Episode_Reward/upright: 0.0779
     Episode_Reward/move_to_target: 0.3922
          Episode_Reward/action_l2: -0.0159
             Episode_Reward/energy: -0.6110
   Episode_Reward/joint_pos_limits: -0.3217
      Episode_Termination/time_out: 0.8453
  Episode_Termination/torso_height: 0.1547
--------------------------------------------------------------------------------
                   Total timesteps: 2326528
                    Iteration time: 0.38s
                      Time elapsed: 00:00:53
                               ETA: 00:02:14

################################################################################
                      [1m Learning iteration 142/500 [0m                      

                       Computation: 45474 steps/s (collection: 0.268s, learning 0.092s)
             Mean action noise std: 0.29
          Mean value_function loss: 0.0512
               Mean surrogate loss: -0.0048
                 Mean entropy loss: 1.2470
                       Mean reward: 51.52
               Mean episode length: 791.97
           Episode_Reward/progress: 3.7846
              Episode_Reward/alive: 0.4512
            Episode_Reward/upright: 0.0883
     Episode_Reward/move_to_target: 0.4453
          Episode_Reward/action_l2: -0.0183
             Episode_Reward/energy: -0.7215
   Episode_Reward/joint_pos_limits: -0.3630
      Episode_Termination/time_out: 0.8450
  Episode_Termination/torso_height: 0.1550
--------------------------------------------------------------------------------
                   Total timesteps: 2342912
                    Iteration time: 0.36s
                      Time elapsed: 00:00:53
                               ETA: 00:02:13

################################################################################
                      [1m Learning iteration 143/500 [0m                      

                       Computation: 47583 steps/s (collection: 0.256s, learning 0.089s)
             Mean action noise std: 0.28
          Mean value_function loss: 0.0512
               Mean surrogate loss: -0.0052
                 Mean entropy loss: 1.2263
                       Mean reward: 51.40
               Mean episode length: 786.00
           Episode_Reward/progress: 2.9262
              Episode_Reward/alive: 0.3536
            Episode_Reward/upright: 0.0687
     Episode_Reward/move_to_target: 0.3451
          Episode_Reward/action_l2: -0.0144
             Episode_Reward/energy: -0.5465
   Episode_Reward/joint_pos_limits: -0.2877
      Episode_Termination/time_out: 0.8416
  Episode_Termination/torso_height: 0.1584
--------------------------------------------------------------------------------
                   Total timesteps: 2359296
                    Iteration time: 0.34s
                      Time elapsed: 00:00:53
                               ETA: 00:02:13

################################################################################
                      [1m Learning iteration 144/500 [0m                      

                       Computation: 43810 steps/s (collection: 0.286s, learning 0.088s)
             Mean action noise std: 0.28
          Mean value_function loss: 0.0390
               Mean surrogate loss: -0.0045
                 Mean entropy loss: 1.1930
                       Mean reward: 51.54
               Mean episode length: 779.94
           Episode_Reward/progress: 3.8291
              Episode_Reward/alive: 0.4535
            Episode_Reward/upright: 0.0901
     Episode_Reward/move_to_target: 0.4502
          Episode_Reward/action_l2: -0.0184
             Episode_Reward/energy: -0.7256
   Episode_Reward/joint_pos_limits: -0.3665
      Episode_Termination/time_out: 0.8423
  Episode_Termination/torso_height: 0.1577
--------------------------------------------------------------------------------
                   Total timesteps: 2375680
                    Iteration time: 0.37s
                      Time elapsed: 00:00:54
                               ETA: 00:02:13

################################################################################
                      [1m Learning iteration 145/500 [0m                      

                       Computation: 44738 steps/s (collection: 0.289s, learning 0.077s)
             Mean action noise std: 0.28
          Mean value_function loss: 0.0901
               Mean surrogate loss: -0.0045
                 Mean entropy loss: 1.1721
                       Mean reward: 51.05
               Mean episode length: 770.63
           Episode_Reward/progress: 2.9812
              Episode_Reward/alive: 0.3634
            Episode_Reward/upright: 0.0696
     Episode_Reward/move_to_target: 0.3589
          Episode_Reward/action_l2: -0.0146
             Episode_Reward/energy: -0.5664
   Episode_Reward/joint_pos_limits: -0.2905
      Episode_Termination/time_out: 0.8437
  Episode_Termination/torso_height: 0.1563
--------------------------------------------------------------------------------
                   Total timesteps: 2392064
                    Iteration time: 0.37s
                      Time elapsed: 00:00:54
                               ETA: 00:02:12

################################################################################
                      [1m Learning iteration 146/500 [0m                      

                       Computation: 44938 steps/s (collection: 0.291s, learning 0.074s)
             Mean action noise std: 0.28
          Mean value_function loss: 0.0687
               Mean surrogate loss: -0.0066
                 Mean entropy loss: 1.1452
                       Mean reward: 52.27
               Mean episode length: 782.49
           Episode_Reward/progress: 3.4837
              Episode_Reward/alive: 0.4017
            Episode_Reward/upright: 0.0792
     Episode_Reward/move_to_target: 0.3976
          Episode_Reward/action_l2: -0.0165
             Episode_Reward/energy: -0.6486
   Episode_Reward/joint_pos_limits: -0.3255
      Episode_Termination/time_out: 0.8410
  Episode_Termination/torso_height: 0.1590
--------------------------------------------------------------------------------
                   Total timesteps: 2408448
                    Iteration time: 0.36s
                      Time elapsed: 00:00:54
                               ETA: 00:02:12

################################################################################
                      [1m Learning iteration 147/500 [0m                      

                       Computation: 45485 steps/s (collection: 0.278s, learning 0.082s)
             Mean action noise std: 0.28
          Mean value_function loss: 0.0479
               Mean surrogate loss: -0.0037
                 Mean entropy loss: 1.0995
                       Mean reward: 54.32
               Mean episode length: 803.94
           Episode_Reward/progress: 3.9645
              Episode_Reward/alive: 0.4680
            Episode_Reward/upright: 0.0925
     Episode_Reward/move_to_target: 0.4629
          Episode_Reward/action_l2: -0.0192
             Episode_Reward/energy: -0.7487
   Episode_Reward/joint_pos_limits: -0.3788
      Episode_Termination/time_out: 0.8339
  Episode_Termination/torso_height: 0.1661
--------------------------------------------------------------------------------
                   Total timesteps: 2424832
                    Iteration time: 0.36s
                      Time elapsed: 00:00:55
                               ETA: 00:02:11

################################################################################
                      [1m Learning iteration 148/500 [0m                      

                       Computation: 43980 steps/s (collection: 0.290s, learning 0.082s)
             Mean action noise std: 0.28
          Mean value_function loss: 0.0463
               Mean surrogate loss: -0.0065
                 Mean entropy loss: 1.0718
                       Mean reward: 54.50
               Mean episode length: 802.72
           Episode_Reward/progress: 4.0481
              Episode_Reward/alive: 0.4733
            Episode_Reward/upright: 0.0928
     Episode_Reward/move_to_target: 0.4696
          Episode_Reward/action_l2: -0.0193
             Episode_Reward/energy: -0.7615
   Episode_Reward/joint_pos_limits: -0.3832
      Episode_Termination/time_out: 0.8292
  Episode_Termination/torso_height: 0.1708
--------------------------------------------------------------------------------
                   Total timesteps: 2441216
                    Iteration time: 0.37s
                      Time elapsed: 00:00:55
                               ETA: 00:02:11

################################################################################
                      [1m Learning iteration 149/500 [0m                      

                       Computation: 44583 steps/s (collection: 0.297s, learning 0.071s)
             Mean action noise std: 0.28
          Mean value_function loss: 0.0851
               Mean surrogate loss: -0.0040
                 Mean entropy loss: 1.0434
                       Mean reward: 54.84
               Mean episode length: 800.97
           Episode_Reward/progress: 3.9325
              Episode_Reward/alive: 0.4479
            Episode_Reward/upright: 0.0885
     Episode_Reward/move_to_target: 0.4437
          Episode_Reward/action_l2: -0.0184
             Episode_Reward/energy: -0.7217
   Episode_Reward/joint_pos_limits: -0.3663
      Episode_Termination/time_out: 0.8307
  Episode_Termination/torso_height: 0.1693
--------------------------------------------------------------------------------
                   Total timesteps: 2457600
                    Iteration time: 0.37s
                      Time elapsed: 00:00:56
                               ETA: 00:02:11

################################################################################
                      [1m Learning iteration 150/500 [0m                      

                       Computation: 48189 steps/s (collection: 0.265s, learning 0.075s)
             Mean action noise std: 0.28
          Mean value_function loss: 0.0610
               Mean surrogate loss: -0.0073
                 Mean entropy loss: 1.0117
                       Mean reward: 55.60
               Mean episode length: 808.99
           Episode_Reward/progress: 3.7118
              Episode_Reward/alive: 0.4287
            Episode_Reward/upright: 0.0842
     Episode_Reward/move_to_target: 0.4191
          Episode_Reward/action_l2: -0.0177
             Episode_Reward/energy: -0.7115
   Episode_Reward/joint_pos_limits: -0.3456
      Episode_Termination/time_out: 0.8314
  Episode_Termination/torso_height: 0.1686
--------------------------------------------------------------------------------
                   Total timesteps: 2473984
                    Iteration time: 0.34s
                      Time elapsed: 00:00:56
                               ETA: 00:02:10

################################################################################
                      [1m Learning iteration 151/500 [0m                      

                       Computation: 47295 steps/s (collection: 0.276s, learning 0.071s)
             Mean action noise std: 0.28
          Mean value_function loss: 0.0899
               Mean surrogate loss: -0.0055
                 Mean entropy loss: 0.9909
                       Mean reward: 55.82
               Mean episode length: 803.23
           Episode_Reward/progress: 3.6745
              Episode_Reward/alive: 0.4224
            Episode_Reward/upright: 0.0820
     Episode_Reward/move_to_target: 0.4146
          Episode_Reward/action_l2: -0.0177
             Episode_Reward/energy: -0.7025
   Episode_Reward/joint_pos_limits: -0.3440
      Episode_Termination/time_out: 0.8347
  Episode_Termination/torso_height: 0.1653
--------------------------------------------------------------------------------
                   Total timesteps: 2490368
                    Iteration time: 0.35s
                      Time elapsed: 00:00:56
                               ETA: 00:02:10

################################################################################
                      [1m Learning iteration 152/500 [0m                      

                       Computation: 46210 steps/s (collection: 0.280s, learning 0.074s)
             Mean action noise std: 0.28
          Mean value_function loss: 0.0937
               Mean surrogate loss: -0.0056
                 Mean entropy loss: 0.9766
                       Mean reward: 58.95
               Mean episode length: 840.12
           Episode_Reward/progress: 3.9915
              Episode_Reward/alive: 0.4539
            Episode_Reward/upright: 0.0892
     Episode_Reward/move_to_target: 0.4499
          Episode_Reward/action_l2: -0.0189
             Episode_Reward/energy: -0.7568
   Episode_Reward/joint_pos_limits: -0.3653
      Episode_Termination/time_out: 0.8378
  Episode_Termination/torso_height: 0.1622
--------------------------------------------------------------------------------
                   Total timesteps: 2506752
                    Iteration time: 0.35s
                      Time elapsed: 00:00:57
                               ETA: 00:02:09

################################################################################
                      [1m Learning iteration 153/500 [0m                      

                       Computation: 40069 steps/s (collection: 0.332s, learning 0.077s)
             Mean action noise std: 0.28
          Mean value_function loss: 0.0830
               Mean surrogate loss: -0.0048
                 Mean entropy loss: 0.9552
                       Mean reward: 62.23
               Mean episode length: 869.94
           Episode_Reward/progress: 4.2948
              Episode_Reward/alive: 0.4711
            Episode_Reward/upright: 0.0931
     Episode_Reward/move_to_target: 0.4683
          Episode_Reward/action_l2: -0.0196
             Episode_Reward/energy: -0.7958
   Episode_Reward/joint_pos_limits: -0.3837
      Episode_Termination/time_out: 0.8362
  Episode_Termination/torso_height: 0.1638
--------------------------------------------------------------------------------
                   Total timesteps: 2523136
                    Iteration time: 0.41s
                      Time elapsed: 00:00:57
                               ETA: 00:02:09

################################################################################
                      [1m Learning iteration 154/500 [0m                      

                       Computation: 43564 steps/s (collection: 0.282s, learning 0.094s)
             Mean action noise std: 0.27
          Mean value_function loss: 0.0426
               Mean surrogate loss: -0.0068
                 Mean entropy loss: 0.9384
                       Mean reward: 62.16
               Mean episode length: 869.01
           Episode_Reward/progress: 4.3488
              Episode_Reward/alive: 0.4781
            Episode_Reward/upright: 0.0951
     Episode_Reward/move_to_target: 0.4761
          Episode_Reward/action_l2: -0.0198
             Episode_Reward/energy: -0.8019
   Episode_Reward/joint_pos_limits: -0.3868
      Episode_Termination/time_out: 0.8346
  Episode_Termination/torso_height: 0.1654
--------------------------------------------------------------------------------
                   Total timesteps: 2539520
                    Iteration time: 0.38s
                      Time elapsed: 00:00:57
                               ETA: 00:02:09

################################################################################
                      [1m Learning iteration 155/500 [0m                      

                       Computation: 39934 steps/s (collection: 0.318s, learning 0.092s)
             Mean action noise std: 0.27
          Mean value_function loss: 0.0637
               Mean surrogate loss: -0.0065
                 Mean entropy loss: 0.9129
                       Mean reward: 63.41
               Mean episode length: 887.07
           Episode_Reward/progress: 3.7192
              Episode_Reward/alive: 0.4225
            Episode_Reward/upright: 0.0827
     Episode_Reward/move_to_target: 0.4172
          Episode_Reward/action_l2: -0.0175
             Episode_Reward/energy: -0.6995
   Episode_Reward/joint_pos_limits: -0.3445
      Episode_Termination/time_out: 0.8295
  Episode_Termination/torso_height: 0.1705
--------------------------------------------------------------------------------
                   Total timesteps: 2555904
                    Iteration time: 0.41s
                      Time elapsed: 00:00:58
                               ETA: 00:02:08

################################################################################
                      [1m Learning iteration 156/500 [0m                      

                       Computation: 43717 steps/s (collection: 0.285s, learning 0.090s)
             Mean action noise std: 0.27
          Mean value_function loss: 0.0336
               Mean surrogate loss: -0.0062
                 Mean entropy loss: 0.8666
                       Mean reward: 63.49
               Mean episode length: 880.56
           Episode_Reward/progress: 4.4991
              Episode_Reward/alive: 0.4778
            Episode_Reward/upright: 0.0953
     Episode_Reward/move_to_target: 0.4770
          Episode_Reward/action_l2: -0.0196
             Episode_Reward/energy: -0.8057
   Episode_Reward/joint_pos_limits: -0.3886
      Episode_Termination/time_out: 0.8292
  Episode_Termination/torso_height: 0.1708
--------------------------------------------------------------------------------
                   Total timesteps: 2572288
                    Iteration time: 0.37s
                      Time elapsed: 00:00:58
                               ETA: 00:02:08

################################################################################
                      [1m Learning iteration 157/500 [0m                      

                       Computation: 42788 steps/s (collection: 0.288s, learning 0.095s)
             Mean action noise std: 0.27
          Mean value_function loss: 0.0507
               Mean surrogate loss: -0.0054
                 Mean entropy loss: 0.8214
                       Mean reward: 62.84
               Mean episode length: 868.28
           Episode_Reward/progress: 4.0346
              Episode_Reward/alive: 0.4516
            Episode_Reward/upright: 0.0896
     Episode_Reward/move_to_target: 0.4446
          Episode_Reward/action_l2: -0.0189
             Episode_Reward/energy: -0.7779
   Episode_Reward/joint_pos_limits: -0.3611
      Episode_Termination/time_out: 0.8284
  Episode_Termination/torso_height: 0.1716
--------------------------------------------------------------------------------
                   Total timesteps: 2588672
                    Iteration time: 0.38s
                      Time elapsed: 00:00:59
                               ETA: 00:02:08

################################################################################
                      [1m Learning iteration 158/500 [0m                      

                       Computation: 46306 steps/s (collection: 0.285s, learning 0.069s)
             Mean action noise std: 0.27
          Mean value_function loss: 0.0440
               Mean surrogate loss: -0.0055
                 Mean entropy loss: 0.7946
                       Mean reward: 63.13
               Mean episode length: 869.30
           Episode_Reward/progress: 4.4432
              Episode_Reward/alive: 0.4773
            Episode_Reward/upright: 0.0949
     Episode_Reward/move_to_target: 0.4756
          Episode_Reward/action_l2: -0.0199
             Episode_Reward/energy: -0.8167
   Episode_Reward/joint_pos_limits: -0.3895
      Episode_Termination/time_out: 0.8267
  Episode_Termination/torso_height: 0.1733
--------------------------------------------------------------------------------
                   Total timesteps: 2605056
                    Iteration time: 0.35s
                      Time elapsed: 00:00:59
                               ETA: 00:02:07

################################################################################
                      [1m Learning iteration 159/500 [0m                      

                       Computation: 42261 steps/s (collection: 0.307s, learning 0.081s)
             Mean action noise std: 0.27
          Mean value_function loss: 0.0590
               Mean surrogate loss: -0.0060
                 Mean entropy loss: 0.7666
                       Mean reward: 65.10
               Mean episode length: 884.02
           Episode_Reward/progress: 4.2377
              Episode_Reward/alive: 0.4674
            Episode_Reward/upright: 0.0928
     Episode_Reward/move_to_target: 0.4641
          Episode_Reward/action_l2: -0.0195
             Episode_Reward/energy: -0.8052
   Episode_Reward/joint_pos_limits: -0.3785
      Episode_Termination/time_out: 0.8245
  Episode_Termination/torso_height: 0.1755
--------------------------------------------------------------------------------
                   Total timesteps: 2621440
                    Iteration time: 0.39s
                      Time elapsed: 00:00:59
                               ETA: 00:02:07

################################################################################
                      [1m Learning iteration 160/500 [0m                      

                       Computation: 41572 steps/s (collection: 0.300s, learning 0.094s)
             Mean action noise std: 0.27
          Mean value_function loss: 0.0709
               Mean surrogate loss: -0.0070
                 Mean entropy loss: 0.7369
                       Mean reward: 64.15
               Mean episode length: 865.85
           Episode_Reward/progress: 4.1958
              Episode_Reward/alive: 0.4462
            Episode_Reward/upright: 0.0884
     Episode_Reward/move_to_target: 0.4434
          Episode_Reward/action_l2: -0.0188
             Episode_Reward/energy: -0.7671
   Episode_Reward/joint_pos_limits: -0.3646
      Episode_Termination/time_out: 0.8254
  Episode_Termination/torso_height: 0.1746
--------------------------------------------------------------------------------
                   Total timesteps: 2637824
                    Iteration time: 0.39s
                      Time elapsed: 00:01:00
                               ETA: 00:02:07

################################################################################
                      [1m Learning iteration 161/500 [0m                      

                       Computation: 40978 steps/s (collection: 0.307s, learning 0.093s)
             Mean action noise std: 0.27
          Mean value_function loss: 0.0879
               Mean surrogate loss: -0.0032
                 Mean entropy loss: 0.7180
                       Mean reward: 62.27
               Mean episode length: 846.83
           Episode_Reward/progress: 3.7525
              Episode_Reward/alive: 0.4178
            Episode_Reward/upright: 0.0813
     Episode_Reward/move_to_target: 0.4111
          Episode_Reward/action_l2: -0.0176
             Episode_Reward/energy: -0.7116
   Episode_Reward/joint_pos_limits: -0.3408
      Episode_Termination/time_out: 0.8150
  Episode_Termination/torso_height: 0.1850
--------------------------------------------------------------------------------
                   Total timesteps: 2654208
                    Iteration time: 0.40s
                      Time elapsed: 00:01:00
                               ETA: 00:02:06

################################################################################
                      [1m Learning iteration 162/500 [0m                      

                       Computation: 41459 steps/s (collection: 0.305s, learning 0.090s)
             Mean action noise std: 0.27
          Mean value_function loss: 0.0748
               Mean surrogate loss: -0.0045
                 Mean entropy loss: 0.6946
                       Mean reward: 61.45
               Mean episode length: 827.83
           Episode_Reward/progress: 4.1724
              Episode_Reward/alive: 0.4430
            Episode_Reward/upright: 0.0867
     Episode_Reward/move_to_target: 0.4351
          Episode_Reward/action_l2: -0.0188
             Episode_Reward/energy: -0.7703
   Episode_Reward/joint_pos_limits: -0.3643
      Episode_Termination/time_out: 0.8078
  Episode_Termination/torso_height: 0.1922
--------------------------------------------------------------------------------
                   Total timesteps: 2670592
                    Iteration time: 0.40s
                      Time elapsed: 00:01:00
                               ETA: 00:02:06

################################################################################
                      [1m Learning iteration 163/500 [0m                      

                       Computation: 45603 steps/s (collection: 0.268s, learning 0.091s)
             Mean action noise std: 0.26
          Mean value_function loss: 0.0617
               Mean surrogate loss: -0.0076
                 Mean entropy loss: 0.6572
                       Mean reward: 62.21
               Mean episode length: 836.92
           Episode_Reward/progress: 4.3967
              Episode_Reward/alive: 0.4756
            Episode_Reward/upright: 0.0935
     Episode_Reward/move_to_target: 0.4711
          Episode_Reward/action_l2: -0.0203
             Episode_Reward/energy: -0.8319
   Episode_Reward/joint_pos_limits: -0.3891
      Episode_Termination/time_out: 0.8095
  Episode_Termination/torso_height: 0.1905
--------------------------------------------------------------------------------
                   Total timesteps: 2686976
                    Iteration time: 0.36s
                      Time elapsed: 00:01:01
                               ETA: 00:02:05

################################################################################
                      [1m Learning iteration 164/500 [0m                      

                       Computation: 43791 steps/s (collection: 0.273s, learning 0.101s)
             Mean action noise std: 0.26
          Mean value_function loss: 0.0714
               Mean surrogate loss: -0.0039
                 Mean entropy loss: 0.6263
                       Mean reward: 61.50
               Mean episode length: 834.61
           Episode_Reward/progress: 3.6651
              Episode_Reward/alive: 0.3973
            Episode_Reward/upright: 0.0776
     Episode_Reward/move_to_target: 0.3809
          Episode_Reward/action_l2: -0.0168
             Episode_Reward/energy: -0.6889
   Episode_Reward/joint_pos_limits: -0.3271
      Episode_Termination/time_out: 0.8093
  Episode_Termination/torso_height: 0.1907
--------------------------------------------------------------------------------
                   Total timesteps: 2703360
                    Iteration time: 0.37s
                      Time elapsed: 00:01:01
                               ETA: 00:02:05

################################################################################
                      [1m Learning iteration 165/500 [0m                      

                       Computation: 43135 steps/s (collection: 0.307s, learning 0.073s)
             Mean action noise std: 0.26
          Mean value_function loss: 0.0788
               Mean surrogate loss: -0.0047
                 Mean entropy loss: 0.5954
                       Mean reward: 63.17
               Mean episode length: 846.18
           Episode_Reward/progress: 4.1337
              Episode_Reward/alive: 0.4296
            Episode_Reward/upright: 0.0844
     Episode_Reward/move_to_target: 0.4266
          Episode_Reward/action_l2: -0.0185
             Episode_Reward/energy: -0.7667
   Episode_Reward/joint_pos_limits: -0.3516
      Episode_Termination/time_out: 0.8066
  Episode_Termination/torso_height: 0.1934
--------------------------------------------------------------------------------
                   Total timesteps: 2719744
                    Iteration time: 0.38s
                      Time elapsed: 00:01:02
                               ETA: 00:02:05

################################################################################
                      [1m Learning iteration 166/500 [0m                      

                       Computation: 43310 steps/s (collection: 0.288s, learning 0.090s)
             Mean action noise std: 0.26
          Mean value_function loss: 0.0407
               Mean surrogate loss: -0.0062
                 Mean entropy loss: 0.5661
                       Mean reward: 64.10
               Mean episode length: 862.98
           Episode_Reward/progress: 4.6233
              Episode_Reward/alive: 0.4752
            Episode_Reward/upright: 0.0944
     Episode_Reward/move_to_target: 0.4733
          Episode_Reward/action_l2: -0.0204
             Episode_Reward/energy: -0.8516
   Episode_Reward/joint_pos_limits: -0.3892
      Episode_Termination/time_out: 0.8034
  Episode_Termination/torso_height: 0.1966
--------------------------------------------------------------------------------
                   Total timesteps: 2736128
                    Iteration time: 0.38s
                      Time elapsed: 00:01:02
                               ETA: 00:02:04

################################################################################
                      [1m Learning iteration 167/500 [0m                      

                       Computation: 47657 steps/s (collection: 0.274s, learning 0.070s)
             Mean action noise std: 0.26
          Mean value_function loss: 0.0476
               Mean surrogate loss: -0.0042
                 Mean entropy loss: 0.5439
                       Mean reward: 61.86
               Mean episode length: 829.48
           Episode_Reward/progress: 3.6229
              Episode_Reward/alive: 0.3938
            Episode_Reward/upright: 0.0762
     Episode_Reward/move_to_target: 0.3793
          Episode_Reward/action_l2: -0.0168
             Episode_Reward/energy: -0.6880
   Episode_Reward/joint_pos_limits: -0.3228
      Episode_Termination/time_out: 0.8035
  Episode_Termination/torso_height: 0.1965
--------------------------------------------------------------------------------
                   Total timesteps: 2752512
                    Iteration time: 0.34s
                      Time elapsed: 00:01:02
                               ETA: 00:02:04

################################################################################
                      [1m Learning iteration 168/500 [0m                      

                       Computation: 44574 steps/s (collection: 0.274s, learning 0.093s)
             Mean action noise std: 0.26
          Mean value_function loss: 0.0629
               Mean surrogate loss: -0.0044
                 Mean entropy loss: 0.5272
                       Mean reward: 60.27
               Mean episode length: 804.27
           Episode_Reward/progress: 3.3953
              Episode_Reward/alive: 0.3669
            Episode_Reward/upright: 0.0713
     Episode_Reward/move_to_target: 0.3611
          Episode_Reward/action_l2: -0.0156
             Episode_Reward/energy: -0.6516
   Episode_Reward/joint_pos_limits: -0.2996
      Episode_Termination/time_out: 0.8005
  Episode_Termination/torso_height: 0.1995
--------------------------------------------------------------------------------
                   Total timesteps: 2768896
                    Iteration time: 0.37s
                      Time elapsed: 00:01:03
                               ETA: 00:02:04

################################################################################
                      [1m Learning iteration 169/500 [0m                      

                       Computation: 47166 steps/s (collection: 0.259s, learning 0.088s)
             Mean action noise std: 0.26
          Mean value_function loss: 0.0471
               Mean surrogate loss: -0.0054
                 Mean entropy loss: 0.5119
                       Mean reward: 59.77
               Mean episode length: 796.67
           Episode_Reward/progress: 3.3039
              Episode_Reward/alive: 0.3472
            Episode_Reward/upright: 0.0680
     Episode_Reward/move_to_target: 0.3404
          Episode_Reward/action_l2: -0.0149
             Episode_Reward/energy: -0.6240
   Episode_Reward/joint_pos_limits: -0.2830
      Episode_Termination/time_out: 0.8019
  Episode_Termination/torso_height: 0.1981
--------------------------------------------------------------------------------
                   Total timesteps: 2785280
                    Iteration time: 0.35s
                      Time elapsed: 00:01:03
                               ETA: 00:02:03

################################################################################
                      [1m Learning iteration 170/500 [0m                      

                       Computation: 46910 steps/s (collection: 0.260s, learning 0.089s)
             Mean action noise std: 0.26
          Mean value_function loss: 0.0493
               Mean surrogate loss: -0.0038
                 Mean entropy loss: 0.4872
                       Mean reward: 58.88
               Mean episode length: 782.12
           Episode_Reward/progress: 4.6187
              Episode_Reward/alive: 0.4763
            Episode_Reward/upright: 0.0949
     Episode_Reward/move_to_target: 0.4748
          Episode_Reward/action_l2: -0.0205
             Episode_Reward/energy: -0.8644
   Episode_Reward/joint_pos_limits: -0.3902
      Episode_Termination/time_out: 0.8035
  Episode_Termination/torso_height: 0.1965
--------------------------------------------------------------------------------
                   Total timesteps: 2801664
                    Iteration time: 0.35s
                      Time elapsed: 00:01:03
                               ETA: 00:02:03

################################################################################
                      [1m Learning iteration 171/500 [0m                      

                       Computation: 45012 steps/s (collection: 0.272s, learning 0.092s)
             Mean action noise std: 0.26
          Mean value_function loss: 0.0465
               Mean surrogate loss: -0.0053
                 Mean entropy loss: 0.4484
                       Mean reward: 59.72
               Mean episode length: 791.46
           Episode_Reward/progress: 3.7463
              Episode_Reward/alive: 0.3943
            Episode_Reward/upright: 0.0770
     Episode_Reward/move_to_target: 0.3883
          Episode_Reward/action_l2: -0.0167
             Episode_Reward/energy: -0.7011
   Episode_Reward/joint_pos_limits: -0.3197
      Episode_Termination/time_out: 0.8046
  Episode_Termination/torso_height: 0.1954
--------------------------------------------------------------------------------
                   Total timesteps: 2818048
                    Iteration time: 0.36s
                      Time elapsed: 00:01:04
                               ETA: 00:02:02

################################################################################
                      [1m Learning iteration 172/500 [0m                      

                       Computation: 45267 steps/s (collection: 0.276s, learning 0.086s)
             Mean action noise std: 0.26
          Mean value_function loss: 0.0324
               Mean surrogate loss: -0.0034
                 Mean entropy loss: 0.3848
                       Mean reward: 60.92
               Mean episode length: 801.52
           Episode_Reward/progress: 4.3871
              Episode_Reward/alive: 0.4470
            Episode_Reward/upright: 0.0878
     Episode_Reward/move_to_target: 0.4451
          Episode_Reward/action_l2: -0.0193
             Episode_Reward/energy: -0.8185
   Episode_Reward/joint_pos_limits: -0.3680
      Episode_Termination/time_out: 0.8074
  Episode_Termination/torso_height: 0.1926
--------------------------------------------------------------------------------
                   Total timesteps: 2834432
                    Iteration time: 0.36s
                      Time elapsed: 00:01:04
                               ETA: 00:02:02

################################################################################
                      [1m Learning iteration 173/500 [0m                      

                       Computation: 48565 steps/s (collection: 0.265s, learning 0.073s)
             Mean action noise std: 0.26
          Mean value_function loss: 0.0572
               Mean surrogate loss: -0.0058
                 Mean entropy loss: 0.3510
                       Mean reward: 61.17
               Mean episode length: 801.78
           Episode_Reward/progress: 4.3863
              Episode_Reward/alive: 0.4494
            Episode_Reward/upright: 0.0890
     Episode_Reward/move_to_target: 0.4473
          Episode_Reward/action_l2: -0.0195
             Episode_Reward/energy: -0.8260
   Episode_Reward/joint_pos_limits: -0.3622
      Episode_Termination/time_out: 0.8085
  Episode_Termination/torso_height: 0.1915
--------------------------------------------------------------------------------
                   Total timesteps: 2850816
                    Iteration time: 0.34s
                      Time elapsed: 00:01:04
                               ETA: 00:02:01

################################################################################
                      [1m Learning iteration 174/500 [0m                      

                       Computation: 45573 steps/s (collection: 0.264s, learning 0.095s)
             Mean action noise std: 0.25
          Mean value_function loss: 0.0907
               Mean surrogate loss: -0.0060
                 Mean entropy loss: 0.3188
                       Mean reward: 61.13
               Mean episode length: 797.43
           Episode_Reward/progress: 3.0975
              Episode_Reward/alive: 0.3267
            Episode_Reward/upright: 0.0626
     Episode_Reward/move_to_target: 0.3167
          Episode_Reward/action_l2: -0.0142
             Episode_Reward/energy: -0.5880
   Episode_Reward/joint_pos_limits: -0.2679
      Episode_Termination/time_out: 0.8126
  Episode_Termination/torso_height: 0.1874
--------------------------------------------------------------------------------
                   Total timesteps: 2867200
                    Iteration time: 0.36s
                      Time elapsed: 00:01:05
                               ETA: 00:02:01

################################################################################
                      [1m Learning iteration 175/500 [0m                      

                       Computation: 50433 steps/s (collection: 0.251s, learning 0.074s)
             Mean action noise std: 0.25
          Mean value_function loss: 0.0631
               Mean surrogate loss: -0.0056
                 Mean entropy loss: 0.2962
                       Mean reward: 60.60
               Mean episode length: 790.59
           Episode_Reward/progress: 3.5610
              Episode_Reward/alive: 0.3786
            Episode_Reward/upright: 0.0740
     Episode_Reward/move_to_target: 0.3722
          Episode_Reward/action_l2: -0.0163
             Episode_Reward/energy: -0.6843
   Episode_Reward/joint_pos_limits: -0.3080
      Episode_Termination/time_out: 0.8085
  Episode_Termination/torso_height: 0.1915
--------------------------------------------------------------------------------
                   Total timesteps: 2883584
                    Iteration time: 0.32s
                      Time elapsed: 00:01:05
                               ETA: 00:02:01

################################################################################
                      [1m Learning iteration 176/500 [0m                      

                       Computation: 39524 steps/s (collection: 0.333s, learning 0.082s)
             Mean action noise std: 0.25
          Mean value_function loss: 0.0524
               Mean surrogate loss: -0.0039
                 Mean entropy loss: 0.2715
                       Mean reward: 62.26
               Mean episode length: 812.79
           Episode_Reward/progress: 4.5033
              Episode_Reward/alive: 0.4662
            Episode_Reward/upright: 0.0919
     Episode_Reward/move_to_target: 0.4621
          Episode_Reward/action_l2: -0.0200
             Episode_Reward/energy: -0.8517
   Episode_Reward/joint_pos_limits: -0.3792
      Episode_Termination/time_out: 0.8105
  Episode_Termination/torso_height: 0.1895
--------------------------------------------------------------------------------
                   Total timesteps: 2899968
                    Iteration time: 0.41s
                      Time elapsed: 00:01:06
                               ETA: 00:02:00

################################################################################
                      [1m Learning iteration 177/500 [0m                      

                       Computation: 46467 steps/s (collection: 0.283s, learning 0.070s)
             Mean action noise std: 0.25
          Mean value_function loss: 0.0550
               Mean surrogate loss: -0.0038
                 Mean entropy loss: 0.2555
                       Mean reward: 63.84
               Mean episode length: 835.80
           Episode_Reward/progress: 4.7353
              Episode_Reward/alive: 0.4878
            Episode_Reward/upright: 0.0962
     Episode_Reward/move_to_target: 0.4838
          Episode_Reward/action_l2: -0.0212
             Episode_Reward/energy: -0.9042
   Episode_Reward/joint_pos_limits: -0.3996
      Episode_Termination/time_out: 0.8170
  Episode_Termination/torso_height: 0.1830
--------------------------------------------------------------------------------
                   Total timesteps: 2916352
                    Iteration time: 0.35s
                      Time elapsed: 00:01:06
                               ETA: 00:02:00

################################################################################
                      [1m Learning iteration 178/500 [0m                      

                       Computation: 44450 steps/s (collection: 0.294s, learning 0.075s)
             Mean action noise std: 0.25
          Mean value_function loss: 0.0482
               Mean surrogate loss: -0.0013
                 Mean entropy loss: 0.2547
                       Mean reward: 63.46
               Mean episode length: 826.26
           Episode_Reward/progress: 4.3941
              Episode_Reward/alive: 0.4419
            Episode_Reward/upright: 0.0875
     Episode_Reward/move_to_target: 0.4379
          Episode_Reward/action_l2: -0.0191
             Episode_Reward/energy: -0.8201
   Episode_Reward/joint_pos_limits: -0.3605
      Episode_Termination/time_out: 0.8163
  Episode_Termination/torso_height: 0.1837
--------------------------------------------------------------------------------
                   Total timesteps: 2932736
                    Iteration time: 0.37s
                      Time elapsed: 00:01:06
                               ETA: 00:02:00

################################################################################
                      [1m Learning iteration 179/500 [0m                      

                       Computation: 41922 steps/s (collection: 0.303s, learning 0.088s)
             Mean action noise std: 0.25
          Mean value_function loss: 0.0339
               Mean surrogate loss: -0.0050
                 Mean entropy loss: 0.2402
                       Mean reward: 62.13
               Mean episode length: 805.62
           Episode_Reward/progress: 4.1387
              Episode_Reward/alive: 0.4151
            Episode_Reward/upright: 0.0815
     Episode_Reward/move_to_target: 0.4098
          Episode_Reward/action_l2: -0.0184
             Episode_Reward/energy: -0.7794
   Episode_Reward/joint_pos_limits: -0.3409
      Episode_Termination/time_out: 0.8149
  Episode_Termination/torso_height: 0.1851
--------------------------------------------------------------------------------
                   Total timesteps: 2949120
                    Iteration time: 0.39s
                      Time elapsed: 00:01:07
                               ETA: 00:01:59

################################################################################
                      [1m Learning iteration 180/500 [0m                      

                       Computation: 48550 steps/s (collection: 0.254s, learning 0.084s)
             Mean action noise std: 0.25
          Mean value_function loss: 0.0528
               Mean surrogate loss: -0.0054
                 Mean entropy loss: 0.2129
                       Mean reward: 61.54
               Mean episode length: 797.39
           Episode_Reward/progress: 3.9229
              Episode_Reward/alive: 0.4006
            Episode_Reward/upright: 0.0779
     Episode_Reward/move_to_target: 0.3956
          Episode_Reward/action_l2: -0.0177
             Episode_Reward/energy: -0.7621
   Episode_Reward/joint_pos_limits: -0.3296
      Episode_Termination/time_out: 0.8166
  Episode_Termination/torso_height: 0.1834
--------------------------------------------------------------------------------
                   Total timesteps: 2965504
                    Iteration time: 0.34s
                      Time elapsed: 00:01:07
                               ETA: 00:01:59

################################################################################
                      [1m Learning iteration 181/500 [0m                      

                       Computation: 44442 steps/s (collection: 0.279s, learning 0.090s)
             Mean action noise std: 0.25
          Mean value_function loss: 0.0522
               Mean surrogate loss: -0.0050
                 Mean entropy loss: 0.1859
                       Mean reward: 60.81
               Mean episode length: 798.53
           Episode_Reward/progress: 4.0972
              Episode_Reward/alive: 0.4717
            Episode_Reward/upright: 0.0855
     Episode_Reward/move_to_target: 0.3612
          Episode_Reward/action_l2: -0.0208
             Episode_Reward/energy: -0.7930
   Episode_Reward/joint_pos_limits: -0.4209
      Episode_Termination/time_out: 0.8167
  Episode_Termination/torso_height: 0.1833
--------------------------------------------------------------------------------
                   Total timesteps: 2981888
                    Iteration time: 0.37s
                      Time elapsed: 00:01:07
                               ETA: 00:01:58

################################################################################
                      [1m Learning iteration 182/500 [0m                      

                       Computation: 42869 steps/s (collection: 0.292s, learning 0.090s)
             Mean action noise std: 0.25
          Mean value_function loss: 0.0698
               Mean surrogate loss: -0.0051
                 Mean entropy loss: 0.1480
                       Mean reward: 64.68
               Mean episode length: 839.96
           Episode_Reward/progress: 4.2595
              Episode_Reward/alive: 0.4287
            Episode_Reward/upright: 0.0835
     Episode_Reward/move_to_target: 0.4248
          Episode_Reward/action_l2: -0.0189
             Episode_Reward/energy: -0.8130
   Episode_Reward/joint_pos_limits: -0.3497
      Episode_Termination/time_out: 0.8196
  Episode_Termination/torso_height: 0.1804
--------------------------------------------------------------------------------
                   Total timesteps: 2998272
                    Iteration time: 0.38s
                      Time elapsed: 00:01:08
                               ETA: 00:01:58

################################################################################
                      [1m Learning iteration 183/500 [0m                      

                       Computation: 44491 steps/s (collection: 0.274s, learning 0.094s)
             Mean action noise std: 0.25
          Mean value_function loss: 0.0622
               Mean surrogate loss: -0.0002
                 Mean entropy loss: 0.1266
                       Mean reward: 66.19
               Mean episode length: 846.98
           Episode_Reward/progress: 4.8442
              Episode_Reward/alive: 0.4697
            Episode_Reward/upright: 0.0927
     Episode_Reward/move_to_target: 0.4666
          Episode_Reward/action_l2: -0.0208
             Episode_Reward/energy: -0.9038
   Episode_Reward/joint_pos_limits: -0.3855
      Episode_Termination/time_out: 0.8200
  Episode_Termination/torso_height: 0.1800
--------------------------------------------------------------------------------
                   Total timesteps: 3014656
                    Iteration time: 0.37s
                      Time elapsed: 00:01:08
                               ETA: 00:01:58

################################################################################
                      [1m Learning iteration 184/500 [0m                      

                       Computation: 45423 steps/s (collection: 0.281s, learning 0.080s)
             Mean action noise std: 0.25
          Mean value_function loss: 0.1058
               Mean surrogate loss: -0.0062
                 Mean entropy loss: 0.1198
                       Mean reward: 68.83
               Mean episode length: 878.02
           Episode_Reward/progress: 5.1759
              Episode_Reward/alive: 0.4979
            Episode_Reward/upright: 0.0986
     Episode_Reward/move_to_target: 0.4970
          Episode_Reward/action_l2: -0.0222
             Episode_Reward/energy: -0.9695
   Episode_Reward/joint_pos_limits: -0.4108
      Episode_Termination/time_out: 0.8240
  Episode_Termination/torso_height: 0.1760
--------------------------------------------------------------------------------
                   Total timesteps: 3031040
                    Iteration time: 0.36s
                      Time elapsed: 00:01:08
                               ETA: 00:01:57

################################################################################
                      [1m Learning iteration 185/500 [0m                      

                       Computation: 43051 steps/s (collection: 0.291s, learning 0.089s)
             Mean action noise std: 0.25
          Mean value_function loss: 0.0645
               Mean surrogate loss: -0.0046
                 Mean entropy loss: 0.1111
                       Mean reward: 70.21
               Mean episode length: 882.82
           Episode_Reward/progress: 4.2019
              Episode_Reward/alive: 0.4155
            Episode_Reward/upright: 0.0812
     Episode_Reward/move_to_target: 0.4118
          Episode_Reward/action_l2: -0.0182
             Episode_Reward/energy: -0.7887
   Episode_Reward/joint_pos_limits: -0.3403
      Episode_Termination/time_out: 0.8320
  Episode_Termination/torso_height: 0.1680
--------------------------------------------------------------------------------
                   Total timesteps: 3047424
                    Iteration time: 0.38s
                      Time elapsed: 00:01:09
                               ETA: 00:01:57

################################################################################
                      [1m Learning iteration 186/500 [0m                      

                       Computation: 46765 steps/s (collection: 0.278s, learning 0.072s)
             Mean action noise std: 0.25
          Mean value_function loss: 0.0839
               Mean surrogate loss: -0.0023
                 Mean entropy loss: 0.1014
                       Mean reward: 70.20
               Mean episode length: 875.30
           Episode_Reward/progress: 4.0576
              Episode_Reward/alive: 0.3983
            Episode_Reward/upright: 0.0776
     Episode_Reward/move_to_target: 0.3930
          Episode_Reward/action_l2: -0.0177
             Episode_Reward/energy: -0.7667
   Episode_Reward/joint_pos_limits: -0.3261
      Episode_Termination/time_out: 0.8284
  Episode_Termination/torso_height: 0.1716
--------------------------------------------------------------------------------
                   Total timesteps: 3063808
                    Iteration time: 0.35s
                      Time elapsed: 00:01:09
                               ETA: 00:01:56

################################################################################
                      [1m Learning iteration 187/500 [0m                      

                       Computation: 44555 steps/s (collection: 0.290s, learning 0.078s)
             Mean action noise std: 0.25
          Mean value_function loss: 0.0477
               Mean surrogate loss: -0.0058
                 Mean entropy loss: 0.0859
                       Mean reward: 68.24
               Mean episode length: 854.85
           Episode_Reward/progress: 4.1312
              Episode_Reward/alive: 0.4182
            Episode_Reward/upright: 0.0825
     Episode_Reward/move_to_target: 0.4132
          Episode_Reward/action_l2: -0.0183
             Episode_Reward/energy: -0.8042
   Episode_Reward/joint_pos_limits: -0.3383
      Episode_Termination/time_out: 0.8231
  Episode_Termination/torso_height: 0.1769
--------------------------------------------------------------------------------
                   Total timesteps: 3080192
                    Iteration time: 0.37s
                      Time elapsed: 00:01:10
                               ETA: 00:01:56

################################################################################
                      [1m Learning iteration 188/500 [0m                      

                       Computation: 44484 steps/s (collection: 0.297s, learning 0.071s)
             Mean action noise std: 0.25
          Mean value_function loss: 0.0517
               Mean surrogate loss: -0.0034
                 Mean entropy loss: 0.0562
                       Mean reward: 68.64
               Mean episode length: 856.98
           Episode_Reward/progress: 5.1748
              Episode_Reward/alive: 0.4993
            Episode_Reward/upright: 0.0987
     Episode_Reward/move_to_target: 0.4971
          Episode_Reward/action_l2: -0.0222
             Episode_Reward/energy: -0.9713
   Episode_Reward/joint_pos_limits: -0.4118
      Episode_Termination/time_out: 0.8195
  Episode_Termination/torso_height: 0.1805
--------------------------------------------------------------------------------
                   Total timesteps: 3096576
                    Iteration time: 0.37s
                      Time elapsed: 00:01:10
                               ETA: 00:01:56

################################################################################
                      [1m Learning iteration 189/500 [0m                      

                       Computation: 45041 steps/s (collection: 0.287s, learning 0.077s)
             Mean action noise std: 0.25
          Mean value_function loss: 0.0604
               Mean surrogate loss: -0.0044
                 Mean entropy loss: 0.0264
                       Mean reward: 69.07
               Mean episode length: 861.67
           Episode_Reward/progress: 4.8352
              Episode_Reward/alive: 0.4574
            Episode_Reward/upright: 0.0901
     Episode_Reward/move_to_target: 0.4538
          Episode_Reward/action_l2: -0.0203
             Episode_Reward/energy: -0.8912
   Episode_Reward/joint_pos_limits: -0.3777
      Episode_Termination/time_out: 0.8198
  Episode_Termination/torso_height: 0.1802
--------------------------------------------------------------------------------
                   Total timesteps: 3112960
                    Iteration time: 0.36s
                      Time elapsed: 00:01:10
                               ETA: 00:01:55

################################################################################
                      [1m Learning iteration 190/500 [0m                      

                       Computation: 42125 steps/s (collection: 0.316s, learning 0.073s)
             Mean action noise std: 0.24
          Mean value_function loss: 0.0636
               Mean surrogate loss: -0.0046
                 Mean entropy loss: 0.0006
                       Mean reward: 70.28
               Mean episode length: 870.94
           Episode_Reward/progress: 4.9776
              Episode_Reward/alive: 0.4660
            Episode_Reward/upright: 0.0924
     Episode_Reward/move_to_target: 0.4627
          Episode_Reward/action_l2: -0.0208
             Episode_Reward/energy: -0.9142
   Episode_Reward/joint_pos_limits: -0.3839
      Episode_Termination/time_out: 0.8209
  Episode_Termination/torso_height: 0.1791
--------------------------------------------------------------------------------
                   Total timesteps: 3129344
                    Iteration time: 0.39s
                      Time elapsed: 00:01:11
                               ETA: 00:01:55

################################################################################
                      [1m Learning iteration 191/500 [0m                      

                       Computation: 43885 steps/s (collection: 0.292s, learning 0.081s)
             Mean action noise std: 0.24
          Mean value_function loss: 0.0901
               Mean surrogate loss: -0.0042
                 Mean entropy loss: -0.0314
                       Mean reward: 71.55
               Mean episode length: 883.09
           Episode_Reward/progress: 5.0527
              Episode_Reward/alive: 0.4857
            Episode_Reward/upright: 0.0963
     Episode_Reward/move_to_target: 0.4835
          Episode_Reward/action_l2: -0.0218
             Episode_Reward/energy: -0.9546
   Episode_Reward/joint_pos_limits: -0.3982
      Episode_Termination/time_out: 0.8259
  Episode_Termination/torso_height: 0.1741
--------------------------------------------------------------------------------
                   Total timesteps: 3145728
                    Iteration time: 0.37s
                      Time elapsed: 00:01:11
                               ETA: 00:01:55

################################################################################
                      [1m Learning iteration 192/500 [0m                      

                       Computation: 44304 steps/s (collection: 0.296s, learning 0.073s)
             Mean action noise std: 0.24
          Mean value_function loss: 0.0887
               Mean surrogate loss: -0.0065
                 Mean entropy loss: -0.0554
                       Mean reward: 71.49
               Mean episode length: 878.31
           Episode_Reward/progress: 4.1745
              Episode_Reward/alive: 0.4101
            Episode_Reward/upright: 0.0803
     Episode_Reward/move_to_target: 0.4054
          Episode_Reward/action_l2: -0.0183
             Episode_Reward/energy: -0.7950
   Episode_Reward/joint_pos_limits: -0.3364
      Episode_Termination/time_out: 0.8318
  Episode_Termination/torso_height: 0.1682
--------------------------------------------------------------------------------
                   Total timesteps: 3162112
                    Iteration time: 0.37s
                      Time elapsed: 00:01:11
                               ETA: 00:01:54

################################################################################
                      [1m Learning iteration 193/500 [0m                      

                       Computation: 48041 steps/s (collection: 0.267s, learning 0.074s)
             Mean action noise std: 0.24
          Mean value_function loss: 0.0823
               Mean surrogate loss: -0.0053
                 Mean entropy loss: -0.0619
                       Mean reward: 70.96
               Mean episode length: 872.81
           Episode_Reward/progress: 3.9942
              Episode_Reward/alive: 0.3929
            Episode_Reward/upright: 0.0765
     Episode_Reward/move_to_target: 0.3874
          Episode_Reward/action_l2: -0.0175
             Episode_Reward/energy: -0.7623
   Episode_Reward/joint_pos_limits: -0.3214
      Episode_Termination/time_out: 0.8348
  Episode_Termination/torso_height: 0.1652
--------------------------------------------------------------------------------
                   Total timesteps: 3178496
                    Iteration time: 0.34s
                      Time elapsed: 00:01:12
                               ETA: 00:01:54

################################################################################
                      [1m Learning iteration 194/500 [0m                      

                       Computation: 45514 steps/s (collection: 0.287s, learning 0.073s)
             Mean action noise std: 0.24
          Mean value_function loss: 0.0647
               Mean surrogate loss: -0.0045
                 Mean entropy loss: -0.0861
                       Mean reward: 69.91
               Mean episode length: 864.71
           Episode_Reward/progress: 4.5011
              Episode_Reward/alive: 0.4463
            Episode_Reward/upright: 0.0870
     Episode_Reward/move_to_target: 0.4419
          Episode_Reward/action_l2: -0.0198
             Episode_Reward/energy: -0.8638
   Episode_Reward/joint_pos_limits: -0.3646
      Episode_Termination/time_out: 0.8359
  Episode_Termination/torso_height: 0.1641
--------------------------------------------------------------------------------
                   Total timesteps: 3194880
                    Iteration time: 0.36s
                      Time elapsed: 00:01:12
                               ETA: 00:01:53

################################################################################
                      [1m Learning iteration 195/500 [0m                      

                       Computation: 44188 steps/s (collection: 0.280s, learning 0.091s)
             Mean action noise std: 0.24
          Mean value_function loss: 0.0625
               Mean surrogate loss: -0.0068
                 Mean entropy loss: -0.1220
                       Mean reward: 69.87
               Mean episode length: 868.90
           Episode_Reward/progress: 5.0677
              Episode_Reward/alive: 0.4780
            Episode_Reward/upright: 0.0947
     Episode_Reward/move_to_target: 0.4706
          Episode_Reward/action_l2: -0.0214
             Episode_Reward/energy: -0.9498
   Episode_Reward/joint_pos_limits: -0.3930
      Episode_Termination/time_out: 0.8370
  Episode_Termination/torso_height: 0.1630
--------------------------------------------------------------------------------
                   Total timesteps: 3211264
                    Iteration time: 0.37s
                      Time elapsed: 00:01:12
                               ETA: 00:01:53

################################################################################
                      [1m Learning iteration 196/500 [0m                      

                       Computation: 46391 steps/s (collection: 0.280s, learning 0.073s)
             Mean action noise std: 0.24
          Mean value_function loss: 0.0647
               Mean surrogate loss: -0.0061
                 Mean entropy loss: -0.1464
                       Mean reward: 69.47
               Mean episode length: 864.55
           Episode_Reward/progress: 4.9956
              Episode_Reward/alive: 0.4679
            Episode_Reward/upright: 0.0924
     Episode_Reward/move_to_target: 0.4654
          Episode_Reward/action_l2: -0.0210
             Episode_Reward/energy: -0.9352
   Episode_Reward/joint_pos_limits: -0.3858
      Episode_Termination/time_out: 0.8420
  Episode_Termination/torso_height: 0.1580
--------------------------------------------------------------------------------
                   Total timesteps: 3227648
                    Iteration time: 0.35s
                      Time elapsed: 00:01:13
                               ETA: 00:01:53

################################################################################
                      [1m Learning iteration 197/500 [0m                      

                       Computation: 40834 steps/s (collection: 0.290s, learning 0.111s)
             Mean action noise std: 0.24
          Mean value_function loss: 0.0995
               Mean surrogate loss: -0.0059
                 Mean entropy loss: -0.1666
                       Mean reward: 70.13
               Mean episode length: 872.97
           Episode_Reward/progress: 4.6181
              Episode_Reward/alive: 0.4521
            Episode_Reward/upright: 0.0890
     Episode_Reward/move_to_target: 0.4486
          Episode_Reward/action_l2: -0.0201
             Episode_Reward/energy: -0.8828
   Episode_Reward/joint_pos_limits: -0.3712
      Episode_Termination/time_out: 0.8445
  Episode_Termination/torso_height: 0.1555
--------------------------------------------------------------------------------
                   Total timesteps: 3244032
                    Iteration time: 0.40s
                      Time elapsed: 00:01:13
                               ETA: 00:01:52

################################################################################
                      [1m Learning iteration 198/500 [0m                      

                       Computation: 45397 steps/s (collection: 0.285s, learning 0.076s)
             Mean action noise std: 0.24
          Mean value_function loss: 0.0772
               Mean surrogate loss: -0.0024
                 Mean entropy loss: -0.1866
                       Mean reward: 69.37
               Mean episode length: 858.83
           Episode_Reward/progress: 3.8521
              Episode_Reward/alive: 0.3872
            Episode_Reward/upright: 0.0756
     Episode_Reward/move_to_target: 0.3778
          Episode_Reward/action_l2: -0.0173
             Episode_Reward/energy: -0.7526
   Episode_Reward/joint_pos_limits: -0.3148
      Episode_Termination/time_out: 0.8434
  Episode_Termination/torso_height: 0.1566
--------------------------------------------------------------------------------
                   Total timesteps: 3260416
                    Iteration time: 0.36s
                      Time elapsed: 00:01:14
                               ETA: 00:01:52

################################################################################
                      [1m Learning iteration 199/500 [0m                      

                       Computation: 41050 steps/s (collection: 0.304s, learning 0.095s)
             Mean action noise std: 0.24
          Mean value_function loss: 0.0627
               Mean surrogate loss: -0.0041
                 Mean entropy loss: -0.1937
                       Mean reward: 70.02
               Mean episode length: 863.58
           Episode_Reward/progress: 5.4396
              Episode_Reward/alive: 0.5000
            Episode_Reward/upright: 0.0995
     Episode_Reward/move_to_target: 0.4981
          Episode_Reward/action_l2: -0.0225
             Episode_Reward/energy: -1.0090
   Episode_Reward/joint_pos_limits: -0.4106
      Episode_Termination/time_out: 0.8436
  Episode_Termination/torso_height: 0.1564
--------------------------------------------------------------------------------
                   Total timesteps: 3276800
                    Iteration time: 0.40s
                      Time elapsed: 00:01:14
                               ETA: 00:01:52

################################################################################
                      [1m Learning iteration 200/500 [0m                      

                       Computation: 41423 steps/s (collection: 0.298s, learning 0.097s)
             Mean action noise std: 0.24
          Mean value_function loss: 0.0666
               Mean surrogate loss: -0.0038
                 Mean entropy loss: -0.2004
                       Mean reward: 69.62
               Mean episode length: 857.64
           Episode_Reward/progress: 4.7199
              Episode_Reward/alive: 0.4510
            Episode_Reward/upright: 0.0883
     Episode_Reward/move_to_target: 0.4409
          Episode_Reward/action_l2: -0.0205
             Episode_Reward/energy: -0.9024
   Episode_Reward/joint_pos_limits: -0.3702
      Episode_Termination/time_out: 0.8474
  Episode_Termination/torso_height: 0.1526
--------------------------------------------------------------------------------
                   Total timesteps: 3293184
                    Iteration time: 0.40s
                      Time elapsed: 00:01:14
                               ETA: 00:01:51

################################################################################
                      [1m Learning iteration 201/500 [0m                      

                       Computation: 34895 steps/s (collection: 0.374s, learning 0.095s)
             Mean action noise std: 0.24
          Mean value_function loss: 0.1201
               Mean surrogate loss: -0.0017
                 Mean entropy loss: -0.2133
                       Mean reward: 68.46
               Mean episode length: 841.02
           Episode_Reward/progress: 4.2903
              Episode_Reward/alive: 0.4041
            Episode_Reward/upright: 0.0778
     Episode_Reward/move_to_target: 0.3937
          Episode_Reward/action_l2: -0.0183
             Episode_Reward/energy: -0.7999
   Episode_Reward/joint_pos_limits: -0.3313
      Episode_Termination/time_out: 0.8464
  Episode_Termination/torso_height: 0.1536
--------------------------------------------------------------------------------
                   Total timesteps: 3309568
                    Iteration time: 0.47s
                      Time elapsed: 00:01:15
                               ETA: 00:01:51

################################################################################
                      [1m Learning iteration 202/500 [0m                      

                       Computation: 38899 steps/s (collection: 0.328s, learning 0.093s)
             Mean action noise std: 0.24
          Mean value_function loss: 0.0712
               Mean surrogate loss: -0.0047
                 Mean entropy loss: -0.2264
                       Mean reward: 68.85
               Mean episode length: 847.62
           Episode_Reward/progress: 4.6940
              Episode_Reward/alive: 0.4520
            Episode_Reward/upright: 0.0883
     Episode_Reward/move_to_target: 0.4455
          Episode_Reward/action_l2: -0.0203
             Episode_Reward/energy: -0.8994
   Episode_Reward/joint_pos_limits: -0.3674
      Episode_Termination/time_out: 0.8444
  Episode_Termination/torso_height: 0.1556
--------------------------------------------------------------------------------
                   Total timesteps: 3325952
                    Iteration time: 0.42s
                      Time elapsed: 00:01:15
                               ETA: 00:01:51

################################################################################
                      [1m Learning iteration 203/500 [0m                      

                       Computation: 46644 steps/s (collection: 0.276s, learning 0.075s)
             Mean action noise std: 0.24
          Mean value_function loss: 0.0684
               Mean surrogate loss: -0.0048
                 Mean entropy loss: -0.2550
                       Mean reward: 66.77
               Mean episode length: 820.99
           Episode_Reward/progress: 3.7755
              Episode_Reward/alive: 0.3594
            Episode_Reward/upright: 0.0695
     Episode_Reward/move_to_target: 0.3473
          Episode_Reward/action_l2: -0.0162
             Episode_Reward/energy: -0.7033
   Episode_Reward/joint_pos_limits: -0.2987
      Episode_Termination/time_out: 0.8425
  Episode_Termination/torso_height: 0.1575
--------------------------------------------------------------------------------
                   Total timesteps: 3342336
                    Iteration time: 0.35s
                      Time elapsed: 00:01:16
                               ETA: 00:01:50

################################################################################
                      [1m Learning iteration 204/500 [0m                      

                       Computation: 47483 steps/s (collection: 0.273s, learning 0.072s)
             Mean action noise std: 0.24
          Mean value_function loss: 0.0642
               Mean surrogate loss: -0.0057
                 Mean entropy loss: -0.2940
                       Mean reward: 69.95
               Mean episode length: 850.14
           Episode_Reward/progress: 5.4266
              Episode_Reward/alive: 0.5000
            Episode_Reward/upright: 0.0992
     Episode_Reward/move_to_target: 0.4992
          Episode_Reward/action_l2: -0.0228
             Episode_Reward/energy: -1.0249
   Episode_Reward/joint_pos_limits: -0.4080
      Episode_Termination/time_out: 0.8417
  Episode_Termination/torso_height: 0.1583
--------------------------------------------------------------------------------
                   Total timesteps: 3358720
                    Iteration time: 0.35s
                      Time elapsed: 00:01:16
                               ETA: 00:01:50

################################################################################
                      [1m Learning iteration 205/500 [0m                      

                       Computation: 47607 steps/s (collection: 0.275s, learning 0.069s)
             Mean action noise std: 0.24
          Mean value_function loss: 0.0479
               Mean surrogate loss: -0.0039
                 Mean entropy loss: -0.3225
                       Mean reward: 70.11
               Mean episode length: 852.94
           Episode_Reward/progress: 4.1768
              Episode_Reward/alive: 0.4134
            Episode_Reward/upright: 0.0795
     Episode_Reward/move_to_target: 0.4066
          Episode_Reward/action_l2: -0.0185
             Episode_Reward/energy: -0.8017
   Episode_Reward/joint_pos_limits: -0.3376
      Episode_Termination/time_out: 0.8456
  Episode_Termination/torso_height: 0.1544
--------------------------------------------------------------------------------
                   Total timesteps: 3375104
                    Iteration time: 0.34s
                      Time elapsed: 00:01:16
                               ETA: 00:01:49

################################################################################
                      [1m Learning iteration 206/500 [0m                      

                       Computation: 46003 steps/s (collection: 0.283s, learning 0.073s)
             Mean action noise std: 0.24
          Mean value_function loss: 0.0756
               Mean surrogate loss: -0.0008
                 Mean entropy loss: -0.3508
                       Mean reward: 68.66
               Mean episode length: 838.25
           Episode_Reward/progress: 4.0016
              Episode_Reward/alive: 0.3978
            Episode_Reward/upright: 0.0776
     Episode_Reward/move_to_target: 0.3896
          Episode_Reward/action_l2: -0.0183
             Episode_Reward/energy: -0.7899
   Episode_Reward/joint_pos_limits: -0.3272
      Episode_Termination/time_out: 0.8454
  Episode_Termination/torso_height: 0.1546
--------------------------------------------------------------------------------
                   Total timesteps: 3391488
                    Iteration time: 0.36s
                      Time elapsed: 00:01:17
                               ETA: 00:01:49

################################################################################
                      [1m Learning iteration 207/500 [0m                      

                       Computation: 49047 steps/s (collection: 0.261s, learning 0.073s)
             Mean action noise std: 0.23
          Mean value_function loss: 0.0703
               Mean surrogate loss: -0.0047
                 Mean entropy loss: -0.3740
                       Mean reward: 68.42
               Mean episode length: 838.16
           Episode_Reward/progress: 5.1583
              Episode_Reward/alive: 0.4934
            Episode_Reward/upright: 0.0983
     Episode_Reward/move_to_target: 0.4899
          Episode_Reward/action_l2: -0.0226
             Episode_Reward/energy: -1.0202
   Episode_Reward/joint_pos_limits: -0.4015
      Episode_Termination/time_out: 0.8467
  Episode_Termination/torso_height: 0.1533
--------------------------------------------------------------------------------
                   Total timesteps: 3407872
                    Iteration time: 0.33s
                      Time elapsed: 00:01:17
                               ETA: 00:01:49

################################################################################
                      [1m Learning iteration 208/500 [0m                      

                       Computation: 47940 steps/s (collection: 0.273s, learning 0.069s)
             Mean action noise std: 0.23
          Mean value_function loss: 0.0649
               Mean surrogate loss: -0.0052
                 Mean entropy loss: -0.4172
                       Mean reward: 69.92
               Mean episode length: 852.78
           Episode_Reward/progress: 5.4610
              Episode_Reward/alive: 0.5000
            Episode_Reward/upright: 0.0995
     Episode_Reward/move_to_target: 0.4988
          Episode_Reward/action_l2: -0.0228
             Episode_Reward/energy: -1.0278
   Episode_Reward/joint_pos_limits: -0.4084
      Episode_Termination/time_out: 0.8501
  Episode_Termination/torso_height: 0.1499
--------------------------------------------------------------------------------
                   Total timesteps: 3424256
                    Iteration time: 0.34s
                      Time elapsed: 00:01:17
                               ETA: 00:01:48

################################################################################
                      [1m Learning iteration 209/500 [0m                      

                       Computation: 47427 steps/s (collection: 0.275s, learning 0.070s)
             Mean action noise std: 0.23
          Mean value_function loss: 0.0619
               Mean surrogate loss: -0.0048
                 Mean entropy loss: -0.4399
                       Mean reward: 72.46
               Mean episode length: 874.86
           Episode_Reward/progress: 5.5075
              Episode_Reward/alive: 0.4974
            Episode_Reward/upright: 0.0993
     Episode_Reward/move_to_target: 0.4964
          Episode_Reward/action_l2: -0.0227
             Episode_Reward/energy: -1.0207
   Episode_Reward/joint_pos_limits: -0.4076
      Episode_Termination/time_out: 0.8555
  Episode_Termination/torso_height: 0.1445
--------------------------------------------------------------------------------
                   Total timesteps: 3440640
                    Iteration time: 0.35s
                      Time elapsed: 00:01:18
                               ETA: 00:01:48

################################################################################
                      [1m Learning iteration 210/500 [0m                      

                       Computation: 50786 steps/s (collection: 0.254s, learning 0.069s)
             Mean action noise std: 0.23
          Mean value_function loss: 0.0729
               Mean surrogate loss: -0.0059
                 Mean entropy loss: -0.4671
                       Mean reward: 70.75
               Mean episode length: 851.59
           Episode_Reward/progress: 3.6618
              Episode_Reward/alive: 0.3555
            Episode_Reward/upright: 0.0673
     Episode_Reward/move_to_target: 0.3452
          Episode_Reward/action_l2: -0.0158
             Episode_Reward/energy: -0.7024
   Episode_Reward/joint_pos_limits: -0.2906
      Episode_Termination/time_out: 0.8583
  Episode_Termination/torso_height: 0.1417
--------------------------------------------------------------------------------
                   Total timesteps: 3457024
                    Iteration time: 0.32s
                      Time elapsed: 00:01:18
                               ETA: 00:01:47

################################################################################
                      [1m Learning iteration 211/500 [0m                      

                       Computation: 45394 steps/s (collection: 0.265s, learning 0.096s)
             Mean action noise std: 0.23
          Mean value_function loss: 0.0662
               Mean surrogate loss: -0.0044
                 Mean entropy loss: -0.4754
                       Mean reward: 71.77
               Mean episode length: 857.10
           Episode_Reward/progress: 5.2961
              Episode_Reward/alive: 0.4843
            Episode_Reward/upright: 0.0950
     Episode_Reward/move_to_target: 0.4805
          Episode_Reward/action_l2: -0.0224
             Episode_Reward/energy: -1.0039
   Episode_Reward/joint_pos_limits: -0.3995
      Episode_Termination/time_out: 0.8597
  Episode_Termination/torso_height: 0.1403
--------------------------------------------------------------------------------
                   Total timesteps: 3473408
                    Iteration time: 0.36s
                      Time elapsed: 00:01:18
                               ETA: 00:01:47

################################################################################
                      [1m Learning iteration 212/500 [0m                      

                       Computation: 42284 steps/s (collection: 0.290s, learning 0.097s)
             Mean action noise std: 0.23
          Mean value_function loss: 0.0951
               Mean surrogate loss: -0.0038
                 Mean entropy loss: -0.4875
                       Mean reward: 71.32
               Mean episode length: 849.92
           Episode_Reward/progress: 5.1605
              Episode_Reward/alive: 0.4686
            Episode_Reward/upright: 0.0929
     Episode_Reward/move_to_target: 0.4653
          Episode_Reward/action_l2: -0.0217
             Episode_Reward/energy: -0.9808
   Episode_Reward/joint_pos_limits: -0.3805
      Episode_Termination/time_out: 0.8560
  Episode_Termination/torso_height: 0.1440
--------------------------------------------------------------------------------
                   Total timesteps: 3489792
                    Iteration time: 0.39s
                      Time elapsed: 00:01:19
                               ETA: 00:01:47

################################################################################
                      [1m Learning iteration 213/500 [0m                      

                       Computation: 43039 steps/s (collection: 0.288s, learning 0.093s)
             Mean action noise std: 0.23
          Mean value_function loss: 0.0608
               Mean surrogate loss: -0.0044
                 Mean entropy loss: -0.5125
                       Mean reward: 70.80
               Mean episode length: 835.87
           Episode_Reward/progress: 4.8497
              Episode_Reward/alive: 0.4418
            Episode_Reward/upright: 0.0866
     Episode_Reward/move_to_target: 0.4402
          Episode_Reward/action_l2: -0.0203
             Episode_Reward/energy: -0.9113
   Episode_Reward/joint_pos_limits: -0.3624
      Episode_Termination/time_out: 0.8516
  Episode_Termination/torso_height: 0.1484
--------------------------------------------------------------------------------
                   Total timesteps: 3506176
                    Iteration time: 0.38s
                      Time elapsed: 00:01:19
                               ETA: 00:01:46

################################################################################
                      [1m Learning iteration 214/500 [0m                      

                       Computation: 50590 steps/s (collection: 0.257s, learning 0.067s)
             Mean action noise std: 0.23
          Mean value_function loss: 0.0842
               Mean surrogate loss: -0.0027
                 Mean entropy loss: -0.5158
                       Mean reward: 70.45
               Mean episode length: 835.87
           Episode_Reward/progress: 5.4552
              Episode_Reward/alive: 0.5000
            Episode_Reward/upright: 0.0996
     Episode_Reward/move_to_target: 0.4983
          Episode_Reward/action_l2: -0.0231
             Episode_Reward/energy: -1.0396
   Episode_Reward/joint_pos_limits: -0.4048
      Episode_Termination/time_out: 0.8496
  Episode_Termination/torso_height: 0.1504
--------------------------------------------------------------------------------
                   Total timesteps: 3522560
                    Iteration time: 0.32s
                      Time elapsed: 00:01:19
                               ETA: 00:01:46

################################################################################
                      [1m Learning iteration 215/500 [0m                      

                       Computation: 47017 steps/s (collection: 0.279s, learning 0.070s)
             Mean action noise std: 0.23
          Mean value_function loss: 0.0784
               Mean surrogate loss: -0.0038
                 Mean entropy loss: -0.5188
                       Mean reward: 70.43
               Mean episode length: 844.44
           Episode_Reward/progress: 4.9789
              Episode_Reward/alive: 0.4571
            Episode_Reward/upright: 0.0895
     Episode_Reward/move_to_target: 0.4411
          Episode_Reward/action_l2: -0.0210
             Episode_Reward/energy: -0.9335
   Episode_Reward/joint_pos_limits: -0.3750
      Episode_Termination/time_out: 0.8536
  Episode_Termination/torso_height: 0.1464
--------------------------------------------------------------------------------
                   Total timesteps: 3538944
                    Iteration time: 0.35s
                      Time elapsed: 00:01:20
                               ETA: 00:01:45

################################################################################
                      [1m Learning iteration 216/500 [0m                      

                       Computation: 44447 steps/s (collection: 0.274s, learning 0.095s)
             Mean action noise std: 0.23
          Mean value_function loss: 0.1673
               Mean surrogate loss: -0.0045
                 Mean entropy loss: -0.5233
                       Mean reward: 74.94
               Mean episode length: 888.65
           Episode_Reward/progress: 5.5338
              Episode_Reward/alive: 0.4960
            Episode_Reward/upright: 0.0986
     Episode_Reward/move_to_target: 0.4938
          Episode_Reward/action_l2: -0.0226
             Episode_Reward/energy: -1.0367
   Episode_Reward/joint_pos_limits: -0.4012
      Episode_Termination/time_out: 0.8571
  Episode_Termination/torso_height: 0.1429
--------------------------------------------------------------------------------
                   Total timesteps: 3555328
                    Iteration time: 0.37s
                      Time elapsed: 00:01:20
                               ETA: 00:01:45

################################################################################
                      [1m Learning iteration 217/500 [0m                      

                       Computation: 47618 steps/s (collection: 0.261s, learning 0.083s)
             Mean action noise std: 0.23
          Mean value_function loss: 0.0925
               Mean surrogate loss: -0.0055
                 Mean entropy loss: -0.5450
                       Mean reward: 74.61
               Mean episode length: 888.38
           Episode_Reward/progress: 4.3444
              Episode_Reward/alive: 0.4106
            Episode_Reward/upright: 0.0800
     Episode_Reward/move_to_target: 0.4039
          Episode_Reward/action_l2: -0.0189
             Episode_Reward/energy: -0.8497
   Episode_Reward/joint_pos_limits: -0.3299
      Episode_Termination/time_out: 0.8613
  Episode_Termination/torso_height: 0.1387
--------------------------------------------------------------------------------
                   Total timesteps: 3571712
                    Iteration time: 0.34s
                      Time elapsed: 00:01:21
                               ETA: 00:01:45

################################################################################
                      [1m Learning iteration 218/500 [0m                      

                       Computation: 45638 steps/s (collection: 0.271s, learning 0.088s)
             Mean action noise std: 0.23
          Mean value_function loss: 0.0522
               Mean surrogate loss: -0.0064
                 Mean entropy loss: -0.5853
                       Mean reward: 75.45
               Mean episode length: 895.84
           Episode_Reward/progress: 5.2685
              Episode_Reward/alive: 0.4767
            Episode_Reward/upright: 0.0945
     Episode_Reward/move_to_target: 0.4727
          Episode_Reward/action_l2: -0.0220
             Episode_Reward/energy: -0.9976
   Episode_Reward/joint_pos_limits: -0.3892
      Episode_Termination/time_out: 0.8593
  Episode_Termination/torso_height: 0.1407
--------------------------------------------------------------------------------
                   Total timesteps: 3588096
                    Iteration time: 0.36s
                      Time elapsed: 00:01:21
                               ETA: 00:01:44

################################################################################
                      [1m Learning iteration 219/500 [0m                      

                       Computation: 44954 steps/s (collection: 0.274s, learning 0.091s)
             Mean action noise std: 0.23
          Mean value_function loss: 0.0426
               Mean surrogate loss: -0.0016
                 Mean entropy loss: -0.6114
                       Mean reward: 74.62
               Mean episode length: 874.35
           Episode_Reward/progress: 3.5435
              Episode_Reward/alive: 0.3285
            Episode_Reward/upright: 0.0629
     Episode_Reward/move_to_target: 0.3196
          Episode_Reward/action_l2: -0.0151
             Episode_Reward/energy: -0.6611
   Episode_Reward/joint_pos_limits: -0.2699
      Episode_Termination/time_out: 0.8556
  Episode_Termination/torso_height: 0.1444
--------------------------------------------------------------------------------
                   Total timesteps: 3604480
                    Iteration time: 0.36s
                      Time elapsed: 00:01:21
                               ETA: 00:01:44

################################################################################
                      [1m Learning iteration 220/500 [0m                      

                       Computation: 45310 steps/s (collection: 0.289s, learning 0.073s)
             Mean action noise std: 0.23
          Mean value_function loss: 0.0666
               Mean surrogate loss: -0.0058
                 Mean entropy loss: -0.6211
                       Mean reward: 75.16
               Mean episode length: 880.27
           Episode_Reward/progress: 5.5122
              Episode_Reward/alive: 0.4928
            Episode_Reward/upright: 0.0974
     Episode_Reward/move_to_target: 0.4892
          Episode_Reward/action_l2: -0.0227
             Episode_Reward/energy: -1.0237
   Episode_Reward/joint_pos_limits: -0.3997
      Episode_Termination/time_out: 0.8523
  Episode_Termination/torso_height: 0.1477
--------------------------------------------------------------------------------
                   Total timesteps: 3620864
                    Iteration time: 0.36s
                      Time elapsed: 00:01:22
                               ETA: 00:01:44

################################################################################
                      [1m Learning iteration 221/500 [0m                      

                       Computation: 45484 steps/s (collection: 0.289s, learning 0.071s)
             Mean action noise std: 0.23
          Mean value_function loss: 0.0923
               Mean surrogate loss: -0.0044
                 Mean entropy loss: -0.6256
                       Mean reward: 73.76
               Mean episode length: 863.57
           Episode_Reward/progress: 4.5138
              Episode_Reward/alive: 0.4064
            Episode_Reward/upright: 0.0793
     Episode_Reward/move_to_target: 0.4019
          Episode_Reward/action_l2: -0.0190
             Episode_Reward/energy: -0.8481
   Episode_Reward/joint_pos_limits: -0.3325
      Episode_Termination/time_out: 0.8507
  Episode_Termination/torso_height: 0.1493
--------------------------------------------------------------------------------
                   Total timesteps: 3637248
                    Iteration time: 0.36s
                      Time elapsed: 00:01:22
                               ETA: 00:01:43

################################################################################
                      [1m Learning iteration 222/500 [0m                      

                       Computation: 46510 steps/s (collection: 0.281s, learning 0.071s)
             Mean action noise std: 0.23
          Mean value_function loss: 0.1441
               Mean surrogate loss: -0.0047
                 Mean entropy loss: -0.6400
                       Mean reward: 73.48
               Mean episode length: 851.78
           Episode_Reward/progress: 5.0473
              Episode_Reward/alive: 0.4497
            Episode_Reward/upright: 0.0887
     Episode_Reward/move_to_target: 0.4453
          Episode_Reward/action_l2: -0.0210
             Episode_Reward/energy: -0.9538
   Episode_Reward/joint_pos_limits: -0.3653
      Episode_Termination/time_out: 0.8467
  Episode_Termination/torso_height: 0.1533
--------------------------------------------------------------------------------
                   Total timesteps: 3653632
                    Iteration time: 0.35s
                      Time elapsed: 00:01:22
                               ETA: 00:01:43

################################################################################
                      [1m Learning iteration 223/500 [0m                      

                       Computation: 46768 steps/s (collection: 0.281s, learning 0.070s)
             Mean action noise std: 0.23
          Mean value_function loss: 0.1402
               Mean surrogate loss: -0.0058
                 Mean entropy loss: -0.6467
                       Mean reward: 73.24
               Mean episode length: 844.45
           Episode_Reward/progress: 4.7972
              Episode_Reward/alive: 0.4401
            Episode_Reward/upright: 0.0865
     Episode_Reward/move_to_target: 0.4336
          Episode_Reward/action_l2: -0.0206
             Episode_Reward/energy: -0.9261
   Episode_Reward/joint_pos_limits: -0.3557
      Episode_Termination/time_out: 0.8457
  Episode_Termination/torso_height: 0.1543
--------------------------------------------------------------------------------
                   Total timesteps: 3670016
                    Iteration time: 0.35s
                      Time elapsed: 00:01:23
                               ETA: 00:01:42

################################################################################
                      [1m Learning iteration 224/500 [0m                      

                       Computation: 45661 steps/s (collection: 0.288s, learning 0.071s)
             Mean action noise std: 0.23
          Mean value_function loss: 0.0704
               Mean surrogate loss: -0.0058
                 Mean entropy loss: -0.6607
                       Mean reward: 72.23
               Mean episode length: 833.47
           Episode_Reward/progress: 4.8290
              Episode_Reward/alive: 0.4314
            Episode_Reward/upright: 0.0849
     Episode_Reward/move_to_target: 0.4267
          Episode_Reward/action_l2: -0.0201
             Episode_Reward/energy: -0.9219
   Episode_Reward/joint_pos_limits: -0.3492
      Episode_Termination/time_out: 0.8429
  Episode_Termination/torso_height: 0.1571
--------------------------------------------------------------------------------
                   Total timesteps: 3686400
                    Iteration time: 0.36s
                      Time elapsed: 00:01:23
                               ETA: 00:01:42

################################################################################
                      [1m Learning iteration 225/500 [0m                      

                       Computation: 45368 steps/s (collection: 0.289s, learning 0.072s)
             Mean action noise std: 0.23
          Mean value_function loss: 0.1009
               Mean surrogate loss: -0.0010
                 Mean entropy loss: -0.6808
                       Mean reward: 71.44
               Mean episode length: 824.89
           Episode_Reward/progress: 4.0325
              Episode_Reward/alive: 0.3684
            Episode_Reward/upright: 0.0710
     Episode_Reward/move_to_target: 0.3594
          Episode_Reward/action_l2: -0.0172
             Episode_Reward/energy: -0.7654
   Episode_Reward/joint_pos_limits: -0.3016
      Episode_Termination/time_out: 0.8373
  Episode_Termination/torso_height: 0.1627
--------------------------------------------------------------------------------
                   Total timesteps: 3702784
                    Iteration time: 0.36s
                      Time elapsed: 00:01:23
                               ETA: 00:01:42

################################################################################
                      [1m Learning iteration 226/500 [0m                      

                       Computation: 40807 steps/s (collection: 0.303s, learning 0.098s)
             Mean action noise std: 0.23
          Mean value_function loss: 0.1068
               Mean surrogate loss: -0.0057
                 Mean entropy loss: -0.6853
                       Mean reward: 70.55
               Mean episode length: 816.63
           Episode_Reward/progress: 4.9266
              Episode_Reward/alive: 0.4347
            Episode_Reward/upright: 0.0853
     Episode_Reward/move_to_target: 0.4281
          Episode_Reward/action_l2: -0.0203
             Episode_Reward/energy: -0.9229
   Episode_Reward/joint_pos_limits: -0.3532
      Episode_Termination/time_out: 0.8342
  Episode_Termination/torso_height: 0.1658
--------------------------------------------------------------------------------
                   Total timesteps: 3719168
                    Iteration time: 0.40s
                      Time elapsed: 00:01:24
                               ETA: 00:01:41

################################################################################
                      [1m Learning iteration 227/500 [0m                      

                       Computation: 41326 steps/s (collection: 0.302s, learning 0.095s)
             Mean action noise std: 0.22
          Mean value_function loss: 0.0958
               Mean surrogate loss: -0.0061
                 Mean entropy loss: -0.7073
                       Mean reward: 70.47
               Mean episode length: 816.35
           Episode_Reward/progress: 4.7363
              Episode_Reward/alive: 0.4231
            Episode_Reward/upright: 0.0832
     Episode_Reward/move_to_target: 0.4186
          Episode_Reward/action_l2: -0.0197
             Episode_Reward/energy: -0.8902
   Episode_Reward/joint_pos_limits: -0.3450
      Episode_Termination/time_out: 0.8335
  Episode_Termination/torso_height: 0.1665
--------------------------------------------------------------------------------
                   Total timesteps: 3735552
                    Iteration time: 0.40s
                      Time elapsed: 00:01:24
                               ETA: 00:01:41

################################################################################
                      [1m Learning iteration 228/500 [0m                      

                       Computation: 47787 steps/s (collection: 0.274s, learning 0.069s)
             Mean action noise std: 0.22
          Mean value_function loss: 0.1038
               Mean surrogate loss: -0.0047
                 Mean entropy loss: -0.7371
                       Mean reward: 69.16
               Mean episode length: 797.41
           Episode_Reward/progress: 4.8663
              Episode_Reward/alive: 0.4242
            Episode_Reward/upright: 0.0824
     Episode_Reward/move_to_target: 0.4140
          Episode_Reward/action_l2: -0.0201
             Episode_Reward/energy: -0.9096
   Episode_Reward/joint_pos_limits: -0.3479
      Episode_Termination/time_out: 0.8301
  Episode_Termination/torso_height: 0.1699
--------------------------------------------------------------------------------
                   Total timesteps: 3751936
                    Iteration time: 0.34s
                      Time elapsed: 00:01:25
                               ETA: 00:01:41

################################################################################
                      [1m Learning iteration 229/500 [0m                      

                       Computation: 43595 steps/s (collection: 0.283s, learning 0.093s)
             Mean action noise std: 0.22
          Mean value_function loss: 0.0851
               Mean surrogate loss: -0.0039
                 Mean entropy loss: -0.7666
                       Mean reward: 71.42
               Mean episode length: 816.73
           Episode_Reward/progress: 4.8285
              Episode_Reward/alive: 0.4134
            Episode_Reward/upright: 0.0804
     Episode_Reward/move_to_target: 0.4067
          Episode_Reward/action_l2: -0.0195
             Episode_Reward/energy: -0.8854
   Episode_Reward/joint_pos_limits: -0.3411
      Episode_Termination/time_out: 0.8298
  Episode_Termination/torso_height: 0.1702
--------------------------------------------------------------------------------
                   Total timesteps: 3768320
                    Iteration time: 0.38s
                      Time elapsed: 00:01:25
                               ETA: 00:01:40

################################################################################
                      [1m Learning iteration 230/500 [0m                      

                       Computation: 43993 steps/s (collection: 0.297s, learning 0.075s)
             Mean action noise std: 0.22
          Mean value_function loss: 0.1408
               Mean surrogate loss: -0.0047
                 Mean entropy loss: -0.7834
                       Mean reward: 72.32
               Mean episode length: 824.97
           Episode_Reward/progress: 4.8919
              Episode_Reward/alive: 0.4341
            Episode_Reward/upright: 0.0851
     Episode_Reward/move_to_target: 0.4262
          Episode_Reward/action_l2: -0.0207
             Episode_Reward/energy: -0.9216
   Episode_Reward/joint_pos_limits: -0.3568
      Episode_Termination/time_out: 0.8290
  Episode_Termination/torso_height: 0.1710
--------------------------------------------------------------------------------
                   Total timesteps: 3784704
                    Iteration time: 0.37s
                      Time elapsed: 00:01:25
                               ETA: 00:01:40

################################################################################
                      [1m Learning iteration 231/500 [0m                      

                       Computation: 47644 steps/s (collection: 0.270s, learning 0.074s)
             Mean action noise std: 0.22
          Mean value_function loss: 0.0801
               Mean surrogate loss: -0.0064
                 Mean entropy loss: -0.7899
                       Mean reward: 70.43
               Mean episode length: 807.59
           Episode_Reward/progress: 4.5756
              Episode_Reward/alive: 0.3996
            Episode_Reward/upright: 0.0781
     Episode_Reward/move_to_target: 0.3931
          Episode_Reward/action_l2: -0.0189
             Episode_Reward/energy: -0.8590
   Episode_Reward/joint_pos_limits: -0.3246
      Episode_Termination/time_out: 0.8267
  Episode_Termination/torso_height: 0.1733
--------------------------------------------------------------------------------
                   Total timesteps: 3801088
                    Iteration time: 0.34s
                      Time elapsed: 00:01:26
                               ETA: 00:01:39

################################################################################
                      [1m Learning iteration 232/500 [0m                      

                       Computation: 44861 steps/s (collection: 0.293s, learning 0.072s)
             Mean action noise std: 0.22
          Mean value_function loss: 0.0924
               Mean surrogate loss: -0.0040
                 Mean entropy loss: -0.8044
                       Mean reward: 70.06
               Mean episode length: 804.14
           Episode_Reward/progress: 5.1700
              Episode_Reward/alive: 0.4611
            Episode_Reward/upright: 0.0912
     Episode_Reward/move_to_target: 0.4550
          Episode_Reward/action_l2: -0.0216
             Episode_Reward/energy: -0.9935
   Episode_Reward/joint_pos_limits: -0.3674
      Episode_Termination/time_out: 0.8265
  Episode_Termination/torso_height: 0.1735
--------------------------------------------------------------------------------
                   Total timesteps: 3817472
                    Iteration time: 0.37s
                      Time elapsed: 00:01:26
                               ETA: 00:01:39

################################################################################
                      [1m Learning iteration 233/500 [0m                      

                       Computation: 49370 steps/s (collection: 0.263s, learning 0.069s)
             Mean action noise std: 0.22
          Mean value_function loss: 0.0866
               Mean surrogate loss: -0.0045
                 Mean entropy loss: -0.8279
                       Mean reward: 71.64
               Mean episode length: 818.42
           Episode_Reward/progress: 5.8064
              Episode_Reward/alive: 0.4812
            Episode_Reward/upright: 0.0959
     Episode_Reward/move_to_target: 0.4789
          Episode_Reward/action_l2: -0.0230
             Episode_Reward/energy: -1.0570
   Episode_Reward/joint_pos_limits: -0.3939
      Episode_Termination/time_out: 0.8267
  Episode_Termination/torso_height: 0.1733
--------------------------------------------------------------------------------
                   Total timesteps: 3833856
                    Iteration time: 0.33s
                      Time elapsed: 00:01:26
                               ETA: 00:01:39

################################################################################
                      [1m Learning iteration 234/500 [0m                      

                       Computation: 47308 steps/s (collection: 0.268s, learning 0.079s)
             Mean action noise std: 0.22
          Mean value_function loss: 0.0783
               Mean surrogate loss: -0.0055
                 Mean entropy loss: -0.8502
                       Mean reward: 72.18
               Mean episode length: 822.80
           Episode_Reward/progress: 5.0827
              Episode_Reward/alive: 0.4509
            Episode_Reward/upright: 0.0887
     Episode_Reward/move_to_target: 0.4467
          Episode_Reward/action_l2: -0.0213
             Episode_Reward/energy: -0.9629
   Episode_Reward/joint_pos_limits: -0.3683
      Episode_Termination/time_out: 0.8234
  Episode_Termination/torso_height: 0.1766
--------------------------------------------------------------------------------
                   Total timesteps: 3850240
                    Iteration time: 0.35s
                      Time elapsed: 00:01:27
                               ETA: 00:01:38

################################################################################
                      [1m Learning iteration 235/500 [0m                      

                       Computation: 46684 steps/s (collection: 0.262s, learning 0.089s)
             Mean action noise std: 0.22
          Mean value_function loss: 0.0953
               Mean surrogate loss: -0.0062
                 Mean entropy loss: -0.8608
                       Mean reward: 71.74
               Mean episode length: 820.84
           Episode_Reward/progress: 5.1779
              Episode_Reward/alive: 0.4597
            Episode_Reward/upright: 0.0905
     Episode_Reward/move_to_target: 0.4562
          Episode_Reward/action_l2: -0.0215
             Episode_Reward/energy: -0.9772
   Episode_Reward/joint_pos_limits: -0.3761
      Episode_Termination/time_out: 0.8187
  Episode_Termination/torso_height: 0.1813
--------------------------------------------------------------------------------
                   Total timesteps: 3866624
                    Iteration time: 0.35s
                      Time elapsed: 00:01:27
                               ETA: 00:01:38

################################################################################
                      [1m Learning iteration 236/500 [0m                      

                       Computation: 42946 steps/s (collection: 0.289s, learning 0.093s)
             Mean action noise std: 0.22
          Mean value_function loss: 0.1292
               Mean surrogate loss: -0.0035
                 Mean entropy loss: -0.8651
                       Mean reward: 69.15
               Mean episode length: 797.61
           Episode_Reward/progress: 4.6133
              Episode_Reward/alive: 0.4342
            Episode_Reward/upright: 0.0850
     Episode_Reward/move_to_target: 0.4248
          Episode_Reward/action_l2: -0.0205
             Episode_Reward/energy: -0.9141
   Episode_Reward/joint_pos_limits: -0.3501
      Episode_Termination/time_out: 0.8203
  Episode_Termination/torso_height: 0.1797
--------------------------------------------------------------------------------
                   Total timesteps: 3883008
                    Iteration time: 0.38s
                      Time elapsed: 00:01:27
                               ETA: 00:01:37

################################################################################
                      [1m Learning iteration 237/500 [0m                      

                       Computation: 40779 steps/s (collection: 0.304s, learning 0.098s)
             Mean action noise std: 0.22
          Mean value_function loss: 0.0987
               Mean surrogate loss: -0.0059
                 Mean entropy loss: -0.8771
                       Mean reward: 69.21
               Mean episode length: 798.01
           Episode_Reward/progress: 4.6422
              Episode_Reward/alive: 0.4183
            Episode_Reward/upright: 0.0816
     Episode_Reward/move_to_target: 0.4122
          Episode_Reward/action_l2: -0.0197
             Episode_Reward/energy: -0.8932
   Episode_Reward/joint_pos_limits: -0.3427
      Episode_Termination/time_out: 0.8163
  Episode_Termination/torso_height: 0.1837
--------------------------------------------------------------------------------
                   Total timesteps: 3899392
                    Iteration time: 0.40s
                      Time elapsed: 00:01:28
                               ETA: 00:01:37

################################################################################
                      [1m Learning iteration 238/500 [0m                      

                       Computation: 43022 steps/s (collection: 0.302s, learning 0.079s)
             Mean action noise std: 0.22
          Mean value_function loss: 0.1006
               Mean surrogate loss: -0.0043
                 Mean entropy loss: -0.9079
                       Mean reward: 69.85
               Mean episode length: 798.77
           Episode_Reward/progress: 3.7842
              Episode_Reward/alive: 0.3431
            Episode_Reward/upright: 0.0646
     Episode_Reward/move_to_target: 0.3314
          Episode_Reward/action_l2: -0.0161
             Episode_Reward/energy: -0.7087
   Episode_Reward/joint_pos_limits: -0.2831
      Episode_Termination/time_out: 0.8109
  Episode_Termination/torso_height: 0.1891
--------------------------------------------------------------------------------
                   Total timesteps: 3915776
                    Iteration time: 0.38s
                      Time elapsed: 00:01:28
                               ETA: 00:01:37

################################################################################
                      [1m Learning iteration 239/500 [0m                      

                       Computation: 35611 steps/s (collection: 0.344s, learning 0.116s)
             Mean action noise std: 0.22
          Mean value_function loss: 0.0854
               Mean surrogate loss: -0.0046
                 Mean entropy loss: -0.9304
                       Mean reward: 70.62
               Mean episode length: 803.30
           Episode_Reward/progress: 5.0790
              Episode_Reward/alive: 0.4418
            Episode_Reward/upright: 0.0870
     Episode_Reward/move_to_target: 0.4362
          Episode_Reward/action_l2: -0.0207
             Episode_Reward/energy: -0.9297
   Episode_Reward/joint_pos_limits: -0.3639
      Episode_Termination/time_out: 0.8078
  Episode_Termination/torso_height: 0.1922
--------------------------------------------------------------------------------
                   Total timesteps: 3932160
                    Iteration time: 0.46s
                      Time elapsed: 00:01:29
                               ETA: 00:01:36

################################################################################
                      [1m Learning iteration 240/500 [0m                      

                       Computation: 41358 steps/s (collection: 0.319s, learning 0.077s)
             Mean action noise std: 0.22
          Mean value_function loss: 0.0998
               Mean surrogate loss: -0.0014
                 Mean entropy loss: -0.9490
                       Mean reward: 71.23
               Mean episode length: 805.91
           Episode_Reward/progress: 5.1329
              Episode_Reward/alive: 0.4429
            Episode_Reward/upright: 0.0870
     Episode_Reward/move_to_target: 0.4343
          Episode_Reward/action_l2: -0.0210
             Episode_Reward/energy: -0.9625
   Episode_Reward/joint_pos_limits: -0.3618
      Episode_Termination/time_out: 0.8109
  Episode_Termination/torso_height: 0.1891
--------------------------------------------------------------------------------
                   Total timesteps: 3948544
                    Iteration time: 0.40s
                      Time elapsed: 00:01:29
                               ETA: 00:01:36

################################################################################
                      [1m Learning iteration 241/500 [0m                      

                       Computation: 48805 steps/s (collection: 0.263s, learning 0.073s)
             Mean action noise std: 0.22
          Mean value_function loss: 0.1564
               Mean surrogate loss: -0.0055
                 Mean entropy loss: -0.9572
                       Mean reward: 72.35
               Mean episode length: 817.98
           Episode_Reward/progress: 5.4898
              Episode_Reward/alive: 0.4778
            Episode_Reward/upright: 0.0937
     Episode_Reward/move_to_target: 0.4728
          Episode_Reward/action_l2: -0.0228
             Episode_Reward/energy: -1.0403
   Episode_Reward/joint_pos_limits: -0.3882
      Episode_Termination/time_out: 0.8132
  Episode_Termination/torso_height: 0.1868
--------------------------------------------------------------------------------
                   Total timesteps: 3964928
                    Iteration time: 0.34s
                      Time elapsed: 00:01:29
                               ETA: 00:01:36

################################################################################
                      [1m Learning iteration 242/500 [0m                      

                       Computation: 43291 steps/s (collection: 0.303s, learning 0.075s)
             Mean action noise std: 0.22
          Mean value_function loss: 0.0970
               Mean surrogate loss: -0.0054
                 Mean entropy loss: -0.9592
                       Mean reward: 71.29
               Mean episode length: 807.10
           Episode_Reward/progress: 5.1017
              Episode_Reward/alive: 0.4436
            Episode_Reward/upright: 0.0875
     Episode_Reward/move_to_target: 0.4383
          Episode_Reward/action_l2: -0.0211
             Episode_Reward/energy: -0.9649
   Episode_Reward/joint_pos_limits: -0.3628
      Episode_Termination/time_out: 0.8113
  Episode_Termination/torso_height: 0.1887
--------------------------------------------------------------------------------
                   Total timesteps: 3981312
                    Iteration time: 0.38s
                      Time elapsed: 00:01:30
                               ETA: 00:01:35

################################################################################
                      [1m Learning iteration 243/500 [0m                      

                       Computation: 47828 steps/s (collection: 0.274s, learning 0.068s)
             Mean action noise std: 0.22
          Mean value_function loss: 0.1186
               Mean surrogate loss: -0.0041
                 Mean entropy loss: -0.9821
                       Mean reward: 75.65
               Mean episode length: 842.84
           Episode_Reward/progress: 5.5750
              Episode_Reward/alive: 0.4686
            Episode_Reward/upright: 0.0923
     Episode_Reward/move_to_target: 0.4646
          Episode_Reward/action_l2: -0.0222
             Episode_Reward/energy: -1.0172
   Episode_Reward/joint_pos_limits: -0.3882
      Episode_Termination/time_out: 0.8151
  Episode_Termination/torso_height: 0.1849
--------------------------------------------------------------------------------
                   Total timesteps: 3997696
                    Iteration time: 0.34s
                      Time elapsed: 00:01:30
                               ETA: 00:01:35

################################################################################
                      [1m Learning iteration 244/500 [0m                      

                       Computation: 45702 steps/s (collection: 0.284s, learning 0.074s)
             Mean action noise std: 0.22
          Mean value_function loss: 0.0808
               Mean surrogate loss: -0.0057
                 Mean entropy loss: -1.0048
                       Mean reward: 77.04
               Mean episode length: 857.86
           Episode_Reward/progress: 5.1932
              Episode_Reward/alive: 0.4426
            Episode_Reward/upright: 0.0876
     Episode_Reward/move_to_target: 0.4403
          Episode_Reward/action_l2: -0.0210
             Episode_Reward/energy: -0.9596
   Episode_Reward/joint_pos_limits: -0.3645
      Episode_Termination/time_out: 0.8153
  Episode_Termination/torso_height: 0.1847
--------------------------------------------------------------------------------
                   Total timesteps: 4014080
                    Iteration time: 0.36s
                      Time elapsed: 00:01:30
                               ETA: 00:01:35

################################################################################
                      [1m Learning iteration 245/500 [0m                      

                       Computation: 44353 steps/s (collection: 0.277s, learning 0.092s)
             Mean action noise std: 0.22
          Mean value_function loss: 0.1229
               Mean surrogate loss: -0.0064
                 Mean entropy loss: -1.0278
                       Mean reward: 75.69
               Mean episode length: 844.21
           Episode_Reward/progress: 4.9152
              Episode_Reward/alive: 0.4215
            Episode_Reward/upright: 0.0822
     Episode_Reward/move_to_target: 0.4151
          Episode_Reward/action_l2: -0.0200
             Episode_Reward/energy: -0.9015
   Episode_Reward/joint_pos_limits: -0.3474
      Episode_Termination/time_out: 0.8115
  Episode_Termination/torso_height: 0.1885
--------------------------------------------------------------------------------
                   Total timesteps: 4030464
                    Iteration time: 0.37s
                      Time elapsed: 00:01:31
                               ETA: 00:01:34

################################################################################
                      [1m Learning iteration 246/500 [0m                      

                       Computation: 47229 steps/s (collection: 0.273s, learning 0.074s)
             Mean action noise std: 0.22
          Mean value_function loss: 0.0774
               Mean surrogate loss: -0.0054
                 Mean entropy loss: -1.0441
                       Mean reward: 77.23
               Mean episode length: 858.94
           Episode_Reward/progress: 5.2583
              Episode_Reward/alive: 0.4498
            Episode_Reward/upright: 0.0886
     Episode_Reward/move_to_target: 0.4432
          Episode_Reward/action_l2: -0.0212
             Episode_Reward/energy: -0.9768
   Episode_Reward/joint_pos_limits: -0.3665
      Episode_Termination/time_out: 0.8123
  Episode_Termination/torso_height: 0.1877
--------------------------------------------------------------------------------
                   Total timesteps: 4046848
                    Iteration time: 0.35s
                      Time elapsed: 00:01:31
                               ETA: 00:01:34

################################################################################
                      [1m Learning iteration 247/500 [0m                      

                       Computation: 50474 steps/s (collection: 0.256s, learning 0.069s)
             Mean action noise std: 0.22
          Mean value_function loss: 0.0669
               Mean surrogate loss: -0.0045
                 Mean entropy loss: -1.0743
                       Mean reward: 76.74
               Mean episode length: 864.84
           Episode_Reward/progress: 4.3516
              Episode_Reward/alive: 0.3992
            Episode_Reward/upright: 0.0777
     Episode_Reward/move_to_target: 0.3891
          Episode_Reward/action_l2: -0.0186
             Episode_Reward/energy: -0.8271
   Episode_Reward/joint_pos_limits: -0.3279
      Episode_Termination/time_out: 0.8119
  Episode_Termination/torso_height: 0.1881
--------------------------------------------------------------------------------
                   Total timesteps: 4063232
                    Iteration time: 0.32s
                      Time elapsed: 00:01:31
                               ETA: 00:01:33

################################################################################
                      [1m Learning iteration 248/500 [0m                      

                       Computation: 41805 steps/s (collection: 0.300s, learning 0.092s)
             Mean action noise std: 0.21
          Mean value_function loss: 0.0909
               Mean surrogate loss: -0.0047
                 Mean entropy loss: -1.0930
                       Mean reward: 76.18
               Mean episode length: 861.37
           Episode_Reward/progress: 5.4877
              Episode_Reward/alive: 0.4708
            Episode_Reward/upright: 0.0927
     Episode_Reward/move_to_target: 0.4674
          Episode_Reward/action_l2: -0.0222
             Episode_Reward/energy: -1.0137
   Episode_Reward/joint_pos_limits: -0.3873
      Episode_Termination/time_out: 0.8163
  Episode_Termination/torso_height: 0.1837
--------------------------------------------------------------------------------
                   Total timesteps: 4079616
                    Iteration time: 0.39s
                      Time elapsed: 00:01:32
                               ETA: 00:01:33

################################################################################
                      [1m Learning iteration 249/500 [0m                      

                       Computation: 46624 steps/s (collection: 0.276s, learning 0.075s)
             Mean action noise std: 0.21
          Mean value_function loss: 0.0770
               Mean surrogate loss: -0.0062
                 Mean entropy loss: -1.1233
                       Mean reward: 77.91
               Mean episode length: 877.04
           Episode_Reward/progress: 4.8301
              Episode_Reward/alive: 0.4210
            Episode_Reward/upright: 0.0822
     Episode_Reward/move_to_target: 0.4139
          Episode_Reward/action_l2: -0.0195
             Episode_Reward/energy: -0.8797
   Episode_Reward/joint_pos_limits: -0.3496
      Episode_Termination/time_out: 0.8156
  Episode_Termination/torso_height: 0.1844
--------------------------------------------------------------------------------
                   Total timesteps: 4096000
                    Iteration time: 0.35s
                      Time elapsed: 00:01:32
                               ETA: 00:01:33

################################################################################
                      [1m Learning iteration 250/500 [0m                      

                       Computation: 44827 steps/s (collection: 0.294s, learning 0.071s)
             Mean action noise std: 0.21
          Mean value_function loss: 0.0663
               Mean surrogate loss: -0.0043
                 Mean entropy loss: -1.1522
                       Mean reward: 76.92
               Mean episode length: 868.92
           Episode_Reward/progress: 4.9305
              Episode_Reward/alive: 0.4301
            Episode_Reward/upright: 0.0851
     Episode_Reward/move_to_target: 0.4243
          Episode_Reward/action_l2: -0.0203
             Episode_Reward/energy: -0.9160
   Episode_Reward/joint_pos_limits: -0.3543
      Episode_Termination/time_out: 0.8145
  Episode_Termination/torso_height: 0.1855
--------------------------------------------------------------------------------
                   Total timesteps: 4112384
                    Iteration time: 0.37s
                      Time elapsed: 00:01:33
                               ETA: 00:01:32

################################################################################
                      [1m Learning iteration 251/500 [0m                      

                       Computation: 44308 steps/s (collection: 0.292s, learning 0.077s)
             Mean action noise std: 0.21
          Mean value_function loss: 0.0952
               Mean surrogate loss: -0.0037
                 Mean entropy loss: -1.1804
                       Mean reward: 77.92
               Mean episode length: 871.12
           Episode_Reward/progress: 5.2630
              Episode_Reward/alive: 0.4431
            Episode_Reward/upright: 0.0862
     Episode_Reward/move_to_target: 0.4385
          Episode_Reward/action_l2: -0.0209
             Episode_Reward/energy: -0.9644
   Episode_Reward/joint_pos_limits: -0.3670
      Episode_Termination/time_out: 0.8143
  Episode_Termination/torso_height: 0.1857
--------------------------------------------------------------------------------
                   Total timesteps: 4128768
                    Iteration time: 0.37s
                      Time elapsed: 00:01:33
                               ETA: 00:01:32

################################################################################
                      [1m Learning iteration 252/500 [0m                      

                       Computation: 42682 steps/s (collection: 0.294s, learning 0.090s)
             Mean action noise std: 0.21
          Mean value_function loss: 0.0698
               Mean surrogate loss: -0.0059
                 Mean entropy loss: -1.2014
                       Mean reward: 78.95
               Mean episode length: 874.75
           Episode_Reward/progress: 5.6499
              Episode_Reward/alive: 0.4897
            Episode_Reward/upright: 0.0968
     Episode_Reward/move_to_target: 0.4713
          Episode_Reward/action_l2: -0.0231
             Episode_Reward/energy: -1.0567
   Episode_Reward/joint_pos_limits: -0.4013
      Episode_Termination/time_out: 0.8185
  Episode_Termination/torso_height: 0.1815
--------------------------------------------------------------------------------
                   Total timesteps: 4145152
                    Iteration time: 0.38s
                      Time elapsed: 00:01:33
                               ETA: 00:01:32

################################################################################
                      [1m Learning iteration 253/500 [0m                      

                       Computation: 46592 steps/s (collection: 0.280s, learning 0.072s)
             Mean action noise std: 0.21
          Mean value_function loss: 0.0721
               Mean surrogate loss: -0.0038
                 Mean entropy loss: -1.2091
                       Mean reward: 77.76
               Mean episode length: 866.59
           Episode_Reward/progress: 5.2350
              Episode_Reward/alive: 0.4641
            Episode_Reward/upright: 0.0919
     Episode_Reward/move_to_target: 0.4492
          Episode_Reward/action_l2: -0.0219
             Episode_Reward/energy: -0.9817
   Episode_Reward/joint_pos_limits: -0.3819
      Episode_Termination/time_out: 0.8257
  Episode_Termination/torso_height: 0.1743
--------------------------------------------------------------------------------
                   Total timesteps: 4161536
                    Iteration time: 0.35s
                      Time elapsed: 00:01:34
                               ETA: 00:01:31

################################################################################
                      [1m Learning iteration 254/500 [0m                      

                       Computation: 46233 steps/s (collection: 0.283s, learning 0.071s)
             Mean action noise std: 0.21
          Mean value_function loss: 0.1113
               Mean surrogate loss: -0.0056
                 Mean entropy loss: -1.2243
                       Mean reward: 80.67
               Mean episode length: 900.77
           Episode_Reward/progress: 5.5688
              Episode_Reward/alive: 0.4883
            Episode_Reward/upright: 0.0967
     Episode_Reward/move_to_target: 0.4843
          Episode_Reward/action_l2: -0.0228
             Episode_Reward/energy: -1.0518
   Episode_Reward/joint_pos_limits: -0.4020
      Episode_Termination/time_out: 0.8298
  Episode_Termination/torso_height: 0.1702
--------------------------------------------------------------------------------
                   Total timesteps: 4177920
                    Iteration time: 0.35s
                      Time elapsed: 00:01:34
                               ETA: 00:01:31

################################################################################
                      [1m Learning iteration 255/500 [0m                      

                       Computation: 44242 steps/s (collection: 0.280s, learning 0.090s)
             Mean action noise std: 0.21
          Mean value_function loss: 0.0872
               Mean surrogate loss: -0.0065
                 Mean entropy loss: -1.2616
                       Mean reward: 78.42
               Mean episode length: 883.10
           Episode_Reward/progress: 5.2490
              Episode_Reward/alive: 0.4568
            Episode_Reward/upright: 0.0899
     Episode_Reward/move_to_target: 0.4527
          Episode_Reward/action_l2: -0.0213
             Episode_Reward/energy: -0.9673
   Episode_Reward/joint_pos_limits: -0.3784
      Episode_Termination/time_out: 0.8347
  Episode_Termination/torso_height: 0.1653
--------------------------------------------------------------------------------
                   Total timesteps: 4194304
                    Iteration time: 0.37s
                      Time elapsed: 00:01:34
                               ETA: 00:01:30

################################################################################
                      [1m Learning iteration 256/500 [0m                      

                       Computation: 45949 steps/s (collection: 0.280s, learning 0.077s)
             Mean action noise std: 0.21
          Mean value_function loss: 0.1041
               Mean surrogate loss: -0.0056
                 Mean entropy loss: -1.2940
                       Mean reward: 76.16
               Mean episode length: 858.97
           Episode_Reward/progress: 5.1585
              Episode_Reward/alive: 0.4363
            Episode_Reward/upright: 0.0858
     Episode_Reward/move_to_target: 0.4325
          Episode_Reward/action_l2: -0.0203
             Episode_Reward/energy: -0.9370
   Episode_Reward/joint_pos_limits: -0.3597
      Episode_Termination/time_out: 0.8354
  Episode_Termination/torso_height: 0.1646
--------------------------------------------------------------------------------
                   Total timesteps: 4210688
                    Iteration time: 0.36s
                      Time elapsed: 00:01:35
                               ETA: 00:01:30

################################################################################
                      [1m Learning iteration 257/500 [0m                      

                       Computation: 47772 steps/s (collection: 0.273s, learning 0.070s)
             Mean action noise std: 0.21
          Mean value_function loss: 0.0563
               Mean surrogate loss: -0.0037
                 Mean entropy loss: -1.3379
                       Mean reward: 73.67
               Mean episode length: 837.88
           Episode_Reward/progress: 4.5233
              Episode_Reward/alive: 0.3942
            Episode_Reward/upright: 0.0773
     Episode_Reward/move_to_target: 0.3883
          Episode_Reward/action_l2: -0.0183
             Episode_Reward/energy: -0.8388
   Episode_Reward/joint_pos_limits: -0.3221
      Episode_Termination/time_out: 0.8333
  Episode_Termination/torso_height: 0.1667
--------------------------------------------------------------------------------
                   Total timesteps: 4227072
                    Iteration time: 0.34s
                      Time elapsed: 00:01:35
                               ETA: 00:01:30

################################################################################
                      [1m Learning iteration 258/500 [0m                      

                       Computation: 45577 steps/s (collection: 0.291s, learning 0.068s)
             Mean action noise std: 0.21
          Mean value_function loss: 0.0541
               Mean surrogate loss: -0.0019
                 Mean entropy loss: -1.3637
                       Mean reward: 76.17
               Mean episode length: 843.33
           Episode_Reward/progress: 5.8960
              Episode_Reward/alive: 0.4749
            Episode_Reward/upright: 0.0943
     Episode_Reward/move_to_target: 0.4730
          Episode_Reward/action_l2: -0.0228
             Episode_Reward/energy: -1.0548
   Episode_Reward/joint_pos_limits: -0.3961
      Episode_Termination/time_out: 0.8383
  Episode_Termination/torso_height: 0.1617
--------------------------------------------------------------------------------
                   Total timesteps: 4243456
                    Iteration time: 0.36s
                      Time elapsed: 00:01:35
                               ETA: 00:01:29

################################################################################
                      [1m Learning iteration 259/500 [0m                      

                       Computation: 45588 steps/s (collection: 0.266s, learning 0.093s)
             Mean action noise std: 0.21
          Mean value_function loss: 0.0431
               Mean surrogate loss: -0.0024
                 Mean entropy loss: -1.3974
                       Mean reward: 73.89
               Mean episode length: 816.26
           Episode_Reward/progress: 4.9821
              Episode_Reward/alive: 0.4265
            Episode_Reward/upright: 0.0845
     Episode_Reward/move_to_target: 0.4225
          Episode_Reward/action_l2: -0.0202
             Episode_Reward/energy: -0.9303
   Episode_Reward/joint_pos_limits: -0.3503
      Episode_Termination/time_out: 0.8397
  Episode_Termination/torso_height: 0.1603
--------------------------------------------------------------------------------
                   Total timesteps: 4259840
                    Iteration time: 0.36s
                      Time elapsed: 00:01:36
                               ETA: 00:01:29

################################################################################
                      [1m Learning iteration 260/500 [0m                      

                       Computation: 44748 steps/s (collection: 0.270s, learning 0.096s)
             Mean action noise std: 0.20
          Mean value_function loss: 0.0703
               Mean surrogate loss: -0.0040
                 Mean entropy loss: -1.4525
                       Mean reward: 76.55
               Mean episode length: 842.79
           Episode_Reward/progress: 5.1263
              Episode_Reward/alive: 0.4430
            Episode_Reward/upright: 0.0866
     Episode_Reward/move_to_target: 0.4396
          Episode_Reward/action_l2: -0.0207
             Episode_Reward/energy: -0.9424
   Episode_Reward/joint_pos_limits: -0.3711
      Episode_Termination/time_out: 0.8392
  Episode_Termination/torso_height: 0.1608
--------------------------------------------------------------------------------
                   Total timesteps: 4276224
                    Iteration time: 0.37s
                      Time elapsed: 00:01:36
                               ETA: 00:01:28

################################################################################
                      [1m Learning iteration 261/500 [0m                      

                       Computation: 38914 steps/s (collection: 0.347s, learning 0.074s)
             Mean action noise std: 0.20
          Mean value_function loss: 0.0659
               Mean surrogate loss: -0.0039
                 Mean entropy loss: -1.4872
                       Mean reward: 75.55
               Mean episode length: 835.24
           Episode_Reward/progress: 5.3436
              Episode_Reward/alive: 0.4545
            Episode_Reward/upright: 0.0896
     Episode_Reward/move_to_target: 0.4506
          Episode_Reward/action_l2: -0.0215
             Episode_Reward/energy: -0.9966
   Episode_Reward/joint_pos_limits: -0.3715
      Episode_Termination/time_out: 0.8461
  Episode_Termination/torso_height: 0.1539
--------------------------------------------------------------------------------
                   Total timesteps: 4292608
                    Iteration time: 0.42s
                      Time elapsed: 00:01:37
                               ETA: 00:01:28

################################################################################
                      [1m Learning iteration 262/500 [0m                      

                       Computation: 44321 steps/s (collection: 0.279s, learning 0.090s)
             Mean action noise std: 0.20
          Mean value_function loss: 0.0868
               Mean surrogate loss: -0.0044
                 Mean entropy loss: -1.5028
                       Mean reward: 79.12
               Mean episode length: 870.53
           Episode_Reward/progress: 5.9511
              Episode_Reward/alive: 0.4945
            Episode_Reward/upright: 0.0982
     Episode_Reward/move_to_target: 0.4927
          Episode_Reward/action_l2: -0.0230
             Episode_Reward/energy: -1.0960
   Episode_Reward/joint_pos_limits: -0.4036
      Episode_Termination/time_out: 0.8524
  Episode_Termination/torso_height: 0.1476
--------------------------------------------------------------------------------
                   Total timesteps: 4308992
                    Iteration time: 0.37s
                      Time elapsed: 00:01:37
                               ETA: 00:01:28

################################################################################
                      [1m Learning iteration 263/500 [0m                      

                       Computation: 49486 steps/s (collection: 0.257s, learning 0.074s)
             Mean action noise std: 0.20
          Mean value_function loss: 0.0732
               Mean surrogate loss: -0.0035
                 Mean entropy loss: -1.5326
                       Mean reward: 74.59
               Mean episode length: 826.46
           Episode_Reward/progress: 4.8092
              Episode_Reward/alive: 0.4158
            Episode_Reward/upright: 0.0813
     Episode_Reward/move_to_target: 0.4079
          Episode_Reward/action_l2: -0.0194
             Episode_Reward/energy: -0.8804
   Episode_Reward/joint_pos_limits: -0.3424
      Episode_Termination/time_out: 0.8523
  Episode_Termination/torso_height: 0.1477
--------------------------------------------------------------------------------
                   Total timesteps: 4325376
                    Iteration time: 0.33s
                      Time elapsed: 00:01:37
                               ETA: 00:01:27

################################################################################
                      [1m Learning iteration 264/500 [0m                      

                       Computation: 42971 steps/s (collection: 0.288s, learning 0.093s)
             Mean action noise std: 0.20
          Mean value_function loss: 0.0938
               Mean surrogate loss: -0.0031
                 Mean entropy loss: -1.5431
                       Mean reward: 73.68
               Mean episode length: 815.66
           Episode_Reward/progress: 4.8360
              Episode_Reward/alive: 0.3963
            Episode_Reward/upright: 0.0775
     Episode_Reward/move_to_target: 0.3905
          Episode_Reward/action_l2: -0.0189
             Episode_Reward/energy: -0.8741
   Episode_Reward/joint_pos_limits: -0.3271
      Episode_Termination/time_out: 0.8476
  Episode_Termination/torso_height: 0.1524
--------------------------------------------------------------------------------
                   Total timesteps: 4341760
                    Iteration time: 0.38s
                      Time elapsed: 00:01:38
                               ETA: 00:01:27

################################################################################
                      [1m Learning iteration 265/500 [0m                      

                       Computation: 45741 steps/s (collection: 0.283s, learning 0.075s)
             Mean action noise std: 0.20
          Mean value_function loss: 0.0767
               Mean surrogate loss: -0.0054
                 Mean entropy loss: -1.5591
                       Mean reward: 75.23
               Mean episode length: 831.23
           Episode_Reward/progress: 4.1790
              Episode_Reward/alive: 0.3667
            Episode_Reward/upright: 0.0684
     Episode_Reward/move_to_target: 0.3400
          Episode_Reward/action_l2: -0.0172
             Episode_Reward/energy: -0.7752
   Episode_Reward/joint_pos_limits: -0.3001
      Episode_Termination/time_out: 0.8518
  Episode_Termination/torso_height: 0.1482
--------------------------------------------------------------------------------
                   Total timesteps: 4358144
                    Iteration time: 0.36s
                      Time elapsed: 00:01:38
                               ETA: 00:01:27

################################################################################
                      [1m Learning iteration 266/500 [0m                      

                       Computation: 47191 steps/s (collection: 0.255s, learning 0.092s)
             Mean action noise std: 0.20
          Mean value_function loss: 0.0468
               Mean surrogate loss: -0.0064
                 Mean entropy loss: -1.5900
                       Mean reward: 74.96
               Mean episode length: 837.52
           Episode_Reward/progress: 4.1827
              Episode_Reward/alive: 0.3980
            Episode_Reward/upright: 0.0776
     Episode_Reward/move_to_target: 0.3539
          Episode_Reward/action_l2: -0.0186
             Episode_Reward/energy: -0.7978
   Episode_Reward/joint_pos_limits: -0.3338
      Episode_Termination/time_out: 0.8497
  Episode_Termination/torso_height: 0.1503
--------------------------------------------------------------------------------
                   Total timesteps: 4374528
                    Iteration time: 0.35s
                      Time elapsed: 00:01:38
                               ETA: 00:01:26

################################################################################
                      [1m Learning iteration 267/500 [0m                      

                       Computation: 45096 steps/s (collection: 0.273s, learning 0.091s)
             Mean action noise std: 0.20
          Mean value_function loss: 0.0804
               Mean surrogate loss: -0.0027
                 Mean entropy loss: -1.6136
                       Mean reward: 74.99
               Mean episode length: 837.64
           Episode_Reward/progress: 5.1473
              Episode_Reward/alive: 0.4570
            Episode_Reward/upright: 0.0898
     Episode_Reward/move_to_target: 0.4509
          Episode_Reward/action_l2: -0.0212
             Episode_Reward/energy: -0.9744
   Episode_Reward/joint_pos_limits: -0.3745
      Episode_Termination/time_out: 0.8563
  Episode_Termination/torso_height: 0.1437
--------------------------------------------------------------------------------
                   Total timesteps: 4390912
                    Iteration time: 0.36s
                      Time elapsed: 00:01:39
                               ETA: 00:01:26

################################################################################
                      [1m Learning iteration 268/500 [0m                      

                       Computation: 42752 steps/s (collection: 0.306s, learning 0.078s)
             Mean action noise std: 0.20
          Mean value_function loss: 0.0588
               Mean surrogate loss: -0.0045
                 Mean entropy loss: -1.6322
                       Mean reward: 75.60
               Mean episode length: 840.22
           Episode_Reward/progress: 6.0157
              Episode_Reward/alive: 0.4980
            Episode_Reward/upright: 0.0993
     Episode_Reward/move_to_target: 0.4972
          Episode_Reward/action_l2: -0.0235
             Episode_Reward/energy: -1.1047
   Episode_Reward/joint_pos_limits: -0.4087
      Episode_Termination/time_out: 0.8650
  Episode_Termination/torso_height: 0.1350
--------------------------------------------------------------------------------
                   Total timesteps: 4407296
                    Iteration time: 0.38s
                      Time elapsed: 00:01:39
                               ETA: 00:01:25

################################################################################
                      [1m Learning iteration 269/500 [0m                      

                       Computation: 44507 steps/s (collection: 0.275s, learning 0.093s)
             Mean action noise std: 0.20
          Mean value_function loss: 0.0613
               Mean surrogate loss: -0.0018
                 Mean entropy loss: -1.6593
                       Mean reward: 75.34
               Mean episode length: 833.21
           Episode_Reward/progress: 5.4036
              Episode_Reward/alive: 0.4474
            Episode_Reward/upright: 0.0876
     Episode_Reward/move_to_target: 0.4433
          Episode_Reward/action_l2: -0.0209
             Episode_Reward/energy: -0.9724
   Episode_Reward/joint_pos_limits: -0.3716
      Episode_Termination/time_out: 0.8662
  Episode_Termination/torso_height: 0.1338
--------------------------------------------------------------------------------
                   Total timesteps: 4423680
                    Iteration time: 0.37s
                      Time elapsed: 00:01:40
                               ETA: 00:01:25

################################################################################
                      [1m Learning iteration 270/500 [0m                      

                       Computation: 44960 steps/s (collection: 0.272s, learning 0.093s)
             Mean action noise std: 0.20
          Mean value_function loss: 0.0858
               Mean surrogate loss: -0.0026
                 Mean entropy loss: -1.6749
                       Mean reward: 75.64
               Mean episode length: 833.21
           Episode_Reward/progress: 6.2398
              Episode_Reward/alive: 0.5000
            Episode_Reward/upright: 0.0996
     Episode_Reward/move_to_target: 0.4978
          Episode_Reward/action_l2: -0.0234
             Episode_Reward/energy: -1.1117
   Episode_Reward/joint_pos_limits: -0.4157
      Episode_Termination/time_out: 0.8655
  Episode_Termination/torso_height: 0.1345
--------------------------------------------------------------------------------
                   Total timesteps: 4440064
                    Iteration time: 0.36s
                      Time elapsed: 00:01:40
                               ETA: 00:01:25

################################################################################
                      [1m Learning iteration 271/500 [0m                      

                       Computation: 44668 steps/s (collection: 0.277s, learning 0.090s)
             Mean action noise std: 0.20
          Mean value_function loss: 0.0693
               Mean surrogate loss: -0.0044
                 Mean entropy loss: -1.6877
                       Mean reward: 76.81
               Mean episode length: 843.97
           Episode_Reward/progress: 4.6426
              Episode_Reward/alive: 0.3821
            Episode_Reward/upright: 0.0747
     Episode_Reward/move_to_target: 0.3756
          Episode_Reward/action_l2: -0.0178
             Episode_Reward/energy: -0.8309
   Episode_Reward/joint_pos_limits: -0.3151
      Episode_Termination/time_out: 0.8652
  Episode_Termination/torso_height: 0.1348
--------------------------------------------------------------------------------
                   Total timesteps: 4456448
                    Iteration time: 0.37s
                      Time elapsed: 00:01:40
                               ETA: 00:01:24

################################################################################
                      [1m Learning iteration 272/500 [0m                      

                       Computation: 46062 steps/s (collection: 0.265s, learning 0.090s)
             Mean action noise std: 0.20
          Mean value_function loss: 0.0922
               Mean surrogate loss: -0.0051
                 Mean entropy loss: -1.7051
                       Mean reward: 80.38
               Mean episode length: 886.14
           Episode_Reward/progress: 5.7692
              Episode_Reward/alive: 0.4956
            Episode_Reward/upright: 0.0982
     Episode_Reward/move_to_target: 0.4879
          Episode_Reward/action_l2: -0.0231
             Episode_Reward/energy: -1.0742
   Episode_Reward/joint_pos_limits: -0.4069
      Episode_Termination/time_out: 0.8735
  Episode_Termination/torso_height: 0.1265
--------------------------------------------------------------------------------
                   Total timesteps: 4472832
                    Iteration time: 0.36s
                      Time elapsed: 00:01:41
                               ETA: 00:01:24

################################################################################
                      [1m Learning iteration 273/500 [0m                      

                       Computation: 45283 steps/s (collection: 0.272s, learning 0.090s)
             Mean action noise std: 0.20
          Mean value_function loss: 0.0949
               Mean surrogate loss: -0.0051
                 Mean entropy loss: -1.7315
                       Mean reward: 83.49
               Mean episode length: 900.44
           Episode_Reward/progress: 6.0093
              Episode_Reward/alive: 0.4920
            Episode_Reward/upright: 0.0981
     Episode_Reward/move_to_target: 0.4896
          Episode_Reward/action_l2: -0.0231
             Episode_Reward/energy: -1.0803
   Episode_Reward/joint_pos_limits: -0.4088
      Episode_Termination/time_out: 0.8787
  Episode_Termination/torso_height: 0.1213
--------------------------------------------------------------------------------
                   Total timesteps: 4489216
                    Iteration time: 0.36s
                      Time elapsed: 00:01:41
                               ETA: 00:01:24

################################################################################
                      [1m Learning iteration 274/500 [0m                      

                       Computation: 47053 steps/s (collection: 0.260s, learning 0.088s)
             Mean action noise std: 0.20
          Mean value_function loss: 0.0663
               Mean surrogate loss: -0.0035
                 Mean entropy loss: -1.7643
                       Mean reward: 81.25
               Mean episode length: 879.34
           Episode_Reward/progress: 5.5154
              Episode_Reward/alive: 0.4610
            Episode_Reward/upright: 0.0913
     Episode_Reward/move_to_target: 0.4572
          Episode_Reward/action_l2: -0.0217
             Episode_Reward/energy: -1.0058
   Episode_Reward/joint_pos_limits: -0.3858
      Episode_Termination/time_out: 0.8788
  Episode_Termination/torso_height: 0.1212
--------------------------------------------------------------------------------
                   Total timesteps: 4505600
                    Iteration time: 0.35s
                      Time elapsed: 00:01:41
                               ETA: 00:01:23

################################################################################
                      [1m Learning iteration 275/500 [0m                      

                       Computation: 43492 steps/s (collection: 0.285s, learning 0.092s)
             Mean action noise std: 0.20
          Mean value_function loss: 0.0877
               Mean surrogate loss: -0.0018
                 Mean entropy loss: -1.7970
                       Mean reward: 83.31
               Mean episode length: 905.11
           Episode_Reward/progress: 5.7611
              Episode_Reward/alive: 0.4859
            Episode_Reward/upright: 0.0961
     Episode_Reward/move_to_target: 0.4801
          Episode_Reward/action_l2: -0.0228
             Episode_Reward/energy: -1.0538
   Episode_Reward/joint_pos_limits: -0.4039
      Episode_Termination/time_out: 0.8815
  Episode_Termination/torso_height: 0.1185
--------------------------------------------------------------------------------
                   Total timesteps: 4521984
                    Iteration time: 0.38s
                      Time elapsed: 00:01:42
                               ETA: 00:01:23

################################################################################
                      [1m Learning iteration 276/500 [0m                      

                       Computation: 43986 steps/s (collection: 0.282s, learning 0.090s)
             Mean action noise std: 0.20
          Mean value_function loss: 0.0972
               Mean surrogate loss: -0.0028
                 Mean entropy loss: -1.8231
                       Mean reward: 83.71
               Mean episode length: 907.21
           Episode_Reward/progress: 5.7920
              Episode_Reward/alive: 0.4868
            Episode_Reward/upright: 0.0961
     Episode_Reward/move_to_target: 0.4639
          Episode_Reward/action_l2: -0.0228
             Episode_Reward/energy: -1.0510
   Episode_Reward/joint_pos_limits: -0.4044
      Episode_Termination/time_out: 0.8868
  Episode_Termination/torso_height: 0.1132
--------------------------------------------------------------------------------
                   Total timesteps: 4538368
                    Iteration time: 0.37s
                      Time elapsed: 00:01:42
                               ETA: 00:01:22

################################################################################
                      [1m Learning iteration 277/500 [0m                      

                       Computation: 43271 steps/s (collection: 0.283s, learning 0.095s)
             Mean action noise std: 0.20
          Mean value_function loss: 0.0512
               Mean surrogate loss: -0.0035
                 Mean entropy loss: -1.8369
                       Mean reward: 82.54
               Mean episode length: 898.08
           Episode_Reward/progress: 4.5803
              Episode_Reward/alive: 0.4095
            Episode_Reward/upright: 0.0803
     Episode_Reward/move_to_target: 0.4001
          Episode_Reward/action_l2: -0.0190
             Episode_Reward/energy: -0.8886
   Episode_Reward/joint_pos_limits: -0.3323
      Episode_Termination/time_out: 0.8922
  Episode_Termination/torso_height: 0.1078
--------------------------------------------------------------------------------
                   Total timesteps: 4554752
                    Iteration time: 0.38s
                      Time elapsed: 00:01:42
                               ETA: 00:01:22

################################################################################
                      [1m Learning iteration 278/500 [0m                      

                       Computation: 43166 steps/s (collection: 0.289s, learning 0.091s)
             Mean action noise std: 0.20
          Mean value_function loss: 0.0800
               Mean surrogate loss: -0.0048
                 Mean entropy loss: -1.8533
                       Mean reward: 84.03
               Mean episode length: 911.13
           Episode_Reward/progress: 5.5084
              Episode_Reward/alive: 0.4562
            Episode_Reward/upright: 0.0899
     Episode_Reward/move_to_target: 0.4506
          Episode_Reward/action_l2: -0.0215
             Episode_Reward/energy: -0.9968
   Episode_Reward/joint_pos_limits: -0.3812
      Episode_Termination/time_out: 0.8896
  Episode_Termination/torso_height: 0.1104
--------------------------------------------------------------------------------
                   Total timesteps: 4571136
                    Iteration time: 0.38s
                      Time elapsed: 00:01:43
                               ETA: 00:01:22

################################################################################
                      [1m Learning iteration 279/500 [0m                      

                       Computation: 45268 steps/s (collection: 0.272s, learning 0.090s)
             Mean action noise std: 0.20
          Mean value_function loss: 0.0722
               Mean surrogate loss: -0.0038
                 Mean entropy loss: -1.8611
                       Mean reward: 85.64
               Mean episode length: 922.77
           Episode_Reward/progress: 6.0496
              Episode_Reward/alive: 0.5000
            Episode_Reward/upright: 0.0991
     Episode_Reward/move_to_target: 0.4987
          Episode_Reward/action_l2: -0.0232
             Episode_Reward/energy: -1.0940
   Episode_Reward/joint_pos_limits: -0.4121
      Episode_Termination/time_out: 0.8900
  Episode_Termination/torso_height: 0.1100
--------------------------------------------------------------------------------
                   Total timesteps: 4587520
                    Iteration time: 0.36s
                      Time elapsed: 00:01:43
                               ETA: 00:01:21

################################################################################
                      [1m Learning iteration 280/500 [0m                      

                       Computation: 44002 steps/s (collection: 0.280s, learning 0.092s)
             Mean action noise std: 0.20
          Mean value_function loss: 0.0920
               Mean surrogate loss: -0.0051
                 Mean entropy loss: -1.8696
                       Mean reward: 85.86
               Mean episode length: 915.47
           Episode_Reward/progress: 6.2167
              Episode_Reward/alive: 0.4929
            Episode_Reward/upright: 0.0983
     Episode_Reward/move_to_target: 0.4905
          Episode_Reward/action_l2: -0.0235
             Episode_Reward/energy: -1.1026
   Episode_Reward/joint_pos_limits: -0.4115
      Episode_Termination/time_out: 0.8956
  Episode_Termination/torso_height: 0.1044
--------------------------------------------------------------------------------
                   Total timesteps: 4603904
                    Iteration time: 0.37s
                      Time elapsed: 00:01:44
                               ETA: 00:01:21

################################################################################
                      [1m Learning iteration 281/500 [0m                      

                       Computation: 44509 steps/s (collection: 0.272s, learning 0.096s)
             Mean action noise std: 0.20
          Mean value_function loss: 0.0790
               Mean surrogate loss: -0.0063
                 Mean entropy loss: -1.8920
                       Mean reward: 85.55
               Mean episode length: 905.25
           Episode_Reward/progress: 5.8898
              Episode_Reward/alive: 0.4746
            Episode_Reward/upright: 0.0943
     Episode_Reward/move_to_target: 0.4722
          Episode_Reward/action_l2: -0.0226
             Episode_Reward/energy: -1.0739
   Episode_Reward/joint_pos_limits: -0.3933
      Episode_Termination/time_out: 0.8967
  Episode_Termination/torso_height: 0.1033
--------------------------------------------------------------------------------
                   Total timesteps: 4620288
                    Iteration time: 0.37s
                      Time elapsed: 00:01:44
                               ETA: 00:01:21

################################################################################
                      [1m Learning iteration 282/500 [0m                      

                       Computation: 41539 steps/s (collection: 0.301s, learning 0.094s)
             Mean action noise std: 0.20
          Mean value_function loss: 0.0946
               Mean surrogate loss: -0.0039
                 Mean entropy loss: -1.8939
                       Mean reward: 83.46
               Mean episode length: 882.80
           Episode_Reward/progress: 5.2533
              Episode_Reward/alive: 0.4285
            Episode_Reward/upright: 0.0843
     Episode_Reward/move_to_target: 0.4245
          Episode_Reward/action_l2: -0.0202
             Episode_Reward/energy: -0.9512
   Episode_Reward/joint_pos_limits: -0.3556
      Episode_Termination/time_out: 0.8914
  Episode_Termination/torso_height: 0.1086
--------------------------------------------------------------------------------
                   Total timesteps: 4636672
                    Iteration time: 0.39s
                      Time elapsed: 00:01:44
                               ETA: 00:01:20

################################################################################
                      [1m Learning iteration 283/500 [0m                      

                       Computation: 42538 steps/s (collection: 0.290s, learning 0.095s)
             Mean action noise std: 0.19
          Mean value_function loss: 0.0906
               Mean surrogate loss: -0.0044
                 Mean entropy loss: -1.8968
                       Mean reward: 83.81
               Mean episode length: 886.31
           Episode_Reward/progress: 5.6947
              Episode_Reward/alive: 0.4752
            Episode_Reward/upright: 0.0942
     Episode_Reward/move_to_target: 0.4586
          Episode_Reward/action_l2: -0.0226
             Episode_Reward/energy: -1.0432
   Episode_Reward/joint_pos_limits: -0.3953
      Episode_Termination/time_out: 0.8860
  Episode_Termination/torso_height: 0.1140
--------------------------------------------------------------------------------
                   Total timesteps: 4653056
                    Iteration time: 0.39s
                      Time elapsed: 00:01:45
                               ETA: 00:01:20

################################################################################
                      [1m Learning iteration 284/500 [0m                      

                       Computation: 39356 steps/s (collection: 0.326s, learning 0.090s)
             Mean action noise std: 0.19
          Mean value_function loss: 0.1459
               Mean surrogate loss: -0.0052
                 Mean entropy loss: -1.9149
                       Mean reward: 81.75
               Mean episode length: 868.84
           Episode_Reward/progress: 4.8553
              Episode_Reward/alive: 0.4058
            Episode_Reward/upright: 0.0800
     Episode_Reward/move_to_target: 0.4020
          Episode_Reward/action_l2: -0.0191
             Episode_Reward/energy: -0.8989
   Episode_Reward/joint_pos_limits: -0.3335
      Episode_Termination/time_out: 0.8826
  Episode_Termination/torso_height: 0.1174
--------------------------------------------------------------------------------
                   Total timesteps: 4669440
                    Iteration time: 0.42s
                      Time elapsed: 00:01:45
                               ETA: 00:01:20

################################################################################
                      [1m Learning iteration 285/500 [0m                      

                       Computation: 39337 steps/s (collection: 0.318s, learning 0.099s)
             Mean action noise std: 0.19
          Mean value_function loss: 0.1037
               Mean surrogate loss: -0.0037
                 Mean entropy loss: -1.9398
                       Mean reward: 78.55
               Mean episode length: 843.76
           Episode_Reward/progress: 5.5172
              Episode_Reward/alive: 0.4499
            Episode_Reward/upright: 0.0886
     Episode_Reward/move_to_target: 0.4455
          Episode_Reward/action_l2: -0.0213
             Episode_Reward/energy: -1.0068
   Episode_Reward/joint_pos_limits: -0.3734
      Episode_Termination/time_out: 0.8801
  Episode_Termination/torso_height: 0.1199
--------------------------------------------------------------------------------
                   Total timesteps: 4685824
                    Iteration time: 0.42s
                      Time elapsed: 00:01:46
                               ETA: 00:01:19

################################################################################
                      [1m Learning iteration 286/500 [0m                      

                       Computation: 42747 steps/s (collection: 0.293s, learning 0.090s)
             Mean action noise std: 0.19
          Mean value_function loss: 0.0736
               Mean surrogate loss: -0.0020
                 Mean entropy loss: -1.9567
                       Mean reward: 81.26
               Mean episode length: 870.33
           Episode_Reward/progress: 5.7574
              Episode_Reward/alive: 0.4769
            Episode_Reward/upright: 0.0942
     Episode_Reward/move_to_target: 0.4713
          Episode_Reward/action_l2: -0.0223
             Episode_Reward/energy: -1.0424
   Episode_Reward/joint_pos_limits: -0.3957
      Episode_Termination/time_out: 0.8758
  Episode_Termination/torso_height: 0.1242
--------------------------------------------------------------------------------
                   Total timesteps: 4702208
                    Iteration time: 0.38s
                      Time elapsed: 00:01:46
                               ETA: 00:01:19

################################################################################
                      [1m Learning iteration 287/500 [0m                      

                       Computation: 43567 steps/s (collection: 0.281s, learning 0.095s)
             Mean action noise std: 0.19
          Mean value_function loss: 0.1037
               Mean surrogate loss: -0.0037
                 Mean entropy loss: -1.9668
                       Mean reward: 80.88
               Mean episode length: 871.13
           Episode_Reward/progress: 5.9909
              Episode_Reward/alive: 0.4855
            Episode_Reward/upright: 0.0963
     Episode_Reward/move_to_target: 0.4814
          Episode_Reward/action_l2: -0.0230
             Episode_Reward/energy: -1.0815
   Episode_Reward/joint_pos_limits: -0.4018
      Episode_Termination/time_out: 0.8782
  Episode_Termination/torso_height: 0.1218
--------------------------------------------------------------------------------
                   Total timesteps: 4718592
                    Iteration time: 0.38s
                      Time elapsed: 00:01:46
                               ETA: 00:01:19

################################################################################
                      [1m Learning iteration 288/500 [0m                      

                       Computation: 38856 steps/s (collection: 0.326s, learning 0.095s)
             Mean action noise std: 0.19
          Mean value_function loss: 0.0859
               Mean surrogate loss: -0.0041
                 Mean entropy loss: -1.9765
                       Mean reward: 79.75
               Mean episode length: 849.25
           Episode_Reward/progress: 5.0155
              Episode_Reward/alive: 0.4073
            Episode_Reward/upright: 0.0796
     Episode_Reward/move_to_target: 0.4018
          Episode_Reward/action_l2: -0.0194
             Episode_Reward/energy: -0.9089
   Episode_Reward/joint_pos_limits: -0.3430
      Episode_Termination/time_out: 0.8753
  Episode_Termination/torso_height: 0.1247
--------------------------------------------------------------------------------
                   Total timesteps: 4734976
                    Iteration time: 0.42s
                      Time elapsed: 00:01:47
                               ETA: 00:01:18

################################################################################
                      [1m Learning iteration 289/500 [0m                      

                       Computation: 43527 steps/s (collection: 0.280s, learning 0.096s)
             Mean action noise std: 0.19
          Mean value_function loss: 0.0826
               Mean surrogate loss: -0.0039
                 Mean entropy loss: -1.9850
                       Mean reward: 76.02
               Mean episode length: 809.53
           Episode_Reward/progress: 4.2330
              Episode_Reward/alive: 0.3565
            Episode_Reward/upright: 0.0689
     Episode_Reward/move_to_target: 0.3514
          Episode_Reward/action_l2: -0.0168
             Episode_Reward/energy: -0.7769
   Episode_Reward/joint_pos_limits: -0.2940
      Episode_Termination/time_out: 0.8693
  Episode_Termination/torso_height: 0.1307
--------------------------------------------------------------------------------
                   Total timesteps: 4751360
                    Iteration time: 0.38s
                      Time elapsed: 00:01:47
                               ETA: 00:01:18

################################################################################
                      [1m Learning iteration 290/500 [0m                      

                       Computation: 46577 steps/s (collection: 0.263s, learning 0.089s)
             Mean action noise std: 0.19
          Mean value_function loss: 0.0599
               Mean surrogate loss: -0.0050
                 Mean entropy loss: -2.0017
                       Mean reward: 76.61
               Mean episode length: 821.58
           Episode_Reward/progress: 5.1751
              Episode_Reward/alive: 0.4298
            Episode_Reward/upright: 0.0841
     Episode_Reward/move_to_target: 0.4207
          Episode_Reward/action_l2: -0.0204
             Episode_Reward/energy: -0.9359
   Episode_Reward/joint_pos_limits: -0.3597
      Episode_Termination/time_out: 0.8617
  Episode_Termination/torso_height: 0.1383
--------------------------------------------------------------------------------
                   Total timesteps: 4767744
                    Iteration time: 0.35s
                      Time elapsed: 00:01:47
                               ETA: 00:01:17

################################################################################
                      [1m Learning iteration 291/500 [0m                      

                       Computation: 43051 steps/s (collection: 0.285s, learning 0.095s)
             Mean action noise std: 0.19
          Mean value_function loss: 0.0914
               Mean surrogate loss: -0.0054
                 Mean entropy loss: -2.0314
                       Mean reward: 74.03
               Mean episode length: 797.89
           Episode_Reward/progress: 3.7045
              Episode_Reward/alive: 0.3177
            Episode_Reward/upright: 0.0616
     Episode_Reward/move_to_target: 0.3073
          Episode_Reward/action_l2: -0.0150
             Episode_Reward/energy: -0.7064
   Episode_Reward/joint_pos_limits: -0.2584
      Episode_Termination/time_out: 0.8574
  Episode_Termination/torso_height: 0.1426
--------------------------------------------------------------------------------
                   Total timesteps: 4784128
                    Iteration time: 0.38s
                      Time elapsed: 00:01:48
                               ETA: 00:01:17

################################################################################
                      [1m Learning iteration 292/500 [0m                      

                       Computation: 43957 steps/s (collection: 0.282s, learning 0.090s)
             Mean action noise std: 0.19
          Mean value_function loss: 0.0778
               Mean surrogate loss: -0.0038
                 Mean entropy loss: -2.0448
                       Mean reward: 73.84
               Mean episode length: 797.98
           Episode_Reward/progress: 5.9060
              Episode_Reward/alive: 0.4786
            Episode_Reward/upright: 0.0946
     Episode_Reward/move_to_target: 0.4718
          Episode_Reward/action_l2: -0.0224
             Episode_Reward/energy: -1.0626
   Episode_Reward/joint_pos_limits: -0.3943
      Episode_Termination/time_out: 0.8584
  Episode_Termination/torso_height: 0.1416
--------------------------------------------------------------------------------
                   Total timesteps: 4800512
                    Iteration time: 0.37s
                      Time elapsed: 00:01:48
                               ETA: 00:01:17

################################################################################
                      [1m Learning iteration 293/500 [0m                      

                       Computation: 44049 steps/s (collection: 0.276s, learning 0.096s)
             Mean action noise std: 0.19
          Mean value_function loss: 0.0782
               Mean surrogate loss: -0.0040
                 Mean entropy loss: -2.0504
                       Mean reward: 74.85
               Mean episode length: 812.96
           Episode_Reward/progress: 5.2655
              Episode_Reward/alive: 0.4456
            Episode_Reward/upright: 0.0877
     Episode_Reward/move_to_target: 0.4390
          Episode_Reward/action_l2: -0.0207
             Episode_Reward/energy: -0.9646
   Episode_Reward/joint_pos_limits: -0.3657
      Episode_Termination/time_out: 0.8596
  Episode_Termination/torso_height: 0.1404
--------------------------------------------------------------------------------
                   Total timesteps: 4816896
                    Iteration time: 0.37s
                      Time elapsed: 00:01:49
                               ETA: 00:01:16

################################################################################
                      [1m Learning iteration 294/500 [0m                      

                       Computation: 44966 steps/s (collection: 0.275s, learning 0.089s)
             Mean action noise std: 0.19
          Mean value_function loss: 0.0715
               Mean surrogate loss: -0.0054
                 Mean entropy loss: -2.0629
                       Mean reward: 76.06
               Mean episode length: 830.28
           Episode_Reward/progress: 5.7976
              Episode_Reward/alive: 0.4872
            Episode_Reward/upright: 0.0964
     Episode_Reward/move_to_target: 0.4789
          Episode_Reward/action_l2: -0.0229
             Episode_Reward/energy: -1.0660
   Episode_Reward/joint_pos_limits: -0.4029
      Episode_Termination/time_out: 0.8646
  Episode_Termination/torso_height: 0.1354
--------------------------------------------------------------------------------
                   Total timesteps: 4833280
                    Iteration time: 0.36s
                      Time elapsed: 00:01:49
                               ETA: 00:01:16

################################################################################
                      [1m Learning iteration 295/500 [0m                      

                       Computation: 45733 steps/s (collection: 0.265s, learning 0.093s)
             Mean action noise std: 0.19
          Mean value_function loss: 0.0501
               Mean surrogate loss: -0.0041
                 Mean entropy loss: -2.0711
                       Mean reward: 79.25
               Mean episode length: 859.36
           Episode_Reward/progress: 5.8577
              Episode_Reward/alive: 0.4645
            Episode_Reward/upright: 0.0920
     Episode_Reward/move_to_target: 0.4611
          Episode_Reward/action_l2: -0.0217
             Episode_Reward/energy: -1.0332
   Episode_Reward/joint_pos_limits: -0.3879
      Episode_Termination/time_out: 0.8673
  Episode_Termination/torso_height: 0.1327
--------------------------------------------------------------------------------
                   Total timesteps: 4849664
                    Iteration time: 0.36s
                      Time elapsed: 00:01:49
                               ETA: 00:01:16

################################################################################
                      [1m Learning iteration 296/500 [0m                      

                       Computation: 47586 steps/s (collection: 0.255s, learning 0.090s)
             Mean action noise std: 0.19
          Mean value_function loss: 0.0680
               Mean surrogate loss: -0.0035
                 Mean entropy loss: -2.0906
                       Mean reward: 81.23
               Mean episode length: 874.88
           Episode_Reward/progress: 6.1033
              Episode_Reward/alive: 0.4973
            Episode_Reward/upright: 0.0993
     Episode_Reward/move_to_target: 0.4955
          Episode_Reward/action_l2: -0.0236
             Episode_Reward/energy: -1.1068
   Episode_Reward/joint_pos_limits: -0.4152
      Episode_Termination/time_out: 0.8678
  Episode_Termination/torso_height: 0.1322
--------------------------------------------------------------------------------
                   Total timesteps: 4866048
                    Iteration time: 0.34s
                      Time elapsed: 00:01:50
                               ETA: 00:01:15

################################################################################
                      [1m Learning iteration 297/500 [0m                      

                       Computation: 43795 steps/s (collection: 0.279s, learning 0.095s)
             Mean action noise std: 0.19
          Mean value_function loss: 0.0513
               Mean surrogate loss: -0.0050
                 Mean entropy loss: -2.1227
                       Mean reward: 81.92
               Mean episode length: 884.44
           Episode_Reward/progress: 5.4449
              Episode_Reward/alive: 0.4585
            Episode_Reward/upright: 0.0904
     Episode_Reward/move_to_target: 0.4541
          Episode_Reward/action_l2: -0.0214
             Episode_Reward/energy: -1.0026
   Episode_Reward/joint_pos_limits: -0.3757
      Episode_Termination/time_out: 0.8675
  Episode_Termination/torso_height: 0.1325
--------------------------------------------------------------------------------
                   Total timesteps: 4882432
                    Iteration time: 0.37s
                      Time elapsed: 00:01:50
                               ETA: 00:01:15

################################################################################
                      [1m Learning iteration 298/500 [0m                      

                       Computation: 44764 steps/s (collection: 0.273s, learning 0.093s)
             Mean action noise std: 0.19
          Mean value_function loss: 0.0841
               Mean surrogate loss: -0.0046
                 Mean entropy loss: -2.1404
                       Mean reward: 84.34
               Mean episode length: 902.56
           Episode_Reward/progress: 6.2678
              Episode_Reward/alive: 0.5000
            Episode_Reward/upright: 0.0996
     Episode_Reward/move_to_target: 0.4997
          Episode_Reward/action_l2: -0.0237
             Episode_Reward/energy: -1.1331
   Episode_Reward/joint_pos_limits: -0.4143
      Episode_Termination/time_out: 0.8692
  Episode_Termination/torso_height: 0.1308
--------------------------------------------------------------------------------
                   Total timesteps: 4898816
                    Iteration time: 0.37s
                      Time elapsed: 00:01:50
                               ETA: 00:01:14

################################################################################
                      [1m Learning iteration 299/500 [0m                      

                       Computation: 46267 steps/s (collection: 0.265s, learning 0.089s)
             Mean action noise std: 0.19
          Mean value_function loss: 0.0702
               Mean surrogate loss: -0.0035
                 Mean entropy loss: -2.1441
                       Mean reward: 80.53
               Mean episode length: 862.28
           Episode_Reward/progress: 4.2160
              Episode_Reward/alive: 0.3485
            Episode_Reward/upright: 0.0660
     Episode_Reward/move_to_target: 0.3366
          Episode_Reward/action_l2: -0.0164
             Episode_Reward/energy: -0.7592
   Episode_Reward/joint_pos_limits: -0.2905
      Episode_Termination/time_out: 0.8685
  Episode_Termination/torso_height: 0.1315
--------------------------------------------------------------------------------
                   Total timesteps: 4915200
                    Iteration time: 0.35s
                      Time elapsed: 00:01:51
                               ETA: 00:01:14

################################################################################
                      [1m Learning iteration 300/500 [0m                      

                       Computation: 48744 steps/s (collection: 0.249s, learning 0.087s)
             Mean action noise std: 0.19
          Mean value_function loss: 0.0728
               Mean surrogate loss: -0.0036
                 Mean entropy loss: -2.1487
                       Mean reward: 80.13
               Mean episode length: 855.69
           Episode_Reward/progress: 5.6690
              Episode_Reward/alive: 0.4432
            Episode_Reward/upright: 0.0868
     Episode_Reward/move_to_target: 0.4339
          Episode_Reward/action_l2: -0.0207
             Episode_Reward/energy: -0.9817
   Episode_Reward/joint_pos_limits: -0.3702
      Episode_Termination/time_out: 0.8636
  Episode_Termination/torso_height: 0.1364
--------------------------------------------------------------------------------
                   Total timesteps: 4931584
                    Iteration time: 0.34s
                      Time elapsed: 00:01:51
                               ETA: 00:01:14

################################################################################
                      [1m Learning iteration 301/500 [0m                      

                       Computation: 47580 steps/s (collection: 0.254s, learning 0.091s)
             Mean action noise std: 0.19
          Mean value_function loss: 0.0846
               Mean surrogate loss: -0.0031
                 Mean entropy loss: -2.1573
                       Mean reward: 82.79
               Mean episode length: 875.54
           Episode_Reward/progress: 6.3953
              Episode_Reward/alive: 0.5000
            Episode_Reward/upright: 0.0998
     Episode_Reward/move_to_target: 0.4996
          Episode_Reward/action_l2: -0.0235
             Episode_Reward/energy: -1.1203
   Episode_Reward/joint_pos_limits: -0.4148
      Episode_Termination/time_out: 0.8663
  Episode_Termination/torso_height: 0.1337
--------------------------------------------------------------------------------
                   Total timesteps: 4947968
                    Iteration time: 0.34s
                      Time elapsed: 00:01:51
                               ETA: 00:01:13

################################################################################
                      [1m Learning iteration 302/500 [0m                      

                       Computation: 45891 steps/s (collection: 0.267s, learning 0.090s)
             Mean action noise std: 0.19
          Mean value_function loss: 0.0682
               Mean surrogate loss: -0.0049
                 Mean entropy loss: -2.1759
                       Mean reward: 82.44
               Mean episode length: 868.80
           Episode_Reward/progress: 5.6850
              Episode_Reward/alive: 0.4519
            Episode_Reward/upright: 0.0892
     Episode_Reward/move_to_target: 0.4485
          Episode_Reward/action_l2: -0.0213
             Episode_Reward/energy: -1.0067
   Episode_Reward/joint_pos_limits: -0.3778
      Episode_Termination/time_out: 0.8673
  Episode_Termination/torso_height: 0.1327
--------------------------------------------------------------------------------
                   Total timesteps: 4964352
                    Iteration time: 0.36s
                      Time elapsed: 00:01:52
                               ETA: 00:01:13

################################################################################
                      [1m Learning iteration 303/500 [0m                      

                       Computation: 44909 steps/s (collection: 0.278s, learning 0.087s)
             Mean action noise std: 0.19
          Mean value_function loss: 0.0794
               Mean surrogate loss: -0.0053
                 Mean entropy loss: -2.1934
                       Mean reward: 81.17
               Mean episode length: 849.37
           Episode_Reward/progress: 5.0048
              Episode_Reward/alive: 0.4070
            Episode_Reward/upright: 0.0790
     Episode_Reward/move_to_target: 0.4025
          Episode_Reward/action_l2: -0.0192
             Episode_Reward/energy: -0.8871
   Episode_Reward/joint_pos_limits: -0.3435
      Episode_Termination/time_out: 0.8641
  Episode_Termination/torso_height: 0.1359
--------------------------------------------------------------------------------
                   Total timesteps: 4980736
                    Iteration time: 0.36s
                      Time elapsed: 00:01:52
                               ETA: 00:01:13

################################################################################
                      [1m Learning iteration 304/500 [0m                      

                       Computation: 39917 steps/s (collection: 0.311s, learning 0.099s)
             Mean action noise std: 0.19
          Mean value_function loss: 0.0678
               Mean surrogate loss: -0.0033
                 Mean entropy loss: -2.2009
                       Mean reward: 81.70
               Mean episode length: 856.78
           Episode_Reward/progress: 5.6700
              Episode_Reward/alive: 0.4586
            Episode_Reward/upright: 0.0906
     Episode_Reward/move_to_target: 0.4530
          Episode_Reward/action_l2: -0.0217
             Episode_Reward/energy: -1.0120
   Episode_Reward/joint_pos_limits: -0.3846
      Episode_Termination/time_out: 0.8632
  Episode_Termination/torso_height: 0.1368
--------------------------------------------------------------------------------
                   Total timesteps: 4997120
                    Iteration time: 0.41s
                      Time elapsed: 00:01:53
                               ETA: 00:01:12

################################################################################
                      [1m Learning iteration 305/500 [0m                      

                       Computation: 35118 steps/s (collection: 0.367s, learning 0.100s)
             Mean action noise std: 0.19
          Mean value_function loss: 0.0695
               Mean surrogate loss: -0.0028
                 Mean entropy loss: -2.2133
                       Mean reward: 86.21
               Mean episode length: 894.26
           Episode_Reward/progress: 5.7916
              Episode_Reward/alive: 0.4553
            Episode_Reward/upright: 0.0904
     Episode_Reward/move_to_target: 0.4523
          Episode_Reward/action_l2: -0.0217
             Episode_Reward/energy: -1.0276
   Episode_Reward/joint_pos_limits: -0.3803
      Episode_Termination/time_out: 0.8685
  Episode_Termination/torso_height: 0.1315
--------------------------------------------------------------------------------
                   Total timesteps: 5013504
                    Iteration time: 0.47s
                      Time elapsed: 00:01:53
                               ETA: 00:01:12

################################################################################
                      [1m Learning iteration 306/500 [0m                      

                       Computation: 36570 steps/s (collection: 0.342s, learning 0.106s)
             Mean action noise std: 0.19
          Mean value_function loss: 0.0951
               Mean surrogate loss: -0.0038
                 Mean entropy loss: -2.2455
                       Mean reward: 84.66
               Mean episode length: 876.58
           Episode_Reward/progress: 5.6620
              Episode_Reward/alive: 0.4498
            Episode_Reward/upright: 0.0883
     Episode_Reward/move_to_target: 0.4459
          Episode_Reward/action_l2: -0.0211
             Episode_Reward/energy: -1.0007
   Episode_Reward/joint_pos_limits: -0.3724
      Episode_Termination/time_out: 0.8649
  Episode_Termination/torso_height: 0.1351
--------------------------------------------------------------------------------
                   Total timesteps: 5029888
                    Iteration time: 0.45s
                      Time elapsed: 00:01:53
                               ETA: 00:01:12

################################################################################
                      [1m Learning iteration 307/500 [0m                      

                       Computation: 34505 steps/s (collection: 0.375s, learning 0.100s)
             Mean action noise std: 0.19
          Mean value_function loss: 0.0887
               Mean surrogate loss: -0.0071
                 Mean entropy loss: -2.2828
                       Mean reward: 85.10
               Mean episode length: 887.09
           Episode_Reward/progress: 4.1790
              Episode_Reward/alive: 0.3685
            Episode_Reward/upright: 0.0717
     Episode_Reward/move_to_target: 0.3584
          Episode_Reward/action_l2: -0.0172
             Episode_Reward/energy: -0.7857
   Episode_Reward/joint_pos_limits: -0.3023
      Episode_Termination/time_out: 0.8624
  Episode_Termination/torso_height: 0.1376
--------------------------------------------------------------------------------
                   Total timesteps: 5046272
                    Iteration time: 0.47s
                      Time elapsed: 00:01:54
                               ETA: 00:01:11

################################################################################
                      [1m Learning iteration 308/500 [0m                      

                       Computation: 40632 steps/s (collection: 0.303s, learning 0.100s)
             Mean action noise std: 0.19
          Mean value_function loss: 0.0534
               Mean surrogate loss: -0.0049
                 Mean entropy loss: -2.3175
                       Mean reward: 84.20
               Mean episode length: 875.63
           Episode_Reward/progress: 5.7205
              Episode_Reward/alive: 0.4595
            Episode_Reward/upright: 0.0907
     Episode_Reward/move_to_target: 0.4532
          Episode_Reward/action_l2: -0.0218
             Episode_Reward/energy: -1.0233
   Episode_Reward/joint_pos_limits: -0.3853
      Episode_Termination/time_out: 0.8656
  Episode_Termination/torso_height: 0.1344
--------------------------------------------------------------------------------
                   Total timesteps: 5062656
                    Iteration time: 0.40s
                      Time elapsed: 00:01:54
                               ETA: 00:01:11

################################################################################
                      [1m Learning iteration 309/500 [0m                      

                       Computation: 37061 steps/s (collection: 0.337s, learning 0.105s)
             Mean action noise std: 0.18
          Mean value_function loss: 0.0557
               Mean surrogate loss: -0.0056
                 Mean entropy loss: -2.3431
                       Mean reward: 80.64
               Mean episode length: 847.67
           Episode_Reward/progress: 5.9376
              Episode_Reward/alive: 0.4630
            Episode_Reward/upright: 0.0914
     Episode_Reward/move_to_target: 0.4612
          Episode_Reward/action_l2: -0.0216
             Episode_Reward/energy: -1.0215
   Episode_Reward/joint_pos_limits: -0.3870
      Episode_Termination/time_out: 0.8597
  Episode_Termination/torso_height: 0.1403
--------------------------------------------------------------------------------
                   Total timesteps: 5079040
                    Iteration time: 0.44s
                      Time elapsed: 00:01:55
                               ETA: 00:01:11

################################################################################
                      [1m Learning iteration 310/500 [0m                      

                       Computation: 41258 steps/s (collection: 0.304s, learning 0.093s)
             Mean action noise std: 0.18
          Mean value_function loss: 0.0534
               Mean surrogate loss: -0.0022
                 Mean entropy loss: -2.3866
                       Mean reward: 80.80
               Mean episode length: 847.92
           Episode_Reward/progress: 5.6213
              Episode_Reward/alive: 0.4420
            Episode_Reward/upright: 0.0871
     Episode_Reward/move_to_target: 0.4367
          Episode_Reward/action_l2: -0.0210
             Episode_Reward/energy: -0.9780
   Episode_Reward/joint_pos_limits: -0.3729
      Episode_Termination/time_out: 0.8568
  Episode_Termination/torso_height: 0.1432
--------------------------------------------------------------------------------
                   Total timesteps: 5095424
                    Iteration time: 0.40s
                      Time elapsed: 00:01:55
                               ETA: 00:01:10

################################################################################
                      [1m Learning iteration 311/500 [0m                      

                       Computation: 44810 steps/s (collection: 0.291s, learning 0.074s)
             Mean action noise std: 0.18
          Mean value_function loss: 0.0534
               Mean surrogate loss: -0.0033
                 Mean entropy loss: -2.4054
                       Mean reward: 81.72
               Mean episode length: 857.08
           Episode_Reward/progress: 5.5653
              Episode_Reward/alive: 0.4426
            Episode_Reward/upright: 0.0870
     Episode_Reward/move_to_target: 0.4365
          Episode_Reward/action_l2: -0.0212
             Episode_Reward/energy: -0.9965
   Episode_Reward/joint_pos_limits: -0.3697
      Episode_Termination/time_out: 0.8574
  Episode_Termination/torso_height: 0.1426
--------------------------------------------------------------------------------
                   Total timesteps: 5111808
                    Iteration time: 0.37s
                      Time elapsed: 00:01:56
                               ETA: 00:01:10

################################################################################
                      [1m Learning iteration 312/500 [0m                      

                       Computation: 37984 steps/s (collection: 0.330s, learning 0.101s)
             Mean action noise std: 0.18
          Mean value_function loss: 0.0615
               Mean surrogate loss: -0.0046
                 Mean entropy loss: -2.4190
                       Mean reward: 82.46
               Mean episode length: 857.62
           Episode_Reward/progress: 5.6552
              Episode_Reward/alive: 0.4433
            Episode_Reward/upright: 0.0874
     Episode_Reward/move_to_target: 0.4397
          Episode_Reward/action_l2: -0.0213
             Episode_Reward/energy: -1.0004
   Episode_Reward/joint_pos_limits: -0.3708
      Episode_Termination/time_out: 0.8610
  Episode_Termination/torso_height: 0.1390
--------------------------------------------------------------------------------
                   Total timesteps: 5128192
                    Iteration time: 0.43s
                      Time elapsed: 00:01:56
                               ETA: 00:01:09

################################################################################
                      [1m Learning iteration 313/500 [0m                      

                       Computation: 38957 steps/s (collection: 0.320s, learning 0.100s)
             Mean action noise std: 0.18
          Mean value_function loss: 0.0801
               Mean surrogate loss: -0.0046
                 Mean entropy loss: -2.4290
                       Mean reward: 84.35
               Mean episode length: 871.67
           Episode_Reward/progress: 5.8783
              Episode_Reward/alive: 0.4778
            Episode_Reward/upright: 0.0950
     Episode_Reward/move_to_target: 0.4757
          Episode_Reward/action_l2: -0.0227
             Episode_Reward/energy: -1.0633
   Episode_Reward/joint_pos_limits: -0.3968
      Episode_Termination/time_out: 0.8665
  Episode_Termination/torso_height: 0.1335
--------------------------------------------------------------------------------
                   Total timesteps: 5144576
                    Iteration time: 0.42s
                      Time elapsed: 00:01:56
                               ETA: 00:01:09

################################################################################
                      [1m Learning iteration 314/500 [0m                      

                       Computation: 40507 steps/s (collection: 0.311s, learning 0.094s)
             Mean action noise std: 0.18
          Mean value_function loss: 0.0410
               Mean surrogate loss: -0.0058
                 Mean entropy loss: -2.4324
                       Mean reward: 81.92
               Mean episode length: 847.61
           Episode_Reward/progress: 5.3763
              Episode_Reward/alive: 0.4322
            Episode_Reward/upright: 0.0848
     Episode_Reward/move_to_target: 0.4284
          Episode_Reward/action_l2: -0.0205
             Episode_Reward/energy: -0.9659
   Episode_Reward/joint_pos_limits: -0.3608
      Episode_Termination/time_out: 0.8663
  Episode_Termination/torso_height: 0.1337
--------------------------------------------------------------------------------
                   Total timesteps: 5160960
                    Iteration time: 0.40s
                      Time elapsed: 00:01:57
                               ETA: 00:01:09

################################################################################
                      [1m Learning iteration 315/500 [0m                      

                       Computation: 40179 steps/s (collection: 0.333s, learning 0.075s)
             Mean action noise std: 0.18
          Mean value_function loss: 0.0753
               Mean surrogate loss: -0.0038
                 Mean entropy loss: -2.4348
                       Mean reward: 83.17
               Mean episode length: 862.99
           Episode_Reward/progress: 5.8967
              Episode_Reward/alive: 0.4631
            Episode_Reward/upright: 0.0916
     Episode_Reward/move_to_target: 0.4601
          Episode_Reward/action_l2: -0.0222
             Episode_Reward/energy: -1.0582
   Episode_Reward/joint_pos_limits: -0.3877
      Episode_Termination/time_out: 0.8665
  Episode_Termination/torso_height: 0.1335
--------------------------------------------------------------------------------
                   Total timesteps: 5177344
                    Iteration time: 0.41s
                      Time elapsed: 00:01:57
                               ETA: 00:01:08

################################################################################
                      [1m Learning iteration 316/500 [0m                      

                       Computation: 41440 steps/s (collection: 0.289s, learning 0.107s)
             Mean action noise std: 0.18
          Mean value_function loss: 0.0809
               Mean surrogate loss: -0.0074
                 Mean entropy loss: -2.4512
                       Mean reward: 85.03
               Mean episode length: 880.76
           Episode_Reward/progress: 5.5373
              Episode_Reward/alive: 0.4575
            Episode_Reward/upright: 0.0897
     Episode_Reward/move_to_target: 0.4508
          Episode_Reward/action_l2: -0.0212
             Episode_Reward/energy: -0.9948
   Episode_Reward/joint_pos_limits: -0.3773
      Episode_Termination/time_out: 0.8762
  Episode_Termination/torso_height: 0.1238
--------------------------------------------------------------------------------
                   Total timesteps: 5193728
                    Iteration time: 0.40s
                      Time elapsed: 00:01:58
                               ETA: 00:01:08

################################################################################
                      [1m Learning iteration 317/500 [0m                      

                       Computation: 39501 steps/s (collection: 0.326s, learning 0.089s)
             Mean action noise std: 0.18
          Mean value_function loss: 0.0575
               Mean surrogate loss: -0.0036
                 Mean entropy loss: -2.4801
                       Mean reward: 78.42
               Mean episode length: 820.47
           Episode_Reward/progress: 4.5071
              Episode_Reward/alive: 0.3651
            Episode_Reward/upright: 0.0708
     Episode_Reward/move_to_target: 0.3581
          Episode_Reward/action_l2: -0.0174
             Episode_Reward/energy: -0.8080
   Episode_Reward/joint_pos_limits: -0.3030
      Episode_Termination/time_out: 0.8726
  Episode_Termination/torso_height: 0.1274
--------------------------------------------------------------------------------
                   Total timesteps: 5210112
                    Iteration time: 0.41s
                      Time elapsed: 00:01:58
                               ETA: 00:01:08

################################################################################
                      [1m Learning iteration 318/500 [0m                      

                       Computation: 43575 steps/s (collection: 0.300s, learning 0.076s)
             Mean action noise std: 0.18
          Mean value_function loss: 0.0861
               Mean surrogate loss: -0.0053
                 Mean entropy loss: -2.5040
                       Mean reward: 80.09
               Mean episode length: 829.42
           Episode_Reward/progress: 5.6304
              Episode_Reward/alive: 0.4437
            Episode_Reward/upright: 0.0872
     Episode_Reward/move_to_target: 0.4401
          Episode_Reward/action_l2: -0.0212
             Episode_Reward/energy: -1.0023
   Episode_Reward/joint_pos_limits: -0.3719
      Episode_Termination/time_out: 0.8698
  Episode_Termination/torso_height: 0.1302
--------------------------------------------------------------------------------
                   Total timesteps: 5226496
                    Iteration time: 0.38s
                      Time elapsed: 00:01:58
                               ETA: 00:01:07

################################################################################
                      [1m Learning iteration 319/500 [0m                      

                       Computation: 46478 steps/s (collection: 0.267s, learning 0.085s)
             Mean action noise std: 0.18
          Mean value_function loss: 0.0702
               Mean surrogate loss: -0.0015
                 Mean entropy loss: -2.5254
                       Mean reward: 79.74
               Mean episode length: 824.83
           Episode_Reward/progress: 5.5197
              Episode_Reward/alive: 0.4271
            Episode_Reward/upright: 0.0838
     Episode_Reward/move_to_target: 0.4251
          Episode_Reward/action_l2: -0.0202
             Episode_Reward/energy: -0.9578
   Episode_Reward/joint_pos_limits: -0.3559
      Episode_Termination/time_out: 0.8687
  Episode_Termination/torso_height: 0.1313
--------------------------------------------------------------------------------
                   Total timesteps: 5242880
                    Iteration time: 0.35s
                      Time elapsed: 00:01:59
                               ETA: 00:01:07

################################################################################
                      [1m Learning iteration 320/500 [0m                      

                       Computation: 45553 steps/s (collection: 0.285s, learning 0.075s)
             Mean action noise std: 0.18
          Mean value_function loss: 0.0638
               Mean surrogate loss: -0.0042
                 Mean entropy loss: -2.5371
                       Mean reward: 76.62
               Mean episode length: 797.28
           Episode_Reward/progress: 5.1244
              Episode_Reward/alive: 0.4215
            Episode_Reward/upright: 0.0807
     Episode_Reward/move_to_target: 0.3988
          Episode_Reward/action_l2: -0.0205
             Episode_Reward/energy: -0.9141
   Episode_Reward/joint_pos_limits: -0.3598
      Episode_Termination/time_out: 0.8726
  Episode_Termination/torso_height: 0.1274
--------------------------------------------------------------------------------
                   Total timesteps: 5259264
                    Iteration time: 0.36s
                      Time elapsed: 00:01:59
                               ETA: 00:01:07

################################################################################
                      [1m Learning iteration 321/500 [0m                      

                       Computation: 47484 steps/s (collection: 0.274s, learning 0.071s)
             Mean action noise std: 0.18
          Mean value_function loss: 0.0995
               Mean surrogate loss: -0.0071
                 Mean entropy loss: -2.5544
                       Mean reward: 76.37
               Mean episode length: 797.32
           Episode_Reward/progress: 4.4012
              Episode_Reward/alive: 0.3595
            Episode_Reward/upright: 0.0696
     Episode_Reward/move_to_target: 0.3523
          Episode_Reward/action_l2: -0.0170
             Episode_Reward/energy: -0.7995
   Episode_Reward/joint_pos_limits: -0.2969
      Episode_Termination/time_out: 0.8700
  Episode_Termination/torso_height: 0.1300
--------------------------------------------------------------------------------
                   Total timesteps: 5275648
                    Iteration time: 0.35s
                      Time elapsed: 00:01:59
                               ETA: 00:01:06

################################################################################
                      [1m Learning iteration 322/500 [0m                      

                       Computation: 42987 steps/s (collection: 0.291s, learning 0.090s)
             Mean action noise std: 0.18
          Mean value_function loss: 0.0627
               Mean surrogate loss: -0.0049
                 Mean entropy loss: -2.5806
                       Mean reward: 78.29
               Mean episode length: 814.36
           Episode_Reward/progress: 6.1547
              Episode_Reward/alive: 0.4694
            Episode_Reward/upright: 0.0930
     Episode_Reward/move_to_target: 0.4669
          Episode_Reward/action_l2: -0.0225
             Episode_Reward/energy: -1.0852
   Episode_Reward/joint_pos_limits: -0.3892
      Episode_Termination/time_out: 0.8679
  Episode_Termination/torso_height: 0.1321
--------------------------------------------------------------------------------
                   Total timesteps: 5292032
                    Iteration time: 0.38s
                      Time elapsed: 00:02:00
                               ETA: 00:01:06

################################################################################
                      [1m Learning iteration 323/500 [0m                      

                       Computation: 46467 steps/s (collection: 0.263s, learning 0.090s)
             Mean action noise std: 0.18
          Mean value_function loss: 0.1134
               Mean surrogate loss: -0.0054
                 Mean entropy loss: -2.5994
                       Mean reward: 78.55
               Mean episode length: 814.11
           Episode_Reward/progress: 5.1597
              Episode_Reward/alive: 0.4045
            Episode_Reward/upright: 0.0797
     Episode_Reward/move_to_target: 0.4007
          Episode_Reward/action_l2: -0.0193
             Episode_Reward/energy: -0.9255
   Episode_Reward/joint_pos_limits: -0.3326
      Episode_Termination/time_out: 0.8640
  Episode_Termination/torso_height: 0.1360
--------------------------------------------------------------------------------
                   Total timesteps: 5308416
                    Iteration time: 0.35s
                      Time elapsed: 00:02:00
                               ETA: 00:01:05

################################################################################
                      [1m Learning iteration 324/500 [0m                      

                       Computation: 48201 steps/s (collection: 0.269s, learning 0.071s)
             Mean action noise std: 0.18
          Mean value_function loss: 0.0577
               Mean surrogate loss: -0.0063
                 Mean entropy loss: -2.6228
                       Mean reward: 75.67
               Mean episode length: 793.04
           Episode_Reward/progress: 4.1053
              Episode_Reward/alive: 0.3491
            Episode_Reward/upright: 0.0670
     Episode_Reward/move_to_target: 0.3409
          Episode_Reward/action_l2: -0.0165
             Episode_Reward/energy: -0.7470
   Episode_Reward/joint_pos_limits: -0.2893
      Episode_Termination/time_out: 0.8594
  Episode_Termination/torso_height: 0.1406
--------------------------------------------------------------------------------
                   Total timesteps: 5324800
                    Iteration time: 0.34s
                      Time elapsed: 00:02:01
                               ETA: 00:01:05

################################################################################
                      [1m Learning iteration 325/500 [0m                      

                       Computation: 45754 steps/s (collection: 0.265s, learning 0.093s)
             Mean action noise std: 0.18
          Mean value_function loss: 0.1303
               Mean surrogate loss: -0.0029
                 Mean entropy loss: -2.6415
                       Mean reward: 78.51
               Mean episode length: 807.73
           Episode_Reward/progress: 4.9200
              Episode_Reward/alive: 0.3865
            Episode_Reward/upright: 0.0746
     Episode_Reward/move_to_target: 0.3729
          Episode_Reward/action_l2: -0.0185
             Episode_Reward/energy: -0.8749
   Episode_Reward/joint_pos_limits: -0.3183
      Episode_Termination/time_out: 0.8561
  Episode_Termination/torso_height: 0.1439
--------------------------------------------------------------------------------
                   Total timesteps: 5341184
                    Iteration time: 0.36s
                      Time elapsed: 00:02:01
                               ETA: 00:01:05

################################################################################
                      [1m Learning iteration 326/500 [0m                      

                       Computation: 44534 steps/s (collection: 0.277s, learning 0.091s)
             Mean action noise std: 0.18
          Mean value_function loss: 0.0879
               Mean surrogate loss: -0.0054
                 Mean entropy loss: -2.6506
                       Mean reward: 78.63
               Mean episode length: 813.81
           Episode_Reward/progress: 5.8491
              Episode_Reward/alive: 0.4847
            Episode_Reward/upright: 0.0960
     Episode_Reward/move_to_target: 0.4801
          Episode_Reward/action_l2: -0.0232
             Episode_Reward/energy: -1.0716
   Episode_Reward/joint_pos_limits: -0.4071
      Episode_Termination/time_out: 0.8574
  Episode_Termination/torso_height: 0.1426
--------------------------------------------------------------------------------
                   Total timesteps: 5357568
                    Iteration time: 0.37s
                      Time elapsed: 00:02:01
                               ETA: 00:01:04

################################################################################
                      [1m Learning iteration 327/500 [0m                      

                       Computation: 44810 steps/s (collection: 0.286s, learning 0.079s)
             Mean action noise std: 0.18
          Mean value_function loss: 0.1081
               Mean surrogate loss: -0.0029
                 Mean entropy loss: -2.6594
                       Mean reward: 78.55
               Mean episode length: 814.66
           Episode_Reward/progress: 4.7786
              Episode_Reward/alive: 0.3905
            Episode_Reward/upright: 0.0759
     Episode_Reward/move_to_target: 0.3807
          Episode_Reward/action_l2: -0.0184
             Episode_Reward/energy: -0.8559
   Episode_Reward/joint_pos_limits: -0.3239
      Episode_Termination/time_out: 0.8572
  Episode_Termination/torso_height: 0.1428
--------------------------------------------------------------------------------
                   Total timesteps: 5373952
                    Iteration time: 0.37s
                      Time elapsed: 00:02:02
                               ETA: 00:01:04

################################################################################
                      [1m Learning iteration 328/500 [0m                      

                       Computation: 43312 steps/s (collection: 0.286s, learning 0.092s)
             Mean action noise std: 0.18
          Mean value_function loss: 0.0764
               Mean surrogate loss: -0.0048
                 Mean entropy loss: -2.6547
                       Mean reward: 79.03
               Mean episode length: 824.47
           Episode_Reward/progress: 6.1849
              Episode_Reward/alive: 0.4901
            Episode_Reward/upright: 0.0975
     Episode_Reward/move_to_target: 0.4799
          Episode_Reward/action_l2: -0.0235
             Episode_Reward/energy: -1.1086
   Episode_Reward/joint_pos_limits: -0.4078
      Episode_Termination/time_out: 0.8531
  Episode_Termination/torso_height: 0.1469
--------------------------------------------------------------------------------
                   Total timesteps: 5390336
                    Iteration time: 0.38s
                      Time elapsed: 00:02:02
                               ETA: 00:01:04

################################################################################
                      [1m Learning iteration 329/500 [0m                      

                       Computation: 42069 steps/s (collection: 0.287s, learning 0.102s)
             Mean action noise std: 0.18
          Mean value_function loss: 0.0675
               Mean surrogate loss: -0.0054
                 Mean entropy loss: -2.6714
                       Mean reward: 76.51
               Mean episode length: 802.48
           Episode_Reward/progress: 5.3600
              Episode_Reward/alive: 0.4394
            Episode_Reward/upright: 0.0847
     Episode_Reward/move_to_target: 0.4183
          Episode_Reward/action_l2: -0.0209
             Episode_Reward/energy: -0.9635
   Episode_Reward/joint_pos_limits: -0.3682
      Episode_Termination/time_out: 0.8525
  Episode_Termination/torso_height: 0.1475
--------------------------------------------------------------------------------
                   Total timesteps: 5406720
                    Iteration time: 0.39s
                      Time elapsed: 00:02:02
                               ETA: 00:01:03

################################################################################
                      [1m Learning iteration 330/500 [0m                      

                       Computation: 42637 steps/s (collection: 0.286s, learning 0.098s)
             Mean action noise std: 0.18
          Mean value_function loss: 0.0841
               Mean surrogate loss: -0.0025
                 Mean entropy loss: -2.6831
                       Mean reward: 78.91
               Mean episode length: 825.00
           Episode_Reward/progress: 6.4786
              Episode_Reward/alive: 0.4853
            Episode_Reward/upright: 0.0967
     Episode_Reward/move_to_target: 0.4832
          Episode_Reward/action_l2: -0.0235
             Episode_Reward/energy: -1.1395
   Episode_Reward/joint_pos_limits: -0.4068
      Episode_Termination/time_out: 0.8569
  Episode_Termination/torso_height: 0.1431
--------------------------------------------------------------------------------
                   Total timesteps: 5423104
                    Iteration time: 0.38s
                      Time elapsed: 00:02:03
                               ETA: 00:01:03

################################################################################
                      [1m Learning iteration 331/500 [0m                      

                       Computation: 40411 steps/s (collection: 0.309s, learning 0.097s)
             Mean action noise std: 0.18
          Mean value_function loss: 0.0812
               Mean surrogate loss: -0.0053
                 Mean entropy loss: -2.7045
                       Mean reward: 78.42
               Mean episode length: 824.28
           Episode_Reward/progress: 5.8989
              Episode_Reward/alive: 0.4714
            Episode_Reward/upright: 0.0925
     Episode_Reward/move_to_target: 0.4651
          Episode_Reward/action_l2: -0.0224
             Episode_Reward/energy: -1.0607
   Episode_Reward/joint_pos_limits: -0.3893
      Episode_Termination/time_out: 0.8536
  Episode_Termination/torso_height: 0.1464
--------------------------------------------------------------------------------
                   Total timesteps: 5439488
                    Iteration time: 0.41s
                      Time elapsed: 00:02:03
                               ETA: 00:01:02

################################################################################
                      [1m Learning iteration 332/500 [0m                      

                       Computation: 35861 steps/s (collection: 0.300s, learning 0.157s)
             Mean action noise std: 0.18
          Mean value_function loss: 0.0813
               Mean surrogate loss: -0.0029
                 Mean entropy loss: -2.7317
                       Mean reward: 82.73
               Mean episode length: 869.20
           Episode_Reward/progress: 5.8287
              Episode_Reward/alive: 0.4527
            Episode_Reward/upright: 0.0893
     Episode_Reward/move_to_target: 0.4417
          Episode_Reward/action_l2: -0.0219
             Episode_Reward/energy: -1.0282
   Episode_Reward/joint_pos_limits: -0.3801
      Episode_Termination/time_out: 0.8554
  Episode_Termination/torso_height: 0.1446
--------------------------------------------------------------------------------
                   Total timesteps: 5455872
                    Iteration time: 0.46s
                      Time elapsed: 00:02:04
                               ETA: 00:01:02

################################################################################
                      [1m Learning iteration 333/500 [0m                      

                       Computation: 38555 steps/s (collection: 0.329s, learning 0.096s)
             Mean action noise std: 0.18
          Mean value_function loss: 0.1020
               Mean surrogate loss: 0.0028
                 Mean entropy loss: -2.7432
                       Mean reward: 85.91
               Mean episode length: 888.09
           Episode_Reward/progress: 6.2225
              Episode_Reward/alive: 0.4764
            Episode_Reward/upright: 0.0945
     Episode_Reward/move_to_target: 0.4737
          Episode_Reward/action_l2: -0.0229
             Episode_Reward/energy: -1.0912
   Episode_Reward/joint_pos_limits: -0.3995
      Episode_Termination/time_out: 0.8599
  Episode_Termination/torso_height: 0.1401
--------------------------------------------------------------------------------
                   Total timesteps: 5472256
                    Iteration time: 0.42s
                      Time elapsed: 00:02:04
                               ETA: 00:01:02

################################################################################
                      [1m Learning iteration 334/500 [0m                      

                       Computation: 43838 steps/s (collection: 0.284s, learning 0.089s)
             Mean action noise std: 0.18
          Mean value_function loss: 0.0831
               Mean surrogate loss: -0.0056
                 Mean entropy loss: -2.7531
                       Mean reward: 85.15
               Mean episode length: 876.04
           Episode_Reward/progress: 5.8951
              Episode_Reward/alive: 0.4559
            Episode_Reward/upright: 0.0906
     Episode_Reward/move_to_target: 0.4541
          Episode_Reward/action_l2: -0.0219
             Episode_Reward/energy: -1.0443
   Episode_Reward/joint_pos_limits: -0.3824
      Episode_Termination/time_out: 0.8553
  Episode_Termination/torso_height: 0.1447
--------------------------------------------------------------------------------
                   Total timesteps: 5488640
                    Iteration time: 0.37s
                      Time elapsed: 00:02:04
                               ETA: 00:01:01

################################################################################
                      [1m Learning iteration 335/500 [0m                      

                       Computation: 40610 steps/s (collection: 0.306s, learning 0.098s)
             Mean action noise std: 0.18
          Mean value_function loss: 0.0626
               Mean surrogate loss: -0.0057
                 Mean entropy loss: -2.7780
                       Mean reward: 87.76
               Mean episode length: 897.08
           Episode_Reward/progress: 5.8112
              Episode_Reward/alive: 0.4598
            Episode_Reward/upright: 0.0902
     Episode_Reward/move_to_target: 0.4542
          Episode_Reward/action_l2: -0.0219
             Episode_Reward/energy: -1.0318
   Episode_Reward/joint_pos_limits: -0.3861
      Episode_Termination/time_out: 0.8530
  Episode_Termination/torso_height: 0.1470
--------------------------------------------------------------------------------
                   Total timesteps: 5505024
                    Iteration time: 0.40s
                      Time elapsed: 00:02:05
                               ETA: 00:01:01

################################################################################
                      [1m Learning iteration 336/500 [0m                      

                       Computation: 40386 steps/s (collection: 0.306s, learning 0.100s)
             Mean action noise std: 0.18
          Mean value_function loss: 0.0641
               Mean surrogate loss: -0.0054
                 Mean entropy loss: -2.8000
                       Mean reward: 87.59
               Mean episode length: 890.24
           Episode_Reward/progress: 6.1567
              Episode_Reward/alive: 0.4808
            Episode_Reward/upright: 0.0951
     Episode_Reward/move_to_target: 0.4757
          Episode_Reward/action_l2: -0.0228
             Episode_Reward/energy: -1.0876
   Episode_Reward/joint_pos_limits: -0.3976
      Episode_Termination/time_out: 0.8525
  Episode_Termination/torso_height: 0.1475
--------------------------------------------------------------------------------
                   Total timesteps: 5521408
                    Iteration time: 0.41s
                      Time elapsed: 00:02:05
                               ETA: 00:01:01

################################################################################
                      [1m Learning iteration 337/500 [0m                      

                       Computation: 42054 steps/s (collection: 0.295s, learning 0.094s)
             Mean action noise std: 0.17
          Mean value_function loss: 0.0675
               Mean surrogate loss: -0.0042
                 Mean entropy loss: -2.8086
                       Mean reward: 86.46
               Mean episode length: 881.82
           Episode_Reward/progress: 5.2110
              Episode_Reward/alive: 0.4138
            Episode_Reward/upright: 0.0812
     Episode_Reward/move_to_target: 0.4083
          Episode_Reward/action_l2: -0.0198
             Episode_Reward/energy: -0.9389
   Episode_Reward/joint_pos_limits: -0.3397
      Episode_Termination/time_out: 0.8550
  Episode_Termination/torso_height: 0.1450
--------------------------------------------------------------------------------
                   Total timesteps: 5537792
                    Iteration time: 0.39s
                      Time elapsed: 00:02:06
                               ETA: 00:01:00

################################################################################
                      [1m Learning iteration 338/500 [0m                      

                       Computation: 45059 steps/s (collection: 0.276s, learning 0.088s)
             Mean action noise std: 0.17
          Mean value_function loss: 0.0816
               Mean surrogate loss: -0.0042
                 Mean entropy loss: -2.8316
                       Mean reward: 85.27
               Mean episode length: 877.10
           Episode_Reward/progress: 6.0399
              Episode_Reward/alive: 0.4674
            Episode_Reward/upright: 0.0926
     Episode_Reward/move_to_target: 0.4660
          Episode_Reward/action_l2: -0.0225
             Episode_Reward/energy: -1.0729
   Episode_Reward/joint_pos_limits: -0.3909
      Episode_Termination/time_out: 0.8559
  Episode_Termination/torso_height: 0.1441
--------------------------------------------------------------------------------
                   Total timesteps: 5554176
                    Iteration time: 0.36s
                      Time elapsed: 00:02:06
                               ETA: 00:01:00

################################################################################
                      [1m Learning iteration 339/500 [0m                      

                       Computation: 43271 steps/s (collection: 0.287s, learning 0.091s)
             Mean action noise std: 0.17
          Mean value_function loss: 0.0720
               Mean surrogate loss: -0.0047
                 Mean entropy loss: -2.8522
                       Mean reward: 82.76
               Mean episode length: 853.52
           Episode_Reward/progress: 5.2661
              Episode_Reward/alive: 0.4177
            Episode_Reward/upright: 0.0817
     Episode_Reward/move_to_target: 0.4123
          Episode_Reward/action_l2: -0.0195
             Episode_Reward/energy: -0.9239
   Episode_Reward/joint_pos_limits: -0.3466
      Episode_Termination/time_out: 0.8575
  Episode_Termination/torso_height: 0.1425
--------------------------------------------------------------------------------
                   Total timesteps: 5570560
                    Iteration time: 0.38s
                      Time elapsed: 00:02:06
                               ETA: 00:01:00

################################################################################
                      [1m Learning iteration 340/500 [0m                      

                       Computation: 45383 steps/s (collection: 0.273s, learning 0.088s)
             Mean action noise std: 0.17
          Mean value_function loss: 0.0813
               Mean surrogate loss: -0.0052
                 Mean entropy loss: -2.8747
                       Mean reward: 84.36
               Mean episode length: 864.08
           Episode_Reward/progress: 6.1434
              Episode_Reward/alive: 0.4680
            Episode_Reward/upright: 0.0924
     Episode_Reward/move_to_target: 0.4632
          Episode_Reward/action_l2: -0.0227
             Episode_Reward/energy: -1.0802
   Episode_Reward/joint_pos_limits: -0.3928
      Episode_Termination/time_out: 0.8541
  Episode_Termination/torso_height: 0.1459
--------------------------------------------------------------------------------
                   Total timesteps: 5586944
                    Iteration time: 0.36s
                      Time elapsed: 00:02:07
                               ETA: 00:00:59

################################################################################
                      [1m Learning iteration 341/500 [0m                      

                       Computation: 44087 steps/s (collection: 0.282s, learning 0.090s)
             Mean action noise std: 0.17
          Mean value_function loss: 0.0810
               Mean surrogate loss: -0.0005
                 Mean entropy loss: -2.8831
                       Mean reward: 85.08
               Mean episode length: 866.52
           Episode_Reward/progress: 6.3937
              Episode_Reward/alive: 0.4932
            Episode_Reward/upright: 0.0978
     Episode_Reward/move_to_target: 0.4910
          Episode_Reward/action_l2: -0.0240
             Episode_Reward/energy: -1.1373
   Episode_Reward/joint_pos_limits: -0.4127
      Episode_Termination/time_out: 0.8535
  Episode_Termination/torso_height: 0.1465
--------------------------------------------------------------------------------
                   Total timesteps: 5603328
                    Iteration time: 0.37s
                      Time elapsed: 00:02:07
                               ETA: 00:00:59

################################################################################
                      [1m Learning iteration 342/500 [0m                      

                       Computation: 44172 steps/s (collection: 0.273s, learning 0.098s)
             Mean action noise std: 0.17
          Mean value_function loss: 0.0613
               Mean surrogate loss: -0.0065
                 Mean entropy loss: -2.8925
                       Mean reward: 81.64
               Mean episode length: 834.84
           Episode_Reward/progress: 5.1730
              Episode_Reward/alive: 0.4063
            Episode_Reward/upright: 0.0792
     Episode_Reward/move_to_target: 0.4020
          Episode_Reward/action_l2: -0.0196
             Episode_Reward/energy: -0.9236
   Episode_Reward/joint_pos_limits: -0.3399
      Episode_Termination/time_out: 0.8508
  Episode_Termination/torso_height: 0.1492
--------------------------------------------------------------------------------
                   Total timesteps: 5619712
                    Iteration time: 0.37s
                      Time elapsed: 00:02:07
                               ETA: 00:00:58

################################################################################
                      [1m Learning iteration 343/500 [0m                      

                       Computation: 43322 steps/s (collection: 0.286s, learning 0.093s)
             Mean action noise std: 0.17
          Mean value_function loss: 0.0520
               Mean surrogate loss: -0.0041
                 Mean entropy loss: -2.8997
                       Mean reward: 84.22
               Mean episode length: 853.07
           Episode_Reward/progress: 6.1539
              Episode_Reward/alive: 0.4822
            Episode_Reward/upright: 0.0960
     Episode_Reward/move_to_target: 0.4806
          Episode_Reward/action_l2: -0.0234
             Episode_Reward/energy: -1.1043
   Episode_Reward/joint_pos_limits: -0.4025
      Episode_Termination/time_out: 0.8445
  Episode_Termination/torso_height: 0.1555
--------------------------------------------------------------------------------
                   Total timesteps: 5636096
                    Iteration time: 0.38s
                      Time elapsed: 00:02:08
                               ETA: 00:00:58

################################################################################
                      [1m Learning iteration 344/500 [0m                      

                       Computation: 44104 steps/s (collection: 0.281s, learning 0.091s)
             Mean action noise std: 0.17
          Mean value_function loss: 0.0434
               Mean surrogate loss: -0.0036
                 Mean entropy loss: -2.9167
                       Mean reward: 85.43
               Mean episode length: 868.13
           Episode_Reward/progress: 5.7165
              Episode_Reward/alive: 0.4707
            Episode_Reward/upright: 0.0911
     Episode_Reward/move_to_target: 0.4582
          Episode_Reward/action_l2: -0.0226
             Episode_Reward/energy: -1.0619
   Episode_Reward/joint_pos_limits: -0.3876
      Episode_Termination/time_out: 0.8495
  Episode_Termination/torso_height: 0.1505
--------------------------------------------------------------------------------
                   Total timesteps: 5652480
                    Iteration time: 0.37s
                      Time elapsed: 00:02:08
                               ETA: 00:00:58

################################################################################
                      [1m Learning iteration 345/500 [0m                      

                       Computation: 44227 steps/s (collection: 0.279s, learning 0.092s)
             Mean action noise std: 0.17
          Mean value_function loss: 0.0948
               Mean surrogate loss: -0.0050
                 Mean entropy loss: -2.9463
                       Mean reward: 86.10
               Mean episode length: 872.11
           Episode_Reward/progress: 6.6113
              Episode_Reward/alive: 0.5000
            Episode_Reward/upright: 0.0998
     Episode_Reward/move_to_target: 0.4988
          Episode_Reward/action_l2: -0.0245
             Episode_Reward/energy: -1.1746
   Episode_Reward/joint_pos_limits: -0.4177
      Episode_Termination/time_out: 0.8541
  Episode_Termination/torso_height: 0.1459
--------------------------------------------------------------------------------
                   Total timesteps: 5668864
                    Iteration time: 0.37s
                      Time elapsed: 00:02:09
                               ETA: 00:00:57

################################################################################
                      [1m Learning iteration 346/500 [0m                      

                       Computation: 42567 steps/s (collection: 0.290s, learning 0.094s)
             Mean action noise std: 0.17
          Mean value_function loss: 0.0449
               Mean surrogate loss: -0.0023
                 Mean entropy loss: -2.9604
                       Mean reward: 83.36
               Mean episode length: 848.41
           Episode_Reward/progress: 5.4179
              Episode_Reward/alive: 0.4365
            Episode_Reward/upright: 0.0862
     Episode_Reward/move_to_target: 0.4318
          Episode_Reward/action_l2: -0.0209
             Episode_Reward/energy: -0.9787
   Episode_Reward/joint_pos_limits: -0.3609
      Episode_Termination/time_out: 0.8510
  Episode_Termination/torso_height: 0.1490
--------------------------------------------------------------------------------
                   Total timesteps: 5685248
                    Iteration time: 0.38s
                      Time elapsed: 00:02:09
                               ETA: 00:00:57

################################################################################
                      [1m Learning iteration 347/500 [0m                      

                       Computation: 42883 steps/s (collection: 0.296s, learning 0.086s)
             Mean action noise std: 0.17
          Mean value_function loss: 0.0612
               Mean surrogate loss: -0.0029
                 Mean entropy loss: -2.9709
                       Mean reward: 88.12
               Mean episode length: 889.43
           Episode_Reward/progress: 6.1268
              Episode_Reward/alive: 0.4707
            Episode_Reward/upright: 0.0930
     Episode_Reward/move_to_target: 0.4696
          Episode_Reward/action_l2: -0.0228
             Episode_Reward/energy: -1.0775
   Episode_Reward/joint_pos_limits: -0.3951
      Episode_Termination/time_out: 0.8518
  Episode_Termination/torso_height: 0.1482
--------------------------------------------------------------------------------
                   Total timesteps: 5701632
                    Iteration time: 0.38s
                      Time elapsed: 00:02:09
                               ETA: 00:00:57

################################################################################
                      [1m Learning iteration 348/500 [0m                      

                       Computation: 45713 steps/s (collection: 0.269s, learning 0.089s)
             Mean action noise std: 0.17
          Mean value_function loss: 0.0531
               Mean surrogate loss: -0.0065
                 Mean entropy loss: -2.9900
                       Mean reward: 89.06
               Mean episode length: 901.03
           Episode_Reward/progress: 6.2151
              Episode_Reward/alive: 0.4922
            Episode_Reward/upright: 0.0970
     Episode_Reward/move_to_target: 0.4878
          Episode_Reward/action_l2: -0.0237
             Episode_Reward/energy: -1.1172
   Episode_Reward/joint_pos_limits: -0.4136
      Episode_Termination/time_out: 0.8575
  Episode_Termination/torso_height: 0.1425
--------------------------------------------------------------------------------
                   Total timesteps: 5718016
                    Iteration time: 0.36s
                      Time elapsed: 00:02:10
                               ETA: 00:00:56

################################################################################
                      [1m Learning iteration 349/500 [0m                      

                       Computation: 44599 steps/s (collection: 0.270s, learning 0.097s)
             Mean action noise std: 0.17
          Mean value_function loss: 0.0531
               Mean surrogate loss: -0.0036
                 Mean entropy loss: -3.0203
                       Mean reward: 87.56
               Mean episode length: 882.98
           Episode_Reward/progress: 5.4973
              Episode_Reward/alive: 0.4263
            Episode_Reward/upright: 0.0833
     Episode_Reward/move_to_target: 0.4230
          Episode_Reward/action_l2: -0.0204
             Episode_Reward/energy: -0.9707
   Episode_Reward/joint_pos_limits: -0.3541
      Episode_Termination/time_out: 0.8649
  Episode_Termination/torso_height: 0.1351
--------------------------------------------------------------------------------
                   Total timesteps: 5734400
                    Iteration time: 0.37s
                      Time elapsed: 00:02:10
                               ETA: 00:00:56

################################################################################
                      [1m Learning iteration 350/500 [0m                      

                       Computation: 44194 steps/s (collection: 0.281s, learning 0.090s)
             Mean action noise std: 0.17
          Mean value_function loss: 0.0479
               Mean surrogate loss: -0.0033
                 Mean entropy loss: -3.0401
                       Mean reward: 84.33
               Mean episode length: 857.15
           Episode_Reward/progress: 5.4151
              Episode_Reward/alive: 0.4285
            Episode_Reward/upright: 0.0843
     Episode_Reward/move_to_target: 0.4246
          Episode_Reward/action_l2: -0.0208
             Episode_Reward/energy: -0.9755
   Episode_Reward/joint_pos_limits: -0.3559
      Episode_Termination/time_out: 0.8668
  Episode_Termination/torso_height: 0.1332
--------------------------------------------------------------------------------
                   Total timesteps: 5750784
                    Iteration time: 0.37s
                      Time elapsed: 00:02:10
                               ETA: 00:00:55

################################################################################
                      [1m Learning iteration 351/500 [0m                      

                       Computation: 45180 steps/s (collection: 0.275s, learning 0.087s)
             Mean action noise std: 0.17
          Mean value_function loss: 0.0576
               Mean surrogate loss: -0.0052
                 Mean entropy loss: -3.0685
                       Mean reward: 87.62
               Mean episode length: 884.38
           Episode_Reward/progress: 6.5139
              Episode_Reward/alive: 0.5000
            Episode_Reward/upright: 0.0995
     Episode_Reward/move_to_target: 0.4980
          Episode_Reward/action_l2: -0.0243
             Episode_Reward/energy: -1.1509
   Episode_Reward/joint_pos_limits: -0.4205
      Episode_Termination/time_out: 0.8724
  Episode_Termination/torso_height: 0.1276
--------------------------------------------------------------------------------
                   Total timesteps: 5767168
                    Iteration time: 0.36s
                      Time elapsed: 00:02:11
                               ETA: 00:00:55

################################################################################
                      [1m Learning iteration 352/500 [0m                      

                       Computation: 46400 steps/s (collection: 0.265s, learning 0.088s)
             Mean action noise std: 0.17
          Mean value_function loss: 0.0540
               Mean surrogate loss: -0.0023
                 Mean entropy loss: -3.0897
                       Mean reward: 85.97
               Mean episode length: 873.09
           Episode_Reward/progress: 5.6218
              Episode_Reward/alive: 0.4328
            Episode_Reward/upright: 0.0855
     Episode_Reward/move_to_target: 0.4263
          Episode_Reward/action_l2: -0.0210
             Episode_Reward/energy: -0.9984
   Episode_Reward/joint_pos_limits: -0.3604
      Episode_Termination/time_out: 0.8729
  Episode_Termination/torso_height: 0.1271
--------------------------------------------------------------------------------
                   Total timesteps: 5783552
                    Iteration time: 0.35s
                      Time elapsed: 00:02:11
                               ETA: 00:00:55

################################################################################
                      [1m Learning iteration 353/500 [0m                      

                       Computation: 48093 steps/s (collection: 0.253s, learning 0.087s)
             Mean action noise std: 0.17
          Mean value_function loss: 0.0560
               Mean surrogate loss: -0.0036
                 Mean entropy loss: -3.1085
                       Mean reward: 86.59
               Mean episode length: 877.90
           Episode_Reward/progress: 6.5731
              Episode_Reward/alive: 0.5000
            Episode_Reward/upright: 0.1000
     Episode_Reward/move_to_target: 0.4988
          Episode_Reward/action_l2: -0.0244
             Episode_Reward/energy: -1.1754
   Episode_Reward/joint_pos_limits: -0.4146
      Episode_Termination/time_out: 0.8736
  Episode_Termination/torso_height: 0.1264
--------------------------------------------------------------------------------
                   Total timesteps: 5799936
                    Iteration time: 0.34s
                      Time elapsed: 00:02:12
                               ETA: 00:00:54

################################################################################
                      [1m Learning iteration 354/500 [0m                      

                       Computation: 46041 steps/s (collection: 0.266s, learning 0.090s)
             Mean action noise std: 0.17
          Mean value_function loss: 0.0447
               Mean surrogate loss: 0.0014
                 Mean entropy loss: -3.1244
                       Mean reward: 86.41
               Mean episode length: 877.97
           Episode_Reward/progress: 5.9893
              Episode_Reward/alive: 0.4783
            Episode_Reward/upright: 0.0949
     Episode_Reward/move_to_target: 0.4768
          Episode_Reward/action_l2: -0.0233
             Episode_Reward/energy: -1.0898
   Episode_Reward/joint_pos_limits: -0.3967
      Episode_Termination/time_out: 0.8802
  Episode_Termination/torso_height: 0.1198
--------------------------------------------------------------------------------
                   Total timesteps: 5816320
                    Iteration time: 0.36s
                      Time elapsed: 00:02:12
                               ETA: 00:00:54

################################################################################
                      [1m Learning iteration 355/500 [0m                      

                       Computation: 48485 steps/s (collection: 0.248s, learning 0.090s)
             Mean action noise std: 0.17
          Mean value_function loss: 0.0743
               Mean surrogate loss: -0.0063
                 Mean entropy loss: -3.1390
                       Mean reward: 86.82
               Mean episode length: 878.48
           Episode_Reward/progress: 6.3803
              Episode_Reward/alive: 0.4710
            Episode_Reward/upright: 0.0929
     Episode_Reward/move_to_target: 0.4694
          Episode_Reward/action_l2: -0.0231
             Episode_Reward/energy: -1.1080
   Episode_Reward/joint_pos_limits: -0.3971
      Episode_Termination/time_out: 0.8859
  Episode_Termination/torso_height: 0.1141
--------------------------------------------------------------------------------
                   Total timesteps: 5832704
                    Iteration time: 0.34s
                      Time elapsed: 00:02:12
                               ETA: 00:00:54

################################################################################
                      [1m Learning iteration 356/500 [0m                      

                       Computation: 46717 steps/s (collection: 0.262s, learning 0.089s)
             Mean action noise std: 0.17
          Mean value_function loss: 0.0566
               Mean surrogate loss: -0.0043
                 Mean entropy loss: -3.1561
                       Mean reward: 86.04
               Mean episode length: 870.88
           Episode_Reward/progress: 5.3184
              Episode_Reward/alive: 0.4168
            Episode_Reward/upright: 0.0820
     Episode_Reward/move_to_target: 0.4124
          Episode_Reward/action_l2: -0.0204
             Episode_Reward/energy: -0.9563
   Episode_Reward/joint_pos_limits: -0.3478
      Episode_Termination/time_out: 0.8826
  Episode_Termination/torso_height: 0.1174
--------------------------------------------------------------------------------
                   Total timesteps: 5849088
                    Iteration time: 0.35s
                      Time elapsed: 00:02:13
                               ETA: 00:00:53

################################################################################
                      [1m Learning iteration 357/500 [0m                      

                       Computation: 46608 steps/s (collection: 0.259s, learning 0.092s)
             Mean action noise std: 0.17
          Mean value_function loss: 0.0372
               Mean surrogate loss: -0.0038
                 Mean entropy loss: -3.1758
                       Mean reward: 86.77
               Mean episode length: 879.81
           Episode_Reward/progress: 6.4739
              Episode_Reward/alive: 0.5000
            Episode_Reward/upright: 0.0995
     Episode_Reward/move_to_target: 0.4966
          Episode_Reward/action_l2: -0.0244
             Episode_Reward/energy: -1.1584
   Episode_Reward/joint_pos_limits: -0.4145
      Episode_Termination/time_out: 0.8828
  Episode_Termination/torso_height: 0.1172
--------------------------------------------------------------------------------
                   Total timesteps: 5865472
                    Iteration time: 0.35s
                      Time elapsed: 00:02:13
                               ETA: 00:00:53

################################################################################
                      [1m Learning iteration 358/500 [0m                      

                       Computation: 48031 steps/s (collection: 0.251s, learning 0.090s)
             Mean action noise std: 0.17
          Mean value_function loss: 0.0420
               Mean surrogate loss: 0.0014
                 Mean entropy loss: -3.1878
                       Mean reward: 87.14
               Mean episode length: 880.16
           Episode_Reward/progress: 6.3287
              Episode_Reward/alive: 0.4863
            Episode_Reward/upright: 0.0968
     Episode_Reward/move_to_target: 0.4846
          Episode_Reward/action_l2: -0.0237
             Episode_Reward/energy: -1.1227
   Episode_Reward/joint_pos_limits: -0.4073
      Episode_Termination/time_out: 0.8859
  Episode_Termination/torso_height: 0.1141
--------------------------------------------------------------------------------
                   Total timesteps: 5881856
                    Iteration time: 0.34s
                      Time elapsed: 00:02:13
                               ETA: 00:00:52

################################################################################
                      [1m Learning iteration 359/500 [0m                      

                       Computation: 45682 steps/s (collection: 0.263s, learning 0.095s)
             Mean action noise std: 0.17
          Mean value_function loss: 0.0447
               Mean surrogate loss: -0.0040
                 Mean entropy loss: -3.1901
                       Mean reward: 86.81
               Mean episode length: 879.38
           Episode_Reward/progress: 5.6665
              Episode_Reward/alive: 0.4587
            Episode_Reward/upright: 0.0897
     Episode_Reward/move_to_target: 0.4484
          Episode_Reward/action_l2: -0.0221
             Episode_Reward/energy: -1.0331
   Episode_Reward/joint_pos_limits: -0.3798
      Episode_Termination/time_out: 0.8861
  Episode_Termination/torso_height: 0.1139
--------------------------------------------------------------------------------
                   Total timesteps: 5898240
                    Iteration time: 0.36s
                      Time elapsed: 00:02:14
                               ETA: 00:00:52

################################################################################
                      [1m Learning iteration 360/500 [0m                      

                       Computation: 46006 steps/s (collection: 0.260s, learning 0.096s)
             Mean action noise std: 0.17
          Mean value_function loss: 0.0675
               Mean surrogate loss: -0.0034
                 Mean entropy loss: -3.1915
                       Mean reward: 85.72
               Mean episode length: 870.54
           Episode_Reward/progress: 5.7239
              Episode_Reward/alive: 0.4424
            Episode_Reward/upright: 0.0866
     Episode_Reward/move_to_target: 0.4382
          Episode_Reward/action_l2: -0.0216
             Episode_Reward/energy: -1.0341
   Episode_Reward/joint_pos_limits: -0.3702
      Episode_Termination/time_out: 0.8871
  Episode_Termination/torso_height: 0.1129
--------------------------------------------------------------------------------
                   Total timesteps: 5914624
                    Iteration time: 0.36s
                      Time elapsed: 00:02:14
                               ETA: 00:00:52

################################################################################
                      [1m Learning iteration 361/500 [0m                      

                       Computation: 44516 steps/s (collection: 0.276s, learning 0.092s)
             Mean action noise std: 0.17
          Mean value_function loss: 0.0744
               Mean surrogate loss: -0.0040
                 Mean entropy loss: -3.2081
                       Mean reward: 86.85
               Mean episode length: 879.54
           Episode_Reward/progress: 6.6682
              Episode_Reward/alive: 0.5000
            Episode_Reward/upright: 0.0994
     Episode_Reward/move_to_target: 0.4996
          Episode_Reward/action_l2: -0.0244
             Episode_Reward/energy: -1.1660
   Episode_Reward/joint_pos_limits: -0.4183
      Episode_Termination/time_out: 0.8905
  Episode_Termination/torso_height: 0.1095
--------------------------------------------------------------------------------
                   Total timesteps: 5931008
                    Iteration time: 0.37s
                      Time elapsed: 00:02:14
                               ETA: 00:00:51

################################################################################
                      [1m Learning iteration 362/500 [0m                      

                       Computation: 43622 steps/s (collection: 0.287s, learning 0.088s)
             Mean action noise std: 0.17
          Mean value_function loss: 0.0835
               Mean surrogate loss: -0.0049
                 Mean entropy loss: -3.2137
                       Mean reward: 87.31
               Mean episode length: 883.20
           Episode_Reward/progress: 6.1157
              Episode_Reward/alive: 0.4665
            Episode_Reward/upright: 0.0920
     Episode_Reward/move_to_target: 0.4615
          Episode_Reward/action_l2: -0.0229
             Episode_Reward/energy: -1.0803
   Episode_Reward/joint_pos_limits: -0.3923
      Episode_Termination/time_out: 0.8905
  Episode_Termination/torso_height: 0.1095
--------------------------------------------------------------------------------
                   Total timesteps: 5947392
                    Iteration time: 0.38s
                      Time elapsed: 00:02:15
                               ETA: 00:00:51

################################################################################
                      [1m Learning iteration 363/500 [0m                      

                       Computation: 44142 steps/s (collection: 0.281s, learning 0.090s)
             Mean action noise std: 0.17
          Mean value_function loss: 0.0804
               Mean surrogate loss: -0.0031
                 Mean entropy loss: -3.2322
                       Mean reward: 91.97
               Mean episode length: 918.85
           Episode_Reward/progress: 6.2080
              Episode_Reward/alive: 0.4683
            Episode_Reward/upright: 0.0929
     Episode_Reward/move_to_target: 0.4645
          Episode_Reward/action_l2: -0.0232
             Episode_Reward/energy: -1.0923
   Episode_Reward/joint_pos_limits: -0.3945
      Episode_Termination/time_out: 0.8937
  Episode_Termination/torso_height: 0.1063
--------------------------------------------------------------------------------
                   Total timesteps: 5963776
                    Iteration time: 0.37s
                      Time elapsed: 00:02:15
                               ETA: 00:00:51

################################################################################
                      [1m Learning iteration 364/500 [0m                      

                       Computation: 44136 steps/s (collection: 0.279s, learning 0.092s)
             Mean action noise std: 0.17
          Mean value_function loss: 0.1019
               Mean surrogate loss: -0.0035
                 Mean entropy loss: -3.2508
                       Mean reward: 90.37
               Mean episode length: 906.82
           Episode_Reward/progress: 5.2982
              Episode_Reward/alive: 0.4153
            Episode_Reward/upright: 0.0819
     Episode_Reward/move_to_target: 0.4102
          Episode_Reward/action_l2: -0.0205
             Episode_Reward/energy: -0.9576
   Episode_Reward/joint_pos_limits: -0.3475
      Episode_Termination/time_out: 0.8952
  Episode_Termination/torso_height: 0.1048
--------------------------------------------------------------------------------
                   Total timesteps: 5980160
                    Iteration time: 0.37s
                      Time elapsed: 00:02:15
                               ETA: 00:00:50

################################################################################
                      [1m Learning iteration 365/500 [0m                      

                       Computation: 42085 steps/s (collection: 0.294s, learning 0.096s)
             Mean action noise std: 0.17
          Mean value_function loss: 0.0630
               Mean surrogate loss: -0.0002
                 Mean entropy loss: -3.2634
                       Mean reward: 91.34
               Mean episode length: 910.17
           Episode_Reward/progress: 6.1798
              Episode_Reward/alive: 0.4783
            Episode_Reward/upright: 0.0946
     Episode_Reward/move_to_target: 0.4763
          Episode_Reward/action_l2: -0.0235
             Episode_Reward/energy: -1.1060
   Episode_Reward/joint_pos_limits: -0.4008
      Episode_Termination/time_out: 0.8963
  Episode_Termination/torso_height: 0.1037
--------------------------------------------------------------------------------
                   Total timesteps: 5996544
                    Iteration time: 0.39s
                      Time elapsed: 00:02:16
                               ETA: 00:00:50

################################################################################
                      [1m Learning iteration 366/500 [0m                      

                       Computation: 41825 steps/s (collection: 0.293s, learning 0.099s)
             Mean action noise std: 0.17
          Mean value_function loss: 0.0575
               Mean surrogate loss: -0.0073
                 Mean entropy loss: -3.2772
                       Mean reward: 88.59
               Mean episode length: 883.08
           Episode_Reward/progress: 6.0643
              Episode_Reward/alive: 0.4640
            Episode_Reward/upright: 0.0920
     Episode_Reward/move_to_target: 0.4616
          Episode_Reward/action_l2: -0.0228
             Episode_Reward/energy: -1.0790
   Episode_Reward/joint_pos_limits: -0.3857
      Episode_Termination/time_out: 0.8948
  Episode_Termination/torso_height: 0.1052
--------------------------------------------------------------------------------
                   Total timesteps: 6012928
                    Iteration time: 0.39s
                      Time elapsed: 00:02:16
                               ETA: 00:00:49

################################################################################
                      [1m Learning iteration 367/500 [0m                      

                       Computation: 47034 steps/s (collection: 0.259s, learning 0.090s)
             Mean action noise std: 0.17
          Mean value_function loss: 0.0412
               Mean surrogate loss: -0.0046
                 Mean entropy loss: -3.3216
                       Mean reward: 85.82
               Mean episode length: 861.94
           Episode_Reward/progress: 4.9048
              Episode_Reward/alive: 0.3861
            Episode_Reward/upright: 0.0751
     Episode_Reward/move_to_target: 0.3809
          Episode_Reward/action_l2: -0.0188
             Episode_Reward/energy: -0.8765
   Episode_Reward/joint_pos_limits: -0.3230
      Episode_Termination/time_out: 0.8936
  Episode_Termination/torso_height: 0.1064
--------------------------------------------------------------------------------
                   Total timesteps: 6029312
                    Iteration time: 0.35s
                      Time elapsed: 00:02:17
                               ETA: 00:00:49

################################################################################
                      [1m Learning iteration 368/500 [0m                      

                       Computation: 45118 steps/s (collection: 0.274s, learning 0.089s)
             Mean action noise std: 0.16
          Mean value_function loss: 0.1086
               Mean surrogate loss: -0.0046
                 Mean entropy loss: -3.3451
                       Mean reward: 85.35
               Mean episode length: 857.75
           Episode_Reward/progress: 5.5927
              Episode_Reward/alive: 0.4276
            Episode_Reward/upright: 0.0844
     Episode_Reward/move_to_target: 0.4234
          Episode_Reward/action_l2: -0.0212
             Episode_Reward/energy: -0.9891
   Episode_Reward/joint_pos_limits: -0.3597
      Episode_Termination/time_out: 0.8925
  Episode_Termination/torso_height: 0.1075
--------------------------------------------------------------------------------
                   Total timesteps: 6045696
                    Iteration time: 0.36s
                      Time elapsed: 00:02:17
                               ETA: 00:00:49

################################################################################
                      [1m Learning iteration 369/500 [0m                      

                       Computation: 46138 steps/s (collection: 0.267s, learning 0.088s)
             Mean action noise std: 0.16
          Mean value_function loss: 0.0725
               Mean surrogate loss: 0.0001
                 Mean entropy loss: -3.3740
                       Mean reward: 85.93
               Mean episode length: 857.61
           Episode_Reward/progress: 6.4842
              Episode_Reward/alive: 0.4763
            Episode_Reward/upright: 0.0949
     Episode_Reward/move_to_target: 0.4743
          Episode_Reward/action_l2: -0.0232
             Episode_Reward/energy: -1.1124
   Episode_Reward/joint_pos_limits: -0.3990
      Episode_Termination/time_out: 0.8988
  Episode_Termination/torso_height: 0.1012
--------------------------------------------------------------------------------
                   Total timesteps: 6062080
                    Iteration time: 0.36s
                      Time elapsed: 00:02:17
                               ETA: 00:00:48

################################################################################
                      [1m Learning iteration 370/500 [0m                      

                       Computation: 44025 steps/s (collection: 0.269s, learning 0.103s)
             Mean action noise std: 0.16
          Mean value_function loss: 0.1112
               Mean surrogate loss: -0.0039
                 Mean entropy loss: -3.3802
                       Mean reward: 84.60
               Mean episode length: 843.34
           Episode_Reward/progress: 4.2412
              Episode_Reward/alive: 0.3314
            Episode_Reward/upright: 0.0643
     Episode_Reward/move_to_target: 0.3225
          Episode_Reward/action_l2: -0.0161
             Episode_Reward/energy: -0.7484
   Episode_Reward/joint_pos_limits: -0.2753
      Episode_Termination/time_out: 0.8986
  Episode_Termination/torso_height: 0.1014
--------------------------------------------------------------------------------
                   Total timesteps: 6078464
                    Iteration time: 0.37s
                      Time elapsed: 00:02:18
                               ETA: 00:00:48

################################################################################
                      [1m Learning iteration 371/500 [0m                      

                       Computation: 43931 steps/s (collection: 0.285s, learning 0.088s)
             Mean action noise std: 0.16
          Mean value_function loss: 0.0793
               Mean surrogate loss: -0.0051
                 Mean entropy loss: -3.3800
                       Mean reward: 84.46
               Mean episode length: 837.34
           Episode_Reward/progress: 5.3719
              Episode_Reward/alive: 0.4085
            Episode_Reward/upright: 0.0804
     Episode_Reward/move_to_target: 0.4024
          Episode_Reward/action_l2: -0.0204
             Episode_Reward/energy: -0.9612
   Episode_Reward/joint_pos_limits: -0.3416
      Episode_Termination/time_out: 0.8933
  Episode_Termination/torso_height: 0.1067
--------------------------------------------------------------------------------
                   Total timesteps: 6094848
                    Iteration time: 0.37s
                      Time elapsed: 00:02:18
                               ETA: 00:00:48

################################################################################
                      [1m Learning iteration 372/500 [0m                      

                       Computation: 45952 steps/s (collection: 0.268s, learning 0.088s)
             Mean action noise std: 0.16
          Mean value_function loss: 0.0667
               Mean surrogate loss: -0.0043
                 Mean entropy loss: -3.3766
                       Mean reward: 88.18
               Mean episode length: 868.85
           Episode_Reward/progress: 6.3799
              Episode_Reward/alive: 0.4680
            Episode_Reward/upright: 0.0928
     Episode_Reward/move_to_target: 0.4655
          Episode_Reward/action_l2: -0.0233
             Episode_Reward/energy: -1.1102
   Episode_Reward/joint_pos_limits: -0.3949
      Episode_Termination/time_out: 0.8969
  Episode_Termination/torso_height: 0.1031
--------------------------------------------------------------------------------
                   Total timesteps: 6111232
                    Iteration time: 0.36s
                      Time elapsed: 00:02:18
                               ETA: 00:00:47

################################################################################
                      [1m Learning iteration 373/500 [0m                      

                       Computation: 44309 steps/s (collection: 0.274s, learning 0.096s)
             Mean action noise std: 0.16
          Mean value_function loss: 0.0795
               Mean surrogate loss: -0.0019
                 Mean entropy loss: -3.3746
                       Mean reward: 87.74
               Mean episode length: 862.41
           Episode_Reward/progress: 6.1967
              Episode_Reward/alive: 0.4728
            Episode_Reward/upright: 0.0942
     Episode_Reward/move_to_target: 0.4715
          Episode_Reward/action_l2: -0.0235
             Episode_Reward/energy: -1.1078
   Episode_Reward/joint_pos_limits: -0.3954
      Episode_Termination/time_out: 0.8984
  Episode_Termination/torso_height: 0.1016
--------------------------------------------------------------------------------
                   Total timesteps: 6127616
                    Iteration time: 0.37s
                      Time elapsed: 00:02:19
                               ETA: 00:00:47

################################################################################
                      [1m Learning iteration 374/500 [0m                      

                       Computation: 45253 steps/s (collection: 0.270s, learning 0.092s)
             Mean action noise std: 0.16
          Mean value_function loss: 0.0869
               Mean surrogate loss: -0.0026
                 Mean entropy loss: -3.3783
                       Mean reward: 88.54
               Mean episode length: 876.19
           Episode_Reward/progress: 6.2525
              Episode_Reward/alive: 0.4720
            Episode_Reward/upright: 0.0936
     Episode_Reward/move_to_target: 0.4675
          Episode_Reward/action_l2: -0.0232
             Episode_Reward/energy: -1.1148
   Episode_Reward/joint_pos_limits: -0.3909
      Episode_Termination/time_out: 0.8983
  Episode_Termination/torso_height: 0.1017
--------------------------------------------------------------------------------
                   Total timesteps: 6144000
                    Iteration time: 0.36s
                      Time elapsed: 00:02:19
                               ETA: 00:00:46

################################################################################
                      [1m Learning iteration 375/500 [0m                      

                       Computation: 38794 steps/s (collection: 0.323s, learning 0.100s)
             Mean action noise std: 0.16
          Mean value_function loss: 0.0795
               Mean surrogate loss: -0.0019
                 Mean entropy loss: -3.3776
                       Mean reward: 91.35
               Mean episode length: 903.10
           Episode_Reward/progress: 5.9927
              Episode_Reward/alive: 0.4519
            Episode_Reward/upright: 0.0890
     Episode_Reward/move_to_target: 0.4474
          Episode_Reward/action_l2: -0.0227
             Episode_Reward/energy: -1.0740
   Episode_Reward/joint_pos_limits: -0.3788
      Episode_Termination/time_out: 0.8967
  Episode_Termination/torso_height: 0.1033
--------------------------------------------------------------------------------
                   Total timesteps: 6160384
                    Iteration time: 0.42s
                      Time elapsed: 00:02:20
                               ETA: 00:00:46

################################################################################
                      [1m Learning iteration 376/500 [0m                      

                       Computation: 39377 steps/s (collection: 0.326s, learning 0.090s)
             Mean action noise std: 0.16
          Mean value_function loss: 0.0759
               Mean surrogate loss: -0.0047
                 Mean entropy loss: -3.3845
                       Mean reward: 92.05
               Mean episode length: 909.03
           Episode_Reward/progress: 5.4621
              Episode_Reward/alive: 0.4284
            Episode_Reward/upright: 0.0839
     Episode_Reward/move_to_target: 0.4229
          Episode_Reward/action_l2: -0.0212
             Episode_Reward/energy: -0.9771
   Episode_Reward/joint_pos_limits: -0.3583
      Episode_Termination/time_out: 0.8970
  Episode_Termination/torso_height: 0.1030
--------------------------------------------------------------------------------
                   Total timesteps: 6176768
                    Iteration time: 0.42s
                      Time elapsed: 00:02:20
                               ETA: 00:00:46

################################################################################
                      [1m Learning iteration 377/500 [0m                      

                       Computation: 46046 steps/s (collection: 0.268s, learning 0.088s)
             Mean action noise std: 0.16
          Mean value_function loss: 0.0945
               Mean surrogate loss: -0.0041
                 Mean entropy loss: -3.3977
                       Mean reward: 91.48
               Mean episode length: 904.96
           Episode_Reward/progress: 4.9304
              Episode_Reward/alive: 0.3817
            Episode_Reward/upright: 0.0741
     Episode_Reward/move_to_target: 0.3762
          Episode_Reward/action_l2: -0.0190
             Episode_Reward/energy: -0.8787
   Episode_Reward/joint_pos_limits: -0.3190
      Episode_Termination/time_out: 0.8967
  Episode_Termination/torso_height: 0.1033
--------------------------------------------------------------------------------
                   Total timesteps: 6193152
                    Iteration time: 0.36s
                      Time elapsed: 00:02:20
                               ETA: 00:00:45

################################################################################
                      [1m Learning iteration 378/500 [0m                      

                       Computation: 46084 steps/s (collection: 0.265s, learning 0.091s)
             Mean action noise std: 0.16
          Mean value_function loss: 0.0566
               Mean surrogate loss: -0.0060
                 Mean entropy loss: -3.4133
                       Mean reward: 89.87
               Mean episode length: 886.23
           Episode_Reward/progress: 5.9910
              Episode_Reward/alive: 0.4553
            Episode_Reward/upright: 0.0904
     Episode_Reward/move_to_target: 0.4530
          Episode_Reward/action_l2: -0.0225
             Episode_Reward/energy: -1.0494
   Episode_Reward/joint_pos_limits: -0.3823
      Episode_Termination/time_out: 0.8957
  Episode_Termination/torso_height: 0.1043
--------------------------------------------------------------------------------
                   Total timesteps: 6209536
                    Iteration time: 0.36s
                      Time elapsed: 00:02:21
                               ETA: 00:00:45

################################################################################
                      [1m Learning iteration 379/500 [0m                      

                       Computation: 43162 steps/s (collection: 0.291s, learning 0.089s)
             Mean action noise std: 0.16
          Mean value_function loss: 0.0757
               Mean surrogate loss: -0.0037
                 Mean entropy loss: -3.4463
                       Mean reward: 87.85
               Mean episode length: 868.14
           Episode_Reward/progress: 5.8663
              Episode_Reward/alive: 0.4552
            Episode_Reward/upright: 0.0898
     Episode_Reward/move_to_target: 0.4475
          Episode_Reward/action_l2: -0.0226
             Episode_Reward/energy: -1.0553
   Episode_Reward/joint_pos_limits: -0.3787
      Episode_Termination/time_out: 0.8922
  Episode_Termination/torso_height: 0.1078
--------------------------------------------------------------------------------
                   Total timesteps: 6225920
                    Iteration time: 0.38s
                      Time elapsed: 00:02:21
                               ETA: 00:00:45

################################################################################
                      [1m Learning iteration 380/500 [0m                      

                       Computation: 41482 steps/s (collection: 0.299s, learning 0.096s)
             Mean action noise std: 0.16
          Mean value_function loss: 0.0869
               Mean surrogate loss: -0.0033
                 Mean entropy loss: -3.4560
                       Mean reward: 87.23
               Mean episode length: 865.98
           Episode_Reward/progress: 6.3230
              Episode_Reward/alive: 0.4923
            Episode_Reward/upright: 0.0979
     Episode_Reward/move_to_target: 0.4906
          Episode_Reward/action_l2: -0.0245
             Episode_Reward/energy: -1.1425
   Episode_Reward/joint_pos_limits: -0.4103
      Episode_Termination/time_out: 0.8961
  Episode_Termination/torso_height: 0.1039
--------------------------------------------------------------------------------
                   Total timesteps: 6242304
                    Iteration time: 0.39s
                      Time elapsed: 00:02:21
                               ETA: 00:00:44

################################################################################
                      [1m Learning iteration 381/500 [0m                      

                       Computation: 44412 steps/s (collection: 0.281s, learning 0.088s)
             Mean action noise std: 0.16
          Mean value_function loss: 0.0465
               Mean surrogate loss: -0.0018
                 Mean entropy loss: -3.4800
                       Mean reward: 87.65
               Mean episode length: 865.83
           Episode_Reward/progress: 5.7663
              Episode_Reward/alive: 0.4319
            Episode_Reward/upright: 0.0845
     Episode_Reward/move_to_target: 0.4254
          Episode_Reward/action_l2: -0.0214
             Episode_Reward/energy: -0.9989
   Episode_Reward/joint_pos_limits: -0.3656
      Episode_Termination/time_out: 0.8971
  Episode_Termination/torso_height: 0.1029
--------------------------------------------------------------------------------
                   Total timesteps: 6258688
                    Iteration time: 0.37s
                      Time elapsed: 00:02:22
                               ETA: 00:00:44

################################################################################
                      [1m Learning iteration 382/500 [0m                      

                       Computation: 47068 steps/s (collection: 0.260s, learning 0.088s)
             Mean action noise std: 0.16
          Mean value_function loss: 0.0870
               Mean surrogate loss: -0.0029
                 Mean entropy loss: -3.5025
                       Mean reward: 87.36
               Mean episode length: 869.44
           Episode_Reward/progress: 5.3066
              Episode_Reward/alive: 0.4244
            Episode_Reward/upright: 0.0820
     Episode_Reward/move_to_target: 0.4155
          Episode_Reward/action_l2: -0.0208
             Episode_Reward/energy: -0.9570
   Episode_Reward/joint_pos_limits: -0.3563
      Episode_Termination/time_out: 0.8984
  Episode_Termination/torso_height: 0.1016
--------------------------------------------------------------------------------
                   Total timesteps: 6275072
                    Iteration time: 0.35s
                      Time elapsed: 00:02:22
                               ETA: 00:00:43

################################################################################
                      [1m Learning iteration 383/500 [0m                      

                       Computation: 47523 steps/s (collection: 0.256s, learning 0.089s)
             Mean action noise std: 0.16
          Mean value_function loss: 0.0546
               Mean surrogate loss: -0.0021
                 Mean entropy loss: -3.5063
                       Mean reward: 85.86
               Mean episode length: 858.42
           Episode_Reward/progress: 6.1675
              Episode_Reward/alive: 0.4590
            Episode_Reward/upright: 0.0906
     Episode_Reward/move_to_target: 0.4548
          Episode_Reward/action_l2: -0.0231
             Episode_Reward/energy: -1.0899
   Episode_Reward/joint_pos_limits: -0.3833
      Episode_Termination/time_out: 0.8948
  Episode_Termination/torso_height: 0.1052
--------------------------------------------------------------------------------
                   Total timesteps: 6291456
                    Iteration time: 0.34s
                      Time elapsed: 00:02:23
                               ETA: 00:00:43

################################################################################
                      [1m Learning iteration 384/500 [0m                      

                       Computation: 45963 steps/s (collection: 0.264s, learning 0.093s)
             Mean action noise std: 0.16
          Mean value_function loss: 0.0630
               Mean surrogate loss: -0.0009
                 Mean entropy loss: -3.5156
                       Mean reward: 87.65
               Mean episode length: 876.83
           Episode_Reward/progress: 5.9792
              Episode_Reward/alive: 0.4584
            Episode_Reward/upright: 0.0902
     Episode_Reward/move_to_target: 0.4568
          Episode_Reward/action_l2: -0.0228
             Episode_Reward/energy: -1.0598
   Episode_Reward/joint_pos_limits: -0.3829
      Episode_Termination/time_out: 0.8940
  Episode_Termination/torso_height: 0.1060
--------------------------------------------------------------------------------
                   Total timesteps: 6307840
                    Iteration time: 0.36s
                      Time elapsed: 00:02:23
                               ETA: 00:00:43

################################################################################
                      [1m Learning iteration 385/500 [0m                      

                       Computation: 41897 steps/s (collection: 0.295s, learning 0.096s)
             Mean action noise std: 0.16
          Mean value_function loss: 0.0857
               Mean surrogate loss: -0.0034
                 Mean entropy loss: -3.5218
                       Mean reward: 89.32
               Mean episode length: 885.05
           Episode_Reward/progress: 6.5871
              Episode_Reward/alive: 0.5000
            Episode_Reward/upright: 0.0999
     Episode_Reward/move_to_target: 0.4972
          Episode_Reward/action_l2: -0.0248
             Episode_Reward/energy: -1.1573
   Episode_Reward/joint_pos_limits: -0.4201
      Episode_Termination/time_out: 0.8928
  Episode_Termination/torso_height: 0.1072
--------------------------------------------------------------------------------
                   Total timesteps: 6324224
                    Iteration time: 0.39s
                      Time elapsed: 00:02:23
                               ETA: 00:00:42

################################################################################
                      [1m Learning iteration 386/500 [0m                      

                       Computation: 44854 steps/s (collection: 0.289s, learning 0.076s)
             Mean action noise std: 0.16
          Mean value_function loss: 0.0726
               Mean surrogate loss: -0.0042
                 Mean entropy loss: -3.5212
                       Mean reward: 89.13
               Mean episode length: 884.99
           Episode_Reward/progress: 6.4541
              Episode_Reward/alive: 0.4857
            Episode_Reward/upright: 0.0965
     Episode_Reward/move_to_target: 0.4838
          Episode_Reward/action_l2: -0.0242
             Episode_Reward/energy: -1.1296
   Episode_Reward/joint_pos_limits: -0.4068
      Episode_Termination/time_out: 0.8959
  Episode_Termination/torso_height: 0.1041
--------------------------------------------------------------------------------
                   Total timesteps: 6340608
                    Iteration time: 0.37s
                      Time elapsed: 00:02:24
                               ETA: 00:00:42

################################################################################
                      [1m Learning iteration 387/500 [0m                      

                       Computation: 46166 steps/s (collection: 0.263s, learning 0.091s)
             Mean action noise std: 0.16
          Mean value_function loss: 0.0556
               Mean surrogate loss: -0.0031
                 Mean entropy loss: -3.5322
                       Mean reward: 88.37
               Mean episode length: 878.06
           Episode_Reward/progress: 6.5974
              Episode_Reward/alive: 0.4891
            Episode_Reward/upright: 0.0975
     Episode_Reward/move_to_target: 0.4848
          Episode_Reward/action_l2: -0.0247
             Episode_Reward/energy: -1.1633
   Episode_Reward/joint_pos_limits: -0.4090
      Episode_Termination/time_out: 0.8970
  Episode_Termination/torso_height: 0.1030
--------------------------------------------------------------------------------
                   Total timesteps: 6356992
                    Iteration time: 0.35s
                      Time elapsed: 00:02:24
                               ETA: 00:00:42

################################################################################
                      [1m Learning iteration 388/500 [0m                      

                       Computation: 47502 steps/s (collection: 0.256s, learning 0.089s)
             Mean action noise std: 0.16
          Mean value_function loss: 0.0544
               Mean surrogate loss: -0.0035
                 Mean entropy loss: -3.5513
                       Mean reward: 90.16
               Mean episode length: 894.88
           Episode_Reward/progress: 6.6158
              Episode_Reward/alive: 0.5000
            Episode_Reward/upright: 0.0999
     Episode_Reward/move_to_target: 0.4959
          Episode_Reward/action_l2: -0.0251
             Episode_Reward/energy: -1.1769
   Episode_Reward/joint_pos_limits: -0.4173
      Episode_Termination/time_out: 0.8958
  Episode_Termination/torso_height: 0.1042
--------------------------------------------------------------------------------
                   Total timesteps: 6373376
                    Iteration time: 0.34s
                      Time elapsed: 00:02:24
                               ETA: 00:00:41

################################################################################
                      [1m Learning iteration 389/500 [0m                      

                       Computation: 41807 steps/s (collection: 0.299s, learning 0.092s)
             Mean action noise std: 0.16
          Mean value_function loss: 0.0676
               Mean surrogate loss: -0.0054
                 Mean entropy loss: -3.5534
                       Mean reward: 91.76
               Mean episode length: 908.77
           Episode_Reward/progress: 6.2484
              Episode_Reward/alive: 0.5000
            Episode_Reward/upright: 0.0986
     Episode_Reward/move_to_target: 0.4960
          Episode_Reward/action_l2: -0.0245
             Episode_Reward/energy: -1.1410
   Episode_Reward/joint_pos_limits: -0.4160
      Episode_Termination/time_out: 0.8998
  Episode_Termination/torso_height: 0.1002
--------------------------------------------------------------------------------
                   Total timesteps: 6389760
                    Iteration time: 0.39s
                      Time elapsed: 00:02:25
                               ETA: 00:00:41

################################################################################
                      [1m Learning iteration 390/500 [0m                      

                       Computation: 45688 steps/s (collection: 0.281s, learning 0.077s)
             Mean action noise std: 0.16
          Mean value_function loss: 0.1053
               Mean surrogate loss: -0.0043
                 Mean entropy loss: -3.5472
                       Mean reward: 91.32
               Mean episode length: 904.71
           Episode_Reward/progress: 4.6028
              Episode_Reward/alive: 0.3593
            Episode_Reward/upright: 0.0682
     Episode_Reward/move_to_target: 0.3529
          Episode_Reward/action_l2: -0.0180
             Episode_Reward/energy: -0.8246
   Episode_Reward/joint_pos_limits: -0.3035
      Episode_Termination/time_out: 0.9016
  Episode_Termination/torso_height: 0.0984
--------------------------------------------------------------------------------
                   Total timesteps: 6406144
                    Iteration time: 0.36s
                      Time elapsed: 00:02:25
                               ETA: 00:00:40

################################################################################
                      [1m Learning iteration 391/500 [0m                      

                       Computation: 44368 steps/s (collection: 0.291s, learning 0.078s)
             Mean action noise std: 0.16
          Mean value_function loss: 0.0627
               Mean surrogate loss: -0.0041
                 Mean entropy loss: -3.5604
                       Mean reward: 90.37
               Mean episode length: 895.98
           Episode_Reward/progress: 6.3796
              Episode_Reward/alive: 0.4782
            Episode_Reward/upright: 0.0945
     Episode_Reward/move_to_target: 0.4750
          Episode_Reward/action_l2: -0.0239
             Episode_Reward/energy: -1.1235
   Episode_Reward/joint_pos_limits: -0.3972
      Episode_Termination/time_out: 0.8998
  Episode_Termination/torso_height: 0.1002
--------------------------------------------------------------------------------
                   Total timesteps: 6422528
                    Iteration time: 0.37s
                      Time elapsed: 00:02:25
                               ETA: 00:00:40

################################################################################
                      [1m Learning iteration 392/500 [0m                      

                       Computation: 37261 steps/s (collection: 0.341s, learning 0.099s)
             Mean action noise std: 0.16
          Mean value_function loss: 0.1446
               Mean surrogate loss: -0.0016
                 Mean entropy loss: -3.5652
                       Mean reward: 90.11
               Mean episode length: 895.04
           Episode_Reward/progress: 5.7283
              Episode_Reward/alive: 0.4432
            Episode_Reward/upright: 0.0869
     Episode_Reward/move_to_target: 0.4360
          Episode_Reward/action_l2: -0.0223
             Episode_Reward/energy: -1.0364
   Episode_Reward/joint_pos_limits: -0.3708
      Episode_Termination/time_out: 0.8940
  Episode_Termination/torso_height: 0.1060
--------------------------------------------------------------------------------
                   Total timesteps: 6438912
                    Iteration time: 0.44s
                      Time elapsed: 00:02:26
                               ETA: 00:00:40

################################################################################
                      [1m Learning iteration 393/500 [0m                      

                       Computation: 39656 steps/s (collection: 0.318s, learning 0.095s)
             Mean action noise std: 0.16
          Mean value_function loss: 0.1179
               Mean surrogate loss: -0.0046
                 Mean entropy loss: -3.5746
                       Mean reward: 90.72
               Mean episode length: 896.82
           Episode_Reward/progress: 6.6018
              Episode_Reward/alive: 0.4895
            Episode_Reward/upright: 0.0969
     Episode_Reward/move_to_target: 0.4882
          Episode_Reward/action_l2: -0.0247
             Episode_Reward/energy: -1.1597
   Episode_Reward/joint_pos_limits: -0.4134
      Episode_Termination/time_out: 0.8947
  Episode_Termination/torso_height: 0.1053
--------------------------------------------------------------------------------
                   Total timesteps: 6455296
                    Iteration time: 0.41s
                      Time elapsed: 00:02:26
                               ETA: 00:00:39

################################################################################
                      [1m Learning iteration 394/500 [0m                      

                       Computation: 42103 steps/s (collection: 0.291s, learning 0.098s)
             Mean action noise std: 0.16
          Mean value_function loss: 0.0618
               Mean surrogate loss: -0.0034
                 Mean entropy loss: -3.6056
                       Mean reward: 90.52
               Mean episode length: 896.34
           Episode_Reward/progress: 5.9378
              Episode_Reward/alive: 0.4620
            Episode_Reward/upright: 0.0899
     Episode_Reward/move_to_target: 0.4561
          Episode_Reward/action_l2: -0.0230
             Episode_Reward/energy: -1.0708
   Episode_Reward/joint_pos_limits: -0.3845
      Episode_Termination/time_out: 0.8964
  Episode_Termination/torso_height: 0.1036
--------------------------------------------------------------------------------
                   Total timesteps: 6471680
                    Iteration time: 0.39s
                      Time elapsed: 00:02:27
                               ETA: 00:00:39

################################################################################
                      [1m Learning iteration 395/500 [0m                      

                       Computation: 35788 steps/s (collection: 0.360s, learning 0.097s)
             Mean action noise std: 0.16
          Mean value_function loss: 0.0955
               Mean surrogate loss: -0.0050
                 Mean entropy loss: -3.6193
                       Mean reward: 87.71
               Mean episode length: 867.54
           Episode_Reward/progress: 5.8603
              Episode_Reward/alive: 0.4509
            Episode_Reward/upright: 0.0887
     Episode_Reward/move_to_target: 0.4456
          Episode_Reward/action_l2: -0.0226
             Episode_Reward/energy: -1.0417
   Episode_Reward/joint_pos_limits: -0.3774
      Episode_Termination/time_out: 0.8950
  Episode_Termination/torso_height: 0.1050
--------------------------------------------------------------------------------
                   Total timesteps: 6488064
                    Iteration time: 0.46s
                      Time elapsed: 00:02:27
                               ETA: 00:00:39

################################################################################
                      [1m Learning iteration 396/500 [0m                      

                       Computation: 31892 steps/s (collection: 0.379s, learning 0.135s)
             Mean action noise std: 0.16
          Mean value_function loss: 0.0708
               Mean surrogate loss: -0.0036
                 Mean entropy loss: -3.6213
                       Mean reward: 90.40
               Mean episode length: 888.87
           Episode_Reward/progress: 6.1120
              Episode_Reward/alive: 0.4617
            Episode_Reward/upright: 0.0917
     Episode_Reward/move_to_target: 0.4589
          Episode_Reward/action_l2: -0.0232
             Episode_Reward/energy: -1.0794
   Episode_Reward/joint_pos_limits: -0.3839
      Episode_Termination/time_out: 0.8958
  Episode_Termination/torso_height: 0.1042
--------------------------------------------------------------------------------
                   Total timesteps: 6504448
                    Iteration time: 0.51s
                      Time elapsed: 00:02:28
                               ETA: 00:00:38

################################################################################
                      [1m Learning iteration 397/500 [0m                      

                       Computation: 35081 steps/s (collection: 0.379s, learning 0.088s)
             Mean action noise std: 0.16
          Mean value_function loss: 0.0664
               Mean surrogate loss: -0.0059
                 Mean entropy loss: -3.6432
                       Mean reward: 88.69
               Mean episode length: 880.28
           Episode_Reward/progress: 6.2393
              Episode_Reward/alive: 0.4860
            Episode_Reward/upright: 0.0967
     Episode_Reward/move_to_target: 0.4833
          Episode_Reward/action_l2: -0.0244
             Episode_Reward/energy: -1.1551
   Episode_Reward/joint_pos_limits: -0.3960
      Episode_Termination/time_out: 0.8943
  Episode_Termination/torso_height: 0.1057
--------------------------------------------------------------------------------
                   Total timesteps: 6520832
                    Iteration time: 0.47s
                      Time elapsed: 00:02:28
                               ETA: 00:00:38

################################################################################
                      [1m Learning iteration 398/500 [0m                      

                       Computation: 36626 steps/s (collection: 0.356s, learning 0.092s)
             Mean action noise std: 0.16
          Mean value_function loss: 0.0709
               Mean surrogate loss: -0.0012
                 Mean entropy loss: -3.6572
                       Mean reward: 86.15
               Mean episode length: 855.64
           Episode_Reward/progress: 5.2973
              Episode_Reward/alive: 0.3984
            Episode_Reward/upright: 0.0775
     Episode_Reward/move_to_target: 0.3883
          Episode_Reward/action_l2: -0.0202
             Episode_Reward/energy: -0.9398
   Episode_Reward/joint_pos_limits: -0.3315
      Episode_Termination/time_out: 0.8944
  Episode_Termination/torso_height: 0.1056
--------------------------------------------------------------------------------
                   Total timesteps: 6537216
                    Iteration time: 0.45s
                      Time elapsed: 00:02:29
                               ETA: 00:00:38

################################################################################
                      [1m Learning iteration 399/500 [0m                      

                       Computation: 40937 steps/s (collection: 0.317s, learning 0.083s)
             Mean action noise std: 0.16
          Mean value_function loss: 0.0626
               Mean surrogate loss: -0.0044
                 Mean entropy loss: -3.6697
                       Mean reward: 88.27
               Mean episode length: 871.10
           Episode_Reward/progress: 6.4941
              Episode_Reward/alive: 0.4854
            Episode_Reward/upright: 0.0958
     Episode_Reward/move_to_target: 0.4836
          Episode_Reward/action_l2: -0.0240
             Episode_Reward/energy: -1.1260
   Episode_Reward/joint_pos_limits: -0.4043
      Episode_Termination/time_out: 0.8907
  Episode_Termination/torso_height: 0.1093
--------------------------------------------------------------------------------
                   Total timesteps: 6553600
                    Iteration time: 0.40s
                      Time elapsed: 00:02:29
                               ETA: 00:00:37

################################################################################
                      [1m Learning iteration 400/500 [0m                      

                       Computation: 41004 steps/s (collection: 0.324s, learning 0.076s)
             Mean action noise std: 0.16
          Mean value_function loss: 0.0831
               Mean surrogate loss: -0.0038
                 Mean entropy loss: -3.6814
                       Mean reward: 86.76
               Mean episode length: 861.99
           Episode_Reward/progress: 6.2118
              Episode_Reward/alive: 0.4806
            Episode_Reward/upright: 0.0949
     Episode_Reward/move_to_target: 0.4783
          Episode_Reward/action_l2: -0.0238
             Episode_Reward/energy: -1.1133
   Episode_Reward/joint_pos_limits: -0.3964
      Episode_Termination/time_out: 0.8941
  Episode_Termination/torso_height: 0.1059
--------------------------------------------------------------------------------
                   Total timesteps: 6569984
                    Iteration time: 0.40s
                      Time elapsed: 00:02:29
                               ETA: 00:00:37

################################################################################
                      [1m Learning iteration 401/500 [0m                      

                       Computation: 37575 steps/s (collection: 0.342s, learning 0.094s)
             Mean action noise std: 0.16
          Mean value_function loss: 0.0769
               Mean surrogate loss: -0.0034
                 Mean entropy loss: -3.6883
                       Mean reward: 89.30
               Mean episode length: 876.50
           Episode_Reward/progress: 6.2197
              Episode_Reward/alive: 0.4571
            Episode_Reward/upright: 0.0901
     Episode_Reward/move_to_target: 0.4558
          Episode_Reward/action_l2: -0.0233
             Episode_Reward/energy: -1.0947
   Episode_Reward/joint_pos_limits: -0.3830
      Episode_Termination/time_out: 0.8981
  Episode_Termination/torso_height: 0.1019
--------------------------------------------------------------------------------
                   Total timesteps: 6586368
                    Iteration time: 0.44s
                      Time elapsed: 00:02:30
                               ETA: 00:00:37

################################################################################
                      [1m Learning iteration 402/500 [0m                      

                       Computation: 39234 steps/s (collection: 0.319s, learning 0.099s)
             Mean action noise std: 0.16
          Mean value_function loss: 0.0895
               Mean surrogate loss: -0.0050
                 Mean entropy loss: -3.6790
                       Mean reward: 91.90
               Mean episode length: 894.60
           Episode_Reward/progress: 6.5387
              Episode_Reward/alive: 0.4798
            Episode_Reward/upright: 0.0948
     Episode_Reward/move_to_target: 0.4771
          Episode_Reward/action_l2: -0.0244
             Episode_Reward/energy: -1.1524
   Episode_Reward/joint_pos_limits: -0.4036
      Episode_Termination/time_out: 0.8995
  Episode_Termination/torso_height: 0.1005
--------------------------------------------------------------------------------
                   Total timesteps: 6602752
                    Iteration time: 0.42s
                      Time elapsed: 00:02:30
                               ETA: 00:00:36

################################################################################
                      [1m Learning iteration 403/500 [0m                      

                       Computation: 39432 steps/s (collection: 0.328s, learning 0.087s)
             Mean action noise std: 0.16
          Mean value_function loss: 0.0472
               Mean surrogate loss: -0.0037
                 Mean entropy loss: -3.6865
                       Mean reward: 91.41
               Mean episode length: 886.78
           Episode_Reward/progress: 5.7334
              Episode_Reward/alive: 0.4297
            Episode_Reward/upright: 0.0840
     Episode_Reward/move_to_target: 0.4236
          Episode_Reward/action_l2: -0.0219
             Episode_Reward/energy: -1.0161
   Episode_Reward/joint_pos_limits: -0.3600
      Episode_Termination/time_out: 0.8950
  Episode_Termination/torso_height: 0.1050
--------------------------------------------------------------------------------
                   Total timesteps: 6619136
                    Iteration time: 0.42s
                      Time elapsed: 00:02:31
                               ETA: 00:00:36

################################################################################
                      [1m Learning iteration 404/500 [0m                      

                       Computation: 42975 steps/s (collection: 0.290s, learning 0.091s)
             Mean action noise std: 0.16
          Mean value_function loss: 0.0528
               Mean surrogate loss: -0.0045
                 Mean entropy loss: -3.7060
                       Mean reward: 91.93
               Mean episode length: 886.99
           Episode_Reward/progress: 5.7817
              Episode_Reward/alive: 0.4280
            Episode_Reward/upright: 0.0838
     Episode_Reward/move_to_target: 0.4276
          Episode_Reward/action_l2: -0.0216
             Episode_Reward/energy: -1.0235
   Episode_Reward/joint_pos_limits: -0.3556
      Episode_Termination/time_out: 0.8936
  Episode_Termination/torso_height: 0.1064
--------------------------------------------------------------------------------
                   Total timesteps: 6635520
                    Iteration time: 0.38s
                      Time elapsed: 00:02:31
                               ETA: 00:00:35

################################################################################
                      [1m Learning iteration 405/500 [0m                      

                       Computation: 44190 steps/s (collection: 0.277s, learning 0.093s)
             Mean action noise std: 0.16
          Mean value_function loss: 0.1087
               Mean surrogate loss: -0.0046
                 Mean entropy loss: -3.7286
                       Mean reward: 90.92
               Mean episode length: 877.45
           Episode_Reward/progress: 6.0348
              Episode_Reward/alive: 0.4411
            Episode_Reward/upright: 0.0872
     Episode_Reward/move_to_target: 0.4385
          Episode_Reward/action_l2: -0.0226
             Episode_Reward/energy: -1.0811
   Episode_Reward/joint_pos_limits: -0.3663
      Episode_Termination/time_out: 0.8934
  Episode_Termination/torso_height: 0.1066
--------------------------------------------------------------------------------
                   Total timesteps: 6651904
                    Iteration time: 0.37s
                      Time elapsed: 00:02:31
                               ETA: 00:00:35

################################################################################
                      [1m Learning iteration 406/500 [0m                      

                       Computation: 46613 steps/s (collection: 0.277s, learning 0.074s)
             Mean action noise std: 0.16
          Mean value_function loss: 0.0747
               Mean surrogate loss: -0.0047
                 Mean entropy loss: -3.7409
                       Mean reward: 92.69
               Mean episode length: 895.05
           Episode_Reward/progress: 6.7896
              Episode_Reward/alive: 0.5000
            Episode_Reward/upright: 0.0994
     Episode_Reward/move_to_target: 0.4979
          Episode_Reward/action_l2: -0.0251
             Episode_Reward/energy: -1.1991
   Episode_Reward/joint_pos_limits: -0.4134
      Episode_Termination/time_out: 0.8948
  Episode_Termination/torso_height: 0.1052
--------------------------------------------------------------------------------
                   Total timesteps: 6668288
                    Iteration time: 0.35s
                      Time elapsed: 00:02:32
                               ETA: 00:00:35

################################################################################
                      [1m Learning iteration 407/500 [0m                      

                       Computation: 43948 steps/s (collection: 0.300s, learning 0.073s)
             Mean action noise std: 0.16
          Mean value_function loss: 0.0660
               Mean surrogate loss: -0.0039
                 Mean entropy loss: -3.7602
                       Mean reward: 89.70
               Mean episode length: 880.67
           Episode_Reward/progress: 5.5029
              Episode_Reward/alive: 0.4435
            Episode_Reward/upright: 0.0869
     Episode_Reward/move_to_target: 0.3894
          Episode_Reward/action_l2: -0.0224
             Episode_Reward/energy: -0.9807
   Episode_Reward/joint_pos_limits: -0.3798
      Episode_Termination/time_out: 0.8961
  Episode_Termination/torso_height: 0.1039
--------------------------------------------------------------------------------
                   Total timesteps: 6684672
                    Iteration time: 0.37s
                      Time elapsed: 00:02:32
                               ETA: 00:00:34

################################################################################
                      [1m Learning iteration 408/500 [0m                      

                       Computation: 45616 steps/s (collection: 0.285s, learning 0.074s)
             Mean action noise std: 0.16
          Mean value_function loss: 0.1028
               Mean surrogate loss: -0.0032
                 Mean entropy loss: -3.7822
                       Mean reward: 90.92
               Mean episode length: 892.08
           Episode_Reward/progress: 6.0881
              Episode_Reward/alive: 0.4624
            Episode_Reward/upright: 0.0912
     Episode_Reward/move_to_target: 0.4564
          Episode_Reward/action_l2: -0.0231
             Episode_Reward/energy: -1.0871
   Episode_Reward/joint_pos_limits: -0.3851
      Episode_Termination/time_out: 0.8928
  Episode_Termination/torso_height: 0.1072
--------------------------------------------------------------------------------
                   Total timesteps: 6701056
                    Iteration time: 0.36s
                      Time elapsed: 00:02:33
                               ETA: 00:00:34

################################################################################
                      [1m Learning iteration 409/500 [0m                      

                       Computation: 40878 steps/s (collection: 0.307s, learning 0.093s)
             Mean action noise std: 0.16
          Mean value_function loss: 0.0628
               Mean surrogate loss: -0.0033
                 Mean entropy loss: -3.7837
                       Mean reward: 90.58
               Mean episode length: 892.54
           Episode_Reward/progress: 5.7012
              Episode_Reward/alive: 0.4317
            Episode_Reward/upright: 0.0849
     Episode_Reward/move_to_target: 0.4263
          Episode_Reward/action_l2: -0.0218
             Episode_Reward/energy: -1.0205
   Episode_Reward/joint_pos_limits: -0.3562
      Episode_Termination/time_out: 0.8974
  Episode_Termination/torso_height: 0.1026
--------------------------------------------------------------------------------
                   Total timesteps: 6717440
                    Iteration time: 0.40s
                      Time elapsed: 00:02:33
                               ETA: 00:00:34

################################################################################
                      [1m Learning iteration 410/500 [0m                      

                       Computation: 42851 steps/s (collection: 0.293s, learning 0.089s)
             Mean action noise std: 0.16
          Mean value_function loss: 0.0868
               Mean surrogate loss: -0.0034
                 Mean entropy loss: -3.8143
                       Mean reward: 90.40
               Mean episode length: 893.76
           Episode_Reward/progress: 6.2450
              Episode_Reward/alive: 0.4697
            Episode_Reward/upright: 0.0921
     Episode_Reward/move_to_target: 0.4669
          Episode_Reward/action_l2: -0.0240
             Episode_Reward/energy: -1.1204
   Episode_Reward/joint_pos_limits: -0.3921
      Episode_Termination/time_out: 0.8973
  Episode_Termination/torso_height: 0.1027
--------------------------------------------------------------------------------
                   Total timesteps: 6733824
                    Iteration time: 0.38s
                      Time elapsed: 00:02:33
                               ETA: 00:00:33

################################################################################
                      [1m Learning iteration 411/500 [0m                      

                       Computation: 47146 steps/s (collection: 0.270s, learning 0.078s)
             Mean action noise std: 0.16
          Mean value_function loss: 0.0817
               Mean surrogate loss: -0.0058
                 Mean entropy loss: -3.8206
                       Mean reward: 89.88
               Mean episode length: 884.91
           Episode_Reward/progress: 6.5643
              Episode_Reward/alive: 0.4712
            Episode_Reward/upright: 0.0929
     Episode_Reward/move_to_target: 0.4689
          Episode_Reward/action_l2: -0.0242
             Episode_Reward/energy: -1.1444
   Episode_Reward/joint_pos_limits: -0.3940
      Episode_Termination/time_out: 0.8974
  Episode_Termination/torso_height: 0.1026
--------------------------------------------------------------------------------
                   Total timesteps: 6750208
                    Iteration time: 0.35s
                      Time elapsed: 00:02:34
                               ETA: 00:00:33

################################################################################
                      [1m Learning iteration 412/500 [0m                      

                       Computation: 44920 steps/s (collection: 0.293s, learning 0.072s)
             Mean action noise std: 0.16
          Mean value_function loss: 0.0751
               Mean surrogate loss: -0.0036
                 Mean entropy loss: -3.8393
                       Mean reward: 90.60
               Mean episode length: 878.46
           Episode_Reward/progress: 6.2953
              Episode_Reward/alive: 0.4590
            Episode_Reward/upright: 0.0906
     Episode_Reward/move_to_target: 0.4516
          Episode_Reward/action_l2: -0.0235
             Episode_Reward/energy: -1.1107
   Episode_Reward/joint_pos_limits: -0.3806
      Episode_Termination/time_out: 0.8941
  Episode_Termination/torso_height: 0.1059
--------------------------------------------------------------------------------
                   Total timesteps: 6766592
                    Iteration time: 0.36s
                      Time elapsed: 00:02:34
                               ETA: 00:00:32

################################################################################
                      [1m Learning iteration 413/500 [0m                      

                       Computation: 45004 steps/s (collection: 0.272s, learning 0.092s)
             Mean action noise std: 0.15
          Mean value_function loss: 0.0666
               Mean surrogate loss: -0.0052
                 Mean entropy loss: -3.8668
                       Mean reward: 92.74
               Mean episode length: 893.98
           Episode_Reward/progress: 7.0844
              Episode_Reward/alive: 0.5000
            Episode_Reward/upright: 0.0998
     Episode_Reward/move_to_target: 0.4985
          Episode_Reward/action_l2: -0.0257
             Episode_Reward/energy: -1.2416
   Episode_Reward/joint_pos_limits: -0.4105
      Episode_Termination/time_out: 0.8962
  Episode_Termination/torso_height: 0.1038
--------------------------------------------------------------------------------
                   Total timesteps: 6782976
                    Iteration time: 0.36s
                      Time elapsed: 00:02:34
                               ETA: 00:00:32

################################################################################
                      [1m Learning iteration 414/500 [0m                      

                       Computation: 41207 steps/s (collection: 0.305s, learning 0.093s)
             Mean action noise std: 0.15
          Mean value_function loss: 0.0499
               Mean surrogate loss: -0.0025
                 Mean entropy loss: -3.8800
                       Mean reward: 90.99
               Mean episode length: 877.26
           Episode_Reward/progress: 5.9855
              Episode_Reward/alive: 0.4563
            Episode_Reward/upright: 0.0901
     Episode_Reward/move_to_target: 0.4538
          Episode_Reward/action_l2: -0.0229
             Episode_Reward/energy: -1.0657
   Episode_Reward/joint_pos_limits: -0.3768
      Episode_Termination/time_out: 0.8983
  Episode_Termination/torso_height: 0.1017
--------------------------------------------------------------------------------
                   Total timesteps: 6799360
                    Iteration time: 0.40s
                      Time elapsed: 00:02:35
                               ETA: 00:00:32

################################################################################
                      [1m Learning iteration 415/500 [0m                      

                       Computation: 45211 steps/s (collection: 0.269s, learning 0.093s)
             Mean action noise std: 0.15
          Mean value_function loss: 0.0936
               Mean surrogate loss: -0.0032
                 Mean entropy loss: -3.8975
                       Mean reward: 92.46
               Mean episode length: 885.64
           Episode_Reward/progress: 6.8280
              Episode_Reward/alive: 0.4852
            Episode_Reward/upright: 0.0969
     Episode_Reward/move_to_target: 0.4851
          Episode_Reward/action_l2: -0.0247
             Episode_Reward/energy: -1.1887
   Episode_Reward/joint_pos_limits: -0.4063
      Episode_Termination/time_out: 0.8965
  Episode_Termination/torso_height: 0.1035
--------------------------------------------------------------------------------
                   Total timesteps: 6815744
                    Iteration time: 0.36s
                      Time elapsed: 00:02:35
                               ETA: 00:00:31

################################################################################
                      [1m Learning iteration 416/500 [0m                      

                       Computation: 38787 steps/s (collection: 0.292s, learning 0.130s)
             Mean action noise std: 0.15
          Mean value_function loss: 0.1305
               Mean surrogate loss: -0.0049
                 Mean entropy loss: -3.9137
                       Mean reward: 92.97
               Mean episode length: 892.44
           Episode_Reward/progress: 6.4822
              Episode_Reward/alive: 0.4827
            Episode_Reward/upright: 0.0947
     Episode_Reward/move_to_target: 0.4772
          Episode_Reward/action_l2: -0.0244
             Episode_Reward/energy: -1.1397
   Episode_Reward/joint_pos_limits: -0.4038
      Episode_Termination/time_out: 0.8966
  Episode_Termination/torso_height: 0.1034
--------------------------------------------------------------------------------
                   Total timesteps: 6832128
                    Iteration time: 0.42s
                      Time elapsed: 00:02:36
                               ETA: 00:00:31

################################################################################
                      [1m Learning iteration 417/500 [0m                      

                       Computation: 37062 steps/s (collection: 0.343s, learning 0.099s)
             Mean action noise std: 0.15
          Mean value_function loss: 0.1116
               Mean surrogate loss: -0.0053
                 Mean entropy loss: -3.9322
                       Mean reward: 92.03
               Mean episode length: 886.47
           Episode_Reward/progress: 6.6148
              Episode_Reward/alive: 0.4842
            Episode_Reward/upright: 0.0963
     Episode_Reward/move_to_target: 0.4812
          Episode_Reward/action_l2: -0.0248
             Episode_Reward/energy: -1.1707
   Episode_Reward/joint_pos_limits: -0.4016
      Episode_Termination/time_out: 0.8943
  Episode_Termination/torso_height: 0.1057
--------------------------------------------------------------------------------
                   Total timesteps: 6848512
                    Iteration time: 0.44s
                      Time elapsed: 00:02:36
                               ETA: 00:00:31

################################################################################
                      [1m Learning iteration 418/500 [0m                      

                       Computation: 40622 steps/s (collection: 0.307s, learning 0.096s)
             Mean action noise std: 0.15
          Mean value_function loss: 0.0737
               Mean surrogate loss: -0.0053
                 Mean entropy loss: -3.9412
                       Mean reward: 93.56
               Mean episode length: 901.30
           Episode_Reward/progress: 6.7076
              Episode_Reward/alive: 0.4933
            Episode_Reward/upright: 0.0981
     Episode_Reward/move_to_target: 0.4897
          Episode_Reward/action_l2: -0.0252
             Episode_Reward/energy: -1.1962
   Episode_Reward/joint_pos_limits: -0.4101
      Episode_Termination/time_out: 0.8945
  Episode_Termination/torso_height: 0.1055
--------------------------------------------------------------------------------
                   Total timesteps: 6864896
                    Iteration time: 0.40s
                      Time elapsed: 00:02:36
                               ETA: 00:00:30

################################################################################
                      [1m Learning iteration 419/500 [0m                      

                       Computation: 42813 steps/s (collection: 0.289s, learning 0.094s)
             Mean action noise std: 0.15
          Mean value_function loss: 0.1285
               Mean surrogate loss: -0.0048
                 Mean entropy loss: -3.9537
                       Mean reward: 92.37
               Mean episode length: 899.49
           Episode_Reward/progress: 5.4510
              Episode_Reward/alive: 0.4361
            Episode_Reward/upright: 0.0847
     Episode_Reward/move_to_target: 0.4085
          Episode_Reward/action_l2: -0.0218
             Episode_Reward/energy: -0.9842
   Episode_Reward/joint_pos_limits: -0.3668
      Episode_Termination/time_out: 0.8919
  Episode_Termination/torso_height: 0.1081
--------------------------------------------------------------------------------
                   Total timesteps: 6881280
                    Iteration time: 0.38s
                      Time elapsed: 00:02:37
                               ETA: 00:00:30

################################################################################
                      [1m Learning iteration 420/500 [0m                      

                       Computation: 44821 steps/s (collection: 0.265s, learning 0.101s)
             Mean action noise std: 0.15
          Mean value_function loss: 0.0657
               Mean surrogate loss: -0.0023
                 Mean entropy loss: -3.9679
                       Mean reward: 88.50
               Mean episode length: 868.82
           Episode_Reward/progress: 4.9944
              Episode_Reward/alive: 0.3794
            Episode_Reward/upright: 0.0738
     Episode_Reward/move_to_target: 0.3703
          Episode_Reward/action_l2: -0.0193
             Episode_Reward/energy: -0.9090
   Episode_Reward/joint_pos_limits: -0.3128
      Episode_Termination/time_out: 0.8892
  Episode_Termination/torso_height: 0.1108
--------------------------------------------------------------------------------
                   Total timesteps: 6897664
                    Iteration time: 0.37s
                      Time elapsed: 00:02:37
                               ETA: 00:00:29

################################################################################
                      [1m Learning iteration 421/500 [0m                      

                       Computation: 49153 steps/s (collection: 0.263s, learning 0.070s)
             Mean action noise std: 0.15
          Mean value_function loss: 0.1210
               Mean surrogate loss: -0.0040
                 Mean entropy loss: -3.9926
                       Mean reward: 88.96
               Mean episode length: 869.39
           Episode_Reward/progress: 6.4477
              Episode_Reward/alive: 0.4694
            Episode_Reward/upright: 0.0921
     Episode_Reward/move_to_target: 0.4647
          Episode_Reward/action_l2: -0.0237
             Episode_Reward/energy: -1.1331
   Episode_Reward/joint_pos_limits: -0.3881
      Episode_Termination/time_out: 0.8840
  Episode_Termination/torso_height: 0.1160
--------------------------------------------------------------------------------
                   Total timesteps: 6914048
                    Iteration time: 0.33s
                      Time elapsed: 00:02:37
                               ETA: 00:00:29

################################################################################
                      [1m Learning iteration 422/500 [0m                      

                       Computation: 45994 steps/s (collection: 0.266s, learning 0.090s)
             Mean action noise std: 0.15
          Mean value_function loss: 0.0821
               Mean surrogate loss: -0.0068
                 Mean entropy loss: -4.0029
                       Mean reward: 87.51
               Mean episode length: 867.20
           Episode_Reward/progress: 5.9698
              Episode_Reward/alive: 0.4710
            Episode_Reward/upright: 0.0919
     Episode_Reward/move_to_target: 0.4626
          Episode_Reward/action_l2: -0.0234
             Episode_Reward/energy: -1.0947
   Episode_Reward/joint_pos_limits: -0.3922
      Episode_Termination/time_out: 0.8917
  Episode_Termination/torso_height: 0.1083
--------------------------------------------------------------------------------
                   Total timesteps: 6930432
                    Iteration time: 0.36s
                      Time elapsed: 00:02:38
                               ETA: 00:00:29

################################################################################
                      [1m Learning iteration 423/500 [0m                      

                       Computation: 41709 steps/s (collection: 0.294s, learning 0.098s)
             Mean action noise std: 0.15
          Mean value_function loss: 0.0657
               Mean surrogate loss: -0.0039
                 Mean entropy loss: -4.0153
                       Mean reward: 90.39
               Mean episode length: 881.81
           Episode_Reward/progress: 7.0808
              Episode_Reward/alive: 0.4989
            Episode_Reward/upright: 0.0995
     Episode_Reward/move_to_target: 0.4976
          Episode_Reward/action_l2: -0.0260
             Episode_Reward/energy: -1.2412
   Episode_Reward/joint_pos_limits: -0.4198
      Episode_Termination/time_out: 0.8912
  Episode_Termination/torso_height: 0.1088
--------------------------------------------------------------------------------
                   Total timesteps: 6946816
                    Iteration time: 0.39s
                      Time elapsed: 00:02:38
                               ETA: 00:00:28

################################################################################
                      [1m Learning iteration 424/500 [0m                      

                       Computation: 43959 steps/s (collection: 0.278s, learning 0.095s)
             Mean action noise std: 0.15
          Mean value_function loss: 0.0737
               Mean surrogate loss: -0.0010
                 Mean entropy loss: -4.0200
                       Mean reward: 87.76
               Mean episode length: 862.85
           Episode_Reward/progress: 5.6479
              Episode_Reward/alive: 0.4403
            Episode_Reward/upright: 0.0866
     Episode_Reward/move_to_target: 0.4334
          Episode_Reward/action_l2: -0.0223
             Episode_Reward/energy: -1.0346
   Episode_Reward/joint_pos_limits: -0.3622
      Episode_Termination/time_out: 0.8915
  Episode_Termination/torso_height: 0.1085
--------------------------------------------------------------------------------
                   Total timesteps: 6963200
                    Iteration time: 0.37s
                      Time elapsed: 00:02:39
                               ETA: 00:00:28

################################################################################
                      [1m Learning iteration 425/500 [0m                      

                       Computation: 41740 steps/s (collection: 0.304s, learning 0.089s)
             Mean action noise std: 0.15
          Mean value_function loss: 0.0665
               Mean surrogate loss: -0.0066
                 Mean entropy loss: -4.0219
                       Mean reward: 94.00
               Mean episode length: 905.08
           Episode_Reward/progress: 6.8159
              Episode_Reward/alive: 0.5000
            Episode_Reward/upright: 0.0995
     Episode_Reward/move_to_target: 0.4991
          Episode_Reward/action_l2: -0.0257
             Episode_Reward/energy: -1.2100
   Episode_Reward/joint_pos_limits: -0.4160
      Episode_Termination/time_out: 0.8943
  Episode_Termination/torso_height: 0.1057
--------------------------------------------------------------------------------
                   Total timesteps: 6979584
                    Iteration time: 0.39s
                      Time elapsed: 00:02:39
                               ETA: 00:00:28

################################################################################
                      [1m Learning iteration 426/500 [0m                      

                       Computation: 46390 steps/s (collection: 0.283s, learning 0.070s)
             Mean action noise std: 0.15
          Mean value_function loss: 0.0721
               Mean surrogate loss: -0.0056
                 Mean entropy loss: -4.0477
                       Mean reward: 96.25
               Mean episode length: 917.56
           Episode_Reward/progress: 6.7573
              Episode_Reward/alive: 0.4832
            Episode_Reward/upright: 0.0963
     Episode_Reward/move_to_target: 0.4806
          Episode_Reward/action_l2: -0.0252
             Episode_Reward/energy: -1.1967
   Episode_Reward/joint_pos_limits: -0.4031
      Episode_Termination/time_out: 0.8941
  Episode_Termination/torso_height: 0.1059
--------------------------------------------------------------------------------
                   Total timesteps: 6995968
                    Iteration time: 0.35s
                      Time elapsed: 00:02:39
                               ETA: 00:00:27

################################################################################
                      [1m Learning iteration 427/500 [0m                      

                       Computation: 45728 steps/s (collection: 0.285s, learning 0.073s)
             Mean action noise std: 0.15
          Mean value_function loss: 0.0514
               Mean surrogate loss: -0.0010
                 Mean entropy loss: -4.0519
                       Mean reward: 96.09
               Mean episode length: 917.85
           Episode_Reward/progress: 5.9495
              Episode_Reward/alive: 0.4571
            Episode_Reward/upright: 0.0905
     Episode_Reward/move_to_target: 0.4506
          Episode_Reward/action_l2: -0.0229
             Episode_Reward/energy: -1.0795
   Episode_Reward/joint_pos_limits: -0.3728
      Episode_Termination/time_out: 0.8959
  Episode_Termination/torso_height: 0.1041
--------------------------------------------------------------------------------
                   Total timesteps: 7012352
                    Iteration time: 0.36s
                      Time elapsed: 00:02:40
                               ETA: 00:00:27

################################################################################
                      [1m Learning iteration 428/500 [0m                      

                       Computation: 46413 steps/s (collection: 0.273s, learning 0.080s)
             Mean action noise std: 0.15
          Mean value_function loss: 0.0497
               Mean surrogate loss: -0.0046
                 Mean entropy loss: -4.0769
                       Mean reward: 96.39
               Mean episode length: 921.77
           Episode_Reward/progress: 6.6353
              Episode_Reward/alive: 0.4859
            Episode_Reward/upright: 0.0964
     Episode_Reward/move_to_target: 0.4832
          Episode_Reward/action_l2: -0.0246
             Episode_Reward/energy: -1.1804
   Episode_Reward/joint_pos_limits: -0.4009
      Episode_Termination/time_out: 0.8971
  Episode_Termination/torso_height: 0.1029
--------------------------------------------------------------------------------
                   Total timesteps: 7028736
                    Iteration time: 0.35s
                      Time elapsed: 00:02:40
                               ETA: 00:00:26

################################################################################
                      [1m Learning iteration 429/500 [0m                      

                       Computation: 44870 steps/s (collection: 0.290s, learning 0.075s)
             Mean action noise std: 0.15
          Mean value_function loss: 0.0825
               Mean surrogate loss: -0.0053
                 Mean entropy loss: -4.1210
                       Mean reward: 96.71
               Mean episode length: 923.59
           Episode_Reward/progress: 7.0645
              Episode_Reward/alive: 0.5000
            Episode_Reward/upright: 0.0993
     Episode_Reward/move_to_target: 0.4970
          Episode_Reward/action_l2: -0.0252
             Episode_Reward/energy: -1.2059
   Episode_Reward/joint_pos_limits: -0.4127
      Episode_Termination/time_out: 0.9004
  Episode_Termination/torso_height: 0.0996
--------------------------------------------------------------------------------
                   Total timesteps: 7045120
                    Iteration time: 0.37s
                      Time elapsed: 00:02:40
                               ETA: 00:00:26

################################################################################
                      [1m Learning iteration 430/500 [0m                      

                       Computation: 36104 steps/s (collection: 0.354s, learning 0.100s)
             Mean action noise std: 0.15
          Mean value_function loss: 0.1215
               Mean surrogate loss: -0.0035
                 Mean entropy loss: -4.1386
                       Mean reward: 94.34
               Mean episode length: 898.12
           Episode_Reward/progress: 6.1474
              Episode_Reward/alive: 0.4568
            Episode_Reward/upright: 0.0902
     Episode_Reward/move_to_target: 0.4518
          Episode_Reward/action_l2: -0.0232
             Episode_Reward/energy: -1.0947
   Episode_Reward/joint_pos_limits: -0.3787
      Episode_Termination/time_out: 0.9008
  Episode_Termination/torso_height: 0.0992
--------------------------------------------------------------------------------
                   Total timesteps: 7061504
                    Iteration time: 0.45s
                      Time elapsed: 00:02:41
                               ETA: 00:00:26

################################################################################
                      [1m Learning iteration 431/500 [0m                      

                       Computation: 40177 steps/s (collection: 0.334s, learning 0.074s)
             Mean action noise std: 0.15
          Mean value_function loss: 0.0694
               Mean surrogate loss: -0.0036
                 Mean entropy loss: -4.1552
                       Mean reward: 93.61
               Mean episode length: 889.85
           Episode_Reward/progress: 6.6634
              Episode_Reward/alive: 0.4714
            Episode_Reward/upright: 0.0937
     Episode_Reward/move_to_target: 0.4703
          Episode_Reward/action_l2: -0.0245
             Episode_Reward/energy: -1.1686
   Episode_Reward/joint_pos_limits: -0.3941
      Episode_Termination/time_out: 0.8993
  Episode_Termination/torso_height: 0.1007
--------------------------------------------------------------------------------
                   Total timesteps: 7077888
                    Iteration time: 0.41s
                      Time elapsed: 00:02:41
                               ETA: 00:00:25

################################################################################
                      [1m Learning iteration 432/500 [0m                      

                       Computation: 41534 steps/s (collection: 0.297s, learning 0.097s)
             Mean action noise std: 0.15
          Mean value_function loss: 0.0680
               Mean surrogate loss: -0.0001
                 Mean entropy loss: -4.1774
                       Mean reward: 95.49
               Mean episode length: 898.02
           Episode_Reward/progress: 6.9062
              Episode_Reward/alive: 0.4845
            Episode_Reward/upright: 0.0963
     Episode_Reward/move_to_target: 0.4818
          Episode_Reward/action_l2: -0.0252
             Episode_Reward/energy: -1.2119
   Episode_Reward/joint_pos_limits: -0.4043
      Episode_Termination/time_out: 0.8975
  Episode_Termination/torso_height: 0.1025
--------------------------------------------------------------------------------
                   Total timesteps: 7094272
                    Iteration time: 0.39s
                      Time elapsed: 00:02:42
                               ETA: 00:00:25

################################################################################
                      [1m Learning iteration 433/500 [0m                      

                       Computation: 45302 steps/s (collection: 0.291s, learning 0.071s)
             Mean action noise std: 0.15
          Mean value_function loss: 0.0973
               Mean surrogate loss: -0.0055
                 Mean entropy loss: -4.2035
                       Mean reward: 94.88
               Mean episode length: 889.31
           Episode_Reward/progress: 6.4154
              Episode_Reward/alive: 0.4646
            Episode_Reward/upright: 0.0917
     Episode_Reward/move_to_target: 0.4604
          Episode_Reward/action_l2: -0.0236
             Episode_Reward/energy: -1.1283
   Episode_Reward/joint_pos_limits: -0.3849
      Episode_Termination/time_out: 0.9016
  Episode_Termination/torso_height: 0.0984
--------------------------------------------------------------------------------
                   Total timesteps: 7110656
                    Iteration time: 0.36s
                      Time elapsed: 00:02:42
                               ETA: 00:00:25

################################################################################
                      [1m Learning iteration 434/500 [0m                      

                       Computation: 41228 steps/s (collection: 0.307s, learning 0.090s)
             Mean action noise std: 0.15
          Mean value_function loss: 0.0437
               Mean surrogate loss: -0.0022
                 Mean entropy loss: -4.2225
                       Mean reward: 92.55
               Mean episode length: 864.92
           Episode_Reward/progress: 5.9936
              Episode_Reward/alive: 0.4283
            Episode_Reward/upright: 0.0846
     Episode_Reward/move_to_target: 0.4249
          Episode_Reward/action_l2: -0.0220
             Episode_Reward/energy: -1.0730
   Episode_Reward/joint_pos_limits: -0.3534
      Episode_Termination/time_out: 0.8990
  Episode_Termination/torso_height: 0.1010
--------------------------------------------------------------------------------
                   Total timesteps: 7127040
                    Iteration time: 0.40s
                      Time elapsed: 00:02:42
                               ETA: 00:00:24

################################################################################
                      [1m Learning iteration 435/500 [0m                      

                       Computation: 47531 steps/s (collection: 0.255s, learning 0.090s)
             Mean action noise std: 0.15
          Mean value_function loss: 0.0463
               Mean surrogate loss: -0.0046
                 Mean entropy loss: -4.2407
                       Mean reward: 94.61
               Mean episode length: 882.53
           Episode_Reward/progress: 7.0746
              Episode_Reward/alive: 0.5000
            Episode_Reward/upright: 0.0987
     Episode_Reward/move_to_target: 0.4984
          Episode_Reward/action_l2: -0.0259
             Episode_Reward/energy: -1.2395
   Episode_Reward/joint_pos_limits: -0.4183
      Episode_Termination/time_out: 0.8986
  Episode_Termination/torso_height: 0.1014
--------------------------------------------------------------------------------
                   Total timesteps: 7143424
                    Iteration time: 0.34s
                      Time elapsed: 00:02:43
                               ETA: 00:00:24

################################################################################
                      [1m Learning iteration 436/500 [0m                      

                       Computation: 50274 steps/s (collection: 0.252s, learning 0.074s)
             Mean action noise std: 0.15
          Mean value_function loss: 0.0556
               Mean surrogate loss: -0.0037
                 Mean entropy loss: -4.2618
                       Mean reward: 96.66
               Mean episode length: 900.05
           Episode_Reward/progress: 6.9892
              Episode_Reward/alive: 0.5000
            Episode_Reward/upright: 0.0998
     Episode_Reward/move_to_target: 0.4969
          Episode_Reward/action_l2: -0.0256
             Episode_Reward/energy: -1.2262
   Episode_Reward/joint_pos_limits: -0.4142
      Episode_Termination/time_out: 0.9004
  Episode_Termination/torso_height: 0.0996
--------------------------------------------------------------------------------
                   Total timesteps: 7159808
                    Iteration time: 0.33s
                      Time elapsed: 00:02:43
                               ETA: 00:00:23

################################################################################
                      [1m Learning iteration 437/500 [0m                      

                       Computation: 42777 steps/s (collection: 0.292s, learning 0.091s)
             Mean action noise std: 0.15
          Mean value_function loss: 0.0719
               Mean surrogate loss: -0.0031
                 Mean entropy loss: -4.2793
                       Mean reward: 95.14
               Mean episode length: 892.23
           Episode_Reward/progress: 6.5500
              Episode_Reward/alive: 0.4835
            Episode_Reward/upright: 0.0955
     Episode_Reward/move_to_target: 0.4810
          Episode_Reward/action_l2: -0.0246
             Episode_Reward/energy: -1.1680
   Episode_Reward/joint_pos_limits: -0.4020
      Episode_Termination/time_out: 0.9009
  Episode_Termination/torso_height: 0.0991
--------------------------------------------------------------------------------
                   Total timesteps: 7176192
                    Iteration time: 0.38s
                      Time elapsed: 00:02:43
                               ETA: 00:00:23

################################################################################
                      [1m Learning iteration 438/500 [0m                      

                       Computation: 43067 steps/s (collection: 0.300s, learning 0.080s)
             Mean action noise std: 0.15
          Mean value_function loss: 0.0473
               Mean surrogate loss: -0.0008
                 Mean entropy loss: -4.3088
                       Mean reward: 95.26
               Mean episode length: 900.44
           Episode_Reward/progress: 6.7066
              Episode_Reward/alive: 0.4951
            Episode_Reward/upright: 0.0984
     Episode_Reward/move_to_target: 0.4880
          Episode_Reward/action_l2: -0.0250
             Episode_Reward/energy: -1.1914
   Episode_Reward/joint_pos_limits: -0.4061
      Episode_Termination/time_out: 0.9036
  Episode_Termination/torso_height: 0.0964
--------------------------------------------------------------------------------
                   Total timesteps: 7192576
                    Iteration time: 0.38s
                      Time elapsed: 00:02:44
                               ETA: 00:00:23

################################################################################
                      [1m Learning iteration 439/500 [0m                      

                       Computation: 47116 steps/s (collection: 0.278s, learning 0.070s)
             Mean action noise std: 0.15
          Mean value_function loss: 0.0689
               Mean surrogate loss: -0.0030
                 Mean entropy loss: -4.3298
                       Mean reward: 96.20
               Mean episode length: 912.01
           Episode_Reward/progress: 6.4459
              Episode_Reward/alive: 0.4698
            Episode_Reward/upright: 0.0929
     Episode_Reward/move_to_target: 0.4667
          Episode_Reward/action_l2: -0.0240
             Episode_Reward/energy: -1.1529
   Episode_Reward/joint_pos_limits: -0.3906
      Episode_Termination/time_out: 0.9022
  Episode_Termination/torso_height: 0.0978
--------------------------------------------------------------------------------
                   Total timesteps: 7208960
                    Iteration time: 0.35s
                      Time elapsed: 00:02:44
                               ETA: 00:00:22

################################################################################
                      [1m Learning iteration 440/500 [0m                      

                       Computation: 47074 steps/s (collection: 0.269s, learning 0.079s)
             Mean action noise std: 0.15
          Mean value_function loss: 0.0975
               Mean surrogate loss: -0.0016
                 Mean entropy loss: -4.3450
                       Mean reward: 95.83
               Mean episode length: 910.44
           Episode_Reward/progress: 6.4291
              Episode_Reward/alive: 0.4623
            Episode_Reward/upright: 0.0918
     Episode_Reward/move_to_target: 0.4590
          Episode_Reward/action_l2: -0.0239
             Episode_Reward/energy: -1.1391
   Episode_Reward/joint_pos_limits: -0.3858
      Episode_Termination/time_out: 0.9042
  Episode_Termination/torso_height: 0.0958
--------------------------------------------------------------------------------
                   Total timesteps: 7225344
                    Iteration time: 0.35s
                      Time elapsed: 00:02:45
                               ETA: 00:00:22

################################################################################
                      [1m Learning iteration 441/500 [0m                      

                       Computation: 45064 steps/s (collection: 0.266s, learning 0.098s)
             Mean action noise std: 0.15
          Mean value_function loss: 0.1011
               Mean surrogate loss: -0.0057
                 Mean entropy loss: -4.3534
                       Mean reward: 94.15
               Mean episode length: 893.02
           Episode_Reward/progress: 6.0412
              Episode_Reward/alive: 0.4283
            Episode_Reward/upright: 0.0833
     Episode_Reward/move_to_target: 0.4263
          Episode_Reward/action_l2: -0.0219
             Episode_Reward/energy: -1.0363
   Episode_Reward/joint_pos_limits: -0.3616
      Episode_Termination/time_out: 0.9052
  Episode_Termination/torso_height: 0.0948
--------------------------------------------------------------------------------
                   Total timesteps: 7241728
                    Iteration time: 0.36s
                      Time elapsed: 00:02:45
                               ETA: 00:00:22

################################################################################
                      [1m Learning iteration 442/500 [0m                      

                       Computation: 44744 steps/s (collection: 0.277s, learning 0.090s)
             Mean action noise std: 0.15
          Mean value_function loss: 0.0882
               Mean surrogate loss: -0.0045
                 Mean entropy loss: -4.3720
                       Mean reward: 94.08
               Mean episode length: 894.09
           Episode_Reward/progress: 5.9837
              Episode_Reward/alive: 0.4479
            Episode_Reward/upright: 0.0870
     Episode_Reward/move_to_target: 0.4417
          Episode_Reward/action_l2: -0.0228
             Episode_Reward/energy: -1.0798
   Episode_Reward/joint_pos_limits: -0.3735
      Episode_Termination/time_out: 0.9044
  Episode_Termination/torso_height: 0.0956
--------------------------------------------------------------------------------
                   Total timesteps: 7258112
                    Iteration time: 0.37s
                      Time elapsed: 00:02:45
                               ETA: 00:00:21

################################################################################
                      [1m Learning iteration 443/500 [0m                      

                       Computation: 48367 steps/s (collection: 0.249s, learning 0.090s)
             Mean action noise std: 0.15
          Mean value_function loss: 0.0503
               Mean surrogate loss: -0.0039
                 Mean entropy loss: -4.3774
                       Mean reward: 93.51
               Mean episode length: 891.77
           Episode_Reward/progress: 7.0418
              Episode_Reward/alive: 0.4986
            Episode_Reward/upright: 0.0988
     Episode_Reward/move_to_target: 0.4935
          Episode_Reward/action_l2: -0.0252
             Episode_Reward/energy: -1.2269
   Episode_Reward/joint_pos_limits: -0.4113
      Episode_Termination/time_out: 0.9043
  Episode_Termination/torso_height: 0.0957
--------------------------------------------------------------------------------
                   Total timesteps: 7274496
                    Iteration time: 0.34s
                      Time elapsed: 00:02:46
                               ETA: 00:00:21

################################################################################
                      [1m Learning iteration 444/500 [0m                      

                       Computation: 48160 steps/s (collection: 0.265s, learning 0.075s)
             Mean action noise std: 0.15
          Mean value_function loss: 0.0891
               Mean surrogate loss: -0.0030
                 Mean entropy loss: -4.4044
                       Mean reward: 96.49
               Mean episode length: 916.31
           Episode_Reward/progress: 6.7103
              Episode_Reward/alive: 0.5000
            Episode_Reward/upright: 0.0989
     Episode_Reward/move_to_target: 0.4903
          Episode_Reward/action_l2: -0.0253
             Episode_Reward/energy: -1.1951
   Episode_Reward/joint_pos_limits: -0.4137
      Episode_Termination/time_out: 0.9063
  Episode_Termination/torso_height: 0.0937
--------------------------------------------------------------------------------
                   Total timesteps: 7290880
                    Iteration time: 0.34s
                      Time elapsed: 00:02:46
                               ETA: 00:00:20

################################################################################
                      [1m Learning iteration 445/500 [0m                      

                       Computation: 47620 steps/s (collection: 0.275s, learning 0.070s)
             Mean action noise std: 0.15
          Mean value_function loss: 0.0596
               Mean surrogate loss: -0.0053
                 Mean entropy loss: -4.4193
                       Mean reward: 95.90
               Mean episode length: 907.23
           Episode_Reward/progress: 5.8721
              Episode_Reward/alive: 0.3964
            Episode_Reward/upright: 0.0766
     Episode_Reward/move_to_target: 0.3930
          Episode_Reward/action_l2: -0.0202
             Episode_Reward/energy: -0.9829
   Episode_Reward/joint_pos_limits: -0.3341
      Episode_Termination/time_out: 0.9095
  Episode_Termination/torso_height: 0.0905
--------------------------------------------------------------------------------
                   Total timesteps: 7307264
                    Iteration time: 0.34s
                      Time elapsed: 00:02:46
                               ETA: 00:00:20

################################################################################
                      [1m Learning iteration 446/500 [0m                      

                       Computation: 49821 steps/s (collection: 0.258s, learning 0.071s)
             Mean action noise std: 0.15
          Mean value_function loss: 0.0816
               Mean surrogate loss: -0.0029
                 Mean entropy loss: -4.4231
                       Mean reward: 95.63
               Mean episode length: 906.81
           Episode_Reward/progress: 6.4712
              Episode_Reward/alive: 0.4701
            Episode_Reward/upright: 0.0924
     Episode_Reward/move_to_target: 0.4652
          Episode_Reward/action_l2: -0.0240
             Episode_Reward/energy: -1.1490
   Episode_Reward/joint_pos_limits: -0.3933
      Episode_Termination/time_out: 0.9093
  Episode_Termination/torso_height: 0.0907
--------------------------------------------------------------------------------
                   Total timesteps: 7323648
                    Iteration time: 0.33s
                      Time elapsed: 00:02:47
                               ETA: 00:00:20

################################################################################
                      [1m Learning iteration 447/500 [0m                      

                       Computation: 46284 steps/s (collection: 0.265s, learning 0.089s)
             Mean action noise std: 0.15
          Mean value_function loss: 0.0982
               Mean surrogate loss: -0.0033
                 Mean entropy loss: -4.4347
                       Mean reward: 94.32
               Mean episode length: 901.23
           Episode_Reward/progress: 6.4998
              Episode_Reward/alive: 0.4769
            Episode_Reward/upright: 0.0938
     Episode_Reward/move_to_target: 0.4736
          Episode_Reward/action_l2: -0.0240
             Episode_Reward/energy: -1.1455
   Episode_Reward/joint_pos_limits: -0.3974
      Episode_Termination/time_out: 0.9085
  Episode_Termination/torso_height: 0.0915
--------------------------------------------------------------------------------
                   Total timesteps: 7340032
                    Iteration time: 0.35s
                      Time elapsed: 00:02:47
                               ETA: 00:00:19

################################################################################
                      [1m Learning iteration 448/500 [0m                      

                       Computation: 50159 steps/s (collection: 0.254s, learning 0.073s)
             Mean action noise std: 0.14
          Mean value_function loss: 0.0917
               Mean surrogate loss: -0.0034
                 Mean entropy loss: -4.4393
                       Mean reward: 93.38
               Mean episode length: 889.79
           Episode_Reward/progress: 6.4673
              Episode_Reward/alive: 0.4563
            Episode_Reward/upright: 0.0902
     Episode_Reward/move_to_target: 0.4529
          Episode_Reward/action_l2: -0.0234
             Episode_Reward/energy: -1.1353
   Episode_Reward/joint_pos_limits: -0.3813
      Episode_Termination/time_out: 0.9075
  Episode_Termination/torso_height: 0.0925
--------------------------------------------------------------------------------
                   Total timesteps: 7356416
                    Iteration time: 0.33s
                      Time elapsed: 00:02:47
                               ETA: 00:00:19

################################################################################
                      [1m Learning iteration 449/500 [0m                      

                       Computation: 47634 steps/s (collection: 0.258s, learning 0.086s)
             Mean action noise std: 0.14
          Mean value_function loss: 0.0684
               Mean surrogate loss: -0.0028
                 Mean entropy loss: -4.4419
                       Mean reward: 94.46
               Mean episode length: 898.11
           Episode_Reward/progress: 6.4272
              Episode_Reward/alive: 0.4880
            Episode_Reward/upright: 0.0949
     Episode_Reward/move_to_target: 0.4781
          Episode_Reward/action_l2: -0.0242
             Episode_Reward/energy: -1.1429
   Episode_Reward/joint_pos_limits: -0.4071
      Episode_Termination/time_out: 0.9045
  Episode_Termination/torso_height: 0.0955
--------------------------------------------------------------------------------
                   Total timesteps: 7372800
                    Iteration time: 0.34s
                      Time elapsed: 00:02:48
                               ETA: 00:00:19

################################################################################
                      [1m Learning iteration 450/500 [0m                      

                       Computation: 43032 steps/s (collection: 0.287s, learning 0.094s)
             Mean action noise std: 0.15
          Mean value_function loss: 0.0871
               Mean surrogate loss: -0.0014
                 Mean entropy loss: -4.4466
                       Mean reward: 93.48
               Mean episode length: 886.59
           Episode_Reward/progress: 6.2276
              Episode_Reward/alive: 0.4469
            Episode_Reward/upright: 0.0884
     Episode_Reward/move_to_target: 0.4396
          Episode_Reward/action_l2: -0.0227
             Episode_Reward/energy: -1.0990
   Episode_Reward/joint_pos_limits: -0.3681
      Episode_Termination/time_out: 0.9064
  Episode_Termination/torso_height: 0.0936
--------------------------------------------------------------------------------
                   Total timesteps: 7389184
                    Iteration time: 0.38s
                      Time elapsed: 00:02:48
                               ETA: 00:00:18

################################################################################
                      [1m Learning iteration 451/500 [0m                      

                       Computation: 39039 steps/s (collection: 0.305s, learning 0.115s)
             Mean action noise std: 0.15
          Mean value_function loss: 0.1114
               Mean surrogate loss: -0.0010
                 Mean entropy loss: -4.4258
                       Mean reward: 94.05
               Mean episode length: 886.59
           Episode_Reward/progress: 6.9453
              Episode_Reward/alive: 0.5000
            Episode_Reward/upright: 0.0994
     Episode_Reward/move_to_target: 0.4963
          Episode_Reward/action_l2: -0.0250
             Episode_Reward/energy: -1.2125
   Episode_Reward/joint_pos_limits: -0.4144
      Episode_Termination/time_out: 0.9117
  Episode_Termination/torso_height: 0.0883
--------------------------------------------------------------------------------
                   Total timesteps: 7405568
                    Iteration time: 0.42s
                      Time elapsed: 00:02:48
                               ETA: 00:00:18

################################################################################
                      [1m Learning iteration 452/500 [0m                      

                       Computation: 37038 steps/s (collection: 0.340s, learning 0.102s)
             Mean action noise std: 0.15
          Mean value_function loss: 0.0698
               Mean surrogate loss: -0.0049
                 Mean entropy loss: -4.4219
                       Mean reward: 93.18
               Mean episode length: 891.84
           Episode_Reward/progress: 6.5202
              Episode_Reward/alive: 0.4948
            Episode_Reward/upright: 0.0982
     Episode_Reward/move_to_target: 0.4858
          Episode_Reward/action_l2: -0.0251
             Episode_Reward/energy: -1.1952
   Episode_Reward/joint_pos_limits: -0.4090
      Episode_Termination/time_out: 0.9161
  Episode_Termination/torso_height: 0.0839
--------------------------------------------------------------------------------
                   Total timesteps: 7421952
                    Iteration time: 0.44s
                      Time elapsed: 00:02:49
                               ETA: 00:00:17

################################################################################
                      [1m Learning iteration 453/500 [0m                      

                       Computation: 43893 steps/s (collection: 0.286s, learning 0.087s)
             Mean action noise std: 0.15
          Mean value_function loss: 0.1550
               Mean surrogate loss: -0.0048
                 Mean entropy loss: -4.4348
                       Mean reward: 95.22
               Mean episode length: 906.00
           Episode_Reward/progress: 6.6061
              Episode_Reward/alive: 0.4800
            Episode_Reward/upright: 0.0942
     Episode_Reward/move_to_target: 0.4560
          Episode_Reward/action_l2: -0.0244
             Episode_Reward/energy: -1.1449
   Episode_Reward/joint_pos_limits: -0.4064
      Episode_Termination/time_out: 0.9149
  Episode_Termination/torso_height: 0.0851
--------------------------------------------------------------------------------
                   Total timesteps: 7438336
                    Iteration time: 0.37s
                      Time elapsed: 00:02:49
                               ETA: 00:00:17

################################################################################
                      [1m Learning iteration 454/500 [0m                      

                       Computation: 44422 steps/s (collection: 0.281s, learning 0.088s)
             Mean action noise std: 0.15
          Mean value_function loss: 0.1055
               Mean surrogate loss: -0.0036
                 Mean entropy loss: -4.4406
                       Mean reward: 93.57
               Mean episode length: 893.79
           Episode_Reward/progress: 6.1987
              Episode_Reward/alive: 0.4571
            Episode_Reward/upright: 0.0895
     Episode_Reward/move_to_target: 0.4528
          Episode_Reward/action_l2: -0.0230
             Episode_Reward/energy: -1.1023
   Episode_Reward/joint_pos_limits: -0.3796
      Episode_Termination/time_out: 0.9187
  Episode_Termination/torso_height: 0.0813
--------------------------------------------------------------------------------
                   Total timesteps: 7454720
                    Iteration time: 0.37s
                      Time elapsed: 00:02:50
                               ETA: 00:00:17

################################################################################
                      [1m Learning iteration 455/500 [0m                      

                       Computation: 39227 steps/s (collection: 0.328s, learning 0.090s)
             Mean action noise std: 0.15
          Mean value_function loss: 0.1239
               Mean surrogate loss: -0.0046
                 Mean entropy loss: -4.4474
                       Mean reward: 95.00
               Mean episode length: 904.44
           Episode_Reward/progress: 6.3505
              Episode_Reward/alive: 0.4655
            Episode_Reward/upright: 0.0916
     Episode_Reward/move_to_target: 0.4610
          Episode_Reward/action_l2: -0.0238
             Episode_Reward/energy: -1.1290
   Episode_Reward/joint_pos_limits: -0.3871
      Episode_Termination/time_out: 0.9130
  Episode_Termination/torso_height: 0.0870
--------------------------------------------------------------------------------
                   Total timesteps: 7471104
                    Iteration time: 0.42s
                      Time elapsed: 00:02:50
                               ETA: 00:00:16

################################################################################
                      [1m Learning iteration 456/500 [0m                      

                       Computation: 43267 steps/s (collection: 0.289s, learning 0.089s)
             Mean action noise std: 0.15
          Mean value_function loss: 0.1008
               Mean surrogate loss: -0.0050
                 Mean entropy loss: -4.4396
                       Mean reward: 93.05
               Mean episode length: 881.72
           Episode_Reward/progress: 5.8136
              Episode_Reward/alive: 0.4199
            Episode_Reward/upright: 0.0825
     Episode_Reward/move_to_target: 0.4165
          Episode_Reward/action_l2: -0.0211
             Episode_Reward/energy: -1.0224
   Episode_Reward/joint_pos_limits: -0.3488
      Episode_Termination/time_out: 0.9109
  Episode_Termination/torso_height: 0.0891
--------------------------------------------------------------------------------
                   Total timesteps: 7487488
                    Iteration time: 0.38s
                      Time elapsed: 00:02:50
                               ETA: 00:00:16

################################################################################
                      [1m Learning iteration 457/500 [0m                      

                       Computation: 45661 steps/s (collection: 0.265s, learning 0.094s)
             Mean action noise std: 0.15
          Mean value_function loss: 0.1106
               Mean surrogate loss: -0.0050
                 Mean entropy loss: -4.4488
                       Mean reward: 91.27
               Mean episode length: 869.81
           Episode_Reward/progress: 6.1249
              Episode_Reward/alive: 0.4481
            Episode_Reward/upright: 0.0877
     Episode_Reward/move_to_target: 0.4420
          Episode_Reward/action_l2: -0.0226
             Episode_Reward/energy: -1.0854
   Episode_Reward/joint_pos_limits: -0.3678
      Episode_Termination/time_out: 0.9068
  Episode_Termination/torso_height: 0.0932
--------------------------------------------------------------------------------
                   Total timesteps: 7503872
                    Iteration time: 0.36s
                      Time elapsed: 00:02:51
                               ETA: 00:00:16

################################################################################
                      [1m Learning iteration 458/500 [0m                      

                       Computation: 45100 steps/s (collection: 0.276s, learning 0.087s)
             Mean action noise std: 0.14
          Mean value_function loss: 0.1573
               Mean surrogate loss: -0.0049
                 Mean entropy loss: -4.4613
                       Mean reward: 90.11
               Mean episode length: 855.16
           Episode_Reward/progress: 6.6622
              Episode_Reward/alive: 0.4697
            Episode_Reward/upright: 0.0931
     Episode_Reward/move_to_target: 0.4652
          Episode_Reward/action_l2: -0.0239
             Episode_Reward/energy: -1.1632
   Episode_Reward/joint_pos_limits: -0.3888
      Episode_Termination/time_out: 0.8994
  Episode_Termination/torso_height: 0.1006
--------------------------------------------------------------------------------
                   Total timesteps: 7520256
                    Iteration time: 0.36s
                      Time elapsed: 00:02:51
                               ETA: 00:00:15

################################################################################
                      [1m Learning iteration 459/500 [0m                      

                       Computation: 45790 steps/s (collection: 0.263s, learning 0.095s)
             Mean action noise std: 0.14
          Mean value_function loss: 0.0988
               Mean surrogate loss: -0.0035
                 Mean entropy loss: -4.4700
                       Mean reward: 90.80
               Mean episode length: 858.77
           Episode_Reward/progress: 6.6074
              Episode_Reward/alive: 0.4570
            Episode_Reward/upright: 0.0907
     Episode_Reward/move_to_target: 0.4535
          Episode_Reward/action_l2: -0.0230
             Episode_Reward/energy: -1.1187
   Episode_Reward/joint_pos_limits: -0.3793
      Episode_Termination/time_out: 0.8947
  Episode_Termination/torso_height: 0.1053
--------------------------------------------------------------------------------
                   Total timesteps: 7536640
                    Iteration time: 0.36s
                      Time elapsed: 00:02:52
                               ETA: 00:00:15

################################################################################
                      [1m Learning iteration 460/500 [0m                      

                       Computation: 45501 steps/s (collection: 0.271s, learning 0.089s)
             Mean action noise std: 0.14
          Mean value_function loss: 0.1188
               Mean surrogate loss: -0.0039
                 Mean entropy loss: -4.4814
                       Mean reward: 90.45
               Mean episode length: 853.94
           Episode_Reward/progress: 5.7667
              Episode_Reward/alive: 0.4167
            Episode_Reward/upright: 0.0821
     Episode_Reward/move_to_target: 0.4083
          Episode_Reward/action_l2: -0.0211
             Episode_Reward/energy: -1.0186
   Episode_Reward/joint_pos_limits: -0.3456
      Episode_Termination/time_out: 0.8919
  Episode_Termination/torso_height: 0.1081
--------------------------------------------------------------------------------
                   Total timesteps: 7553024
                    Iteration time: 0.36s
                      Time elapsed: 00:02:52
                               ETA: 00:00:14

################################################################################
                      [1m Learning iteration 461/500 [0m                      

                       Computation: 44781 steps/s (collection: 0.274s, learning 0.091s)
             Mean action noise std: 0.14
          Mean value_function loss: 0.0949
               Mean surrogate loss: -0.0048
                 Mean entropy loss: -4.4983
                       Mean reward: 90.83
               Mean episode length: 852.54
           Episode_Reward/progress: 6.4804
              Episode_Reward/alive: 0.4563
            Episode_Reward/upright: 0.0881
     Episode_Reward/move_to_target: 0.4416
          Episode_Reward/action_l2: -0.0232
             Episode_Reward/energy: -1.1081
   Episode_Reward/joint_pos_limits: -0.3814
      Episode_Termination/time_out: 0.8907
  Episode_Termination/torso_height: 0.1093
--------------------------------------------------------------------------------
                   Total timesteps: 7569408
                    Iteration time: 0.37s
                      Time elapsed: 00:02:52
                               ETA: 00:00:14

################################################################################
                      [1m Learning iteration 462/500 [0m                      

                       Computation: 44163 steps/s (collection: 0.282s, learning 0.089s)
             Mean action noise std: 0.14
          Mean value_function loss: 0.1144
               Mean surrogate loss: -0.0057
                 Mean entropy loss: -4.5201
                       Mean reward: 92.84
               Mean episode length: 861.06
           Episode_Reward/progress: 6.6049
              Episode_Reward/alive: 0.4582
            Episode_Reward/upright: 0.0907
     Episode_Reward/move_to_target: 0.4547
          Episode_Reward/action_l2: -0.0235
             Episode_Reward/energy: -1.1478
   Episode_Reward/joint_pos_limits: -0.3848
      Episode_Termination/time_out: 0.8867
  Episode_Termination/torso_height: 0.1133
--------------------------------------------------------------------------------
                   Total timesteps: 7585792
                    Iteration time: 0.37s
                      Time elapsed: 00:02:53
                               ETA: 00:00:14

################################################################################
                      [1m Learning iteration 463/500 [0m                      

                       Computation: 47754 steps/s (collection: 0.270s, learning 0.073s)
             Mean action noise std: 0.14
          Mean value_function loss: 0.0849
               Mean surrogate loss: -0.0063
                 Mean entropy loss: -4.5514
                       Mean reward: 92.58
               Mean episode length: 853.80
           Episode_Reward/progress: 6.2641
              Episode_Reward/alive: 0.4452
            Episode_Reward/upright: 0.0877
     Episode_Reward/move_to_target: 0.4383
          Episode_Reward/action_l2: -0.0224
             Episode_Reward/energy: -1.0888
   Episode_Reward/joint_pos_limits: -0.3676
      Episode_Termination/time_out: 0.8842
  Episode_Termination/torso_height: 0.1158
--------------------------------------------------------------------------------
                   Total timesteps: 7602176
                    Iteration time: 0.34s
                      Time elapsed: 00:02:53
                               ETA: 00:00:13

################################################################################
                      [1m Learning iteration 464/500 [0m                      

                       Computation: 43318 steps/s (collection: 0.285s, learning 0.093s)
             Mean action noise std: 0.14
          Mean value_function loss: 0.1179
               Mean surrogate loss: -0.0036
                 Mean entropy loss: -4.5654
                       Mean reward: 90.99
               Mean episode length: 841.78
           Episode_Reward/progress: 4.8107
              Episode_Reward/alive: 0.3577
            Episode_Reward/upright: 0.0688
     Episode_Reward/move_to_target: 0.3477
          Episode_Reward/action_l2: -0.0183
             Episode_Reward/energy: -0.8645
   Episode_Reward/joint_pos_limits: -0.2986
      Episode_Termination/time_out: 0.8802
  Episode_Termination/torso_height: 0.1198
--------------------------------------------------------------------------------
                   Total timesteps: 7618560
                    Iteration time: 0.38s
                      Time elapsed: 00:02:53
                               ETA: 00:00:13

################################################################################
                      [1m Learning iteration 465/500 [0m                      

                       Computation: 46859 steps/s (collection: 0.258s, learning 0.092s)
             Mean action noise std: 0.14
          Mean value_function loss: 0.0980
               Mean surrogate loss: -0.0039
                 Mean entropy loss: -4.5640
                       Mean reward: 90.32
               Mean episode length: 838.17
           Episode_Reward/progress: 6.6696
              Episode_Reward/alive: 0.4650
            Episode_Reward/upright: 0.0914
     Episode_Reward/move_to_target: 0.4583
          Episode_Reward/action_l2: -0.0246
             Episode_Reward/energy: -1.1895
   Episode_Reward/joint_pos_limits: -0.3877
      Episode_Termination/time_out: 0.8761
  Episode_Termination/torso_height: 0.1239
--------------------------------------------------------------------------------
                   Total timesteps: 7634944
                    Iteration time: 0.35s
                      Time elapsed: 00:02:54
                               ETA: 00:00:13

################################################################################
                      [1m Learning iteration 466/500 [0m                      

                       Computation: 50289 steps/s (collection: 0.256s, learning 0.070s)
             Mean action noise std: 0.14
          Mean value_function loss: 0.1220
               Mean surrogate loss: -0.0058
                 Mean entropy loss: -4.5840
                       Mean reward: 89.65
               Mean episode length: 832.74
           Episode_Reward/progress: 6.7057
              Episode_Reward/alive: 0.4862
            Episode_Reward/upright: 0.0969
     Episode_Reward/move_to_target: 0.4790
          Episode_Reward/action_l2: -0.0243
             Episode_Reward/energy: -1.1911
   Episode_Reward/joint_pos_limits: -0.4028
      Episode_Termination/time_out: 0.8711
  Episode_Termination/torso_height: 0.1289
--------------------------------------------------------------------------------
                   Total timesteps: 7651328
                    Iteration time: 0.33s
                      Time elapsed: 00:02:54
                               ETA: 00:00:12

################################################################################
                      [1m Learning iteration 467/500 [0m                      

                       Computation: 45254 steps/s (collection: 0.269s, learning 0.093s)
             Mean action noise std: 0.14
          Mean value_function loss: 0.1372
               Mean surrogate loss: -0.0063
                 Mean entropy loss: -4.6093
                       Mean reward: 89.68
               Mean episode length: 843.85
           Episode_Reward/progress: 6.5147
              Episode_Reward/alive: 0.4838
            Episode_Reward/upright: 0.0959
     Episode_Reward/move_to_target: 0.4782
          Episode_Reward/action_l2: -0.0240
             Episode_Reward/energy: -1.1591
   Episode_Reward/joint_pos_limits: -0.4012
      Episode_Termination/time_out: 0.8691
  Episode_Termination/torso_height: 0.1309
--------------------------------------------------------------------------------
                   Total timesteps: 7667712
                    Iteration time: 0.36s
                      Time elapsed: 00:02:54
                               ETA: 00:00:12

################################################################################
                      [1m Learning iteration 468/500 [0m                      

                       Computation: 44732 steps/s (collection: 0.277s, learning 0.089s)
             Mean action noise std: 0.14
          Mean value_function loss: 0.0738
               Mean surrogate loss: -0.0059
                 Mean entropy loss: -4.6395
                       Mean reward: 90.46
               Mean episode length: 854.69
           Episode_Reward/progress: 5.9829
              Episode_Reward/alive: 0.4326
            Episode_Reward/upright: 0.0853
     Episode_Reward/move_to_target: 0.4220
          Episode_Reward/action_l2: -0.0219
             Episode_Reward/energy: -1.0624
   Episode_Reward/joint_pos_limits: -0.3571
      Episode_Termination/time_out: 0.8661
  Episode_Termination/torso_height: 0.1339
--------------------------------------------------------------------------------
                   Total timesteps: 7684096
                    Iteration time: 0.37s
                      Time elapsed: 00:02:55
                               ETA: 00:00:11

################################################################################
                      [1m Learning iteration 469/500 [0m                      

                       Computation: 41334 steps/s (collection: 0.301s, learning 0.096s)
             Mean action noise std: 0.14
          Mean value_function loss: 0.0724
               Mean surrogate loss: -0.0057
                 Mean entropy loss: -4.6736
                       Mean reward: 92.51
               Mean episode length: 871.94
           Episode_Reward/progress: 6.0026
              Episode_Reward/alive: 0.4293
            Episode_Reward/upright: 0.0843
     Episode_Reward/move_to_target: 0.4232
          Episode_Reward/action_l2: -0.0220
             Episode_Reward/energy: -1.0683
   Episode_Reward/joint_pos_limits: -0.3588
      Episode_Termination/time_out: 0.8677
  Episode_Termination/torso_height: 0.1323
--------------------------------------------------------------------------------
                   Total timesteps: 7700480
                    Iteration time: 0.40s
                      Time elapsed: 00:02:55
                               ETA: 00:00:11

################################################################################
                      [1m Learning iteration 470/500 [0m                      

                       Computation: 43068 steps/s (collection: 0.308s, learning 0.073s)
             Mean action noise std: 0.14
          Mean value_function loss: 0.0774
               Mean surrogate loss: -0.0054
                 Mean entropy loss: -4.6957
                       Mean reward: 94.27
               Mean episode length: 885.91
           Episode_Reward/progress: 6.1631
              Episode_Reward/alive: 0.4461
            Episode_Reward/upright: 0.0865
     Episode_Reward/move_to_target: 0.4353
          Episode_Reward/action_l2: -0.0229
             Episode_Reward/energy: -1.1046
   Episode_Reward/joint_pos_limits: -0.3716
      Episode_Termination/time_out: 0.8644
  Episode_Termination/torso_height: 0.1356
--------------------------------------------------------------------------------
                   Total timesteps: 7716864
                    Iteration time: 0.38s
                      Time elapsed: 00:02:56
                               ETA: 00:00:11

################################################################################
                      [1m Learning iteration 471/500 [0m                      

                       Computation: 47819 steps/s (collection: 0.265s, learning 0.077s)
             Mean action noise std: 0.14
          Mean value_function loss: 0.1349
               Mean surrogate loss: -0.0062
                 Mean entropy loss: -4.7371
                       Mean reward: 93.46
               Mean episode length: 877.25
           Episode_Reward/progress: 6.9791
              Episode_Reward/alive: 0.4851
            Episode_Reward/upright: 0.0962
     Episode_Reward/move_to_target: 0.4802
          Episode_Reward/action_l2: -0.0247
             Episode_Reward/energy: -1.2051
   Episode_Reward/joint_pos_limits: -0.4046
      Episode_Termination/time_out: 0.8621
  Episode_Termination/torso_height: 0.1379
--------------------------------------------------------------------------------
                   Total timesteps: 7733248
                    Iteration time: 0.34s
                      Time elapsed: 00:02:56
                               ETA: 00:00:10

################################################################################
                      [1m Learning iteration 472/500 [0m                      

                       Computation: 42901 steps/s (collection: 0.288s, learning 0.094s)
             Mean action noise std: 0.14
          Mean value_function loss: 0.1011
               Mean surrogate loss: -0.0044
                 Mean entropy loss: -4.7513
                       Mean reward: 91.16
               Mean episode length: 857.39
           Episode_Reward/progress: 5.9289
              Episode_Reward/alive: 0.4199
            Episode_Reward/upright: 0.0826
     Episode_Reward/move_to_target: 0.4162
          Episode_Reward/action_l2: -0.0216
             Episode_Reward/energy: -1.0576
   Episode_Reward/joint_pos_limits: -0.3496
      Episode_Termination/time_out: 0.8610
  Episode_Termination/torso_height: 0.1390
--------------------------------------------------------------------------------
                   Total timesteps: 7749632
                    Iteration time: 0.38s
                      Time elapsed: 00:02:56
                               ETA: 00:00:10

################################################################################
                      [1m Learning iteration 473/500 [0m                      

                       Computation: 44816 steps/s (collection: 0.268s, learning 0.097s)
             Mean action noise std: 0.14
          Mean value_function loss: 0.0896
               Mean surrogate loss: -0.0072
                 Mean entropy loss: -4.7689
                       Mean reward: 87.97
               Mean episode length: 826.89
           Episode_Reward/progress: 5.3676
              Episode_Reward/alive: 0.4015
            Episode_Reward/upright: 0.0767
     Episode_Reward/move_to_target: 0.3905
          Episode_Reward/action_l2: -0.0201
             Episode_Reward/energy: -0.9538
   Episode_Reward/joint_pos_limits: -0.3363
      Episode_Termination/time_out: 0.8569
  Episode_Termination/torso_height: 0.1431
--------------------------------------------------------------------------------
                   Total timesteps: 7766016
                    Iteration time: 0.37s
                      Time elapsed: 00:02:57
                               ETA: 00:00:10

################################################################################
                      [1m Learning iteration 474/500 [0m                      

                       Computation: 43332 steps/s (collection: 0.285s, learning 0.093s)
             Mean action noise std: 0.14
          Mean value_function loss: 0.1115
               Mean surrogate loss: -0.0029
                 Mean entropy loss: -4.7859
                       Mean reward: 85.17
               Mean episode length: 805.57
           Episode_Reward/progress: 5.5431
              Episode_Reward/alive: 0.4160
            Episode_Reward/upright: 0.0808
     Episode_Reward/move_to_target: 0.4069
          Episode_Reward/action_l2: -0.0209
             Episode_Reward/energy: -1.0005
   Episode_Reward/joint_pos_limits: -0.3441
      Episode_Termination/time_out: 0.8510
  Episode_Termination/torso_height: 0.1490
--------------------------------------------------------------------------------
                   Total timesteps: 7782400
                    Iteration time: 0.38s
                      Time elapsed: 00:02:57
                               ETA: 00:00:09

################################################################################
                      [1m Learning iteration 475/500 [0m                      

                       Computation: 46027 steps/s (collection: 0.265s, learning 0.091s)
             Mean action noise std: 0.14
          Mean value_function loss: 0.0818
               Mean surrogate loss: -0.0052
                 Mean entropy loss: -4.7978
                       Mean reward: 85.43
               Mean episode length: 802.04
           Episode_Reward/progress: 6.5481
              Episode_Reward/alive: 0.4401
            Episode_Reward/upright: 0.0870
     Episode_Reward/move_to_target: 0.4358
          Episode_Reward/action_l2: -0.0230
             Episode_Reward/energy: -1.1334
   Episode_Reward/joint_pos_limits: -0.3692
      Episode_Termination/time_out: 0.8445
  Episode_Termination/torso_height: 0.1555
--------------------------------------------------------------------------------
                   Total timesteps: 7798784
                    Iteration time: 0.36s
                      Time elapsed: 00:02:57
                               ETA: 00:00:09

################################################################################
                      [1m Learning iteration 476/500 [0m                      

                       Computation: 46657 steps/s (collection: 0.264s, learning 0.087s)
             Mean action noise std: 0.14
          Mean value_function loss: 0.0735
               Mean surrogate loss: -0.0033
                 Mean entropy loss: -4.8054
                       Mean reward: 84.26
               Mean episode length: 794.12
           Episode_Reward/progress: 5.9674
              Episode_Reward/alive: 0.4275
            Episode_Reward/upright: 0.0834
     Episode_Reward/move_to_target: 0.4201
          Episode_Reward/action_l2: -0.0216
             Episode_Reward/energy: -1.0389
   Episode_Reward/joint_pos_limits: -0.3602
      Episode_Termination/time_out: 0.8421
  Episode_Termination/torso_height: 0.1579
--------------------------------------------------------------------------------
                   Total timesteps: 7815168
                    Iteration time: 0.35s
                      Time elapsed: 00:02:58
                               ETA: 00:00:08

################################################################################
                      [1m Learning iteration 477/500 [0m                      

                       Computation: 43442 steps/s (collection: 0.266s, learning 0.111s)
             Mean action noise std: 0.14
          Mean value_function loss: 0.1441
               Mean surrogate loss: -0.0025
                 Mean entropy loss: -4.8215
                       Mean reward: 85.86
               Mean episode length: 812.10
           Episode_Reward/progress: 6.9613
              Episode_Reward/alive: 0.4953
            Episode_Reward/upright: 0.0989
     Episode_Reward/move_to_target: 0.4935
          Episode_Reward/action_l2: -0.0253
             Episode_Reward/energy: -1.2426
   Episode_Reward/joint_pos_limits: -0.4124
      Episode_Termination/time_out: 0.8437
  Episode_Termination/torso_height: 0.1563
--------------------------------------------------------------------------------
                   Total timesteps: 7831552
                    Iteration time: 0.38s
                      Time elapsed: 00:02:58
                               ETA: 00:00:08

################################################################################
                      [1m Learning iteration 478/500 [0m                      

                       Computation: 46047 steps/s (collection: 0.261s, learning 0.095s)
             Mean action noise std: 0.14
          Mean value_function loss: 0.0938
               Mean surrogate loss: -0.0060
                 Mean entropy loss: -4.8336
                       Mean reward: 86.65
               Mean episode length: 820.16
           Episode_Reward/progress: 6.0044
              Episode_Reward/alive: 0.4352
            Episode_Reward/upright: 0.0840
     Episode_Reward/move_to_target: 0.4164
          Episode_Reward/action_l2: -0.0225
             Episode_Reward/energy: -1.0696
   Episode_Reward/joint_pos_limits: -0.3629
      Episode_Termination/time_out: 0.8417
  Episode_Termination/torso_height: 0.1583
--------------------------------------------------------------------------------
                   Total timesteps: 7847936
                    Iteration time: 0.36s
                      Time elapsed: 00:02:58
                               ETA: 00:00:08

################################################################################
                      [1m Learning iteration 479/500 [0m                      

                       Computation: 42460 steps/s (collection: 0.301s, learning 0.085s)
             Mean action noise std: 0.14
          Mean value_function loss: 0.1389
               Mean surrogate loss: -0.0072
                 Mean entropy loss: -4.8488
                       Mean reward: 85.70
               Mean episode length: 807.28
           Episode_Reward/progress: 5.5683
              Episode_Reward/alive: 0.4145
            Episode_Reward/upright: 0.0810
     Episode_Reward/move_to_target: 0.4081
          Episode_Reward/action_l2: -0.0209
             Episode_Reward/energy: -1.0132
   Episode_Reward/joint_pos_limits: -0.3440
      Episode_Termination/time_out: 0.8395
  Episode_Termination/torso_height: 0.1605
--------------------------------------------------------------------------------
                   Total timesteps: 7864320
                    Iteration time: 0.39s
                      Time elapsed: 00:02:59
                               ETA: 00:00:07

################################################################################
                      [1m Learning iteration 480/500 [0m                      

                       Computation: 48491 steps/s (collection: 0.266s, learning 0.072s)
             Mean action noise std: 0.14
          Mean value_function loss: 0.1694
               Mean surrogate loss: -0.0041
                 Mean entropy loss: -4.8486
                       Mean reward: 87.58
               Mean episode length: 824.32
           Episode_Reward/progress: 6.3181
              Episode_Reward/alive: 0.4541
            Episode_Reward/upright: 0.0891
     Episode_Reward/move_to_target: 0.4458
          Episode_Reward/action_l2: -0.0233
             Episode_Reward/energy: -1.1341
   Episode_Reward/joint_pos_limits: -0.3735
      Episode_Termination/time_out: 0.8401
  Episode_Termination/torso_height: 0.1599
--------------------------------------------------------------------------------
                   Total timesteps: 7880704
                    Iteration time: 0.34s
                      Time elapsed: 00:02:59
                               ETA: 00:00:07

################################################################################
                      [1m Learning iteration 481/500 [0m                      

                       Computation: 45405 steps/s (collection: 0.271s, learning 0.090s)
             Mean action noise std: 0.14
          Mean value_function loss: 0.1402
               Mean surrogate loss: -0.0053
                 Mean entropy loss: -4.8601
                       Mean reward: 86.62
               Mean episode length: 813.93
           Episode_Reward/progress: 5.6435
              Episode_Reward/alive: 0.4163
            Episode_Reward/upright: 0.0806
     Episode_Reward/move_to_target: 0.3969
          Episode_Reward/action_l2: -0.0209
             Episode_Reward/energy: -1.0011
   Episode_Reward/joint_pos_limits: -0.3432
      Episode_Termination/time_out: 0.8352
  Episode_Termination/torso_height: 0.1648
--------------------------------------------------------------------------------
                   Total timesteps: 7897088
                    Iteration time: 0.36s
                      Time elapsed: 00:03:00
                               ETA: 00:00:07

################################################################################
                      [1m Learning iteration 482/500 [0m                      

                       Computation: 46139 steps/s (collection: 0.267s, learning 0.088s)
             Mean action noise std: 0.14
          Mean value_function loss: 0.1339
               Mean surrogate loss: -0.0060
                 Mean entropy loss: -4.8653
                       Mean reward: 87.98
               Mean episode length: 837.87
           Episode_Reward/progress: 6.2764
              Episode_Reward/alive: 0.4463
            Episode_Reward/upright: 0.0875
     Episode_Reward/move_to_target: 0.4393
          Episode_Reward/action_l2: -0.0228
             Episode_Reward/energy: -1.1143
   Episode_Reward/joint_pos_limits: -0.3718
      Episode_Termination/time_out: 0.8273
  Episode_Termination/torso_height: 0.1727
--------------------------------------------------------------------------------
                   Total timesteps: 7913472
                    Iteration time: 0.36s
                      Time elapsed: 00:03:00
                               ETA: 00:00:06

################################################################################
                      [1m Learning iteration 483/500 [0m                      

                       Computation: 45420 steps/s (collection: 0.271s, learning 0.089s)
             Mean action noise std: 0.14
          Mean value_function loss: 0.0753
               Mean surrogate loss: -0.0044
                 Mean entropy loss: -4.8726
                       Mean reward: 86.00
               Mean episode length: 815.89
           Episode_Reward/progress: 6.1595
              Episode_Reward/alive: 0.4305
            Episode_Reward/upright: 0.0850
     Episode_Reward/move_to_target: 0.4260
          Episode_Reward/action_l2: -0.0222
             Episode_Reward/energy: -1.0955
   Episode_Reward/joint_pos_limits: -0.3604
      Episode_Termination/time_out: 0.8223
  Episode_Termination/torso_height: 0.1777
--------------------------------------------------------------------------------
                   Total timesteps: 7929856
                    Iteration time: 0.36s
                      Time elapsed: 00:03:00
                               ETA: 00:00:06

################################################################################
                      [1m Learning iteration 484/500 [0m                      

                       Computation: 42864 steps/s (collection: 0.293s, learning 0.089s)
             Mean action noise std: 0.14
          Mean value_function loss: 0.1080
               Mean surrogate loss: -0.0051
                 Mean entropy loss: -4.8816
                       Mean reward: 86.47
               Mean episode length: 821.62
           Episode_Reward/progress: 6.4799
              Episode_Reward/alive: 0.4687
            Episode_Reward/upright: 0.0916
     Episode_Reward/move_to_target: 0.4616
          Episode_Reward/action_l2: -0.0239
             Episode_Reward/energy: -1.1630
   Episode_Reward/joint_pos_limits: -0.3896
      Episode_Termination/time_out: 0.8185
  Episode_Termination/torso_height: 0.1815
--------------------------------------------------------------------------------
                   Total timesteps: 7946240
                    Iteration time: 0.38s
                      Time elapsed: 00:03:01
                               ETA: 00:00:05

################################################################################
                      [1m Learning iteration 485/500 [0m                      

                       Computation: 44227 steps/s (collection: 0.278s, learning 0.093s)
             Mean action noise std: 0.14
          Mean value_function loss: 0.0708
               Mean surrogate loss: -0.0042
                 Mean entropy loss: -4.9072
                       Mean reward: 86.82
               Mean episode length: 819.08
           Episode_Reward/progress: 6.4387
              Episode_Reward/alive: 0.4454
            Episode_Reward/upright: 0.0878
     Episode_Reward/move_to_target: 0.4418
          Episode_Reward/action_l2: -0.0232
             Episode_Reward/energy: -1.1341
   Episode_Reward/joint_pos_limits: -0.3766
      Episode_Termination/time_out: 0.8232
  Episode_Termination/torso_height: 0.1768
--------------------------------------------------------------------------------
                   Total timesteps: 7962624
                    Iteration time: 0.37s
                      Time elapsed: 00:03:01
                               ETA: 00:00:05

################################################################################
                      [1m Learning iteration 486/500 [0m                      

                       Computation: 43563 steps/s (collection: 0.302s, learning 0.074s)
             Mean action noise std: 0.14
          Mean value_function loss: 0.0594
               Mean surrogate loss: -0.0039
                 Mean entropy loss: -4.9260
                       Mean reward: 90.35
               Mean episode length: 840.34
           Episode_Reward/progress: 7.0418
              Episode_Reward/alive: 0.4952
            Episode_Reward/upright: 0.0988
     Episode_Reward/move_to_target: 0.4931
          Episode_Reward/action_l2: -0.0252
             Episode_Reward/energy: -1.2519
   Episode_Reward/joint_pos_limits: -0.4110
      Episode_Termination/time_out: 0.8254
  Episode_Termination/torso_height: 0.1746
--------------------------------------------------------------------------------
                   Total timesteps: 7979008
                    Iteration time: 0.38s
                      Time elapsed: 00:03:01
                               ETA: 00:00:05

################################################################################
                      [1m Learning iteration 487/500 [0m                      

                       Computation: 46315 steps/s (collection: 0.282s, learning 0.072s)
             Mean action noise std: 0.14
          Mean value_function loss: 0.0844
               Mean surrogate loss: -0.0041
                 Mean entropy loss: -4.9403
                       Mean reward: 93.07
               Mean episode length: 867.05
           Episode_Reward/progress: 7.0467
              Episode_Reward/alive: 0.5000
            Episode_Reward/upright: 0.0995
     Episode_Reward/move_to_target: 0.4973
          Episode_Reward/action_l2: -0.0253
             Episode_Reward/energy: -1.2492
   Episode_Reward/joint_pos_limits: -0.4129
      Episode_Termination/time_out: 0.8301
  Episode_Termination/torso_height: 0.1699
--------------------------------------------------------------------------------
                   Total timesteps: 7995392
                    Iteration time: 0.35s
                      Time elapsed: 00:03:02
                               ETA: 00:00:04

################################################################################
                      [1m Learning iteration 488/500 [0m                      

                       Computation: 44208 steps/s (collection: 0.298s, learning 0.072s)
             Mean action noise std: 0.14
          Mean value_function loss: 0.0975
               Mean surrogate loss: -0.0030
                 Mean entropy loss: -4.9517
                       Mean reward: 93.86
               Mean episode length: 870.06
           Episode_Reward/progress: 5.6166
              Episode_Reward/alive: 0.4032
            Episode_Reward/upright: 0.0791
     Episode_Reward/move_to_target: 0.3967
          Episode_Reward/action_l2: -0.0206
             Episode_Reward/energy: -1.0020
   Episode_Reward/joint_pos_limits: -0.3378
      Episode_Termination/time_out: 0.8334
  Episode_Termination/torso_height: 0.1666
--------------------------------------------------------------------------------
                   Total timesteps: 8011776
                    Iteration time: 0.37s
                      Time elapsed: 00:03:02
                               ETA: 00:00:04

################################################################################
                      [1m Learning iteration 489/500 [0m                      

                       Computation: 47224 steps/s (collection: 0.258s, learning 0.089s)
             Mean action noise std: 0.14
          Mean value_function loss: 0.1729
               Mean surrogate loss: -0.0049
                 Mean entropy loss: -4.9508
                       Mean reward: 94.52
               Mean episode length: 880.28
           Episode_Reward/progress: 6.8346
              Episode_Reward/alive: 0.4903
            Episode_Reward/upright: 0.0974
     Episode_Reward/move_to_target: 0.4881
          Episode_Reward/action_l2: -0.0244
             Episode_Reward/energy: -1.1865
   Episode_Reward/joint_pos_limits: -0.4084
      Episode_Termination/time_out: 0.8297
  Episode_Termination/torso_height: 0.1703
--------------------------------------------------------------------------------
                   Total timesteps: 8028160
                    Iteration time: 0.35s
                      Time elapsed: 00:03:02
                               ETA: 00:00:04

################################################################################
                      [1m Learning iteration 490/500 [0m                      

                       Computation: 46257 steps/s (collection: 0.265s, learning 0.089s)
             Mean action noise std: 0.14
          Mean value_function loss: 0.0902
               Mean surrogate loss: -0.0044
                 Mean entropy loss: -4.9516
                       Mean reward: 96.35
               Mean episode length: 896.60
           Episode_Reward/progress: 6.8149
              Episode_Reward/alive: 0.4851
            Episode_Reward/upright: 0.0960
     Episode_Reward/move_to_target: 0.4770
          Episode_Reward/action_l2: -0.0245
             Episode_Reward/energy: -1.2012
   Episode_Reward/joint_pos_limits: -0.4029
      Episode_Termination/time_out: 0.8320
  Episode_Termination/torso_height: 0.1680
--------------------------------------------------------------------------------
                   Total timesteps: 8044544
                    Iteration time: 0.35s
                      Time elapsed: 00:03:03
                               ETA: 00:00:03

################################################################################
                      [1m Learning iteration 491/500 [0m                      

                       Computation: 46688 steps/s (collection: 0.264s, learning 0.087s)
             Mean action noise std: 0.14
          Mean value_function loss: 0.1177
               Mean surrogate loss: -0.0058
                 Mean entropy loss: -4.9648
                       Mean reward: 94.20
               Mean episode length: 880.46
           Episode_Reward/progress: 6.3844
              Episode_Reward/alive: 0.4553
            Episode_Reward/upright: 0.0899
     Episode_Reward/move_to_target: 0.4499
          Episode_Reward/action_l2: -0.0232
             Episode_Reward/energy: -1.1327
   Episode_Reward/joint_pos_limits: -0.3810
      Episode_Termination/time_out: 0.8345
  Episode_Termination/torso_height: 0.1655
--------------------------------------------------------------------------------
                   Total timesteps: 8060928
                    Iteration time: 0.35s
                      Time elapsed: 00:03:03
                               ETA: 00:00:03

################################################################################
                      [1m Learning iteration 492/500 [0m                      

                       Computation: 46389 steps/s (collection: 0.262s, learning 0.091s)
             Mean action noise std: 0.14
          Mean value_function loss: 0.0751
               Mean surrogate loss: -0.0037
                 Mean entropy loss: -4.9721
                       Mean reward: 94.73
               Mean episode length: 880.46
           Episode_Reward/progress: 7.4209
              Episode_Reward/alive: 0.5000
            Episode_Reward/upright: 0.0985
     Episode_Reward/move_to_target: 0.4992
          Episode_Reward/action_l2: -0.0258
             Episode_Reward/energy: -1.2791
   Episode_Reward/joint_pos_limits: -0.4221
      Episode_Termination/time_out: 0.8375
  Episode_Termination/torso_height: 0.1625
--------------------------------------------------------------------------------
                   Total timesteps: 8077312
                    Iteration time: 0.35s
                      Time elapsed: 00:03:03
                               ETA: 00:00:02

################################################################################
                      [1m Learning iteration 493/500 [0m                      

                       Computation: 44314 steps/s (collection: 0.281s, learning 0.089s)
             Mean action noise std: 0.14
          Mean value_function loss: 0.0810
               Mean surrogate loss: -0.0022
                 Mean entropy loss: -4.9787
                       Mean reward: 98.54
               Mean episode length: 907.45
           Episode_Reward/progress: 6.8427
              Episode_Reward/alive: 0.4806
            Episode_Reward/upright: 0.0937
     Episode_Reward/move_to_target: 0.4703
          Episode_Reward/action_l2: -0.0248
             Episode_Reward/energy: -1.2140
   Episode_Reward/joint_pos_limits: -0.4003
      Episode_Termination/time_out: 0.8403
  Episode_Termination/torso_height: 0.1597
--------------------------------------------------------------------------------
                   Total timesteps: 8093696
                    Iteration time: 0.37s
                      Time elapsed: 00:03:04
                               ETA: 00:00:02

################################################################################
                      [1m Learning iteration 494/500 [0m                      

                       Computation: 45361 steps/s (collection: 0.272s, learning 0.090s)
             Mean action noise std: 0.14
          Mean value_function loss: 0.0720
               Mean surrogate loss: -0.0041
                 Mean entropy loss: -4.9921
                       Mean reward: 100.55
               Mean episode length: 925.38
           Episode_Reward/progress: 6.8964
              Episode_Reward/alive: 0.5000
            Episode_Reward/upright: 0.0988
     Episode_Reward/move_to_target: 0.4981
          Episode_Reward/action_l2: -0.0253
             Episode_Reward/energy: -1.2550
   Episode_Reward/joint_pos_limits: -0.4137
      Episode_Termination/time_out: 0.8490
  Episode_Termination/torso_height: 0.1510
--------------------------------------------------------------------------------
                   Total timesteps: 8110080
                    Iteration time: 0.36s
                      Time elapsed: 00:03:04
                               ETA: 00:00:02

################################################################################
                      [1m Learning iteration 495/500 [0m                      

                       Computation: 46184 steps/s (collection: 0.264s, learning 0.090s)
             Mean action noise std: 0.14
          Mean value_function loss: 0.1107
               Mean surrogate loss: -0.0051
                 Mean entropy loss: -5.0001
                       Mean reward: 98.60
               Mean episode length: 903.81
           Episode_Reward/progress: 6.6372
              Episode_Reward/alive: 0.4565
            Episode_Reward/upright: 0.0895
     Episode_Reward/move_to_target: 0.4539
          Episode_Reward/action_l2: -0.0239
             Episode_Reward/energy: -1.1817
   Episode_Reward/joint_pos_limits: -0.3845
      Episode_Termination/time_out: 0.8511
  Episode_Termination/torso_height: 0.1489
--------------------------------------------------------------------------------
                   Total timesteps: 8126464
                    Iteration time: 0.35s
                      Time elapsed: 00:03:05
                               ETA: 00:00:01

################################################################################
                      [1m Learning iteration 496/500 [0m                      

                       Computation: 41744 steps/s (collection: 0.303s, learning 0.089s)
             Mean action noise std: 0.14
          Mean value_function loss: 0.1580
               Mean surrogate loss: -0.0036
                 Mean entropy loss: -5.0057
                       Mean reward: 99.62
               Mean episode length: 913.58
           Episode_Reward/progress: 6.8776
              Episode_Reward/alive: 0.4992
            Episode_Reward/upright: 0.0996
     Episode_Reward/move_to_target: 0.4899
          Episode_Reward/action_l2: -0.0249
             Episode_Reward/energy: -1.2173
   Episode_Reward/joint_pos_limits: -0.4143
      Episode_Termination/time_out: 0.8515
  Episode_Termination/torso_height: 0.1485
--------------------------------------------------------------------------------
                   Total timesteps: 8142848
                    Iteration time: 0.39s
                      Time elapsed: 00:03:05
                               ETA: 00:00:01

################################################################################
                      [1m Learning iteration 497/500 [0m                      

                       Computation: 41581 steps/s (collection: 0.304s, learning 0.090s)
             Mean action noise std: 0.14
          Mean value_function loss: 0.1116
               Mean surrogate loss: -0.0063
                 Mean entropy loss: -5.0018
                       Mean reward: 99.26
               Mean episode length: 910.61
           Episode_Reward/progress: 6.4842
              Episode_Reward/alive: 0.4651
            Episode_Reward/upright: 0.0914
     Episode_Reward/move_to_target: 0.4617
          Episode_Reward/action_l2: -0.0235
             Episode_Reward/energy: -1.1466
   Episode_Reward/joint_pos_limits: -0.3858
      Episode_Termination/time_out: 0.8518
  Episode_Termination/torso_height: 0.1482
--------------------------------------------------------------------------------
                   Total timesteps: 8159232
                    Iteration time: 0.39s
                      Time elapsed: 00:03:05
                               ETA: 00:00:01

################################################################################
                      [1m Learning iteration 498/500 [0m                      

                       Computation: 44243 steps/s (collection: 0.292s, learning 0.079s)
             Mean action noise std: 0.14
          Mean value_function loss: 0.0808
               Mean surrogate loss: -0.0070
                 Mean entropy loss: -5.0065
                       Mean reward: 98.01
               Mean episode length: 901.37
           Episode_Reward/progress: 5.8322
              Episode_Reward/alive: 0.4265
            Episode_Reward/upright: 0.0829
     Episode_Reward/move_to_target: 0.4134
          Episode_Reward/action_l2: -0.0216
             Episode_Reward/energy: -1.0478
   Episode_Reward/joint_pos_limits: -0.3509
      Episode_Termination/time_out: 0.8554
  Episode_Termination/torso_height: 0.1446
--------------------------------------------------------------------------------
                   Total timesteps: 8175616
                    Iteration time: 0.37s
                      Time elapsed: 00:03:06
                               ETA: 00:00:00

################################################################################
                      [1m Learning iteration 499/500 [0m                      

                       Computation: 43584 steps/s (collection: 0.281s, learning 0.095s)
             Mean action noise std: 0.14
          Mean value_function loss: 0.1410
               Mean surrogate loss: -0.0050
                 Mean entropy loss: -5.0225
                       Mean reward: 95.34
               Mean episode length: 874.36
           Episode_Reward/progress: 6.7192
              Episode_Reward/alive: 0.4631
            Episode_Reward/upright: 0.0921
     Episode_Reward/move_to_target: 0.4601
          Episode_Reward/action_l2: -0.0241
             Episode_Reward/energy: -1.2091
   Episode_Reward/joint_pos_limits: -0.3855
      Episode_Termination/time_out: 0.8543
  Episode_Termination/torso_height: 0.1457
--------------------------------------------------------------------------------
                   Total timesteps: 8192000
                    Iteration time: 0.38s
                      Time elapsed: 00:03:06
                               ETA: 00:00:00

TRAINING_COMPLETE
2026-09-30T12:35:32Z [9,644ms] [Warning] [omni.physx.plugin] Damping attribute is unsupported for articulation joints and will be ignored (/World/envs/env_0/Robot/joints/right_back_foot).
2026-09-30T12:35:32Z [9,644ms] [Warning] [omni.physx.plugin] Damping attribute is unsupported for articulation joints and will be ignored (/World/envs/env_0/Robot/joints/right_back_leg).
2026-09-30T12:35:32Z [9,644ms] [Warning] [omni.physx.plugin] Damping attribute is unsupported for articulation joints and will be ignored (/World/envs/env_0/Robot/joints/right_back_foot).
