Loading user config located at: '/home/hhm/miniforge3/envs/lerobot-arena/lib/python3.11/site-packages/isaacsim/kit/data/Kit/Isaac-Sim/5.1/user.config.json'
[Info] [carb] Logging to file: /home/hhm/miniforge3/envs/lerobot-arena/lib/python3.11/site-packages/isaacsim/kit/logs/Kit/Isaac-Sim/5.1/kit_20260930_212149.log
2026-09-30T12:21:49Z [101ms] [Warning] [omni.usd_config.extension] Enable omni.materialx.libs extension to use MaterialX
2026-09-30T12:21:50Z [578ms] [Warning] [carb] Acquiring non optional plugin interface which is not listed as dependency: [omni::physx::IPhysxBenchmarks v1.0] (plugin: <default plugin>), by client: omni.physics.physx.plugin. Add it to CARB_PLUGIN_IMPL_DEPS() macro of a client.
2026-09-30T12:21:50Z [787ms] [Warning] [omni.isaac.dynamic_control] omni.isaac.dynamic_control is deprecated as of Isaac Sim 4.5. No action is needed from end-users.

|---------------------------------------------------------------------------------------------|
| Driver Version: 580.178.04    | Graphics API: Vulkan
|=============================================================================================|
| GPU | Name                             | Active | LDA | GPU Memory | Vendor-ID | LUID       |
|     |                                  |        |     |            | Device-ID | UUID       |
|     |                                  |        |     |            | Bus-ID    |            |
|---------------------------------------------------------------------------------------------|
| 0   | NVIDIA GeForce RTX 4050 Laptop.. | Yes: 0 |     | 6141    MB | 10de      | 0          |
|     |                                  |        |     |            | 28e1      | 04c25621.. |
|     |                                  |        |     |            | 1         |            |
|=============================================================================================|
| OS: 22.04.5 LTS (Jammy Jellyfish) ubuntu, Version: 22.04.5, Kernel: 6.8.0-138-generic
| XServer Vendor: The X.Org Foundation, XServer Version: 12101004 (1.21.1.4)
| Processor: AMD Ryzen 7 7435HS
| Cores: 8 | Logical Cores: 16
|---------------------------------------------------------------------------------------------|
| Total Memory (MB): 15805 | Free Memory: 9805
| Total Page/Swap (MB): 2047 | Free Page/Swap: 1376
|---------------------------------------------------------------------------------------------|
2026-09-30T12:21:55Z [5,628ms] [Warning] [gpu.foundation.plugin] CPU performance profile is set to powersave. This profile sets the CPU to the lowest frequency reducing performance.
2026-09-30T12:21:55Z [5,638ms] [Warning] [gpu.foundation.plugin] IOMMU is enabled.
2026-09-30T12:21:57Z [8,096ms] [Warning] [omni.fabric.plugin] Warning: input prim:attr `/World/envs/env_0:omni:rtx:skip` has no valid data.

2026-09-30T12:21:58Z [8,778ms] [Warning] [omni.physx.plugin] Damping attribute is unsupported for articulation joints and will be ignored (/World/envs/env_0/Robot/joints/front_left_leg).
2026-09-30T12:21:58Z [8,778ms] [Warning] [omni.physx.plugin] Damping attribute is unsupported for articulation joints and will be ignored (/World/envs/env_0/Robot/joints/front_left_foot).
2026-09-30T12:21:58Z [8,778ms] [Warning] [omni.physx.plugin] Damping attribute is unsupported for articulation joints and will be ignored (/World/envs/env_0/Robot/joints/front_right_leg).
2026-09-30T12:21:58Z [8,778ms] [Warning] [omni.physx.plugin] Damping attribute is unsupported for articulation joints and will be ignored (/World/envs/env_0/Robot/joints/front_right_foot).
2026-09-30T12:21:58Z [8,778ms] [Warning] [omni.physx.plugin] Damping attribute is unsupported for articulation joints and will be ignored (/World/envs/env_0/Robot/joints/left_back_leg).
2026-09-30T12:21:58Z [8,778ms] [Warning] [omni.physx.plugin] Damping attribute is unsupported for articulation joints and will be ignored (/World/envs/env_0/Robot/joints/left_back_foot).
2026-09-30T12:21:58Z [8,778ms] [Warning] [omni.physx.plugin] Damping attribute is unsupported for articulation joints and will be ignored (/World/envs/env_0/Robot/joints/right_back_leg).
2026-09-30T12:21:58Z [8,778ms] [Warning] [omni.physx.plugin] Damping attribute is unsupported for articulation joints and will be ignored (/World/envs/env_0/Robot/joints/right_back_foot).
2026-09-30T12:21:58Z [8,778ms] [Warning] [omni.physx.plugin] Damping attribute is unsupported for articulation joints and will be ignored (/World/envs/env_0/Robot/joints/front_right_leg).
2026-09-30T12:21:58Z [8,778ms] [Warning] [omni.physx.plugin] Damping attribute is unsupported for articulation joints and will be ignored (/World/envs/env_0/Robot/joints/front_right_foot).
2026-09-30T12:21:58Z [8,778ms] [Warning] [omni.physx.plugin] Damping attribute is unsupported for articulation joints and will be ignored (/World/envs/env_0/Robot/joints/left_back_leg).
2026-09-30T12:21:58Z [8,778ms] [Warning] [omni.physx.plugin] Damping attribute is unsupported for articulation joints and will be ignored (/World/envs/env_0/Robot/joints/left_back_foot).
2026-09-30T12:21:58Z [8,778ms] [Warning] [omni.physx.plugin] Damping attribute is unsupported for articulation joints and will be ignored (/World/envs/env_0/Robot/joints/right_back_leg).
2026-09-30T12:21:58Z [8,778ms] [Warning] [omni.physx.plugin] Damping attribute is unsupported for articulation joints and will be ignored (/World/envs/env_0/Robot/joints/right_back_foot).
2026-09-30T12:21:58Z [8,778ms] [Warning] [omni.physx.plugin] Damping attribute is unsupported for articulation joints and will be ignored (/World/envs/env_0/Robot/joints/front_right_leg).
2026-09-30T12:21:58Z [8,778ms] [Warning] [omni.physx.plugin] Damping attribute is unsupported for articulation joints and will be ignored (/World/envs/env_0/Robot/joints/front_right_foot).
2026-09-30T12:21:58Z [8,778ms] [Warning] [omni.physx.plugin] Damping attribute is unsupported for articulation joints and will be ignored (/World/envs/env_0/Robot/joints/left_back_leg).
2026-09-30T12:21:58Z [8,778ms] [Warning] [omni.physx.plugin] Damping attribute is unsupported for articulation joints and will be ignored (/World/envs/env_0/Robot/joints/left_back_foot).
2026-09-30T12:21:58Z [8,778ms] [Warning] [omni.physx.plugin] Damping attribute is unsupported for articulation joints and will be ignored (/World/envs/env_0/Robot/joints/right_back_leg).
2026-09-30T12:21:58Z [8,778ms] [Warning] [omni.physx.plugin] Damping attribute is unsupported for articulation joints and will be ignored (/World/envs/env_0/Robot/joints/right_back_foot).
2026-09-30T12:21:58Z [8,778ms] [Warning] [omni.physx.plugin] Damping attribute is unsupported for articulation joints and will be ignored (/World/envs/env_0/Robot/joints/left_back_leg).
2026-09-30T12:21:58Z [8,778ms] [Warning] [omni.physx.plugin] Damping attribute is unsupported for articulation joints and will be ignored (/World/envs/env_0/Robot/joints/left_back_foot).
2026-09-30T12:21:58Z [8,778ms] [Warning] [omni.physx.plugin] Damping attribute is unsupported for articulation joints and will be ignored (/World/envs/env_0/Robot/joints/right_back_leg).
2026-09-30T12:21:58Z [8,778ms] [Warning] [omni.physx.plugin] Damping attribute is unsupported for articulation joints and will be ignored (/World/envs/env_0/Robot/joints/right_back_foot).
2026-09-30T12:21:58Z [8,778ms] [Warning] [omni.physx.plugin] Damping attribute is unsupported for articulation joints and will be ignored (/World/envs/env_0/Robot/joints/left_back_leg).
2026-09-30T12:21:58Z [8,778ms] [Warning] [omni.physx.plugin] Damping attribute is unsupported for articulation joints and will be ignored (/World/envs/env_0/Robot/joints/left_back_foot).
2026-09-30T12:21:58Z [8,778ms] [Warning] [omni.physx.plugin] Damping attribute is unsupported for articulation joints and will be ignored (/World/envs/env_0/Robot/joints/right_back_leg).
2026-09-30T12:21:58Z [8,778ms] [Warning] [omni.physx.plugin] Damping attribute is unsupported for articulation joints and will be ignored (/World/envs/env_0/Robot/joints/right_back_foot).
2026-09-30T12:21:58Z [8,778ms] [Warning] [omni.physx.plugin] Damping attribute is unsupported for articulation joints and will be ignored (/World/envs/env_0/Robot/joints/right_back_leg).
/home/hhm/miniforge3/envs/lerobot-arena/lib/python3.11/site-packages/rsl_rl/utils/utils.py:244: UserWarning: The observation configuration dictionary 'obs_groups' must contain the 'policy' key. As an observation group with the name 'policy' was found, this is assumed to be the observation set. Consider adding the 'policy' key to the 'obs_groups' dictionary for clarity. This behavior will be removed in a future version.
  warnings.warn(
/home/hhm/miniforge3/envs/lerobot-arena/lib/python3.11/site-packages/rsl_rl/utils/utils.py:290: UserWarning: The observation configuration dictionary 'obs_groups' must contain the 'critic' key. As the configuration for 'critic' is missing, the observations from the 'policy' set are used. Consider adding the 'critic' key to the 'obs_groups' dictionary for clarity. This behavior will be removed in a future version.
  warnings.warn(
[INFO][AppLauncher]: Using device: cuda:0
[INFO][AppLauncher]: Loading experience file: /home/hhm/IsaacLab_RS/apps/isaaclab.python.headless.kit
Setting seed: 11
[INFO]: Base environment:
	Environment device    : cuda:0
	Environment seed      : 11
	Physics step-size     : 0.008333333333333333
	Rendering step-size   : 0.016666666666666666
	Environment step-size : 0.016666666666666666
[INFO]: Time taken for scene creation : 1.896320 seconds
[INFO]: Scene manager:  <class InteractiveScene>
	Number of environments: 512
	Environment spacing   : 5.0
	Source prim name      : /World/envs/env_0
	Global prim paths     : ['/World/ground']
	Replicate physics     : True
[INFO]: Starting the simulation. This may take a few seconds. Please wait...
[INFO]: Time taken for simulation start : 0.851189 seconds
[INFO] Command Manager:  <CommandManager> contains 0 active terms.
+------------------------+
|  Active Command Terms  |
+--------+-------+-------+
| Index  | Name  |  Type |
+--------+-------+-------+
+--------+-------+-------+

[INFO] Event Manager:  <EventManager> contains 3 active terms.
+-------------------------------------+
| Active Event Terms in Mode: 'reset' |
+---------+---------------------------+
|  Index  | Name                      |
+---------+---------------------------+
|    0    | reset_base                |
|    1    | reset_robot_joints        |
+---------+---------------------------+
+----------------------------------+
| Active Event Terms in Mode: 'startup' |
+-------------+--------------------+
|    Index    | Name               |
+-------------+--------------------+
|      0      | material           |
|      1      | mass               |
+-------------+--------------------+
+--------------------------------------------+
|   Active Event Terms in Mode: 'interval'   |
+--------+-------+---------------------------+
| Index  | Name  |  Interval time range (s)  |
+--------+-------+---------------------------+
|   0    | kick  |         (4.0, 7.0)        |
+--------+-------+---------------------------+

[INFO] Recorder Manager:  <RecorderManager> contains 0 active terms.
+---------------------+
| Active Recorder Terms |
+-----------+---------+
|   Index   | Name    |
+-----------+---------+
+-----------+---------+

[INFO] Action Manager:  <ActionManager> contains 1 active terms.
+----------------------------------+
|  Active Action Terms (shape: 8)  |
+-------+--------------+-----------+
| Index | Name         | Dimension |
+-------+--------------+-----------+
|   0   | joint_effort |         8 |
+-------+--------------+-----------+

[INFO] Observation Manager: <ObservationManager> contains 1 groups.
+-----------------------------------------------------------+
| Active Observation Terms in Group: 'policy' (shape: (60,)) |
+-----------+-----------------------------------+-----------+
|   Index   | Name                              |   Shape   |
+-----------+-----------------------------------+-----------+
|     0     | base_height                       |    (1,)   |
|     1     | base_lin_vel                      |    (3,)   |
|     2     | base_ang_vel                      |    (3,)   |
|     3     | base_yaw_roll                     |    (2,)   |
|     4     | base_angle_to_target              |    (1,)   |
|     5     | base_up_proj                      |    (1,)   |
|     6     | base_heading_proj                 |    (1,)   |
|     7     | joint_pos_norm                    |    (8,)   |
|     8     | joint_vel_rel                     |    (8,)   |
|     9     | feet_body_forces                  |   (24,)   |
|     10    | actions                           |    (8,)   |
+-----------+-----------------------------------+-----------+

[INFO] Termination Manager:  <TerminationManager> contains 2 active terms.
+---------------------------------+
|     Active Termination Terms    |
+-------+--------------+----------+
| Index | Name         | Time Out |
+-------+--------------+----------+
|   0   | time_out     |   True   |
|   1   | torso_height |  False   |
+-------+--------------+----------+

[INFO] Reward Manager:  <RewardManager> contains 7 active terms.
+-----------------------------------+
|        Active Reward Terms        |
+-------+------------------+--------+
| Index | Name             | Weight |
+-------+------------------+--------+
|   0   | progress         |    1.0 |
|   1   | alive            |    0.5 |
|   2   | upright          |    0.1 |
|   3   | move_to_target   |    0.5 |
|   4   | action_l2        | -0.005 |
|   5   | energy           |  -0.05 |
|   6   | joint_pos_limits |   -0.1 |
+-------+------------------+--------+

[INFO] Curriculum Manager:  <CurriculumManager> contains 0 active terms.
+----------------------+
| Active Curriculum Terms |
+-----------+----------+
|   Index   | Name     |
+-----------+----------+
+-----------+----------+

[INFO]: Completed setting up the environment...
--------------------------------------------------------------------------------
Resolved observation sets: 
	 policy :  ['policy']
	 critic :  ['policy']
--------------------------------------------------------------------------------
Actor MLP: MLP(
  (0): Linear(in_features=60, out_features=400, bias=True)
  (1): ELU(alpha=1.0)
  (2): Linear(in_features=400, out_features=200, bias=True)
  (3): ELU(alpha=1.0)
  (4): Linear(in_features=200, out_features=100, bias=True)
  (5): ELU(alpha=1.0)
  (6): Linear(in_features=100, out_features=8, bias=True)
)
Critic MLP: MLP(
  (0): Linear(in_features=60, out_features=400, bias=True)
  (1): ELU(alpha=1.0)
  (2): Linear(in_features=400, out_features=200, bias=True)
  (3): ELU(alpha=1.0)
  (4): Linear(in_features=200, out_features=100, bias=True)
  (5): ELU(alpha=1.0)
  (6): Linear(in_features=100, out_features=1, bias=True)
)
################################################################################
                       [1m Learning iteration 0/500 [0m                       

                       Computation: 10231 steps/s (collection: 1.370s, learning 0.231s)
             Mean action noise std: 0.99
          Mean value_function loss: 0.0428
               Mean surrogate loss: -0.0123
                 Mean entropy loss: 11.3245
                       Mean reward: -0.48
               Mean episode length: 17.71
           Episode_Reward/progress: -0.0011
              Episode_Reward/alive: 0.0082
            Episode_Reward/upright: 0.0015
     Episode_Reward/move_to_target: 0.0081
          Episode_Reward/action_l2: -0.0007
             Episode_Reward/energy: -0.0410
   Episode_Reward/joint_pos_limits: -0.0024
      Episode_Termination/time_out: 0.0196
  Episode_Termination/torso_height: 0.0000
--------------------------------------------------------------------------------
                   Total timesteps: 16384
                    Iteration time: 1.60s
                      Time elapsed: 00:00:01
                               ETA: 00:13:20

Could not find git repository in /home/hhm/miniforge3/envs/lerobot-arena/lib/python3.11/site-packages/rsl_rl/__init__.py. Skipping.
################################################################################
                       [1m Learning iteration 1/500 [0m                       

                       Computation: 42828 steps/s (collection: 0.291s, learning 0.092s)
             Mean action noise std: 0.98
          Mean value_function loss: 0.0465
               Mean surrogate loss: -0.0143
                 Mean entropy loss: 11.2351
                       Mean reward: -1.27
               Mean episode length: 39.32
           Episode_Reward/progress: -0.0053
              Episode_Reward/alive: 0.0247
            Episode_Reward/upright: 0.0022
     Episode_Reward/move_to_target: 0.0171
          Episode_Reward/action_l2: -0.0020
             Episode_Reward/energy: -0.1244
   Episode_Reward/joint_pos_limits: -0.0086
      Episode_Termination/time_out: 0.0552
  Episode_Termination/torso_height: 0.0140
--------------------------------------------------------------------------------
                   Total timesteps: 32768
                    Iteration time: 0.38s
                      Time elapsed: 00:00:01
                               ETA: 00:08:14

################################################################################
                       [1m Learning iteration 2/500 [0m                       

                       Computation: 43218 steps/s (collection: 0.290s, learning 0.089s)
             Mean action noise std: 0.96
          Mean value_function loss: 0.0383
               Mean surrogate loss: -0.0152
                 Mean entropy loss: 11.0746
                       Mean reward: -2.29
               Mean episode length: 67.18
           Episode_Reward/progress: -0.0102
              Episode_Reward/alive: 0.0409
            Episode_Reward/upright: 0.0027
     Episode_Reward/move_to_target: 0.0245
          Episode_Reward/action_l2: -0.0033
             Episode_Reward/energy: -0.2078
   Episode_Reward/joint_pos_limits: -0.0150
      Episode_Termination/time_out: 0.0781
  Episode_Termination/torso_height: 0.0948
--------------------------------------------------------------------------------
                   Total timesteps: 49152
                    Iteration time: 0.38s
                      Time elapsed: 00:00:02
                               ETA: 00:06:32

################################################################################
                       [1m Learning iteration 3/500 [0m                       

                       Computation: 44756 steps/s (collection: 0.276s, learning 0.090s)
             Mean action noise std: 0.94
          Mean value_function loss: 0.0350
               Mean surrogate loss: -0.0130
                 Mean entropy loss: 10.9318
                       Mean reward: -3.04
               Mean episode length: 94.42
           Episode_Reward/progress: -0.0081
              Episode_Reward/alive: 0.0572
            Episode_Reward/upright: 0.0058
     Episode_Reward/move_to_target: 0.0356
          Episode_Reward/action_l2: -0.0045
             Episode_Reward/energy: -0.2756
   Episode_Reward/joint_pos_limits: -0.0207
      Episode_Termination/time_out: 0.0966
  Episode_Termination/torso_height: 0.1761
--------------------------------------------------------------------------------
                   Total timesteps: 65536
                    Iteration time: 0.37s
                      Time elapsed: 00:00:02
                               ETA: 00:05:39

################################################################################
                       [1m Learning iteration 4/500 [0m                       

                       Computation: 43618 steps/s (collection: 0.284s, learning 0.092s)
             Mean action noise std: 0.93
          Mean value_function loss: 0.0296
               Mean surrogate loss: -0.0150
                 Mean entropy loss: 10.8042
                       Mean reward: -3.45
               Mean episode length: 122.48
           Episode_Reward/progress: 0.0240
              Episode_Reward/alive: 0.0713
            Episode_Reward/upright: 0.0072
     Episode_Reward/move_to_target: 0.0451
          Episode_Reward/action_l2: -0.0056
             Episode_Reward/energy: -0.3333
   Episode_Reward/joint_pos_limits: -0.0266
      Episode_Termination/time_out: 0.1166
  Episode_Termination/torso_height: 0.2440
--------------------------------------------------------------------------------
                   Total timesteps: 81920
                    Iteration time: 0.38s
                      Time elapsed: 00:00:03
                               ETA: 00:05:07

################################################################################
                       [1m Learning iteration 5/500 [0m                       

                       Computation: 47798 steps/s (collection: 0.274s, learning 0.069s)
             Mean action noise std: 0.91
          Mean value_function loss: 0.0244
               Mean surrogate loss: -0.0148
                 Mean entropy loss: 10.6611
                       Mean reward: -3.93
               Mean episode length: 142.99
           Episode_Reward/progress: -0.0087
              Episode_Reward/alive: 0.0816
            Episode_Reward/upright: 0.0075
     Episode_Reward/move_to_target: 0.0460
          Episode_Reward/action_l2: -0.0063
             Episode_Reward/energy: -0.3724
   Episode_Reward/joint_pos_limits: -0.0314
      Episode_Termination/time_out: 0.1313
  Episode_Termination/torso_height: 0.3047
--------------------------------------------------------------------------------
                   Total timesteps: 98304
                    Iteration time: 0.34s
                      Time elapsed: 00:00:03
                               ETA: 00:04:44

################################################################################
                       [1m Learning iteration 6/500 [0m                       

                       Computation: 44665 steps/s (collection: 0.273s, learning 0.094s)
             Mean action noise std: 0.90
          Mean value_function loss: 0.0221
               Mean surrogate loss: -0.0156
                 Mean entropy loss: 10.5436
                       Mean reward: -4.35
               Mean episode length: 164.17
           Episode_Reward/progress: 0.0189
              Episode_Reward/alive: 0.0937
            Episode_Reward/upright: 0.0097
     Episode_Reward/move_to_target: 0.0502
          Episode_Reward/action_l2: -0.0070
             Episode_Reward/energy: -0.4063
   Episode_Reward/joint_pos_limits: -0.0363
      Episode_Termination/time_out: 0.1354
  Episode_Termination/torso_height: 0.3582
--------------------------------------------------------------------------------
                   Total timesteps: 114688
                    Iteration time: 0.37s
                      Time elapsed: 00:00:03
                               ETA: 00:04:29

################################################################################
                       [1m Learning iteration 7/500 [0m                       

                       Computation: 38388 steps/s (collection: 0.333s, learning 0.094s)
             Mean action noise std: 0.88
          Mean value_function loss: 0.0196
               Mean surrogate loss: -0.0155
                 Mean entropy loss: 10.4173
                       Mean reward: -4.51
               Mean episode length: 184.87
           Episode_Reward/progress: 0.0193
              Episode_Reward/alive: 0.0996
            Episode_Reward/upright: 0.0122
     Episode_Reward/move_to_target: 0.0554
          Episode_Reward/action_l2: -0.0075
             Episode_Reward/energy: -0.4049
   Episode_Reward/joint_pos_limits: -0.0401
      Episode_Termination/time_out: 0.1403
  Episode_Termination/torso_height: 0.4070
--------------------------------------------------------------------------------
                   Total timesteps: 131072
                    Iteration time: 0.43s
                      Time elapsed: 00:00:04
                               ETA: 00:04:21

################################################################################
                       [1m Learning iteration 8/500 [0m                       

                       Computation: 40232 steps/s (collection: 0.328s, learning 0.079s)
             Mean action noise std: 0.87
          Mean value_function loss: 0.0159
               Mean surrogate loss: -0.0165
                 Mean entropy loss: 10.2920
                       Mean reward: -4.62
               Mean episode length: 199.48
           Episode_Reward/progress: -0.0105
              Episode_Reward/alive: 0.1140
            Episode_Reward/upright: 0.0151
     Episode_Reward/move_to_target: 0.0677
          Episode_Reward/action_l2: -0.0084
             Episode_Reward/energy: -0.4537
   Episode_Reward/joint_pos_limits: -0.0457
      Episode_Termination/time_out: 0.1473
  Episode_Termination/torso_height: 0.4488
--------------------------------------------------------------------------------
                   Total timesteps: 147456
                    Iteration time: 0.41s
                      Time elapsed: 00:00:04
                               ETA: 00:04:14

################################################################################
                       [1m Learning iteration 9/500 [0m                       

                       Computation: 47010 steps/s (collection: 0.279s, learning 0.069s)
             Mean action noise std: 0.86
          Mean value_function loss: 0.0143
               Mean surrogate loss: -0.0157
                 Mean entropy loss: 10.1921
                       Mean reward: -4.71
               Mean episode length: 210.14
           Episode_Reward/progress: -0.0176
              Episode_Reward/alive: 0.1313
            Episode_Reward/upright: 0.0194
     Episode_Reward/move_to_target: 0.0890
          Episode_Reward/action_l2: -0.0097
             Episode_Reward/energy: -0.5172
   Episode_Reward/joint_pos_limits: -0.0532
      Episode_Termination/time_out: 0.1530
  Episode_Termination/torso_height: 0.4758
--------------------------------------------------------------------------------
                   Total timesteps: 163840
                    Iteration time: 0.35s
                      Time elapsed: 00:00:04
                               ETA: 00:04:05

################################################################################
                      [1m Learning iteration 10/500 [0m                       

                       Computation: 44025 steps/s (collection: 0.284s, learning 0.088s)
             Mean action noise std: 0.85
          Mean value_function loss: 0.0164
               Mean surrogate loss: -0.0150
                 Mean entropy loss: 10.0782
                       Mean reward: -4.97
               Mean episode length: 228.51
           Episode_Reward/progress: 0.0039
              Episode_Reward/alive: 0.1370
            Episode_Reward/upright: 0.0188
     Episode_Reward/move_to_target: 0.0731
          Episode_Reward/action_l2: -0.0099
             Episode_Reward/energy: -0.4996
   Episode_Reward/joint_pos_limits: -0.0584
      Episode_Termination/time_out: 0.1628
  Episode_Termination/torso_height: 0.4974
--------------------------------------------------------------------------------
                   Total timesteps: 180224
                    Iteration time: 0.37s
                      Time elapsed: 00:00:05
                               ETA: 00:03:59

################################################################################
                      [1m Learning iteration 11/500 [0m                       

                       Computation: 47607 steps/s (collection: 0.275s, learning 0.069s)
             Mean action noise std: 0.83
          Mean value_function loss: 0.0117
               Mean surrogate loss: -0.0155
                 Mean entropy loss: 9.9537
                       Mean reward: -4.84
               Mean episode length: 245.92
           Episode_Reward/progress: 0.0248
              Episode_Reward/alive: 0.1273
            Episode_Reward/upright: 0.0172
     Episode_Reward/move_to_target: 0.0747
          Episode_Reward/action_l2: -0.0091
             Episode_Reward/energy: -0.4392
   Episode_Reward/joint_pos_limits: -0.0568
      Episode_Termination/time_out: 0.1767
  Episode_Termination/torso_height: 0.5170
--------------------------------------------------------------------------------
                   Total timesteps: 196608
                    Iteration time: 0.34s
                      Time elapsed: 00:00:05
                               ETA: 00:03:52

################################################################################
                      [1m Learning iteration 12/500 [0m                       

                       Computation: 45700 steps/s (collection: 0.269s, learning 0.090s)
             Mean action noise std: 0.82
          Mean value_function loss: 0.0108
               Mean surrogate loss: -0.0151
                 Mean entropy loss: 9.7977
                       Mean reward: -5.22
               Mean episode length: 270.92
           Episode_Reward/progress: 0.0153
              Episode_Reward/alive: 0.1671
            Episode_Reward/upright: 0.0252
     Episode_Reward/move_to_target: 0.0776
          Episode_Reward/action_l2: -0.0118
             Episode_Reward/energy: -0.5584
   Episode_Reward/joint_pos_limits: -0.0771
      Episode_Termination/time_out: 0.1888
  Episode_Termination/torso_height: 0.5263
--------------------------------------------------------------------------------
                   Total timesteps: 212992
                    Iteration time: 0.36s
                      Time elapsed: 00:00:06
                               ETA: 00:03:47

################################################################################
                      [1m Learning iteration 13/500 [0m                       

                       Computation: 50914 steps/s (collection: 0.253s, learning 0.069s)
             Mean action noise std: 0.81
          Mean value_function loss: 0.0112
               Mean surrogate loss: -0.0139
                 Mean entropy loss: 9.6809
                       Mean reward: -5.11
               Mean episode length: 269.95
           Episode_Reward/progress: 0.0110
              Episode_Reward/alive: 0.1580
            Episode_Reward/upright: 0.0235
     Episode_Reward/move_to_target: 0.0080
          Episode_Reward/action_l2: -0.0110
             Episode_Reward/energy: -0.5053
   Episode_Reward/joint_pos_limits: -0.0745
      Episode_Termination/time_out: 0.2032
  Episode_Termination/torso_height: 0.5296
--------------------------------------------------------------------------------
                   Total timesteps: 229376
                    Iteration time: 0.32s
                      Time elapsed: 00:00:06
                               ETA: 00:03:42

################################################################################
                      [1m Learning iteration 14/500 [0m                       

                       Computation: 47912 steps/s (collection: 0.253s, learning 0.089s)
             Mean action noise std: 0.80
          Mean value_function loss: 0.0111
               Mean surrogate loss: -0.0117
                 Mean entropy loss: 9.5771
                       Mean reward: -4.92
               Mean episode length: 275.81
           Episode_Reward/progress: 0.0549
              Episode_Reward/alive: 0.1643
            Episode_Reward/upright: 0.0262
     Episode_Reward/move_to_target: 0.0831
          Episode_Reward/action_l2: -0.0116
             Episode_Reward/energy: -0.4990
   Episode_Reward/joint_pos_limits: -0.0803
      Episode_Termination/time_out: 0.2097
  Episode_Termination/torso_height: 0.5362
--------------------------------------------------------------------------------
                   Total timesteps: 245760
                    Iteration time: 0.34s
                      Time elapsed: 00:00:06
                               ETA: 00:03:38

################################################################################
                      [1m Learning iteration 15/500 [0m                       

                       Computation: 48275 steps/s (collection: 0.267s, learning 0.072s)
             Mean action noise std: 0.78
          Mean value_function loss: 0.0116
               Mean surrogate loss: -0.0131
                 Mean entropy loss: 9.4387
                       Mean reward: -4.95
               Mean episode length: 282.41
           Episode_Reward/progress: 0.0128
              Episode_Reward/alive: 0.1658
            Episode_Reward/upright: 0.0260
     Episode_Reward/move_to_target: 0.0470
          Episode_Reward/action_l2: -0.0116
             Episode_Reward/energy: -0.5105
   Episode_Reward/joint_pos_limits: -0.0840
      Episode_Termination/time_out: 0.2164
  Episode_Termination/torso_height: 0.5419
--------------------------------------------------------------------------------
                   Total timesteps: 262144
                    Iteration time: 0.34s
                      Time elapsed: 00:00:07
                               ETA: 00:03:34

################################################################################
                      [1m Learning iteration 16/500 [0m                       

                       Computation: 49528 steps/s (collection: 0.240s, learning 0.091s)
             Mean action noise std: 0.77
          Mean value_function loss: 0.0070
               Mean surrogate loss: -0.0129
                 Mean entropy loss: 9.2921
                       Mean reward: -4.95
               Mean episode length: 289.35
           Episode_Reward/progress: 0.0066
              Episode_Reward/alive: 0.1608
            Episode_Reward/upright: 0.0276
     Episode_Reward/move_to_target: 0.0296
          Episode_Reward/action_l2: -0.0113
             Episode_Reward/energy: -0.4529
   Episode_Reward/joint_pos_limits: -0.0840
      Episode_Termination/time_out: 0.2150
  Episode_Termination/torso_height: 0.5504
--------------------------------------------------------------------------------
                   Total timesteps: 278528
                    Iteration time: 0.33s
                      Time elapsed: 00:00:07
                               ETA: 00:03:30

################################################################################
                      [1m Learning iteration 17/500 [0m                       

                       Computation: 49261 steps/s (collection: 0.258s, learning 0.075s)
             Mean action noise std: 0.76
          Mean value_function loss: 0.0062
               Mean surrogate loss: -0.0114
                 Mean entropy loss: 9.1681
                       Mean reward: -5.46
               Mean episode length: 316.43
           Episode_Reward/progress: 0.0046
              Episode_Reward/alive: 0.2766
            Episode_Reward/upright: 0.0499
     Episode_Reward/move_to_target: 0.0252
          Episode_Reward/action_l2: -0.0190
             Episode_Reward/energy: -0.7780
   Episode_Reward/joint_pos_limits: -0.1453
      Episode_Termination/time_out: 0.2272
  Episode_Termination/torso_height: 0.5526
--------------------------------------------------------------------------------
                   Total timesteps: 294912
                    Iteration time: 0.33s
                      Time elapsed: 00:00:07
                               ETA: 00:03:27

################################################################################
                      [1m Learning iteration 18/500 [0m                       

                       Computation: 42399 steps/s (collection: 0.295s, learning 0.092s)
             Mean action noise std: 0.74
          Mean value_function loss: 0.0056
               Mean surrogate loss: -0.0083
                 Mean entropy loss: 9.0341
                       Mean reward: -5.69
               Mean episode length: 335.13
           Episode_Reward/progress: 0.0538
              Episode_Reward/alive: 0.2683
            Episode_Reward/upright: 0.0493
     Episode_Reward/move_to_target: 0.1354
          Episode_Reward/action_l2: -0.0181
             Episode_Reward/energy: -0.7555
   Episode_Reward/joint_pos_limits: -0.1401
      Episode_Termination/time_out: 0.2417
  Episode_Termination/torso_height: 0.5570
--------------------------------------------------------------------------------
                   Total timesteps: 311296
                    Iteration time: 0.39s
                      Time elapsed: 00:00:08
                               ETA: 00:03:26

################################################################################
                      [1m Learning iteration 19/500 [0m                       

                       Computation: 42038 steps/s (collection: 0.293s, learning 0.096s)
             Mean action noise std: 0.73
          Mean value_function loss: 0.0059
               Mean surrogate loss: -0.0100
                 Mean entropy loss: 8.9009
                       Mean reward: -5.62
               Mean episode length: 337.43
           Episode_Reward/progress: 0.0203
              Episode_Reward/alive: 0.1619
            Episode_Reward/upright: 0.0268
     Episode_Reward/move_to_target: 0.0603
          Episode_Reward/action_l2: -0.0111
             Episode_Reward/energy: -0.3976
   Episode_Reward/joint_pos_limits: -0.0962
      Episode_Termination/time_out: 0.2447
  Episode_Termination/torso_height: 0.5599
--------------------------------------------------------------------------------
                   Total timesteps: 327680
                    Iteration time: 0.39s
                      Time elapsed: 00:00:08
                               ETA: 00:03:24

################################################################################
                      [1m Learning iteration 20/500 [0m                       

                       Computation: 44839 steps/s (collection: 0.276s, learning 0.089s)
             Mean action noise std: 0.72
          Mean value_function loss: 0.0042
               Mean surrogate loss: -0.0085
                 Mean entropy loss: 8.7575
                       Mean reward: -5.86
               Mean episode length: 369.32
           Episode_Reward/progress: 0.0045
              Episode_Reward/alive: 0.3040
            Episode_Reward/upright: 0.0551
     Episode_Reward/move_to_target: 0.1701
          Episode_Reward/action_l2: -0.0215
             Episode_Reward/energy: -0.7920
   Episode_Reward/joint_pos_limits: -0.1775
      Episode_Termination/time_out: 0.2516
  Episode_Termination/torso_height: 0.5652
--------------------------------------------------------------------------------
                   Total timesteps: 344064
                    Iteration time: 0.37s
                      Time elapsed: 00:00:08
                               ETA: 00:03:22

################################################################################
                      [1m Learning iteration 21/500 [0m                       

                       Computation: 47973 steps/s (collection: 0.253s, learning 0.088s)
             Mean action noise std: 0.70
          Mean value_function loss: 0.0039
               Mean surrogate loss: -0.0069
                 Mean entropy loss: 8.6102
                       Mean reward: -6.39
               Mean episode length: 400.86
           Episode_Reward/progress: 0.0253
              Episode_Reward/alive: 0.3573
            Episode_Reward/upright: 0.0662
     Episode_Reward/move_to_target: -0.0488
          Episode_Reward/action_l2: -0.0250
             Episode_Reward/energy: -0.8729
   Episode_Reward/joint_pos_limits: -0.2219
      Episode_Termination/time_out: 0.2704
  Episode_Termination/torso_height: 0.5664
--------------------------------------------------------------------------------
                   Total timesteps: 360448
                    Iteration time: 0.34s
                      Time elapsed: 00:00:09
                               ETA: 00:03:20

################################################################################
                      [1m Learning iteration 22/500 [0m                       

                       Computation: 47386 steps/s (collection: 0.253s, learning 0.092s)
             Mean action noise std: 0.69
          Mean value_function loss: 0.0033
               Mean surrogate loss: -0.0086
                 Mean entropy loss: 8.4559
                       Mean reward: -7.13
               Mean episode length: 451.53
           Episode_Reward/progress: -0.0104
              Episode_Reward/alive: 0.3739
            Episode_Reward/upright: 0.0717
     Episode_Reward/move_to_target: 0.0094
          Episode_Reward/action_l2: -0.0260
             Episode_Reward/energy: -0.9161
   Episode_Reward/joint_pos_limits: -0.2258
      Episode_Termination/time_out: 0.2947
  Episode_Termination/torso_height: 0.5664
--------------------------------------------------------------------------------
                   Total timesteps: 376832
                    Iteration time: 0.35s
                      Time elapsed: 00:00:09
                               ETA: 00:03:18

################################################################################
                      [1m Learning iteration 23/500 [0m                       

                       Computation: 45162 steps/s (collection: 0.280s, learning 0.083s)
             Mean action noise std: 0.68
          Mean value_function loss: 0.0027
               Mean surrogate loss: -0.0063
                 Mean entropy loss: 8.3251
                       Mean reward: -7.73
               Mean episode length: 504.79
           Episode_Reward/progress: -0.0072
              Episode_Reward/alive: 0.3439
            Episode_Reward/upright: 0.0642
     Episode_Reward/move_to_target: 0.1431
          Episode_Reward/action_l2: -0.0236
             Episode_Reward/energy: -0.7521
   Episode_Reward/joint_pos_limits: -0.2218
      Episode_Termination/time_out: 0.3127
  Episode_Termination/torso_height: 0.5686
--------------------------------------------------------------------------------
                   Total timesteps: 393216
                    Iteration time: 0.36s
                      Time elapsed: 00:00:09
                               ETA: 00:03:17

################################################################################
                      [1m Learning iteration 24/500 [0m                       

                       Computation: 40585 steps/s (collection: 0.304s, learning 0.100s)
             Mean action noise std: 0.67
          Mean value_function loss: 0.0023
               Mean surrogate loss: -0.0073
                 Mean entropy loss: 8.1746
                       Mean reward: -8.23
               Mean episode length: 555.88
           Episode_Reward/progress: -0.0417
              Episode_Reward/alive: 0.3685
            Episode_Reward/upright: 0.0674
     Episode_Reward/move_to_target: 0.0971
          Episode_Reward/action_l2: -0.0250
             Episode_Reward/energy: -0.8212
   Episode_Reward/joint_pos_limits: -0.2435
      Episode_Termination/time_out: 0.3271
  Episode_Termination/torso_height: 0.5715
--------------------------------------------------------------------------------
                   Total timesteps: 409600
                    Iteration time: 0.40s
                      Time elapsed: 00:00:10
                               ETA: 00:03:16

################################################################################
                      [1m Learning iteration 25/500 [0m                       

                       Computation: 44787 steps/s (collection: 0.266s, learning 0.100s)
             Mean action noise std: 0.66
          Mean value_function loss: 0.0030
               Mean surrogate loss: -0.0036
                 Mean entropy loss: 8.0882
                       Mean reward: -8.38
               Mean episode length: 602.83
           Episode_Reward/progress: 0.0066
              Episode_Reward/alive: 0.3653
            Episode_Reward/upright: 0.0671
     Episode_Reward/move_to_target: 0.0785
          Episode_Reward/action_l2: -0.0255
             Episode_Reward/energy: -0.8158
   Episode_Reward/joint_pos_limits: -0.2449
      Episode_Termination/time_out: 0.3448
  Episode_Termination/torso_height: 0.5732
--------------------------------------------------------------------------------
                   Total timesteps: 425984
                    Iteration time: 0.37s
                      Time elapsed: 00:00:10
                               ETA: 00:03:15

################################################################################
                      [1m Learning iteration 26/500 [0m                       

                       Computation: 40338 steps/s (collection: 0.321s, learning 0.085s)
             Mean action noise std: 0.65
          Mean value_function loss: 0.0021
               Mean surrogate loss: -0.0077
                 Mean entropy loss: 7.9415
                       Mean reward: -8.28
               Mean episode length: 640.46
           Episode_Reward/progress: -0.0342
              Episode_Reward/alive: 0.3784
            Episode_Reward/upright: 0.0702
     Episode_Reward/move_to_target: 0.1164
          Episode_Reward/action_l2: -0.0258
             Episode_Reward/energy: -0.8243
   Episode_Reward/joint_pos_limits: -0.2528
      Episode_Termination/time_out: 0.3610
  Episode_Termination/torso_height: 0.5781
--------------------------------------------------------------------------------
                   Total timesteps: 442368
                    Iteration time: 0.41s
                      Time elapsed: 00:00:11
                               ETA: 00:03:14

################################################################################
                      [1m Learning iteration 27/500 [0m                       

                       Computation: 40904 steps/s (collection: 0.312s, learning 0.088s)
             Mean action noise std: 0.64
          Mean value_function loss: 0.0022
               Mean surrogate loss: -0.0060
                 Mean entropy loss: 7.8376
                       Mean reward: -8.22
               Mean episode length: 671.19
           Episode_Reward/progress: 0.0400
              Episode_Reward/alive: 0.4441
            Episode_Reward/upright: 0.0844
     Episode_Reward/move_to_target: 0.2070
          Episode_Reward/action_l2: -0.0308
             Episode_Reward/energy: -0.8874
   Episode_Reward/joint_pos_limits: -0.3199
      Episode_Termination/time_out: 0.3785
  Episode_Termination/torso_height: 0.5817
--------------------------------------------------------------------------------
                   Total timesteps: 458752
                    Iteration time: 0.40s
                      Time elapsed: 00:00:11
                               ETA: 00:03:14

################################################################################
                      [1m Learning iteration 28/500 [0m                       

                       Computation: 50824 steps/s (collection: 0.251s, learning 0.072s)
             Mean action noise std: 0.63
          Mean value_function loss: 0.0013
               Mean surrogate loss: -0.0044
                 Mean entropy loss: 7.7214
                       Mean reward: -8.34
               Mean episode length: 705.48
           Episode_Reward/progress: -0.0289
              Episode_Reward/alive: 0.4738
            Episode_Reward/upright: 0.0913
     Episode_Reward/move_to_target: 0.3203
          Episode_Reward/action_l2: -0.0343
             Episode_Reward/energy: -0.8966
   Episode_Reward/joint_pos_limits: -0.3596
      Episode_Termination/time_out: 0.3935
  Episode_Termination/torso_height: 0.5820
--------------------------------------------------------------------------------
                   Total timesteps: 475136
                    Iteration time: 0.32s
                      Time elapsed: 00:00:11
                               ETA: 00:03:12

################################################################################
                      [1m Learning iteration 29/500 [0m                       

                       Computation: 41199 steps/s (collection: 0.297s, learning 0.101s)
             Mean action noise std: 0.63
          Mean value_function loss: 0.0015
               Mean surrogate loss: -0.0061
                 Mean entropy loss: 7.6360
                       Mean reward: -8.74
               Mean episode length: 746.35
           Episode_Reward/progress: 0.0093
              Episode_Reward/alive: 0.4907
            Episode_Reward/upright: 0.0915
     Episode_Reward/move_to_target: 0.2223
          Episode_Reward/action_l2: -0.0332
             Episode_Reward/energy: -0.9570
   Episode_Reward/joint_pos_limits: -0.3529
      Episode_Termination/time_out: 0.4058
  Episode_Termination/torso_height: 0.5820
--------------------------------------------------------------------------------
                   Total timesteps: 491520
                    Iteration time: 0.40s
                      Time elapsed: 00:00:12
                               ETA: 00:03:11

################################################################################
                      [1m Learning iteration 30/500 [0m                       

                       Computation: 43817 steps/s (collection: 0.283s, learning 0.091s)
             Mean action noise std: 0.62
          Mean value_function loss: 0.0013
               Mean surrogate loss: -0.0049
                 Mean entropy loss: 7.5427
                       Mean reward: -8.44
               Mean episode length: 768.06
           Episode_Reward/progress: -0.0065
              Episode_Reward/alive: 0.4855
            Episode_Reward/upright: 0.0937
     Episode_Reward/move_to_target: 0.1061
          Episode_Reward/action_l2: -0.0335
             Episode_Reward/energy: -0.8639
   Episode_Reward/joint_pos_limits: -0.3688
      Episode_Termination/time_out: 0.4170
  Episode_Termination/torso_height: 0.5830
--------------------------------------------------------------------------------
                   Total timesteps: 507904
                    Iteration time: 0.37s
                      Time elapsed: 00:00:12
                               ETA: 00:03:11

################################################################################
                      [1m Learning iteration 31/500 [0m                       

                       Computation: 41578 steps/s (collection: 0.301s, learning 0.093s)
             Mean action noise std: 0.61
          Mean value_function loss: 0.0009
               Mean surrogate loss: -0.0064
                 Mean entropy loss: 7.4525
                       Mean reward: -7.45
               Mean episode length: 810.36
           Episode_Reward/progress: 0.0168
              Episode_Reward/alive: 0.4702
            Episode_Reward/upright: 0.0889
     Episode_Reward/move_to_target: 0.2210
          Episode_Reward/action_l2: -0.0325
             Episode_Reward/energy: -0.7545
   Episode_Reward/joint_pos_limits: -0.3814
      Episode_Termination/time_out: 0.4216
  Episode_Termination/torso_height: 0.5784
--------------------------------------------------------------------------------
                   Total timesteps: 524288
                    Iteration time: 0.39s
                      Time elapsed: 00:00:12
                               ETA: 00:03:10

################################################################################
                      [1m Learning iteration 32/500 [0m                       

                       Computation: 43123 steps/s (collection: 0.280s, learning 0.100s)
             Mean action noise std: 0.61
          Mean value_function loss: 0.0013
               Mean surrogate loss: -0.0080
                 Mean entropy loss: 7.3723
                       Mean reward: -6.29
               Mean episode length: 885.61
           Episode_Reward/progress: 0.0012
              Episode_Reward/alive: 0.4779
            Episode_Reward/upright: 0.0919
     Episode_Reward/move_to_target: 0.2780
          Episode_Reward/action_l2: -0.0329
             Episode_Reward/energy: -0.6975
   Episode_Reward/joint_pos_limits: -0.3963
      Episode_Termination/time_out: 0.4603
  Episode_Termination/torso_height: 0.5397
--------------------------------------------------------------------------------
                   Total timesteps: 540672
                    Iteration time: 0.38s
                      Time elapsed: 00:00:13
                               ETA: 00:03:09

################################################################################
                      [1m Learning iteration 33/500 [0m                       

                       Computation: 41018 steps/s (collection: 0.308s, learning 0.091s)
             Mean action noise std: 0.60
          Mean value_function loss: 0.0020
               Mean surrogate loss: -0.0077
                 Mean entropy loss: 7.2891
                       Mean reward: -5.31
               Mean episode length: 905.97
           Episode_Reward/progress: 0.0090
              Episode_Reward/alive: 0.4708
            Episode_Reward/upright: 0.0881
     Episode_Reward/move_to_target: 0.1763
          Episode_Reward/action_l2: -0.0320
             Episode_Reward/energy: -0.6435
   Episode_Reward/joint_pos_limits: -0.3971
      Episode_Termination/time_out: 0.5074
  Episode_Termination/torso_height: 0.4926
--------------------------------------------------------------------------------
                   Total timesteps: 557056
                    Iteration time: 0.40s
                      Time elapsed: 00:00:13
                               ETA: 00:03:09

################################################################################
                      [1m Learning iteration 34/500 [0m                       

                       Computation: 41583 steps/s (collection: 0.301s, learning 0.093s)
             Mean action noise std: 0.60
          Mean value_function loss: 0.0020
               Mean surrogate loss: -0.0093
                 Mean entropy loss: 7.2190
                       Mean reward: -4.14
               Mean episode length: 870.01
           Episode_Reward/progress: 0.0037
              Episode_Reward/alive: 0.4199
            Episode_Reward/upright: 0.0806
     Episode_Reward/move_to_target: 0.2032
          Episode_Reward/action_l2: -0.0282
             Episode_Reward/energy: -0.5200
   Episode_Reward/joint_pos_limits: -0.3646
      Episode_Termination/time_out: 0.5428
  Episode_Termination/torso_height: 0.4572
--------------------------------------------------------------------------------
                   Total timesteps: 573440
                    Iteration time: 0.39s
                      Time elapsed: 00:00:14
                               ETA: 00:03:08

################################################################################
                      [1m Learning iteration 35/500 [0m                       

                       Computation: 42814 steps/s (collection: 0.293s, learning 0.090s)
             Mean action noise std: 0.59
          Mean value_function loss: 0.0021
               Mean surrogate loss: -0.0078
                 Mean entropy loss: 7.1355
                       Mean reward: -3.28
               Mean episode length: 833.50
           Episode_Reward/progress: 0.0419
              Episode_Reward/alive: 0.4184
            Episode_Reward/upright: 0.0805
     Episode_Reward/move_to_target: 0.2400
          Episode_Reward/action_l2: -0.0292
             Episode_Reward/energy: -0.4428
   Episode_Reward/joint_pos_limits: -0.3866
      Episode_Termination/time_out: 0.5842
  Episode_Termination/torso_height: 0.4158
--------------------------------------------------------------------------------
                   Total timesteps: 589824
                    Iteration time: 0.38s
                      Time elapsed: 00:00:14
                               ETA: 00:03:07

################################################################################
                      [1m Learning iteration 36/500 [0m                       

                       Computation: 40036 steps/s (collection: 0.284s, learning 0.126s)
             Mean action noise std: 0.58
          Mean value_function loss: 0.0022
               Mean surrogate loss: -0.0018
                 Mean entropy loss: 7.0426
                       Mean reward: -1.93
               Mean episode length: 842.74
           Episode_Reward/progress: 0.0239
              Episode_Reward/alive: 0.4233
            Episode_Reward/upright: 0.0813
     Episode_Reward/move_to_target: 0.2549
          Episode_Reward/action_l2: -0.0277
             Episode_Reward/energy: -0.4450
   Episode_Reward/joint_pos_limits: -0.3818
      Episode_Termination/time_out: 0.6234
  Episode_Termination/torso_height: 0.3766
--------------------------------------------------------------------------------
                   Total timesteps: 606208
                    Iteration time: 0.41s
                      Time elapsed: 00:00:14
                               ETA: 00:03:07

################################################################################
                      [1m Learning iteration 37/500 [0m                       

                       Computation: 44608 steps/s (collection: 0.281s, learning 0.086s)
             Mean action noise std: 0.58
          Mean value_function loss: 0.0026
               Mean surrogate loss: -0.0060
                 Mean entropy loss: 7.0215
                       Mean reward: -0.82
               Mean episode length: 860.86
           Episode_Reward/progress: 0.0268
              Episode_Reward/alive: 0.4684
            Episode_Reward/upright: 0.0906
     Episode_Reward/move_to_target: 0.3522
          Episode_Reward/action_l2: -0.0305
             Episode_Reward/energy: -0.4311
   Episode_Reward/joint_pos_limits: -0.4380
      Episode_Termination/time_out: 0.6640
  Episode_Termination/torso_height: 0.3360
--------------------------------------------------------------------------------
                   Total timesteps: 622592
                    Iteration time: 0.37s
                      Time elapsed: 00:00:15
                               ETA: 00:03:06

################################################################################
                      [1m Learning iteration 38/500 [0m                       

                       Computation: 40426 steps/s (collection: 0.307s, learning 0.098s)
             Mean action noise std: 0.58
          Mean value_function loss: 0.0029
               Mean surrogate loss: -0.0085
                 Mean entropy loss: 6.9747
                       Mean reward: 0.72
               Mean episode length: 881.22
           Episode_Reward/progress: 0.0567
              Episode_Reward/alive: 0.4759
            Episode_Reward/upright: 0.0918
     Episode_Reward/move_to_target: 0.3938
          Episode_Reward/action_l2: -0.0309
             Episode_Reward/energy: -0.4044
   Episode_Reward/joint_pos_limits: -0.4549
      Episode_Termination/time_out: 0.7138
  Episode_Termination/torso_height: 0.2862
--------------------------------------------------------------------------------
                   Total timesteps: 638976
                    Iteration time: 0.41s
                      Time elapsed: 00:00:15
                               ETA: 00:03:06

################################################################################
                      [1m Learning iteration 39/500 [0m                       

                       Computation: 41752 steps/s (collection: 0.297s, learning 0.096s)
             Mean action noise std: 0.57
          Mean value_function loss: 0.0032
               Mean surrogate loss: -0.0086
                 Mean entropy loss: 6.8962
                       Mean reward: 1.11
               Mean episode length: 863.66
           Episode_Reward/progress: 0.0148
              Episode_Reward/alive: 0.3570
            Episode_Reward/upright: 0.0680
     Episode_Reward/move_to_target: 0.2532
          Episode_Reward/action_l2: -0.0242
             Episode_Reward/energy: -0.2606
   Episode_Reward/joint_pos_limits: -0.3551
      Episode_Termination/time_out: 0.7474
  Episode_Termination/torso_height: 0.2526
--------------------------------------------------------------------------------
                   Total timesteps: 655360
                    Iteration time: 0.39s
                      Time elapsed: 00:00:16
                               ETA: 00:03:05

################################################################################
                      [1m Learning iteration 40/500 [0m                       

                       Computation: 41025 steps/s (collection: 0.308s, learning 0.092s)
             Mean action noise std: 0.57
          Mean value_function loss: 0.0027
               Mean surrogate loss: -0.0084
                 Mean entropy loss: 6.8443
                       Mean reward: 1.79
               Mean episode length: 808.94
           Episode_Reward/progress: 0.0268
              Episode_Reward/alive: 0.3614
            Episode_Reward/upright: 0.0697
     Episode_Reward/move_to_target: 0.2792
          Episode_Reward/action_l2: -0.0237
             Episode_Reward/energy: -0.2395
   Episode_Reward/joint_pos_limits: -0.3635
      Episode_Termination/time_out: 0.7704
  Episode_Termination/torso_height: 0.2296
--------------------------------------------------------------------------------
                   Total timesteps: 671744
                    Iteration time: 0.40s
                      Time elapsed: 00:00:16
                               ETA: 00:03:05

################################################################################
                      [1m Learning iteration 41/500 [0m                       

                       Computation: 45781 steps/s (collection: 0.269s, learning 0.089s)
             Mean action noise std: 0.56
          Mean value_function loss: 0.0021
               Mean surrogate loss: -0.0087
                 Mean entropy loss: 6.7924
                       Mean reward: 2.18
               Mean episode length: 800.10
           Episode_Reward/progress: 0.0440
              Episode_Reward/alive: 0.4856
            Episode_Reward/upright: 0.0945
     Episode_Reward/move_to_target: 0.4503
          Episode_Reward/action_l2: -0.0314
             Episode_Reward/energy: -0.3165
   Episode_Reward/joint_pos_limits: -0.4916
      Episode_Termination/time_out: 0.8011
  Episode_Termination/torso_height: 0.1989
--------------------------------------------------------------------------------
                   Total timesteps: 688128
                    Iteration time: 0.36s
                      Time elapsed: 00:00:16
                               ETA: 00:03:04

################################################################################
                      [1m Learning iteration 42/500 [0m                       

                       Computation: 43068 steps/s (collection: 0.289s, learning 0.091s)
             Mean action noise std: 0.56
          Mean value_function loss: 0.0024
               Mean surrogate loss: -0.0109
                 Mean entropy loss: 6.7308
                       Mean reward: 2.67
               Mean episode length: 825.42
           Episode_Reward/progress: 0.0246
              Episode_Reward/alive: 0.4850
            Episode_Reward/upright: 0.0964
     Episode_Reward/move_to_target: 0.4154
          Episode_Reward/action_l2: -0.0332
             Episode_Reward/energy: -0.2321
   Episode_Reward/joint_pos_limits: -0.5206
      Episode_Termination/time_out: 0.8250
  Episode_Termination/torso_height: 0.1750
--------------------------------------------------------------------------------
                   Total timesteps: 704512
                    Iteration time: 0.38s
                      Time elapsed: 00:00:17
                               ETA: 00:03:03

################################################################################
                      [1m Learning iteration 43/500 [0m                       

                       Computation: 44795 steps/s (collection: 0.274s, learning 0.092s)
             Mean action noise std: 0.56
          Mean value_function loss: 0.0023
               Mean surrogate loss: -0.0112
                 Mean entropy loss: 6.6895
                       Mean reward: 2.96
               Mean episode length: 816.43
           Episode_Reward/progress: 0.0177
              Episode_Reward/alive: 0.3245
            Episode_Reward/upright: 0.0623
     Episode_Reward/move_to_target: 0.1993
          Episode_Reward/action_l2: -0.0219
             Episode_Reward/energy: -0.1568
   Episode_Reward/joint_pos_limits: -0.3473
      Episode_Termination/time_out: 0.8364
  Episode_Termination/torso_height: 0.1636
--------------------------------------------------------------------------------
                   Total timesteps: 720896
                    Iteration time: 0.37s
                      Time elapsed: 00:00:17
                               ETA: 00:03:03

################################################################################
                      [1m Learning iteration 44/500 [0m                       

                       Computation: 46544 steps/s (collection: 0.263s, learning 0.089s)
             Mean action noise std: 0.55
          Mean value_function loss: 0.0017
               Mean surrogate loss: -0.0117
                 Mean entropy loss: 6.6339
                       Mean reward: 3.24
               Mean episode length: 798.18
           Episode_Reward/progress: 0.0305
              Episode_Reward/alive: 0.3245
            Episode_Reward/upright: 0.0628
     Episode_Reward/move_to_target: 0.3162
          Episode_Reward/action_l2: -0.0201
             Episode_Reward/energy: -0.1515
   Episode_Reward/joint_pos_limits: -0.3440
      Episode_Termination/time_out: 0.8408
  Episode_Termination/torso_height: 0.1592
--------------------------------------------------------------------------------
                   Total timesteps: 737280
                    Iteration time: 0.35s
                      Time elapsed: 00:00:17
                               ETA: 00:03:02

################################################################################
                      [1m Learning iteration 45/500 [0m                       

                       Computation: 45402 steps/s (collection: 0.267s, learning 0.094s)
             Mean action noise std: 0.55
          Mean value_function loss: 0.0018
               Mean surrogate loss: -0.0101
                 Mean entropy loss: 6.5555
                       Mean reward: 3.67
               Mean episode length: 815.95
           Episode_Reward/progress: 0.0304
              Episode_Reward/alive: 0.4488
            Episode_Reward/upright: 0.0883
     Episode_Reward/move_to_target: 0.4210
          Episode_Reward/action_l2: -0.0293
             Episode_Reward/energy: -0.1691
   Episode_Reward/joint_pos_limits: -0.4958
      Episode_Termination/time_out: 0.8495
  Episode_Termination/torso_height: 0.1505
--------------------------------------------------------------------------------
                   Total timesteps: 753664
                    Iteration time: 0.36s
                      Time elapsed: 00:00:18
                               ETA: 00:03:01

################################################################################
                      [1m Learning iteration 46/500 [0m                       

                       Computation: 47537 steps/s (collection: 0.255s, learning 0.090s)
             Mean action noise std: 0.55
          Mean value_function loss: 0.0021
               Mean surrogate loss: -0.0112
                 Mean entropy loss: 6.5117
                       Mean reward: 3.79
               Mean episode length: 806.60
           Episode_Reward/progress: 0.0249
              Episode_Reward/alive: 0.4096
            Episode_Reward/upright: 0.0812
     Episode_Reward/move_to_target: 0.4068
          Episode_Reward/action_l2: -0.0252
             Episode_Reward/energy: -0.1580
   Episode_Reward/joint_pos_limits: -0.4485
      Episode_Termination/time_out: 0.8593
  Episode_Termination/torso_height: 0.1407
--------------------------------------------------------------------------------
                   Total timesteps: 770048
                    Iteration time: 0.34s
                      Time elapsed: 00:00:18
                               ETA: 00:03:00

################################################################################
                      [1m Learning iteration 47/500 [0m                       

                       Computation: 46737 steps/s (collection: 0.258s, learning 0.092s)
             Mean action noise std: 0.54
          Mean value_function loss: 0.0018
               Mean surrogate loss: -0.0083
                 Mean entropy loss: 6.4523
                       Mean reward: 3.90
               Mean episode length: 788.57
           Episode_Reward/progress: 0.0128
              Episode_Reward/alive: 0.2969
            Episode_Reward/upright: 0.0562
     Episode_Reward/move_to_target: 0.2885
          Episode_Reward/action_l2: -0.0188
             Episode_Reward/energy: -0.1132
   Episode_Reward/joint_pos_limits: -0.3263
      Episode_Termination/time_out: 0.8563
  Episode_Termination/torso_height: 0.1437
--------------------------------------------------------------------------------
                   Total timesteps: 786432
                    Iteration time: 0.35s
                      Time elapsed: 00:00:19
                               ETA: 00:02:59

################################################################################
                      [1m Learning iteration 48/500 [0m                       

                       Computation: 43900 steps/s (collection: 0.274s, learning 0.100s)
             Mean action noise std: 0.54
          Mean value_function loss: 0.0017
               Mean surrogate loss: -0.0086
                 Mean entropy loss: 6.3944
                       Mean reward: 4.01
               Mean episode length: 779.79
           Episode_Reward/progress: 0.0431
              Episode_Reward/alive: 0.4571
            Episode_Reward/upright: 0.0905
     Episode_Reward/move_to_target: 0.4551
          Episode_Reward/action_l2: -0.0285
             Episode_Reward/energy: -0.1534
   Episode_Reward/joint_pos_limits: -0.5102
      Episode_Termination/time_out: 0.8594
  Episode_Termination/torso_height: 0.1406
--------------------------------------------------------------------------------
                   Total timesteps: 802816
                    Iteration time: 0.37s
                      Time elapsed: 00:00:19
                               ETA: 00:02:59

################################################################################
                      [1m Learning iteration 49/500 [0m                       

                       Computation: 43496 steps/s (collection: 0.281s, learning 0.096s)
             Mean action noise std: 0.53
          Mean value_function loss: 0.0021
               Mean surrogate loss: -0.0092
                 Mean entropy loss: 6.3338
                       Mean reward: 4.06
               Mean episode length: 761.96
           Episode_Reward/progress: 0.0675
              Episode_Reward/alive: 0.3113
            Episode_Reward/upright: 0.0590
     Episode_Reward/move_to_target: 0.2985
          Episode_Reward/action_l2: -0.0183
             Episode_Reward/energy: -0.1364
   Episode_Reward/joint_pos_limits: -0.3305
      Episode_Termination/time_out: 0.8648
  Episode_Termination/torso_height: 0.1352
--------------------------------------------------------------------------------
                   Total timesteps: 819200
                    Iteration time: 0.38s
                      Time elapsed: 00:00:19
                               ETA: 00:02:58

################################################################################
                      [1m Learning iteration 50/500 [0m                       

                       Computation: 42538 steps/s (collection: 0.294s, learning 0.091s)
             Mean action noise std: 0.53
          Mean value_function loss: 0.0016
               Mean surrogate loss: -0.0074
                 Mean entropy loss: 6.2668
                       Mean reward: 4.33
               Mean episode length: 761.96
           Episode_Reward/progress: 0.0817
              Episode_Reward/alive: 0.5000
            Episode_Reward/upright: 0.0988
     Episode_Reward/move_to_target: 0.4972
          Episode_Reward/action_l2: -0.0300
             Episode_Reward/energy: -0.1788
   Episode_Reward/joint_pos_limits: -0.5454
      Episode_Termination/time_out: 0.8715
  Episode_Termination/torso_height: 0.1285
--------------------------------------------------------------------------------
                   Total timesteps: 835584
                    Iteration time: 0.39s
                      Time elapsed: 00:00:20
                               ETA: 00:02:57

################################################################################
                      [1m Learning iteration 51/500 [0m                       

                       Computation: 48458 steps/s (collection: 0.271s, learning 0.067s)
             Mean action noise std: 0.53
          Mean value_function loss: 0.0022
               Mean surrogate loss: -0.0076
                 Mean entropy loss: 6.2150
                       Mean reward: 4.57
               Mean episode length: 768.18
           Episode_Reward/progress: 0.0427
              Episode_Reward/alive: 0.4330
            Episode_Reward/upright: 0.0846
     Episode_Reward/move_to_target: 0.4286
          Episode_Reward/action_l2: -0.0267
             Episode_Reward/energy: -0.1411
   Episode_Reward/joint_pos_limits: -0.4863
      Episode_Termination/time_out: 0.8712
  Episode_Termination/torso_height: 0.1288
--------------------------------------------------------------------------------
                   Total timesteps: 851968
                    Iteration time: 0.34s
                      Time elapsed: 00:00:20
                               ETA: 00:02:57

################################################################################
                      [1m Learning iteration 52/500 [0m                       

                       Computation: 48808 steps/s (collection: 0.249s, learning 0.086s)
             Mean action noise std: 0.52
          Mean value_function loss: 0.0020
               Mean surrogate loss: -0.0092
                 Mean entropy loss: 6.1374
                       Mean reward: 4.88
               Mean episode length: 786.25
           Episode_Reward/progress: 0.0655
              Episode_Reward/alive: 0.4958
            Episode_Reward/upright: 0.0987
     Episode_Reward/move_to_target: 0.4734
          Episode_Reward/action_l2: -0.0307
             Episode_Reward/energy: -0.1512
   Episode_Reward/joint_pos_limits: -0.5531
      Episode_Termination/time_out: 0.8672
  Episode_Termination/torso_height: 0.1328
--------------------------------------------------------------------------------
                   Total timesteps: 868352
                    Iteration time: 0.34s
                      Time elapsed: 00:00:20
                               ETA: 00:02:56

################################################################################
                      [1m Learning iteration 53/500 [0m                       

                       Computation: 50159 steps/s (collection: 0.254s, learning 0.073s)
             Mean action noise std: 0.52
          Mean value_function loss: 0.0025
               Mean surrogate loss: -0.0091
                 Mean entropy loss: 6.0738
                       Mean reward: 5.36
               Mean episode length: 831.68
           Episode_Reward/progress: 0.0754
              Episode_Reward/alive: 0.4857
            Episode_Reward/upright: 0.0968
     Episode_Reward/move_to_target: 0.4813
          Episode_Reward/action_l2: -0.0294
             Episode_Reward/energy: -0.1396
   Episode_Reward/joint_pos_limits: -0.5471
      Episode_Termination/time_out: 0.8693
  Episode_Termination/torso_height: 0.1307
--------------------------------------------------------------------------------
                   Total timesteps: 884736
                    Iteration time: 0.33s
                      Time elapsed: 00:00:21
                               ETA: 00:02:55

################################################################################
                      [1m Learning iteration 54/500 [0m                       

                       Computation: 47559 steps/s (collection: 0.256s, learning 0.089s)
             Mean action noise std: 0.51
          Mean value_function loss: 0.0027
               Mean surrogate loss: -0.0065
                 Mean entropy loss: 5.9996
                       Mean reward: 5.61
               Mean episode length: 832.66
           Episode_Reward/progress: 0.0806
              Episode_Reward/alive: 0.4584
            Episode_Reward/upright: 0.0908
     Episode_Reward/move_to_target: 0.4513
          Episode_Reward/action_l2: -0.0272
             Episode_Reward/energy: -0.1338
   Episode_Reward/joint_pos_limits: -0.5125
      Episode_Termination/time_out: 0.8716
  Episode_Termination/torso_height: 0.1284
--------------------------------------------------------------------------------
                   Total timesteps: 901120
                    Iteration time: 0.34s
                      Time elapsed: 00:00:21
                               ETA: 00:02:54

################################################################################
                      [1m Learning iteration 55/500 [0m                       

                       Computation: 47696 steps/s (collection: 0.256s, learning 0.088s)
             Mean action noise std: 0.51
          Mean value_function loss: 0.0035
               Mean surrogate loss: -0.0092
                 Mean entropy loss: 5.9225
                       Mean reward: 5.79
               Mean episode length: 841.96
           Episode_Reward/progress: 0.0733
              Episode_Reward/alive: 0.5000
            Episode_Reward/upright: 0.0999
     Episode_Reward/move_to_target: 0.4917
          Episode_Reward/action_l2: -0.0296
             Episode_Reward/energy: -0.1437
   Episode_Reward/joint_pos_limits: -0.5563
      Episode_Termination/time_out: 0.8701
  Episode_Termination/torso_height: 0.1299
--------------------------------------------------------------------------------
                   Total timesteps: 917504
                    Iteration time: 0.34s
                      Time elapsed: 00:00:21
                               ETA: 00:02:53

################################################################################
                      [1m Learning iteration 56/500 [0m                       

                       Computation: 49213 steps/s (collection: 0.258s, learning 0.075s)
             Mean action noise std: 0.50
          Mean value_function loss: 0.0033
               Mean surrogate loss: -0.0054
                 Mean entropy loss: 5.8566
                       Mean reward: 6.21
               Mean episode length: 877.83
           Episode_Reward/progress: 0.0738
              Episode_Reward/alive: 0.5000
            Episode_Reward/upright: 0.0997
     Episode_Reward/move_to_target: 0.4908
          Episode_Reward/action_l2: -0.0289
             Episode_Reward/energy: -0.1402
   Episode_Reward/joint_pos_limits: -0.5592
      Episode_Termination/time_out: 0.8749
  Episode_Termination/torso_height: 0.1251
--------------------------------------------------------------------------------
                   Total timesteps: 933888
                    Iteration time: 0.33s
                      Time elapsed: 00:00:22
                               ETA: 00:02:52

################################################################################
                      [1m Learning iteration 57/500 [0m                       

                       Computation: 48518 steps/s (collection: 0.268s, learning 0.070s)
             Mean action noise std: 0.50
          Mean value_function loss: 0.0045
               Mean surrogate loss: -0.0067
                 Mean entropy loss: 5.8055
                       Mean reward: 6.35
               Mean episode length: 886.44
           Episode_Reward/progress: 0.0687
              Episode_Reward/alive: 0.4412
            Episode_Reward/upright: 0.0875
     Episode_Reward/move_to_target: 0.4303
          Episode_Reward/action_l2: -0.0255
             Episode_Reward/energy: -0.1277
   Episode_Reward/joint_pos_limits: -0.4855
      Episode_Termination/time_out: 0.8767
  Episode_Termination/torso_height: 0.1233
--------------------------------------------------------------------------------
                   Total timesteps: 950272
                    Iteration time: 0.34s
                      Time elapsed: 00:00:22
                               ETA: 00:02:52

################################################################################
                      [1m Learning iteration 58/500 [0m                       

                       Computation: 45823 steps/s (collection: 0.266s, learning 0.092s)
             Mean action noise std: 0.49
          Mean value_function loss: 0.0052
               Mean surrogate loss: -0.0078
                 Mean entropy loss: 5.7122
                       Mean reward: 6.45
               Mean episode length: 887.10
           Episode_Reward/progress: 0.1425
              Episode_Reward/alive: 0.4059
            Episode_Reward/upright: 0.0799
     Episode_Reward/move_to_target: 0.3896
          Episode_Reward/action_l2: -0.0227
             Episode_Reward/energy: -0.1429
   Episode_Reward/joint_pos_limits: -0.4385
      Episode_Termination/time_out: 0.8750
  Episode_Termination/torso_height: 0.1250
--------------------------------------------------------------------------------
                   Total timesteps: 966656
                    Iteration time: 0.36s
                      Time elapsed: 00:00:22
                               ETA: 00:02:51

################################################################################
                      [1m Learning iteration 59/500 [0m                       

                       Computation: 47427 steps/s (collection: 0.256s, learning 0.089s)
             Mean action noise std: 0.49
          Mean value_function loss: 0.0051
               Mean surrogate loss: -0.0072
                 Mean entropy loss: 5.6432
                       Mean reward: 6.43
               Mean episode length: 875.85
           Episode_Reward/progress: 0.1086
              Episode_Reward/alive: 0.4411
            Episode_Reward/upright: 0.0870
     Episode_Reward/move_to_target: 0.4165
          Episode_Reward/action_l2: -0.0254
             Episode_Reward/energy: -0.1355
   Episode_Reward/joint_pos_limits: -0.4864
      Episode_Termination/time_out: 0.8694
  Episode_Termination/torso_height: 0.1306
--------------------------------------------------------------------------------
                   Total timesteps: 983040
                    Iteration time: 0.35s
                      Time elapsed: 00:00:23
                               ETA: 00:02:50

################################################################################
                      [1m Learning iteration 60/500 [0m                       

                       Computation: 38788 steps/s (collection: 0.321s, learning 0.102s)
             Mean action noise std: 0.49
          Mean value_function loss: 0.0053
               Mean surrogate loss: -0.0079
                 Mean entropy loss: 5.5886
                       Mean reward: 6.50
               Mean episode length: 870.03
           Episode_Reward/progress: 0.1452
              Episode_Reward/alive: 0.3775
            Episode_Reward/upright: 0.0737
     Episode_Reward/move_to_target: 0.3525
          Episode_Reward/action_l2: -0.0211
             Episode_Reward/energy: -0.1374
   Episode_Reward/joint_pos_limits: -0.4003
      Episode_Termination/time_out: 0.8676
  Episode_Termination/torso_height: 0.1324
--------------------------------------------------------------------------------
                   Total timesteps: 999424
                    Iteration time: 0.42s
                      Time elapsed: 00:00:23
                               ETA: 00:02:50

################################################################################
                      [1m Learning iteration 61/500 [0m                       

                       Computation: 37721 steps/s (collection: 0.331s, learning 0.103s)
             Mean action noise std: 0.48
          Mean value_function loss: 0.0056
               Mean surrogate loss: -0.0072
                 Mean entropy loss: 5.5383
                       Mean reward: 6.60
               Mean episode length: 860.34
           Episode_Reward/progress: 0.0972
              Episode_Reward/alive: 0.4842
            Episode_Reward/upright: 0.0962
     Episode_Reward/move_to_target: 0.4591
          Episode_Reward/action_l2: -0.0273
             Episode_Reward/energy: -0.1347
   Episode_Reward/joint_pos_limits: -0.5340
      Episode_Termination/time_out: 0.8669
  Episode_Termination/torso_height: 0.1331
--------------------------------------------------------------------------------
                   Total timesteps: 1015808
                    Iteration time: 0.43s
                      Time elapsed: 00:00:24
                               ETA: 00:02:50

################################################################################
                      [1m Learning iteration 62/500 [0m                       

                       Computation: 38880 steps/s (collection: 0.330s, learning 0.091s)
             Mean action noise std: 0.48
          Mean value_function loss: 0.0059
               Mean surrogate loss: -0.0104
                 Mean entropy loss: 5.4684
                       Mean reward: 6.89
               Mean episode length: 877.18
           Episode_Reward/progress: 0.1439
              Episode_Reward/alive: 0.4854
            Episode_Reward/upright: 0.0963
     Episode_Reward/move_to_target: 0.4606
          Episode_Reward/action_l2: -0.0268
             Episode_Reward/energy: -0.1589
   Episode_Reward/joint_pos_limits: -0.5200
      Episode_Termination/time_out: 0.8646
  Episode_Termination/torso_height: 0.1354
--------------------------------------------------------------------------------
                   Total timesteps: 1032192
                    Iteration time: 0.42s
                      Time elapsed: 00:00:24
                               ETA: 00:02:50

################################################################################
                      [1m Learning iteration 63/500 [0m                       

                       Computation: 37478 steps/s (collection: 0.352s, learning 0.085s)
             Mean action noise std: 0.48
          Mean value_function loss: 0.0137
               Mean surrogate loss: -0.0076
                 Mean entropy loss: 5.3968
                       Mean reward: 6.77
               Mean episode length: 856.28
           Episode_Reward/progress: 0.1365
              Episode_Reward/alive: 0.4004
            Episode_Reward/upright: 0.0784
     Episode_Reward/move_to_target: 0.3673
          Episode_Reward/action_l2: -0.0221
             Episode_Reward/energy: -0.1394
   Episode_Reward/joint_pos_limits: -0.4244
      Episode_Termination/time_out: 0.8608
  Episode_Termination/torso_height: 0.1392
--------------------------------------------------------------------------------
                   Total timesteps: 1048576
                    Iteration time: 0.44s
                      Time elapsed: 00:00:24
                               ETA: 00:02:50

################################################################################
                      [1m Learning iteration 64/500 [0m                       

                       Computation: 37455 steps/s (collection: 0.353s, learning 0.084s)
             Mean action noise std: 0.47
          Mean value_function loss: 0.0149
               Mean surrogate loss: -0.0056
                 Mean entropy loss: 5.3446
                       Mean reward: 6.62
               Mean episode length: 844.58
           Episode_Reward/progress: 0.0812
              Episode_Reward/alive: 0.4256
            Episode_Reward/upright: 0.0842
     Episode_Reward/move_to_target: 0.3927
          Episode_Reward/action_l2: -0.0240
             Episode_Reward/energy: -0.1190
   Episode_Reward/joint_pos_limits: -0.4619
      Episode_Termination/time_out: 0.8572
  Episode_Termination/torso_height: 0.1428
--------------------------------------------------------------------------------
                   Total timesteps: 1064960
                    Iteration time: 0.44s
                      Time elapsed: 00:00:25
                               ETA: 00:02:50

################################################################################
                      [1m Learning iteration 65/500 [0m                       

                       Computation: 37062 steps/s (collection: 0.338s, learning 0.104s)
             Mean action noise std: 0.47
          Mean value_function loss: 0.0114
               Mean surrogate loss: -0.0058
                 Mean entropy loss: 5.2813
                       Mean reward: 6.07
               Mean episode length: 808.18
           Episode_Reward/progress: 0.0948
              Episode_Reward/alive: 0.4499
            Episode_Reward/upright: 0.0892
     Episode_Reward/move_to_target: 0.4008
          Episode_Reward/action_l2: -0.0256
             Episode_Reward/energy: -0.1240
   Episode_Reward/joint_pos_limits: -0.4878
      Episode_Termination/time_out: 0.8569
  Episode_Termination/torso_height: 0.1431
--------------------------------------------------------------------------------
                   Total timesteps: 1081344
                    Iteration time: 0.44s
                      Time elapsed: 00:00:25
                               ETA: 00:02:50

################################################################################
                      [1m Learning iteration 66/500 [0m                       

                       Computation: 35687 steps/s (collection: 0.377s, learning 0.082s)
             Mean action noise std: 0.47
          Mean value_function loss: 0.0138
               Mean surrogate loss: -0.0067
                 Mean entropy loss: 5.2242
                       Mean reward: 5.92
               Mean episode length: 800.87
           Episode_Reward/progress: 0.1232
              Episode_Reward/alive: 0.3969
            Episode_Reward/upright: 0.0779
     Episode_Reward/move_to_target: 0.3514
          Episode_Reward/action_l2: -0.0217
             Episode_Reward/energy: -0.1265
   Episode_Reward/joint_pos_limits: -0.4246
      Episode_Termination/time_out: 0.8506
  Episode_Termination/torso_height: 0.1494
--------------------------------------------------------------------------------
                   Total timesteps: 1097728
                    Iteration time: 0.46s
                      Time elapsed: 00:00:26
                               ETA: 00:02:50

################################################################################
                      [1m Learning iteration 67/500 [0m                       

                       Computation: 38442 steps/s (collection: 0.329s, learning 0.097s)
             Mean action noise std: 0.46
          Mean value_function loss: 0.0144
               Mean surrogate loss: -0.0070
                 Mean entropy loss: 5.1909
                       Mean reward: 5.80
               Mean episode length: 762.61
           Episode_Reward/progress: 0.1204
              Episode_Reward/alive: 0.4223
            Episode_Reward/upright: 0.0832
     Episode_Reward/move_to_target: 0.3670
          Episode_Reward/action_l2: -0.0237
             Episode_Reward/energy: -0.1312
   Episode_Reward/joint_pos_limits: -0.4496
      Episode_Termination/time_out: 0.8429
  Episode_Termination/torso_height: 0.1571
--------------------------------------------------------------------------------
                   Total timesteps: 1114112
                    Iteration time: 0.43s
                      Time elapsed: 00:00:26
                               ETA: 00:02:50

################################################################################
                      [1m Learning iteration 68/500 [0m                       

                       Computation: 40875 steps/s (collection: 0.312s, learning 0.089s)
             Mean action noise std: 0.46
          Mean value_function loss: 0.0194
               Mean surrogate loss: -0.0073
                 Mean entropy loss: 5.1499
                       Mean reward: 6.45
               Mean episode length: 788.37
           Episode_Reward/progress: 0.2887
              Episode_Reward/alive: 0.4656
            Episode_Reward/upright: 0.0914
     Episode_Reward/move_to_target: 0.4286
          Episode_Reward/action_l2: -0.0240
             Episode_Reward/energy: -0.2015
   Episode_Reward/joint_pos_limits: -0.4657
      Episode_Termination/time_out: 0.8427
  Episode_Termination/torso_height: 0.1573
--------------------------------------------------------------------------------
                   Total timesteps: 1130496
                    Iteration time: 0.40s
                      Time elapsed: 00:00:27
                               ETA: 00:02:49

################################################################################
                      [1m Learning iteration 69/500 [0m                       

                       Computation: 43807 steps/s (collection: 0.285s, learning 0.089s)
             Mean action noise std: 0.46
          Mean value_function loss: 0.0194
               Mean surrogate loss: -0.0086
                 Mean entropy loss: 5.1025
                       Mean reward: 6.98
               Mean episode length: 806.25
           Episode_Reward/progress: 0.2287
              Episode_Reward/alive: 0.4133
            Episode_Reward/upright: 0.0816
     Episode_Reward/move_to_target: 0.3380
          Episode_Reward/action_l2: -0.0226
             Episode_Reward/energy: -0.1749
   Episode_Reward/joint_pos_limits: -0.4114
      Episode_Termination/time_out: 0.8391
  Episode_Termination/torso_height: 0.1609
--------------------------------------------------------------------------------
                   Total timesteps: 1146880
                    Iteration time: 0.37s
                      Time elapsed: 00:00:27
                               ETA: 00:02:49

################################################################################
                      [1m Learning iteration 70/500 [0m                       

                       Computation: 42381 steps/s (collection: 0.287s, learning 0.100s)
             Mean action noise std: 0.46
          Mean value_function loss: 0.0214
               Mean surrogate loss: -0.0057
                 Mean entropy loss: 5.0666
                       Mean reward: 7.58
               Mean episode length: 796.37
           Episode_Reward/progress: 0.2378
              Episode_Reward/alive: 0.4298
            Episode_Reward/upright: 0.0847
     Episode_Reward/move_to_target: 0.3790
          Episode_Reward/action_l2: -0.0229
             Episode_Reward/energy: -0.1777
   Episode_Reward/joint_pos_limits: -0.4332
      Episode_Termination/time_out: 0.8395
  Episode_Termination/torso_height: 0.1605
--------------------------------------------------------------------------------
                   Total timesteps: 1163264
                    Iteration time: 0.39s
                      Time elapsed: 00:00:27
                               ETA: 00:02:48

################################################################################
                      [1m Learning iteration 71/500 [0m                       

                       Computation: 41164 steps/s (collection: 0.302s, learning 0.096s)
             Mean action noise std: 0.45
          Mean value_function loss: 0.0241
               Mean surrogate loss: -0.0064
                 Mean entropy loss: 5.0290
                       Mean reward: 7.08
               Mean episode length: 768.67
           Episode_Reward/progress: 0.1748
              Episode_Reward/alive: 0.3848
            Episode_Reward/upright: 0.0754
     Episode_Reward/move_to_target: 0.3288
          Episode_Reward/action_l2: -0.0209
             Episode_Reward/energy: -0.1441
   Episode_Reward/joint_pos_limits: -0.3947
      Episode_Termination/time_out: 0.8390
  Episode_Termination/torso_height: 0.1610
--------------------------------------------------------------------------------
                   Total timesteps: 1179648
                    Iteration time: 0.40s
                      Time elapsed: 00:00:28
                               ETA: 00:02:48

################################################################################
                      [1m Learning iteration 72/500 [0m                       

                       Computation: 42834 steps/s (collection: 0.299s, learning 0.083s)
             Mean action noise std: 0.45
          Mean value_function loss: 0.0210
               Mean surrogate loss: -0.0104
                 Mean entropy loss: 4.9562
                       Mean reward: 6.72
               Mean episode length: 718.24
           Episode_Reward/progress: 0.2245
              Episode_Reward/alive: 0.3925
            Episode_Reward/upright: 0.0767
     Episode_Reward/move_to_target: 0.3449
          Episode_Reward/action_l2: -0.0208
             Episode_Reward/energy: -0.1595
   Episode_Reward/joint_pos_limits: -0.3988
      Episode_Termination/time_out: 0.8220
  Episode_Termination/torso_height: 0.1780
--------------------------------------------------------------------------------
                   Total timesteps: 1196032
                    Iteration time: 0.38s
                      Time elapsed: 00:00:28
                               ETA: 00:02:48

################################################################################
                      [1m Learning iteration 73/500 [0m                       

                       Computation: 43801 steps/s (collection: 0.289s, learning 0.085s)
             Mean action noise std: 0.45
          Mean value_function loss: 0.0200
               Mean surrogate loss: -0.0068
                 Mean entropy loss: 4.9070
                       Mean reward: 7.09
               Mean episode length: 686.63
           Episode_Reward/progress: 0.2555
              Episode_Reward/alive: 0.3554
            Episode_Reward/upright: 0.0688
     Episode_Reward/move_to_target: 0.3083
          Episode_Reward/action_l2: -0.0185
             Episode_Reward/energy: -0.1692
   Episode_Reward/joint_pos_limits: -0.3482
      Episode_Termination/time_out: 0.8106
  Episode_Termination/torso_height: 0.1894
--------------------------------------------------------------------------------
                   Total timesteps: 1212416
                    Iteration time: 0.37s
                      Time elapsed: 00:00:29
                               ETA: 00:02:47

################################################################################
                      [1m Learning iteration 74/500 [0m                       

                       Computation: 42866 steps/s (collection: 0.293s, learning 0.089s)
             Mean action noise std: 0.44
          Mean value_function loss: 0.0228
               Mean surrogate loss: -0.0082
                 Mean entropy loss: 4.8609
                       Mean reward: 7.12
               Mean episode length: 674.06
           Episode_Reward/progress: 0.3277
              Episode_Reward/alive: 0.4471
            Episode_Reward/upright: 0.0884
     Episode_Reward/move_to_target: 0.3592
          Episode_Reward/action_l2: -0.0243
             Episode_Reward/energy: -0.2171
   Episode_Reward/joint_pos_limits: -0.4388
      Episode_Termination/time_out: 0.8095
  Episode_Termination/torso_height: 0.1905
--------------------------------------------------------------------------------
                   Total timesteps: 1228800
                    Iteration time: 0.38s
                      Time elapsed: 00:00:29
                               ETA: 00:02:47

################################################################################
                      [1m Learning iteration 75/500 [0m                       

                       Computation: 45813 steps/s (collection: 0.270s, learning 0.087s)
             Mean action noise std: 0.44
          Mean value_function loss: 0.0225
               Mean surrogate loss: -0.0096
                 Mean entropy loss: 4.8086
                       Mean reward: 7.43
               Mean episode length: 631.76
           Episode_Reward/progress: 0.4653
              Episode_Reward/alive: 0.3326
            Episode_Reward/upright: 0.0644
     Episode_Reward/move_to_target: 0.2921
          Episode_Reward/action_l2: -0.0168
             Episode_Reward/energy: -0.2259
   Episode_Reward/joint_pos_limits: -0.2997
      Episode_Termination/time_out: 0.8023
  Episode_Termination/torso_height: 0.1977
--------------------------------------------------------------------------------
                   Total timesteps: 1245184
                    Iteration time: 0.36s
                      Time elapsed: 00:00:29
                               ETA: 00:02:46

################################################################################
                      [1m Learning iteration 76/500 [0m                       

                       Computation: 45396 steps/s (collection: 0.287s, learning 0.074s)
             Mean action noise std: 0.44
          Mean value_function loss: 0.0317
               Mean surrogate loss: -0.0080
                 Mean entropy loss: 4.7619
                       Mean reward: 7.92
               Mean episode length: 649.90
           Episode_Reward/progress: 0.4557
              Episode_Reward/alive: 0.3681
            Episode_Reward/upright: 0.0725
     Episode_Reward/move_to_target: 0.3428
          Episode_Reward/action_l2: -0.0182
             Episode_Reward/energy: -0.2324
   Episode_Reward/joint_pos_limits: -0.3445
      Episode_Termination/time_out: 0.7938
  Episode_Termination/torso_height: 0.2062
--------------------------------------------------------------------------------
                   Total timesteps: 1261568
                    Iteration time: 0.36s
                      Time elapsed: 00:00:30
                               ETA: 00:02:45

################################################################################
                      [1m Learning iteration 77/500 [0m                       

                       Computation: 47283 steps/s (collection: 0.278s, learning 0.069s)
             Mean action noise std: 0.44
          Mean value_function loss: 0.0276
               Mean surrogate loss: -0.0072
                 Mean entropy loss: 4.7001
                       Mean reward: 8.54
               Mean episode length: 647.03
           Episode_Reward/progress: 0.5906
              Episode_Reward/alive: 0.3411
            Episode_Reward/upright: 0.0650
     Episode_Reward/move_to_target: 0.3115
          Episode_Reward/action_l2: -0.0167
             Episode_Reward/energy: -0.2709
   Episode_Reward/joint_pos_limits: -0.2948
      Episode_Termination/time_out: 0.7900
  Episode_Termination/torso_height: 0.2100
--------------------------------------------------------------------------------
                   Total timesteps: 1277952
                    Iteration time: 0.35s
                      Time elapsed: 00:00:30
                               ETA: 00:02:45

################################################################################
                      [1m Learning iteration 78/500 [0m                       

                       Computation: 46087 steps/s (collection: 0.285s, learning 0.070s)
             Mean action noise std: 0.43
          Mean value_function loss: 0.0330
               Mean surrogate loss: -0.0095
                 Mean entropy loss: 4.6336
                       Mean reward: 8.69
               Mean episode length: 638.64
           Episode_Reward/progress: 0.3692
              Episode_Reward/alive: 0.2809
            Episode_Reward/upright: 0.0513
     Episode_Reward/move_to_target: 0.2330
          Episode_Reward/action_l2: -0.0143
             Episode_Reward/energy: -0.1979
   Episode_Reward/joint_pos_limits: -0.2551
      Episode_Termination/time_out: 0.7775
  Episode_Termination/torso_height: 0.2225
--------------------------------------------------------------------------------
                   Total timesteps: 1294336
                    Iteration time: 0.36s
                      Time elapsed: 00:00:30
                               ETA: 00:02:44

################################################################################
                      [1m Learning iteration 79/500 [0m                       

                       Computation: 49779 steps/s (collection: 0.260s, learning 0.069s)
             Mean action noise std: 0.43
          Mean value_function loss: 0.0289
               Mean surrogate loss: -0.0086
                 Mean entropy loss: 4.5389
                       Mean reward: 9.27
               Mean episode length: 647.58
           Episode_Reward/progress: 0.7065
              Episode_Reward/alive: 0.3668
            Episode_Reward/upright: 0.0703
     Episode_Reward/move_to_target: 0.3322
          Episode_Reward/action_l2: -0.0179
             Episode_Reward/energy: -0.3106
   Episode_Reward/joint_pos_limits: -0.3092
      Episode_Termination/time_out: 0.7695
  Episode_Termination/torso_height: 0.2305
--------------------------------------------------------------------------------
                   Total timesteps: 1310720
                    Iteration time: 0.33s
                      Time elapsed: 00:00:31
                               ETA: 00:02:43

################################################################################
                      [1m Learning iteration 80/500 [0m                       

                       Computation: 50109 steps/s (collection: 0.258s, learning 0.069s)
             Mean action noise std: 0.42
          Mean value_function loss: 0.0296
               Mean surrogate loss: -0.0070
                 Mean entropy loss: 4.4641
                       Mean reward: 10.55
               Mean episode length: 664.81
           Episode_Reward/progress: 0.7990
              Episode_Reward/alive: 0.4194
            Episode_Reward/upright: 0.0814
     Episode_Reward/move_to_target: 0.3951
          Episode_Reward/action_l2: -0.0200
             Episode_Reward/energy: -0.3176
   Episode_Reward/joint_pos_limits: -0.3674
      Episode_Termination/time_out: 0.7616
  Episode_Termination/torso_height: 0.2384
--------------------------------------------------------------------------------
                   Total timesteps: 1327104
                    Iteration time: 0.33s
                      Time elapsed: 00:00:31
                               ETA: 00:02:43

################################################################################
                      [1m Learning iteration 81/500 [0m                       

                       Computation: 50324 steps/s (collection: 0.258s, learning 0.067s)
             Mean action noise std: 0.42
          Mean value_function loss: 0.0261
               Mean surrogate loss: -0.0066
                 Mean entropy loss: 4.3938
                       Mean reward: 11.01
               Mean episode length: 648.79
           Episode_Reward/progress: 0.6354
              Episode_Reward/alive: 0.3158
            Episode_Reward/upright: 0.0610
     Episode_Reward/move_to_target: 0.2961
          Episode_Reward/action_l2: -0.0154
             Episode_Reward/energy: -0.2584
   Episode_Reward/joint_pos_limits: -0.2786
      Episode_Termination/time_out: 0.7569
  Episode_Termination/torso_height: 0.2431
--------------------------------------------------------------------------------
                   Total timesteps: 1343488
                    Iteration time: 0.33s
                      Time elapsed: 00:00:31
                               ETA: 00:02:42

################################################################################
                      [1m Learning iteration 82/500 [0m                       

                       Computation: 52308 steps/s (collection: 0.244s, learning 0.069s)
             Mean action noise std: 0.41
          Mean value_function loss: 0.0256
               Mean surrogate loss: -0.0077
                 Mean entropy loss: 4.2975
                       Mean reward: 11.78
               Mean episode length: 681.50
           Episode_Reward/progress: 0.8168
              Episode_Reward/alive: 0.5000
            Episode_Reward/upright: 0.0995
     Episode_Reward/move_to_target: 0.3639
          Episode_Reward/action_l2: -0.0265
             Episode_Reward/energy: -0.3554
   Episode_Reward/joint_pos_limits: -0.4454
      Episode_Termination/time_out: 0.7578
  Episode_Termination/torso_height: 0.2422
--------------------------------------------------------------------------------
                   Total timesteps: 1359872
                    Iteration time: 0.31s
                      Time elapsed: 00:00:32
                               ETA: 00:02:41

################################################################################
                      [1m Learning iteration 83/500 [0m                       

                       Computation: 50824 steps/s (collection: 0.253s, learning 0.069s)
             Mean action noise std: 0.41
          Mean value_function loss: 0.0279
               Mean surrogate loss: -0.0075
                 Mean entropy loss: 4.2452
                       Mean reward: 12.94
               Mean episode length: 705.08
           Episode_Reward/progress: 1.0295
              Episode_Reward/alive: 0.4409
            Episode_Reward/upright: 0.0867
     Episode_Reward/move_to_target: 0.4214
          Episode_Reward/action_l2: -0.0210
             Episode_Reward/energy: -0.3915
   Episode_Reward/joint_pos_limits: -0.3710
      Episode_Termination/time_out: 0.7558
  Episode_Termination/torso_height: 0.2442
--------------------------------------------------------------------------------
                   Total timesteps: 1376256
                    Iteration time: 0.32s
                      Time elapsed: 00:00:32
                               ETA: 00:02:41

################################################################################
                      [1m Learning iteration 84/500 [0m                       

                       Computation: 47499 steps/s (collection: 0.256s, learning 0.089s)
             Mean action noise std: 0.41
          Mean value_function loss: 0.0291
               Mean surrogate loss: -0.0075
                 Mean entropy loss: 4.1760
                       Mean reward: 14.01
               Mean episode length: 724.90
           Episode_Reward/progress: 0.8543
              Episode_Reward/alive: 0.3529
            Episode_Reward/upright: 0.0678
     Episode_Reward/move_to_target: 0.3251
          Episode_Reward/action_l2: -0.0170
             Episode_Reward/energy: -0.3196
   Episode_Reward/joint_pos_limits: -0.2962
      Episode_Termination/time_out: 0.7472
  Episode_Termination/torso_height: 0.2528
--------------------------------------------------------------------------------
                   Total timesteps: 1392640
                    Iteration time: 0.34s
                      Time elapsed: 00:00:32
                               ETA: 00:02:40

################################################################################
                      [1m Learning iteration 85/500 [0m                       

                       Computation: 49173 steps/s (collection: 0.243s, learning 0.090s)
             Mean action noise std: 0.40
          Mean value_function loss: 0.0295
               Mean surrogate loss: -0.0081
                 Mean entropy loss: 4.0953
                       Mean reward: 14.93
               Mean episode length: 726.64
           Episode_Reward/progress: 0.8892
              Episode_Reward/alive: 0.4536
            Episode_Reward/upright: 0.0896
     Episode_Reward/move_to_target: 0.3841
          Episode_Reward/action_l2: -0.0224
             Episode_Reward/energy: -0.3709
   Episode_Reward/joint_pos_limits: -0.3906
      Episode_Termination/time_out: 0.7434
  Episode_Termination/torso_height: 0.2566
--------------------------------------------------------------------------------
                   Total timesteps: 1409024
                    Iteration time: 0.33s
                      Time elapsed: 00:00:33
                               ETA: 00:02:39

################################################################################
                      [1m Learning iteration 86/500 [0m                       

                       Computation: 48430 steps/s (collection: 0.270s, learning 0.068s)
             Mean action noise std: 0.40
          Mean value_function loss: 0.0324
               Mean surrogate loss: -0.0081
                 Mean entropy loss: 4.0565
                       Mean reward: 15.73
               Mean episode length: 724.41
           Episode_Reward/progress: 0.8423
              Episode_Reward/alive: 0.3114
            Episode_Reward/upright: 0.0600
     Episode_Reward/move_to_target: 0.2971
          Episode_Reward/action_l2: -0.0147
             Episode_Reward/energy: -0.3009
   Episode_Reward/joint_pos_limits: -0.2537
      Episode_Termination/time_out: 0.7329
  Episode_Termination/torso_height: 0.2671
--------------------------------------------------------------------------------
                   Total timesteps: 1425408
                    Iteration time: 0.34s
                      Time elapsed: 00:00:33
                               ETA: 00:02:39

################################################################################
                      [1m Learning iteration 87/500 [0m                       

                       Computation: 46107 steps/s (collection: 0.282s, learning 0.074s)
             Mean action noise std: 0.40
          Mean value_function loss: 0.0367
               Mean surrogate loss: -0.0073
                 Mean entropy loss: 4.0008
                       Mean reward: 16.48
               Mean episode length: 714.14
           Episode_Reward/progress: 1.3022
              Episode_Reward/alive: 0.4164
            Episode_Reward/upright: 0.0817
     Episode_Reward/move_to_target: 0.4117
          Episode_Reward/action_l2: -0.0194
             Episode_Reward/energy: -0.4260
   Episode_Reward/joint_pos_limits: -0.3293
      Episode_Termination/time_out: 0.7159
  Episode_Termination/torso_height: 0.2841
--------------------------------------------------------------------------------
                   Total timesteps: 1441792
                    Iteration time: 0.36s
                      Time elapsed: 00:00:33
                               ETA: 00:02:38

################################################################################
                      [1m Learning iteration 88/500 [0m                       

                       Computation: 43164 steps/s (collection: 0.289s, learning 0.091s)
             Mean action noise std: 0.40
          Mean value_function loss: 0.0278
               Mean surrogate loss: -0.0047
                 Mean entropy loss: 3.9451
                       Mean reward: 17.10
               Mean episode length: 713.41
           Episode_Reward/progress: 1.2293
              Episode_Reward/alive: 0.3893
            Episode_Reward/upright: 0.0749
     Episode_Reward/move_to_target: 0.3814
          Episode_Reward/action_l2: -0.0185
             Episode_Reward/energy: -0.4193
   Episode_Reward/joint_pos_limits: -0.3118
      Episode_Termination/time_out: 0.7057
  Episode_Termination/torso_height: 0.2943
--------------------------------------------------------------------------------
                   Total timesteps: 1458176
                    Iteration time: 0.38s
                      Time elapsed: 00:00:34
                               ETA: 00:02:38

################################################################################
                      [1m Learning iteration 89/500 [0m                       

                       Computation: 49767 steps/s (collection: 0.258s, learning 0.071s)
             Mean action noise std: 0.39
          Mean value_function loss: 0.0319
               Mean surrogate loss: -0.0045
                 Mean entropy loss: 3.8919
                       Mean reward: 17.58
               Mean episode length: 700.08
           Episode_Reward/progress: 0.9444
              Episode_Reward/alive: 0.3002
            Episode_Reward/upright: 0.0572
     Episode_Reward/move_to_target: 0.2827
          Episode_Reward/action_l2: -0.0147
             Episode_Reward/energy: -0.3215
   Episode_Reward/joint_pos_limits: -0.2404
      Episode_Termination/time_out: 0.7050
  Episode_Termination/torso_height: 0.2950
--------------------------------------------------------------------------------
                   Total timesteps: 1474560
                    Iteration time: 0.33s
                      Time elapsed: 00:00:34
                               ETA: 00:02:37

################################################################################
                      [1m Learning iteration 90/500 [0m                       

                       Computation: 49784 steps/s (collection: 0.261s, learning 0.068s)
             Mean action noise std: 0.39
          Mean value_function loss: 0.0353
               Mean surrogate loss: -0.0077
                 Mean entropy loss: 3.8478
                       Mean reward: 18.73
               Mean episode length: 710.71
           Episode_Reward/progress: 1.2852
              Episode_Reward/alive: 0.4561
            Episode_Reward/upright: 0.0897
     Episode_Reward/move_to_target: 0.4417
          Episode_Reward/action_l2: -0.0210
             Episode_Reward/energy: -0.4282
   Episode_Reward/joint_pos_limits: -0.3744
      Episode_Termination/time_out: 0.7031
  Episode_Termination/torso_height: 0.2969
--------------------------------------------------------------------------------
                   Total timesteps: 1490944
                    Iteration time: 0.33s
                      Time elapsed: 00:00:34
                               ETA: 00:02:37

################################################################################
                      [1m Learning iteration 91/500 [0m                       

                       Computation: 46780 steps/s (collection: 0.282s, learning 0.069s)
             Mean action noise std: 0.39
          Mean value_function loss: 0.0403
               Mean surrogate loss: -0.0042
                 Mean entropy loss: 3.8087
                       Mean reward: 19.50
               Mean episode length: 692.90
           Episode_Reward/progress: 1.2278
              Episode_Reward/alive: 0.3798
            Episode_Reward/upright: 0.0740
     Episode_Reward/move_to_target: 0.3736
          Episode_Reward/action_l2: -0.0179
             Episode_Reward/energy: -0.3893
   Episode_Reward/joint_pos_limits: -0.3060
      Episode_Termination/time_out: 0.7001
  Episode_Termination/torso_height: 0.2999
--------------------------------------------------------------------------------
                   Total timesteps: 1507328
                    Iteration time: 0.35s
                      Time elapsed: 00:00:35
                               ETA: 00:02:36

################################################################################
                      [1m Learning iteration 92/500 [0m                       

                       Computation: 45978 steps/s (collection: 0.286s, learning 0.071s)
             Mean action noise std: 0.39
          Mean value_function loss: 0.0412
               Mean surrogate loss: -0.0086
                 Mean entropy loss: 3.7643
                       Mean reward: 22.27
               Mean episode length: 761.35
           Episode_Reward/progress: 1.3751
              Episode_Reward/alive: 0.4138
            Episode_Reward/upright: 0.0810
     Episode_Reward/move_to_target: 0.3996
          Episode_Reward/action_l2: -0.0195
             Episode_Reward/energy: -0.4252
   Episode_Reward/joint_pos_limits: -0.3334
      Episode_Termination/time_out: 0.6915
  Episode_Termination/torso_height: 0.3085
--------------------------------------------------------------------------------
                   Total timesteps: 1523712
                    Iteration time: 0.36s
                      Time elapsed: 00:00:35
                               ETA: 00:02:36

################################################################################
                      [1m Learning iteration 93/500 [0m                       

                       Computation: 47120 steps/s (collection: 0.271s, learning 0.076s)
             Mean action noise std: 0.39
          Mean value_function loss: 0.0317
               Mean surrogate loss: -0.0072
                 Mean entropy loss: 3.7039
                       Mean reward: 24.44
               Mean episode length: 826.31
           Episode_Reward/progress: 1.5792
              Episode_Reward/alive: 0.4540
            Episode_Reward/upright: 0.0891
     Episode_Reward/move_to_target: 0.4390
          Episode_Reward/action_l2: -0.0215
             Episode_Reward/energy: -0.4820
   Episode_Reward/joint_pos_limits: -0.3609
      Episode_Termination/time_out: 0.6877
  Episode_Termination/torso_height: 0.3123
--------------------------------------------------------------------------------
                   Total timesteps: 1540096
                    Iteration time: 0.35s
                      Time elapsed: 00:00:35
                               ETA: 00:02:35

################################################################################
                      [1m Learning iteration 94/500 [0m                       

                       Computation: 46674 steps/s (collection: 0.282s, learning 0.070s)
             Mean action noise std: 0.38
          Mean value_function loss: 0.0303
               Mean surrogate loss: -0.0069
                 Mean entropy loss: 3.6576
                       Mean reward: 26.53
               Mean episode length: 859.48
           Episode_Reward/progress: 1.7221
              Episode_Reward/alive: 0.4694
            Episode_Reward/upright: 0.0927
     Episode_Reward/move_to_target: 0.4638
          Episode_Reward/action_l2: -0.0221
             Episode_Reward/energy: -0.5137
   Episode_Reward/joint_pos_limits: -0.3726
      Episode_Termination/time_out: 0.6893
  Episode_Termination/torso_height: 0.3107
--------------------------------------------------------------------------------
                   Total timesteps: 1556480
                    Iteration time: 0.35s
                      Time elapsed: 00:00:36
                               ETA: 00:02:34

################################################################################
                      [1m Learning iteration 95/500 [0m                       

                       Computation: 48599 steps/s (collection: 0.269s, learning 0.068s)
             Mean action noise std: 0.38
          Mean value_function loss: 0.0282
               Mean surrogate loss: -0.0059
                 Mean entropy loss: 3.6040
                       Mean reward: 26.95
               Mean episode length: 839.81
           Episode_Reward/progress: 1.6034
              Episode_Reward/alive: 0.4217
            Episode_Reward/upright: 0.0825
     Episode_Reward/move_to_target: 0.4149
          Episode_Reward/action_l2: -0.0199
             Episode_Reward/energy: -0.4624
   Episode_Reward/joint_pos_limits: -0.3333
      Episode_Termination/time_out: 0.6843
  Episode_Termination/torso_height: 0.3157
--------------------------------------------------------------------------------
                   Total timesteps: 1572864
                    Iteration time: 0.34s
                      Time elapsed: 00:00:36
                               ETA: 00:02:34

################################################################################
                      [1m Learning iteration 96/500 [0m                       

                       Computation: 46897 steps/s (collection: 0.282s, learning 0.067s)
             Mean action noise std: 0.38
          Mean value_function loss: 0.0266
               Mean surrogate loss: -0.0070
                 Mean entropy loss: 3.5596
                       Mean reward: 27.76
               Mean episode length: 839.26
           Episode_Reward/progress: 1.6350
              Episode_Reward/alive: 0.4280
            Episode_Reward/upright: 0.0838
     Episode_Reward/move_to_target: 0.4199
          Episode_Reward/action_l2: -0.0203
             Episode_Reward/energy: -0.4791
   Episode_Reward/joint_pos_limits: -0.3375
      Episode_Termination/time_out: 0.6866
  Episode_Termination/torso_height: 0.3134
--------------------------------------------------------------------------------
                   Total timesteps: 1589248
                    Iteration time: 0.35s
                      Time elapsed: 00:00:36
                               ETA: 00:02:33

################################################################################
                      [1m Learning iteration 97/500 [0m                       

                       Computation: 43785 steps/s (collection: 0.284s, learning 0.090s)
             Mean action noise std: 0.37
          Mean value_function loss: 0.0336
               Mean surrogate loss: -0.0076
                 Mean entropy loss: 3.5015
                       Mean reward: 30.23
               Mean episode length: 876.66
           Episode_Reward/progress: 2.1102
              Episode_Reward/alive: 0.5000
            Episode_Reward/upright: 0.0999
     Episode_Reward/move_to_target: 0.4970
          Episode_Reward/action_l2: -0.0239
             Episode_Reward/energy: -0.5850
   Episode_Reward/joint_pos_limits: -0.3935
      Episode_Termination/time_out: 0.6953
  Episode_Termination/torso_height: 0.3047
--------------------------------------------------------------------------------
                   Total timesteps: 1605632
                    Iteration time: 0.37s
                      Time elapsed: 00:00:37
                               ETA: 00:02:33

################################################################################
                      [1m Learning iteration 98/500 [0m                       

                       Computation: 47826 steps/s (collection: 0.273s, learning 0.069s)
             Mean action noise std: 0.37
          Mean value_function loss: 0.0223
               Mean surrogate loss: -0.0077
                 Mean entropy loss: 3.4282
                       Mean reward: 29.11
               Mean episode length: 830.83
           Episode_Reward/progress: 1.6161
              Episode_Reward/alive: 0.3988
            Episode_Reward/upright: 0.0780
     Episode_Reward/move_to_target: 0.3909
          Episode_Reward/action_l2: -0.0191
             Episode_Reward/energy: -0.4485
   Episode_Reward/joint_pos_limits: -0.3144
      Episode_Termination/time_out: 0.6927
  Episode_Termination/torso_height: 0.3073
--------------------------------------------------------------------------------
                   Total timesteps: 1622016
                    Iteration time: 0.34s
                      Time elapsed: 00:00:37
                               ETA: 00:02:32

################################################################################
                      [1m Learning iteration 99/500 [0m                       

                       Computation: 42923 steps/s (collection: 0.290s, learning 0.092s)
             Mean action noise std: 0.37
          Mean value_function loss: 0.0226
               Mean surrogate loss: -0.0060
                 Mean entropy loss: 3.3771
                       Mean reward: 30.48
               Mean episode length: 858.26
           Episode_Reward/progress: 1.9730
              Episode_Reward/alive: 0.4646
            Episode_Reward/upright: 0.0908
     Episode_Reward/move_to_target: 0.4583
          Episode_Reward/action_l2: -0.0218
             Episode_Reward/energy: -0.5322
   Episode_Reward/joint_pos_limits: -0.3617
      Episode_Termination/time_out: 0.6995
  Episode_Termination/torso_height: 0.3005
--------------------------------------------------------------------------------
                   Total timesteps: 1638400
                    Iteration time: 0.38s
                      Time elapsed: 00:00:38
                               ETA: 00:02:32

################################################################################
                      [1m Learning iteration 100/500 [0m                      

                       Computation: 40345 steps/s (collection: 0.310s, learning 0.096s)
             Mean action noise std: 0.37
          Mean value_function loss: 0.0242
               Mean surrogate loss: -0.0083
                 Mean entropy loss: 3.3261
                       Mean reward: 30.61
               Mean episode length: 840.90
           Episode_Reward/progress: 1.7237
              Episode_Reward/alive: 0.4419
            Episode_Reward/upright: 0.0872
     Episode_Reward/move_to_target: 0.4213
          Episode_Reward/action_l2: -0.0208
             Episode_Reward/energy: -0.4691
   Episode_Reward/joint_pos_limits: -0.3555
      Episode_Termination/time_out: 0.7089
  Episode_Termination/torso_height: 0.2911
--------------------------------------------------------------------------------
                   Total timesteps: 1654784
                    Iteration time: 0.41s
                      Time elapsed: 00:00:38
                               ETA: 00:02:32

################################################################################
                      [1m Learning iteration 101/500 [0m                      

                       Computation: 43483 steps/s (collection: 0.290s, learning 0.087s)
             Mean action noise std: 0.36
          Mean value_function loss: 0.0213
               Mean surrogate loss: -0.0052
                 Mean entropy loss: 3.2578
                       Mean reward: 30.48
               Mean episode length: 826.10
           Episode_Reward/progress: 1.8828
              Episode_Reward/alive: 0.4107
            Episode_Reward/upright: 0.0811
     Episode_Reward/move_to_target: 0.4074
          Episode_Reward/action_l2: -0.0196
             Episode_Reward/energy: -0.4857
   Episode_Reward/joint_pos_limits: -0.3212
      Episode_Termination/time_out: 0.7141
  Episode_Termination/torso_height: 0.2859
--------------------------------------------------------------------------------
                   Total timesteps: 1671168
                    Iteration time: 0.38s
                      Time elapsed: 00:00:38
                               ETA: 00:02:31

################################################################################
                      [1m Learning iteration 102/500 [0m                      

                       Computation: 43206 steps/s (collection: 0.291s, learning 0.088s)
             Mean action noise std: 0.36
          Mean value_function loss: 0.0141
               Mean surrogate loss: -0.0087
                 Mean entropy loss: 3.2027
                       Mean reward: 31.18
               Mean episode length: 843.00
           Episode_Reward/progress: 1.2651
              Episode_Reward/alive: 0.3177
            Episode_Reward/upright: 0.0608
     Episode_Reward/move_to_target: 0.2814
          Episode_Reward/action_l2: -0.0157
             Episode_Reward/energy: -0.3415
   Episode_Reward/joint_pos_limits: -0.2544
      Episode_Termination/time_out: 0.7194
  Episode_Termination/torso_height: 0.2806
--------------------------------------------------------------------------------
                   Total timesteps: 1687552
                    Iteration time: 0.38s
                      Time elapsed: 00:00:39
                               ETA: 00:02:31

################################################################################
                      [1m Learning iteration 103/500 [0m                      

                       Computation: 44063 steps/s (collection: 0.280s, learning 0.092s)
             Mean action noise std: 0.36
          Mean value_function loss: 0.0187
               Mean surrogate loss: -0.0062
                 Mean entropy loss: 3.1368
                       Mean reward: 31.82
               Mean episode length: 843.51
           Episode_Reward/progress: 2.1816
              Episode_Reward/alive: 0.4706
            Episode_Reward/upright: 0.0933
     Episode_Reward/move_to_target: 0.4648
          Episode_Reward/action_l2: -0.0222
             Episode_Reward/energy: -0.5409
   Episode_Reward/joint_pos_limits: -0.3716
      Episode_Termination/time_out: 0.7263
  Episode_Termination/torso_height: 0.2737
--------------------------------------------------------------------------------
                   Total timesteps: 1703936
                    Iteration time: 0.37s
                      Time elapsed: 00:00:39
                               ETA: 00:02:31

################################################################################
                      [1m Learning iteration 104/500 [0m                      

                       Computation: 47668 steps/s (collection: 0.255s, learning 0.089s)
             Mean action noise std: 0.36
          Mean value_function loss: 0.0318
               Mean surrogate loss: -0.0040
                 Mean entropy loss: 3.0906
                       Mean reward: 32.47
               Mean episode length: 852.50
           Episode_Reward/progress: 2.3091
              Episode_Reward/alive: 0.4856
            Episode_Reward/upright: 0.0968
     Episode_Reward/move_to_target: 0.4776
          Episode_Reward/action_l2: -0.0231
             Episode_Reward/energy: -0.5565
   Episode_Reward/joint_pos_limits: -0.3840
      Episode_Termination/time_out: 0.7361
  Episode_Termination/torso_height: 0.2639
--------------------------------------------------------------------------------
                   Total timesteps: 1720320
                    Iteration time: 0.34s
                      Time elapsed: 00:00:39
                               ETA: 00:02:30

################################################################################
                      [1m Learning iteration 105/500 [0m                      

                       Computation: 46035 steps/s (collection: 0.269s, learning 0.087s)
             Mean action noise std: 0.36
          Mean value_function loss: 0.0202
               Mean surrogate loss: -0.0071
                 Mean entropy loss: 3.0534
                       Mean reward: 33.20
               Mean episode length: 853.43
           Episode_Reward/progress: 2.0958
              Episode_Reward/alive: 0.4586
            Episode_Reward/upright: 0.0904
     Episode_Reward/move_to_target: 0.4477
          Episode_Reward/action_l2: -0.0216
             Episode_Reward/energy: -0.5106
   Episode_Reward/joint_pos_limits: -0.3667
      Episode_Termination/time_out: 0.7418
  Episode_Termination/torso_height: 0.2582
--------------------------------------------------------------------------------
                   Total timesteps: 1736704
                    Iteration time: 0.36s
                      Time elapsed: 00:00:40
                               ETA: 00:02:30

################################################################################
                      [1m Learning iteration 106/500 [0m                      

                       Computation: 49112 steps/s (collection: 0.244s, learning 0.089s)
             Mean action noise std: 0.35
          Mean value_function loss: 0.0169
               Mean surrogate loss: -0.0077
                 Mean entropy loss: 3.0018
                       Mean reward: 32.83
               Mean episode length: 845.08
           Episode_Reward/progress: 2.3461
              Episode_Reward/alive: 0.4565
            Episode_Reward/upright: 0.0897
     Episode_Reward/move_to_target: 0.4543
          Episode_Reward/action_l2: -0.0218
             Episode_Reward/energy: -0.5660
   Episode_Reward/joint_pos_limits: -0.3623
      Episode_Termination/time_out: 0.7440
  Episode_Termination/torso_height: 0.2560
--------------------------------------------------------------------------------
                   Total timesteps: 1753088
                    Iteration time: 0.33s
                      Time elapsed: 00:00:40
                               ETA: 00:02:29

################################################################################
                      [1m Learning iteration 107/500 [0m                      

                       Computation: 46397 steps/s (collection: 0.263s, learning 0.090s)
             Mean action noise std: 0.35
          Mean value_function loss: 0.0152
               Mean surrogate loss: -0.0057
                 Mean entropy loss: 2.9382
                       Mean reward: 32.59
               Mean episode length: 836.42
           Episode_Reward/progress: 1.8184
              Episode_Reward/alive: 0.3981
            Episode_Reward/upright: 0.0783
     Episode_Reward/move_to_target: 0.3886
          Episode_Reward/action_l2: -0.0185
             Episode_Reward/energy: -0.4388
   Episode_Reward/joint_pos_limits: -0.3228
      Episode_Termination/time_out: 0.7498
  Episode_Termination/torso_height: 0.2502
--------------------------------------------------------------------------------
                   Total timesteps: 1769472
                    Iteration time: 0.35s
                      Time elapsed: 00:00:40
                               ETA: 00:02:29

################################################################################
                      [1m Learning iteration 108/500 [0m                      

                       Computation: 48097 steps/s (collection: 0.272s, learning 0.068s)
             Mean action noise std: 0.35
          Mean value_function loss: 0.0138
               Mean surrogate loss: -0.0063
                 Mean entropy loss: 2.8761
                       Mean reward: 33.94
               Mean episode length: 846.07
           Episode_Reward/progress: 2.1289
              Episode_Reward/alive: 0.4431
            Episode_Reward/upright: 0.0872
     Episode_Reward/move_to_target: 0.4331
          Episode_Reward/action_l2: -0.0208
             Episode_Reward/energy: -0.4904
   Episode_Reward/joint_pos_limits: -0.3577
      Episode_Termination/time_out: 0.7564
  Episode_Termination/torso_height: 0.2436
--------------------------------------------------------------------------------
                   Total timesteps: 1785856
                    Iteration time: 0.34s
                      Time elapsed: 00:00:41
                               ETA: 00:02:28

################################################################################
                      [1m Learning iteration 109/500 [0m                      

                       Computation: 50150 steps/s (collection: 0.258s, learning 0.069s)
             Mean action noise std: 0.34
          Mean value_function loss: 0.0130
               Mean surrogate loss: -0.0052
                 Mean entropy loss: 2.7876
                       Mean reward: 34.30
               Mean episode length: 846.14
           Episode_Reward/progress: 2.4841
              Episode_Reward/alive: 0.4927
            Episode_Reward/upright: 0.0967
     Episode_Reward/move_to_target: 0.4901
          Episode_Reward/action_l2: -0.0232
             Episode_Reward/energy: -0.5793
   Episode_Reward/joint_pos_limits: -0.3932
      Episode_Termination/time_out: 0.7628
  Episode_Termination/torso_height: 0.2372
--------------------------------------------------------------------------------
                   Total timesteps: 1802240
                    Iteration time: 0.33s
                      Time elapsed: 00:00:41
                               ETA: 00:02:27

################################################################################
                      [1m Learning iteration 110/500 [0m                      

                       Computation: 44516 steps/s (collection: 0.289s, learning 0.079s)
             Mean action noise std: 0.34
          Mean value_function loss: 0.0106
               Mean surrogate loss: -0.0050
                 Mean entropy loss: 2.7090
                       Mean reward: 34.40
               Mean episode length: 828.48
           Episode_Reward/progress: 2.0071
              Episode_Reward/alive: 0.3852
            Episode_Reward/upright: 0.0740
     Episode_Reward/move_to_target: 0.3831
          Episode_Reward/action_l2: -0.0182
             Episode_Reward/energy: -0.4490
   Episode_Reward/joint_pos_limits: -0.3092
      Episode_Termination/time_out: 0.7690
  Episode_Termination/torso_height: 0.2310
--------------------------------------------------------------------------------
                   Total timesteps: 1818624
                    Iteration time: 0.37s
                      Time elapsed: 00:00:42
                               ETA: 00:02:27

################################################################################
                      [1m Learning iteration 111/500 [0m                      

                       Computation: 43352 steps/s (collection: 0.285s, learning 0.093s)
             Mean action noise std: 0.34
          Mean value_function loss: 0.0144
               Mean surrogate loss: -0.0059
                 Mean entropy loss: 2.6574
                       Mean reward: 35.09
               Mean episode length: 828.48
           Episode_Reward/progress: 2.7238
              Episode_Reward/alive: 0.5000
            Episode_Reward/upright: 0.0998
     Episode_Reward/move_to_target: 0.4997
          Episode_Reward/action_l2: -0.0241
             Episode_Reward/energy: -0.6121
   Episode_Reward/joint_pos_limits: -0.4021
      Episode_Termination/time_out: 0.7744
  Episode_Termination/torso_height: 0.2256
--------------------------------------------------------------------------------
                   Total timesteps: 1835008
                    Iteration time: 0.38s
                      Time elapsed: 00:00:42
                               ETA: 00:02:27

################################################################################
                      [1m Learning iteration 112/500 [0m                      

                       Computation: 45991 steps/s (collection: 0.266s, learning 0.090s)
             Mean action noise std: 0.34
          Mean value_function loss: 0.0101
               Mean surrogate loss: -0.0066
                 Mean entropy loss: 2.5868
                       Mean reward: 35.57
               Mean episode length: 833.31
           Episode_Reward/progress: 2.7236
              Episode_Reward/alive: 0.4651
            Episode_Reward/upright: 0.0924
     Episode_Reward/move_to_target: 0.4637
          Episode_Reward/action_l2: -0.0221
             Episode_Reward/energy: -0.5711
   Episode_Reward/joint_pos_limits: -0.3721
      Episode_Termination/time_out: 0.7778
  Episode_Termination/torso_height: 0.2222
--------------------------------------------------------------------------------
                   Total timesteps: 1851392
                    Iteration time: 0.36s
                      Time elapsed: 00:00:42
                               ETA: 00:02:26

################################################################################
                      [1m Learning iteration 113/500 [0m                      

                       Computation: 48413 steps/s (collection: 0.249s, learning 0.090s)
             Mean action noise std: 0.33
          Mean value_function loss: 0.0214
               Mean surrogate loss: -0.0059
                 Mean entropy loss: 2.5278
                       Mean reward: 36.44
               Mean episode length: 833.58
           Episode_Reward/progress: 2.5777
              Episode_Reward/alive: 0.4605
            Episode_Reward/upright: 0.0906
     Episode_Reward/move_to_target: 0.4571
          Episode_Reward/action_l2: -0.0220
             Episode_Reward/energy: -0.5531
   Episode_Reward/joint_pos_limits: -0.3671
      Episode_Termination/time_out: 0.7778
  Episode_Termination/torso_height: 0.2222
--------------------------------------------------------------------------------
                   Total timesteps: 1867776
                    Iteration time: 0.34s
                      Time elapsed: 00:00:43
                               ETA: 00:02:26

################################################################################
                      [1m Learning iteration 114/500 [0m                      

                       Computation: 46253 steps/s (collection: 0.263s, learning 0.091s)
             Mean action noise std: 0.33
          Mean value_function loss: 0.0137
               Mean surrogate loss: -0.0088
                 Mean entropy loss: 2.4977
                       Mean reward: 37.32
               Mean episode length: 840.13
           Episode_Reward/progress: 2.4124
              Episode_Reward/alive: 0.4622
            Episode_Reward/upright: 0.0917
     Episode_Reward/move_to_target: 0.4554
          Episode_Reward/action_l2: -0.0218
             Episode_Reward/energy: -0.5288
   Episode_Reward/joint_pos_limits: -0.3782
      Episode_Termination/time_out: 0.7843
  Episode_Termination/torso_height: 0.2157
--------------------------------------------------------------------------------
                   Total timesteps: 1884160
                    Iteration time: 0.35s
                      Time elapsed: 00:00:43
                               ETA: 00:02:25

################################################################################
                      [1m Learning iteration 115/500 [0m                      

                       Computation: 49147 steps/s (collection: 0.244s, learning 0.089s)
             Mean action noise std: 0.33
          Mean value_function loss: 0.0111
               Mean surrogate loss: -0.0051
                 Mean entropy loss: 2.4329
                       Mean reward: 38.14
               Mean episode length: 849.11
           Episode_Reward/progress: 2.7596
              Episode_Reward/alive: 0.5000
            Episode_Reward/upright: 0.0998
     Episode_Reward/move_to_target: 0.4958
          Episode_Reward/action_l2: -0.0240
             Episode_Reward/energy: -0.6176
   Episode_Reward/joint_pos_limits: -0.4055
      Episode_Termination/time_out: 0.7870
  Episode_Termination/torso_height: 0.2130
--------------------------------------------------------------------------------
                   Total timesteps: 1900544
                    Iteration time: 0.33s
                      Time elapsed: 00:00:43
                               ETA: 00:02:25

################################################################################
                      [1m Learning iteration 116/500 [0m                      

                       Computation: 46340 steps/s (collection: 0.266s, learning 0.087s)
             Mean action noise std: 0.33
          Mean value_function loss: 0.0172
               Mean surrogate loss: -0.0060
                 Mean entropy loss: 2.3744
                       Mean reward: 39.86
               Mean episode length: 875.28
           Episode_Reward/progress: 2.5508
              Episode_Reward/alive: 0.4712
            Episode_Reward/upright: 0.0935
     Episode_Reward/move_to_target: 0.4596
          Episode_Reward/action_l2: -0.0224
             Episode_Reward/energy: -0.5487
   Episode_Reward/joint_pos_limits: -0.3815
      Episode_Termination/time_out: 0.7958
  Episode_Termination/torso_height: 0.2042
--------------------------------------------------------------------------------
                   Total timesteps: 1916928
                    Iteration time: 0.35s
                      Time elapsed: 00:00:44
                               ETA: 00:02:24

################################################################################
                      [1m Learning iteration 117/500 [0m                      

                       Computation: 46585 steps/s (collection: 0.262s, learning 0.090s)
             Mean action noise std: 0.32
          Mean value_function loss: 0.0196
               Mean surrogate loss: -0.0075
                 Mean entropy loss: 2.3030
                       Mean reward: 41.07
               Mean episode length: 875.20
           Episode_Reward/progress: 2.2451
              Episode_Reward/alive: 0.3969
            Episode_Reward/upright: 0.0783
     Episode_Reward/move_to_target: 0.3842
          Episode_Reward/action_l2: -0.0193
             Episode_Reward/energy: -0.4733
   Episode_Reward/joint_pos_limits: -0.3256
      Episode_Termination/time_out: 0.8141
  Episode_Termination/torso_height: 0.1859
--------------------------------------------------------------------------------
                   Total timesteps: 1933312
                    Iteration time: 0.35s
                      Time elapsed: 00:00:44
                               ETA: 00:02:24

################################################################################
                      [1m Learning iteration 118/500 [0m                      

                       Computation: 50721 steps/s (collection: 0.254s, learning 0.069s)
             Mean action noise std: 0.32
          Mean value_function loss: 0.0150
               Mean surrogate loss: -0.0054
                 Mean entropy loss: 2.2362
                       Mean reward: 41.90
               Mean episode length: 884.17
           Episode_Reward/progress: 2.7210
              Episode_Reward/alive: 0.4717
            Episode_Reward/upright: 0.0937
     Episode_Reward/move_to_target: 0.4690
          Episode_Reward/action_l2: -0.0227
             Episode_Reward/energy: -0.5750
   Episode_Reward/joint_pos_limits: -0.3806
      Episode_Termination/time_out: 0.8259
  Episode_Termination/torso_height: 0.1741
--------------------------------------------------------------------------------
                   Total timesteps: 1949696
                    Iteration time: 0.32s
                      Time elapsed: 00:00:44
                               ETA: 00:02:23

################################################################################
                      [1m Learning iteration 119/500 [0m                      

                       Computation: 48576 steps/s (collection: 0.248s, learning 0.089s)
             Mean action noise std: 0.32
          Mean value_function loss: 0.0242
               Mean surrogate loss: -0.0056
                 Mean entropy loss: 2.1930
                       Mean reward: 41.88
               Mean episode length: 876.01
           Episode_Reward/progress: 2.8318
              Episode_Reward/alive: 0.4734
            Episode_Reward/upright: 0.0941
     Episode_Reward/move_to_target: 0.4718
          Episode_Reward/action_l2: -0.0226
             Episode_Reward/energy: -0.5927
   Episode_Reward/joint_pos_limits: -0.3787
      Episode_Termination/time_out: 0.8306
  Episode_Termination/torso_height: 0.1694
--------------------------------------------------------------------------------
                   Total timesteps: 1966080
                    Iteration time: 0.34s
                      Time elapsed: 00:00:45
                               ETA: 00:02:23

################################################################################
                      [1m Learning iteration 120/500 [0m                      

                       Computation: 47337 steps/s (collection: 0.257s, learning 0.090s)
             Mean action noise std: 0.32
          Mean value_function loss: 0.0145
               Mean surrogate loss: -0.0049
                 Mean entropy loss: 2.1477
                       Mean reward: 43.12
               Mean episode length: 887.96
           Episode_Reward/progress: 3.0424
              Episode_Reward/alive: 0.4984
            Episode_Reward/upright: 0.0993
     Episode_Reward/move_to_target: 0.4967
          Episode_Reward/action_l2: -0.0242
             Episode_Reward/energy: -0.6171
   Episode_Reward/joint_pos_limits: -0.4044
      Episode_Termination/time_out: 0.8383
  Episode_Termination/torso_height: 0.1617
--------------------------------------------------------------------------------
                   Total timesteps: 1982464
                    Iteration time: 0.35s
                      Time elapsed: 00:00:45
                               ETA: 00:02:22

################################################################################
                      [1m Learning iteration 121/500 [0m                      

                       Computation: 43805 steps/s (collection: 0.280s, learning 0.094s)
             Mean action noise std: 0.32
          Mean value_function loss: 0.0244
               Mean surrogate loss: -0.0047
                 Mean entropy loss: 2.0982
                       Mean reward: 44.45
               Mean episode length: 904.76
           Episode_Reward/progress: 3.0147
              Episode_Reward/alive: 0.5000
            Episode_Reward/upright: 0.0998
     Episode_Reward/move_to_target: 0.4934
          Episode_Reward/action_l2: -0.0241
             Episode_Reward/energy: -0.6070
   Episode_Reward/joint_pos_limits: -0.4113
      Episode_Termination/time_out: 0.8466
  Episode_Termination/torso_height: 0.1534
--------------------------------------------------------------------------------
                   Total timesteps: 1998848
                    Iteration time: 0.37s
                      Time elapsed: 00:00:45
                               ETA: 00:02:22

################################################################################
                      [1m Learning iteration 122/500 [0m                      

                       Computation: 42092 steps/s (collection: 0.292s, learning 0.098s)
             Mean action noise std: 0.31
          Mean value_function loss: 0.0268
               Mean surrogate loss: -0.0059
                 Mean entropy loss: 2.0473
                       Mean reward: 46.69
               Mean episode length: 933.64
           Episode_Reward/progress: 3.0254
              Episode_Reward/alive: 0.5000
            Episode_Reward/upright: 0.0995
     Episode_Reward/move_to_target: 0.4939
          Episode_Reward/action_l2: -0.0239
             Episode_Reward/energy: -0.6026
   Episode_Reward/joint_pos_limits: -0.4110
      Episode_Termination/time_out: 0.8568
  Episode_Termination/torso_height: 0.1432
--------------------------------------------------------------------------------
                   Total timesteps: 2015232
                    Iteration time: 0.39s
                      Time elapsed: 00:00:46
                               ETA: 00:02:22

################################################################################
                      [1m Learning iteration 123/500 [0m                      

                       Computation: 41611 steps/s (collection: 0.297s, learning 0.097s)
             Mean action noise std: 0.31
          Mean value_function loss: 0.0264
               Mean surrogate loss: -0.0034
                 Mean entropy loss: 2.0098
                       Mean reward: 47.26
               Mean episode length: 918.22
           Episode_Reward/progress: 2.9781
              Episode_Reward/alive: 0.4721
            Episode_Reward/upright: 0.0936
     Episode_Reward/move_to_target: 0.4706
          Episode_Reward/action_l2: -0.0228
             Episode_Reward/energy: -0.5911
   Episode_Reward/joint_pos_limits: -0.3848
      Episode_Termination/time_out: 0.8633
  Episode_Termination/torso_height: 0.1367
--------------------------------------------------------------------------------
                   Total timesteps: 2031616
                    Iteration time: 0.39s
                      Time elapsed: 00:00:46
                               ETA: 00:02:21

################################################################################
                      [1m Learning iteration 124/500 [0m                      

                       Computation: 44876 steps/s (collection: 0.277s, learning 0.088s)
             Mean action noise std: 0.31
          Mean value_function loss: 0.0272
               Mean surrogate loss: -0.0062
                 Mean entropy loss: 1.9745
                       Mean reward: 47.91
               Mean episode length: 917.58
           Episode_Reward/progress: 3.0811
              Episode_Reward/alive: 0.4804
            Episode_Reward/upright: 0.0956
     Episode_Reward/move_to_target: 0.4794
          Episode_Reward/action_l2: -0.0232
             Episode_Reward/energy: -0.6065
   Episode_Reward/joint_pos_limits: -0.3912
      Episode_Termination/time_out: 0.8726
  Episode_Termination/torso_height: 0.1274
--------------------------------------------------------------------------------
                   Total timesteps: 2048000
                    Iteration time: 0.37s
                      Time elapsed: 00:00:46
                               ETA: 00:02:21

################################################################################
                      [1m Learning iteration 125/500 [0m                      

                       Computation: 45286 steps/s (collection: 0.273s, learning 0.089s)
             Mean action noise std: 0.31
          Mean value_function loss: 0.0375
               Mean surrogate loss: -0.0053
                 Mean entropy loss: 1.9195
                       Mean reward: 47.50
               Mean episode length: 881.15
           Episode_Reward/progress: 2.8855
              Episode_Reward/alive: 0.4406
            Episode_Reward/upright: 0.0874
     Episode_Reward/move_to_target: 0.4383
          Episode_Reward/action_l2: -0.0214
             Episode_Reward/energy: -0.5571
   Episode_Reward/joint_pos_limits: -0.3619
      Episode_Termination/time_out: 0.8782
  Episode_Termination/torso_height: 0.1218
--------------------------------------------------------------------------------
                   Total timesteps: 2064384
                    Iteration time: 0.36s
                      Time elapsed: 00:00:47
                               ETA: 00:02:20

################################################################################
                      [1m Learning iteration 126/500 [0m                      

                       Computation: 47108 steps/s (collection: 0.272s, learning 0.076s)
             Mean action noise std: 0.31
          Mean value_function loss: 0.0371
               Mean surrogate loss: -0.0058
                 Mean entropy loss: 1.8849
                       Mean reward: 48.09
               Mean episode length: 882.27
           Episode_Reward/progress: 3.1528
              Episode_Reward/alive: 0.4718
            Episode_Reward/upright: 0.0939
     Episode_Reward/move_to_target: 0.4713
          Episode_Reward/action_l2: -0.0230
             Episode_Reward/energy: -0.6048
   Episode_Reward/joint_pos_limits: -0.3900
      Episode_Termination/time_out: 0.8848
  Episode_Termination/torso_height: 0.1152
--------------------------------------------------------------------------------
                   Total timesteps: 2080768
                    Iteration time: 0.35s
                      Time elapsed: 00:00:47
                               ETA: 00:02:20

################################################################################
                      [1m Learning iteration 127/500 [0m                      

                       Computation: 44786 steps/s (collection: 0.278s, learning 0.088s)
             Mean action noise std: 0.31
          Mean value_function loss: 0.0311
               Mean surrogate loss: -0.0059
                 Mean entropy loss: 1.8370
                       Mean reward: 47.01
               Mean episode length: 852.61
           Episode_Reward/progress: 2.9582
              Episode_Reward/alive: 0.4563
            Episode_Reward/upright: 0.0892
     Episode_Reward/move_to_target: 0.4548
          Episode_Reward/action_l2: -0.0224
             Episode_Reward/energy: -0.5876
   Episode_Reward/joint_pos_limits: -0.3788
      Episode_Termination/time_out: 0.8807
  Episode_Termination/torso_height: 0.1193
--------------------------------------------------------------------------------
                   Total timesteps: 2097152
                    Iteration time: 0.37s
                      Time elapsed: 00:00:48
                               ETA: 00:02:20

################################################################################
                      [1m Learning iteration 128/500 [0m                      

                       Computation: 44618 steps/s (collection: 0.277s, learning 0.090s)
             Mean action noise std: 0.31
          Mean value_function loss: 0.0247
               Mean surrogate loss: -0.0067
                 Mean entropy loss: 1.8059
                       Mean reward: 47.91
               Mean episode length: 861.90
           Episode_Reward/progress: 2.9874
              Episode_Reward/alive: 0.4521
            Episode_Reward/upright: 0.0891
     Episode_Reward/move_to_target: 0.4493
          Episode_Reward/action_l2: -0.0223
             Episode_Reward/energy: -0.5800
   Episode_Reward/joint_pos_limits: -0.3758
      Episode_Termination/time_out: 0.8848
  Episode_Termination/torso_height: 0.1152
--------------------------------------------------------------------------------
                   Total timesteps: 2113536
                    Iteration time: 0.37s
                      Time elapsed: 00:00:48
                               ETA: 00:02:19

################################################################################
                      [1m Learning iteration 129/500 [0m                      

                       Computation: 50812 steps/s (collection: 0.255s, learning 0.067s)
             Mean action noise std: 0.30
          Mean value_function loss: 0.0308
               Mean surrogate loss: -0.0055
                 Mean entropy loss: 1.7799
                       Mean reward: 47.10
               Mean episode length: 845.03
           Episode_Reward/progress: 2.8330
              Episode_Reward/alive: 0.4159
            Episode_Reward/upright: 0.0814
     Episode_Reward/move_to_target: 0.4145
          Episode_Reward/action_l2: -0.0202
             Episode_Reward/energy: -0.5373
   Episode_Reward/joint_pos_limits: -0.3431
      Episode_Termination/time_out: 0.8875
  Episode_Termination/torso_height: 0.1125
--------------------------------------------------------------------------------
                   Total timesteps: 2129920
                    Iteration time: 0.32s
                      Time elapsed: 00:00:48
                               ETA: 00:02:19

################################################################################
                      [1m Learning iteration 130/500 [0m                      

                       Computation: 44531 steps/s (collection: 0.279s, learning 0.089s)
             Mean action noise std: 0.30
          Mean value_function loss: 0.0364
               Mean surrogate loss: -0.0082
                 Mean entropy loss: 1.7436
                       Mean reward: 50.12
               Mean episode length: 884.76
           Episode_Reward/progress: 3.3458
              Episode_Reward/alive: 0.4813
            Episode_Reward/upright: 0.0956
     Episode_Reward/move_to_target: 0.4802
          Episode_Reward/action_l2: -0.0236
             Episode_Reward/energy: -0.6355
   Episode_Reward/joint_pos_limits: -0.3983
      Episode_Termination/time_out: 0.8870
  Episode_Termination/torso_height: 0.1130
--------------------------------------------------------------------------------
                   Total timesteps: 2146304
                    Iteration time: 0.37s
                      Time elapsed: 00:00:49
                               ETA: 00:02:18

################################################################################
                      [1m Learning iteration 131/500 [0m                      

                       Computation: 43765 steps/s (collection: 0.286s, learning 0.088s)
             Mean action noise std: 0.30
          Mean value_function loss: 0.0348
               Mean surrogate loss: -0.0060
                 Mean entropy loss: 1.6835
                       Mean reward: 50.54
               Mean episode length: 881.84
           Episode_Reward/progress: 3.0653
              Episode_Reward/alive: 0.4393
            Episode_Reward/upright: 0.0869
     Episode_Reward/move_to_target: 0.4377
          Episode_Reward/action_l2: -0.0214
             Episode_Reward/energy: -0.5850
   Episode_Reward/joint_pos_limits: -0.3609
      Episode_Termination/time_out: 0.8904
  Episode_Termination/torso_height: 0.1096
--------------------------------------------------------------------------------
                   Total timesteps: 2162688
                    Iteration time: 0.37s
                      Time elapsed: 00:00:49
                               ETA: 00:02:18

################################################################################
                      [1m Learning iteration 132/500 [0m                      

                       Computation: 40889 steps/s (collection: 0.306s, learning 0.094s)
             Mean action noise std: 0.30
          Mean value_function loss: 0.0259
               Mean surrogate loss: -0.0054
                 Mean entropy loss: 1.6353
                       Mean reward: 47.83
               Mean episode length: 828.72
           Episode_Reward/progress: 2.5054
              Episode_Reward/alive: 0.3608
            Episode_Reward/upright: 0.0703
     Episode_Reward/move_to_target: 0.3566
          Episode_Reward/action_l2: -0.0178
             Episode_Reward/energy: -0.4742
   Episode_Reward/joint_pos_limits: -0.3008
      Episode_Termination/time_out: 0.8886
  Episode_Termination/torso_height: 0.1114
--------------------------------------------------------------------------------
                   Total timesteps: 2179072
                    Iteration time: 0.40s
                      Time elapsed: 00:00:49
                               ETA: 00:02:18

################################################################################
                      [1m Learning iteration 133/500 [0m                      

                       Computation: 41637 steps/s (collection: 0.300s, learning 0.093s)
             Mean action noise std: 0.30
          Mean value_function loss: 0.0404
               Mean surrogate loss: -0.0050
                 Mean entropy loss: 1.6060
                       Mean reward: 49.29
               Mean episode length: 847.23
           Episode_Reward/progress: 3.4646
              Episode_Reward/alive: 0.4858
            Episode_Reward/upright: 0.0965
     Episode_Reward/move_to_target: 0.4854
          Episode_Reward/action_l2: -0.0240
             Episode_Reward/energy: -0.6594
   Episode_Reward/joint_pos_limits: -0.4033
      Episode_Termination/time_out: 0.8878
  Episode_Termination/torso_height: 0.1122
--------------------------------------------------------------------------------
                   Total timesteps: 2195456
                    Iteration time: 0.39s
                      Time elapsed: 00:00:50
                               ETA: 00:02:17

################################################################################
                      [1m Learning iteration 134/500 [0m                      

                       Computation: 48209 steps/s (collection: 0.270s, learning 0.070s)
             Mean action noise std: 0.30
          Mean value_function loss: 0.0251
               Mean surrogate loss: -0.0082
                 Mean entropy loss: 1.5625
                       Mean reward: 48.24
               Mean episode length: 830.61
           Episode_Reward/progress: 2.8751
              Episode_Reward/alive: 0.4234
            Episode_Reward/upright: 0.0831
     Episode_Reward/move_to_target: 0.4211
          Episode_Reward/action_l2: -0.0206
             Episode_Reward/energy: -0.5617
   Episode_Reward/joint_pos_limits: -0.3511
      Episode_Termination/time_out: 0.8850
  Episode_Termination/torso_height: 0.1150
--------------------------------------------------------------------------------
                   Total timesteps: 2211840
                    Iteration time: 0.34s
                      Time elapsed: 00:00:50
                               ETA: 00:02:17

################################################################################
                      [1m Learning iteration 135/500 [0m                      

                       Computation: 48979 steps/s (collection: 0.263s, learning 0.072s)
             Mean action noise std: 0.29
          Mean value_function loss: 0.0328
               Mean surrogate loss: -0.0053
                 Mean entropy loss: 1.5140
                       Mean reward: 48.56
               Mean episode length: 830.61
           Episode_Reward/progress: 3.6928
              Episode_Reward/alive: 0.5000
            Episode_Reward/upright: 0.0996
     Episode_Reward/move_to_target: 0.4992
          Episode_Reward/action_l2: -0.0243
             Episode_Reward/energy: -0.6817
   Episode_Reward/joint_pos_limits: -0.4153
      Episode_Termination/time_out: 0.8868
  Episode_Termination/torso_height: 0.1132
--------------------------------------------------------------------------------
                   Total timesteps: 2228224
                    Iteration time: 0.33s
                      Time elapsed: 00:00:50
                               ETA: 00:02:16

################################################################################
                      [1m Learning iteration 136/500 [0m                      

                       Computation: 47938 steps/s (collection: 0.254s, learning 0.088s)
             Mean action noise std: 0.29
          Mean value_function loss: 0.0197
               Mean surrogate loss: -0.0053
                 Mean entropy loss: 1.4793
                       Mean reward: 47.78
               Mean episode length: 815.63
           Episode_Reward/progress: 2.4811
              Episode_Reward/alive: 0.3380
            Episode_Reward/upright: 0.0658
     Episode_Reward/move_to_target: 0.3334
          Episode_Reward/action_l2: -0.0173
             Episode_Reward/energy: -0.4836
   Episode_Reward/joint_pos_limits: -0.2836
      Episode_Termination/time_out: 0.8889
  Episode_Termination/torso_height: 0.1111
--------------------------------------------------------------------------------
                   Total timesteps: 2244608
                    Iteration time: 0.34s
                      Time elapsed: 00:00:51
                               ETA: 00:02:16

################################################################################
                      [1m Learning iteration 137/500 [0m                      

                       Computation: 46393 steps/s (collection: 0.256s, learning 0.097s)
             Mean action noise std: 0.29
          Mean value_function loss: 0.0426
               Mean surrogate loss: -0.0058
                 Mean entropy loss: 1.4326
                       Mean reward: 48.76
               Mean episode length: 830.71
           Episode_Reward/progress: 3.5023
              Episode_Reward/alive: 0.5000
            Episode_Reward/upright: 0.0996
     Episode_Reward/move_to_target: 0.4849
          Episode_Reward/action_l2: -0.0246
             Episode_Reward/energy: -0.6563
   Episode_Reward/joint_pos_limits: -0.4144
      Episode_Termination/time_out: 0.8870
  Episode_Termination/torso_height: 0.1130
--------------------------------------------------------------------------------
                   Total timesteps: 2260992
                    Iteration time: 0.35s
                      Time elapsed: 00:00:51
                               ETA: 00:02:15

################################################################################
                      [1m Learning iteration 138/500 [0m                      

                       Computation: 42267 steps/s (collection: 0.298s, learning 0.090s)
             Mean action noise std: 0.29
          Mean value_function loss: 0.0623
               Mean surrogate loss: -0.0048
                 Mean entropy loss: 1.3931
                       Mean reward: 51.79
               Mean episode length: 870.01
           Episode_Reward/progress: 3.5705
              Episode_Reward/alive: 0.4761
            Episode_Reward/upright: 0.0947
     Episode_Reward/move_to_target: 0.4747
          Episode_Reward/action_l2: -0.0235
             Episode_Reward/energy: -0.6678
   Episode_Reward/joint_pos_limits: -0.3925
      Episode_Termination/time_out: 0.8954
  Episode_Termination/torso_height: 0.1046
--------------------------------------------------------------------------------
                   Total timesteps: 2277376
                    Iteration time: 0.39s
                      Time elapsed: 00:00:52
                               ETA: 00:02:15

################################################################################
                      [1m Learning iteration 139/500 [0m                      

                       Computation: 47079 steps/s (collection: 0.259s, learning 0.089s)
             Mean action noise std: 0.29
          Mean value_function loss: 0.0367
               Mean surrogate loss: -0.0054
                 Mean entropy loss: 1.3750
                       Mean reward: 52.02
               Mean episode length: 866.99
           Episode_Reward/progress: 2.9371
              Episode_Reward/alive: 0.3958
            Episode_Reward/upright: 0.0779
     Episode_Reward/move_to_target: 0.3926
          Episode_Reward/action_l2: -0.0194
             Episode_Reward/energy: -0.5463
   Episode_Reward/joint_pos_limits: -0.3256
      Episode_Termination/time_out: 0.8922
  Episode_Termination/torso_height: 0.1078
--------------------------------------------------------------------------------
                   Total timesteps: 2293760
                    Iteration time: 0.35s
                      Time elapsed: 00:00:52
                               ETA: 00:02:15

################################################################################
                      [1m Learning iteration 140/500 [0m                      

                       Computation: 40227 steps/s (collection: 0.305s, learning 0.102s)
             Mean action noise std: 0.29
          Mean value_function loss: 0.0318
               Mean surrogate loss: -0.0045
                 Mean entropy loss: 1.3520
                       Mean reward: 50.92
               Mean episode length: 839.91
           Episode_Reward/progress: 2.9899
              Episode_Reward/alive: 0.3869
            Episode_Reward/upright: 0.0762
     Episode_Reward/move_to_target: 0.3828
          Episode_Reward/action_l2: -0.0194
             Episode_Reward/energy: -0.5434
   Episode_Reward/joint_pos_limits: -0.3229
      Episode_Termination/time_out: 0.8876
  Episode_Termination/torso_height: 0.1124
--------------------------------------------------------------------------------
                   Total timesteps: 2310144
                    Iteration time: 0.41s
                      Time elapsed: 00:00:52
                               ETA: 00:02:14

################################################################################
                      [1m Learning iteration 141/500 [0m                      

                       Computation: 42917 steps/s (collection: 0.297s, learning 0.084s)
             Mean action noise std: 0.29
          Mean value_function loss: 0.0429
               Mean surrogate loss: -0.0054
                 Mean entropy loss: 1.3246
                       Mean reward: 51.42
               Mean episode length: 836.79
           Episode_Reward/progress: 3.4969
              Episode_Reward/alive: 0.4498
            Episode_Reward/upright: 0.0891
     Episode_Reward/move_to_target: 0.4487
          Episode_Reward/action_l2: -0.0222
             Episode_Reward/energy: -0.6491
   Episode_Reward/joint_pos_limits: -0.3709
      Episode_Termination/time_out: 0.8831
  Episode_Termination/torso_height: 0.1169
--------------------------------------------------------------------------------
                   Total timesteps: 2326528
                    Iteration time: 0.38s
                      Time elapsed: 00:00:53
                               ETA: 00:02:14

################################################################################
                      [1m Learning iteration 142/500 [0m                      

                       Computation: 46662 steps/s (collection: 0.263s, learning 0.088s)
             Mean action noise std: 0.29
          Mean value_function loss: 0.0526
               Mean surrogate loss: -0.0054
                 Mean entropy loss: 1.2975
                       Mean reward: 50.72
               Mean episode length: 828.07
           Episode_Reward/progress: 2.3849
              Episode_Reward/alive: 0.3837
            Episode_Reward/upright: 0.0727
     Episode_Reward/move_to_target: 0.3579
          Episode_Reward/action_l2: -0.0183
             Episode_Reward/energy: -0.4968
   Episode_Reward/joint_pos_limits: -0.3203
      Episode_Termination/time_out: 0.8826
  Episode_Termination/torso_height: 0.1174
--------------------------------------------------------------------------------
                   Total timesteps: 2342912
                    Iteration time: 0.35s
                      Time elapsed: 00:00:53
                               ETA: 00:02:14

################################################################################
                      [1m Learning iteration 143/500 [0m                      

                       Computation: 47649 steps/s (collection: 0.252s, learning 0.092s)
             Mean action noise std: 0.29
          Mean value_function loss: 0.0219
               Mean surrogate loss: -0.0059
                 Mean entropy loss: 1.2742
                       Mean reward: 51.94
               Mean episode length: 838.72
           Episode_Reward/progress: 3.4158
              Episode_Reward/alive: 0.4358
            Episode_Reward/upright: 0.0861
     Episode_Reward/move_to_target: 0.4323
          Episode_Reward/action_l2: -0.0219
             Episode_Reward/energy: -0.6292
   Episode_Reward/joint_pos_limits: -0.3610
      Episode_Termination/time_out: 0.8809
  Episode_Termination/torso_height: 0.1191
--------------------------------------------------------------------------------
                   Total timesteps: 2359296
                    Iteration time: 0.34s
                      Time elapsed: 00:00:53
                               ETA: 00:02:13

################################################################################
                      [1m Learning iteration 144/500 [0m                      

                       Computation: 46478 steps/s (collection: 0.263s, learning 0.089s)
             Mean action noise std: 0.28
          Mean value_function loss: 0.0222
               Mean surrogate loss: -0.0054
                 Mean entropy loss: 1.2258
                       Mean reward: 51.45
               Mean episode length: 821.59
           Episode_Reward/progress: 3.0918
              Episode_Reward/alive: 0.3938
            Episode_Reward/upright: 0.0765
     Episode_Reward/move_to_target: 0.3884
          Episode_Reward/action_l2: -0.0202
             Episode_Reward/energy: -0.5710
   Episode_Reward/joint_pos_limits: -0.3290
      Episode_Termination/time_out: 0.8796
  Episode_Termination/torso_height: 0.1204
--------------------------------------------------------------------------------
                   Total timesteps: 2375680
                    Iteration time: 0.35s
                      Time elapsed: 00:00:54
                               ETA: 00:02:13

################################################################################
                      [1m Learning iteration 145/500 [0m                      

                       Computation: 52335 steps/s (collection: 0.245s, learning 0.068s)
             Mean action noise std: 0.28
          Mean value_function loss: 0.0345
               Mean surrogate loss: -0.0033
                 Mean entropy loss: 1.1994
                       Mean reward: 51.01
               Mean episode length: 812.97
           Episode_Reward/progress: 1.9542
              Episode_Reward/alive: 0.2753
            Episode_Reward/upright: 0.0505
     Episode_Reward/move_to_target: 0.2572
          Episode_Reward/action_l2: -0.0141
             Episode_Reward/energy: -0.3735
   Episode_Reward/joint_pos_limits: -0.2319
      Episode_Termination/time_out: 0.8809
  Episode_Termination/torso_height: 0.1191
--------------------------------------------------------------------------------
                   Total timesteps: 2392064
                    Iteration time: 0.31s
                      Time elapsed: 00:00:54
                               ETA: 00:02:12

################################################################################
                      [1m Learning iteration 146/500 [0m                      

                       Computation: 45178 steps/s (collection: 0.269s, learning 0.094s)
             Mean action noise std: 0.28
          Mean value_function loss: 0.0391
               Mean surrogate loss: -0.0054
                 Mean entropy loss: 1.1809
                       Mean reward: 50.94
               Mean episode length: 822.86
           Episode_Reward/progress: 3.5392
              Episode_Reward/alive: 0.4772
            Episode_Reward/upright: 0.0948
     Episode_Reward/move_to_target: 0.4724
          Episode_Reward/action_l2: -0.0238
             Episode_Reward/energy: -0.6726
   Episode_Reward/joint_pos_limits: -0.3992
      Episode_Termination/time_out: 0.8812
  Episode_Termination/torso_height: 0.1188
--------------------------------------------------------------------------------
                   Total timesteps: 2408448
                    Iteration time: 0.36s
                      Time elapsed: 00:00:54
                               ETA: 00:02:12

################################################################################
                      [1m Learning iteration 147/500 [0m                      

                       Computation: 46478 steps/s (collection: 0.265s, learning 0.088s)
             Mean action noise std: 0.28
          Mean value_function loss: 0.0327
               Mean surrogate loss: -0.0066
                 Mean entropy loss: 1.1413
                       Mean reward: 52.10
               Mean episode length: 831.16
           Episode_Reward/progress: 3.5801
              Episode_Reward/alive: 0.4390
            Episode_Reward/upright: 0.0868
     Episode_Reward/move_to_target: 0.4376
          Episode_Reward/action_l2: -0.0221
             Episode_Reward/energy: -0.6493
   Episode_Reward/joint_pos_limits: -0.3661
      Episode_Termination/time_out: 0.8785
  Episode_Termination/torso_height: 0.1215
--------------------------------------------------------------------------------
                   Total timesteps: 2424832
                    Iteration time: 0.35s
                      Time elapsed: 00:00:55
                               ETA: 00:02:11

################################################################################
                      [1m Learning iteration 148/500 [0m                      

                       Computation: 48148 steps/s (collection: 0.251s, learning 0.090s)
             Mean action noise std: 0.28
          Mean value_function loss: 0.0491
               Mean surrogate loss: -0.0063
                 Mean entropy loss: 1.1044
                       Mean reward: 51.96
               Mean episode length: 825.38
           Episode_Reward/progress: 3.4297
              Episode_Reward/alive: 0.4300
            Episode_Reward/upright: 0.0851
     Episode_Reward/move_to_target: 0.4275
          Episode_Reward/action_l2: -0.0213
             Episode_Reward/energy: -0.6217
   Episode_Reward/joint_pos_limits: -0.3592
      Episode_Termination/time_out: 0.8740
  Episode_Termination/torso_height: 0.1260
--------------------------------------------------------------------------------
                   Total timesteps: 2441216
                    Iteration time: 0.34s
                      Time elapsed: 00:00:55
                               ETA: 00:02:11

################################################################################
                      [1m Learning iteration 149/500 [0m                      

                       Computation: 46792 steps/s (collection: 0.266s, learning 0.084s)
             Mean action noise std: 0.28
          Mean value_function loss: 0.0401
               Mean surrogate loss: -0.0059
                 Mean entropy loss: 1.0617
                       Mean reward: 50.81
               Mean episode length: 804.31
           Episode_Reward/progress: 2.8916
              Episode_Reward/alive: 0.3587
            Episode_Reward/upright: 0.0699
     Episode_Reward/move_to_target: 0.3540
          Episode_Reward/action_l2: -0.0179
             Episode_Reward/energy: -0.5321
   Episode_Reward/joint_pos_limits: -0.2981
      Episode_Termination/time_out: 0.8696
  Episode_Termination/torso_height: 0.1304
--------------------------------------------------------------------------------
                   Total timesteps: 2457600
                    Iteration time: 0.35s
                      Time elapsed: 00:00:55
                               ETA: 00:02:10

################################################################################
                      [1m Learning iteration 150/500 [0m                      

                       Computation: 43362 steps/s (collection: 0.288s, learning 0.090s)
             Mean action noise std: 0.28
          Mean value_function loss: 0.0310
               Mean surrogate loss: -0.0058
                 Mean entropy loss: 1.0099
                       Mean reward: 52.11
               Mean episode length: 815.21
           Episode_Reward/progress: 3.5403
              Episode_Reward/alive: 0.4389
            Episode_Reward/upright: 0.0869
     Episode_Reward/move_to_target: 0.4379
          Episode_Reward/action_l2: -0.0221
             Episode_Reward/energy: -0.6428
   Episode_Reward/joint_pos_limits: -0.3652
      Episode_Termination/time_out: 0.8639
  Episode_Termination/torso_height: 0.1361
--------------------------------------------------------------------------------
                   Total timesteps: 2473984
                    Iteration time: 0.38s
                      Time elapsed: 00:00:56
                               ETA: 00:02:10

################################################################################
                      [1m Learning iteration 151/500 [0m                      

                       Computation: 42778 steps/s (collection: 0.288s, learning 0.095s)
             Mean action noise std: 0.28
          Mean value_function loss: 0.0329
               Mean surrogate loss: -0.0068
                 Mean entropy loss: 0.9596
                       Mean reward: 53.25
               Mean episode length: 829.26
           Episode_Reward/progress: 3.5331
              Episode_Reward/alive: 0.4382
            Episode_Reward/upright: 0.0863
     Episode_Reward/move_to_target: 0.4372
          Episode_Reward/action_l2: -0.0220
             Episode_Reward/energy: -0.6416
   Episode_Reward/joint_pos_limits: -0.3667
      Episode_Termination/time_out: 0.8623
  Episode_Termination/torso_height: 0.1377
--------------------------------------------------------------------------------
                   Total timesteps: 2490368
                    Iteration time: 0.38s
                      Time elapsed: 00:00:56
                               ETA: 00:02:10

################################################################################
                      [1m Learning iteration 152/500 [0m                      

                       Computation: 43644 steps/s (collection: 0.283s, learning 0.092s)
             Mean action noise std: 0.28
          Mean value_function loss: 0.0463
               Mean surrogate loss: -0.0045
                 Mean entropy loss: 0.9296
                       Mean reward: 54.66
               Mean episode length: 827.35
           Episode_Reward/progress: 3.5640
              Episode_Reward/alive: 0.4421
            Episode_Reward/upright: 0.0864
     Episode_Reward/move_to_target: 0.4385
          Episode_Reward/action_l2: -0.0219
             Episode_Reward/energy: -0.6460
   Episode_Reward/joint_pos_limits: -0.3683
      Episode_Termination/time_out: 0.8604
  Episode_Termination/torso_height: 0.1396
--------------------------------------------------------------------------------
                   Total timesteps: 2506752
                    Iteration time: 0.38s
                      Time elapsed: 00:00:57
                               ETA: 00:02:09

################################################################################
                      [1m Learning iteration 153/500 [0m                      

                       Computation: 40642 steps/s (collection: 0.309s, learning 0.095s)
             Mean action noise std: 0.27
          Mean value_function loss: 0.0284
               Mean surrogate loss: -0.0059
                 Mean entropy loss: 0.8999
                       Mean reward: 56.72
               Mean episode length: 857.34
           Episode_Reward/progress: 3.9787
              Episode_Reward/alive: 0.4880
            Episode_Reward/upright: 0.0965
     Episode_Reward/move_to_target: 0.4868
          Episode_Reward/action_l2: -0.0247
             Episode_Reward/energy: -0.7232
   Episode_Reward/joint_pos_limits: -0.4084
      Episode_Termination/time_out: 0.8561
  Episode_Termination/torso_height: 0.1439
--------------------------------------------------------------------------------
                   Total timesteps: 2523136
                    Iteration time: 0.40s
                      Time elapsed: 00:00:57
                               ETA: 00:02:09

################################################################################
                      [1m Learning iteration 154/500 [0m                      

                       Computation: 40630 steps/s (collection: 0.303s, learning 0.100s)
             Mean action noise std: 0.27
          Mean value_function loss: 0.0237
               Mean surrogate loss: -0.0055
                 Mean entropy loss: 0.8310
                       Mean reward: 57.99
               Mean episode length: 872.03
           Episode_Reward/progress: 3.6221
              Episode_Reward/alive: 0.4409
            Episode_Reward/upright: 0.0874
     Episode_Reward/move_to_target: 0.4375
          Episode_Reward/action_l2: -0.0224
             Episode_Reward/energy: -0.6662
   Episode_Reward/joint_pos_limits: -0.3686
      Episode_Termination/time_out: 0.8530
  Episode_Termination/torso_height: 0.1470
--------------------------------------------------------------------------------
                   Total timesteps: 2539520
                    Iteration time: 0.40s
                      Time elapsed: 00:00:57
                               ETA: 00:02:09

################################################################################
                      [1m Learning iteration 155/500 [0m                      

                       Computation: 38873 steps/s (collection: 0.321s, learning 0.101s)
             Mean action noise std: 0.27
          Mean value_function loss: 0.0298
               Mean surrogate loss: -0.0035
                 Mean entropy loss: 0.7928
                       Mean reward: 58.17
               Mean episode length: 864.72
           Episode_Reward/progress: 3.7292
              Episode_Reward/alive: 0.4429
            Episode_Reward/upright: 0.0871
     Episode_Reward/move_to_target: 0.4397
          Episode_Reward/action_l2: -0.0224
             Episode_Reward/energy: -0.6626
   Episode_Reward/joint_pos_limits: -0.3709
      Episode_Termination/time_out: 0.8544
  Episode_Termination/torso_height: 0.1456
--------------------------------------------------------------------------------
                   Total timesteps: 2555904
                    Iteration time: 0.42s
                      Time elapsed: 00:00:58
                               ETA: 00:02:08

################################################################################
                      [1m Learning iteration 156/500 [0m                      

                       Computation: 39894 steps/s (collection: 0.327s, learning 0.084s)
             Mean action noise std: 0.27
          Mean value_function loss: 0.0523
               Mean surrogate loss: -0.0059
                 Mean entropy loss: 0.7710
                       Mean reward: 59.60
               Mean episode length: 882.77
           Episode_Reward/progress: 4.0578
              Episode_Reward/alive: 0.4856
            Episode_Reward/upright: 0.0962
     Episode_Reward/move_to_target: 0.4840
          Episode_Reward/action_l2: -0.0246
             Episode_Reward/energy: -0.7346
   Episode_Reward/joint_pos_limits: -0.4098
      Episode_Termination/time_out: 0.8555
  Episode_Termination/torso_height: 0.1445
--------------------------------------------------------------------------------
                   Total timesteps: 2572288
                    Iteration time: 0.41s
                      Time elapsed: 00:00:58
                               ETA: 00:02:08

################################################################################
                      [1m Learning iteration 157/500 [0m                      

                       Computation: 39240 steps/s (collection: 0.337s, learning 0.081s)
             Mean action noise std: 0.27
          Mean value_function loss: 0.0251
               Mean surrogate loss: -0.0065
                 Mean entropy loss: 0.7336
                       Mean reward: 58.44
               Mean episode length: 860.04
           Episode_Reward/progress: 3.7089
              Episode_Reward/alive: 0.4413
            Episode_Reward/upright: 0.0873
     Episode_Reward/move_to_target: 0.4394
          Episode_Reward/action_l2: -0.0225
             Episode_Reward/energy: -0.6786
   Episode_Reward/joint_pos_limits: -0.3706
      Episode_Termination/time_out: 0.8542
  Episode_Termination/torso_height: 0.1458
--------------------------------------------------------------------------------
                   Total timesteps: 2588672
                    Iteration time: 0.42s
                      Time elapsed: 00:00:59
                               ETA: 00:02:08

################################################################################
                      [1m Learning iteration 158/500 [0m                      

                       Computation: 38003 steps/s (collection: 0.335s, learning 0.096s)
             Mean action noise std: 0.27
          Mean value_function loss: 0.0545
               Mean surrogate loss: -0.0065
                 Mean entropy loss: 0.6756
                       Mean reward: 58.02
               Mean episode length: 854.53
           Episode_Reward/progress: 3.7017
              Episode_Reward/alive: 0.4371
            Episode_Reward/upright: 0.0864
     Episode_Reward/move_to_target: 0.4355
          Episode_Reward/action_l2: -0.0225
             Episode_Reward/energy: -0.6658
   Episode_Reward/joint_pos_limits: -0.3689
      Episode_Termination/time_out: 0.8560
  Episode_Termination/torso_height: 0.1440
--------------------------------------------------------------------------------
                   Total timesteps: 2605056
                    Iteration time: 0.43s
                      Time elapsed: 00:00:59
                               ETA: 00:02:08

################################################################################
                      [1m Learning iteration 159/500 [0m                      

                       Computation: 46270 steps/s (collection: 0.264s, learning 0.090s)
             Mean action noise std: 0.27
          Mean value_function loss: 0.0347
               Mean surrogate loss: -0.0066
                 Mean entropy loss: 0.6382
                       Mean reward: 57.85
               Mean episode length: 850.33
           Episode_Reward/progress: 3.6453
              Episode_Reward/alive: 0.4236
            Episode_Reward/upright: 0.0823
     Episode_Reward/move_to_target: 0.4188
          Episode_Reward/action_l2: -0.0215
             Episode_Reward/energy: -0.6511
   Episode_Reward/joint_pos_limits: -0.3555
      Episode_Termination/time_out: 0.8576
  Episode_Termination/torso_height: 0.1424
--------------------------------------------------------------------------------
                   Total timesteps: 2621440
                    Iteration time: 0.35s
                      Time elapsed: 00:00:59
                               ETA: 00:02:07

################################################################################
                      [1m Learning iteration 160/500 [0m                      

                       Computation: 43253 steps/s (collection: 0.280s, learning 0.098s)
             Mean action noise std: 0.26
          Mean value_function loss: 0.0298
               Mean surrogate loss: -0.0068
                 Mean entropy loss: 0.5908
                       Mean reward: 59.56
               Mean episode length: 867.07
           Episode_Reward/progress: 3.2330
              Episode_Reward/alive: 0.3850
            Episode_Reward/upright: 0.0751
     Episode_Reward/move_to_target: 0.3797
          Episode_Reward/action_l2: -0.0197
             Episode_Reward/energy: -0.5855
   Episode_Reward/joint_pos_limits: -0.3242
      Episode_Termination/time_out: 0.8552
  Episode_Termination/torso_height: 0.1448
--------------------------------------------------------------------------------
                   Total timesteps: 2637824
                    Iteration time: 0.38s
                      Time elapsed: 00:01:00
                               ETA: 00:02:07

################################################################################
                      [1m Learning iteration 161/500 [0m                      

                       Computation: 41900 steps/s (collection: 0.292s, learning 0.099s)
             Mean action noise std: 0.26
          Mean value_function loss: 0.0501
               Mean surrogate loss: -0.0064
                 Mean entropy loss: 0.5632
                       Mean reward: 59.71
               Mean episode length: 867.32
           Episode_Reward/progress: 4.1955
              Episode_Reward/alive: 0.4928
            Episode_Reward/upright: 0.0976
     Episode_Reward/move_to_target: 0.4924
          Episode_Reward/action_l2: -0.0251
             Episode_Reward/energy: -0.7579
   Episode_Reward/joint_pos_limits: -0.4144
      Episode_Termination/time_out: 0.8532
  Episode_Termination/torso_height: 0.1468
--------------------------------------------------------------------------------
                   Total timesteps: 2654208
                    Iteration time: 0.39s
                      Time elapsed: 00:01:00
                               ETA: 00:02:07

################################################################################
                      [1m Learning iteration 162/500 [0m                      

                       Computation: 42753 steps/s (collection: 0.293s, learning 0.090s)
             Mean action noise std: 0.26
          Mean value_function loss: 0.0298
               Mean surrogate loss: -0.0063
                 Mean entropy loss: 0.5447
                       Mean reward: 59.85
               Mean episode length: 866.84
           Episode_Reward/progress: 3.5363
              Episode_Reward/alive: 0.4138
            Episode_Reward/upright: 0.0811
     Episode_Reward/move_to_target: 0.4121
          Episode_Reward/action_l2: -0.0215
             Episode_Reward/energy: -0.6414
   Episode_Reward/joint_pos_limits: -0.3505
      Episode_Termination/time_out: 0.8598
  Episode_Termination/torso_height: 0.1402
--------------------------------------------------------------------------------
                   Total timesteps: 2670592
                    Iteration time: 0.38s
                      Time elapsed: 00:01:01
                               ETA: 00:02:06

################################################################################
                      [1m Learning iteration 163/500 [0m                      

                       Computation: 44607 steps/s (collection: 0.277s, learning 0.090s)
             Mean action noise std: 0.26
          Mean value_function loss: 0.0430
               Mean surrogate loss: -0.0050
                 Mean entropy loss: 0.5278
                       Mean reward: 61.33
               Mean episode length: 879.85
           Episode_Reward/progress: 4.3374
              Episode_Reward/alive: 0.4953
            Episode_Reward/upright: 0.0986
     Episode_Reward/move_to_target: 0.4949
          Episode_Reward/action_l2: -0.0256
             Episode_Reward/energy: -0.7738
   Episode_Reward/joint_pos_limits: -0.4204
      Episode_Termination/time_out: 0.8617
  Episode_Termination/torso_height: 0.1383
--------------------------------------------------------------------------------
                   Total timesteps: 2686976
                    Iteration time: 0.37s
                      Time elapsed: 00:01:01
                               ETA: 00:02:06

################################################################################
                      [1m Learning iteration 164/500 [0m                      

                       Computation: 45229 steps/s (collection: 0.271s, learning 0.091s)
             Mean action noise std: 0.26
          Mean value_function loss: 0.0322
               Mean surrogate loss: -0.0064
                 Mean entropy loss: 0.4949
                       Mean reward: 61.28
               Mean episode length: 883.61
           Episode_Reward/progress: 3.4369
              Episode_Reward/alive: 0.4227
            Episode_Reward/upright: 0.0831
     Episode_Reward/move_to_target: 0.4183
          Episode_Reward/action_l2: -0.0212
             Episode_Reward/energy: -0.6357
   Episode_Reward/joint_pos_limits: -0.3538
      Episode_Termination/time_out: 0.8596
  Episode_Termination/torso_height: 0.1404
--------------------------------------------------------------------------------
                   Total timesteps: 2703360
                    Iteration time: 0.36s
                      Time elapsed: 00:01:01
                               ETA: 00:02:05

################################################################################
                      [1m Learning iteration 165/500 [0m                      

                       Computation: 47493 steps/s (collection: 0.256s, learning 0.089s)
             Mean action noise std: 0.26
          Mean value_function loss: 0.0393
               Mean surrogate loss: -0.0054
                 Mean entropy loss: 0.4575
                       Mean reward: 60.80
               Mean episode length: 878.62
           Episode_Reward/progress: 3.6628
              Episode_Reward/alive: 0.4271
            Episode_Reward/upright: 0.0834
     Episode_Reward/move_to_target: 0.4253
          Episode_Reward/action_l2: -0.0218
             Episode_Reward/energy: -0.6582
   Episode_Reward/joint_pos_limits: -0.3609
      Episode_Termination/time_out: 0.8568
  Episode_Termination/torso_height: 0.1432
--------------------------------------------------------------------------------
                   Total timesteps: 2719744
                    Iteration time: 0.34s
                      Time elapsed: 00:01:02
                               ETA: 00:02:05

################################################################################
                      [1m Learning iteration 166/500 [0m                      

                       Computation: 48479 steps/s (collection: 0.249s, learning 0.089s)
             Mean action noise std: 0.26
          Mean value_function loss: 0.0223
               Mean surrogate loss: -0.0058
                 Mean entropy loss: 0.4245
                       Mean reward: 60.61
               Mean episode length: 871.88
           Episode_Reward/progress: 4.0515
              Episode_Reward/alive: 0.4559
            Episode_Reward/upright: 0.0891
     Episode_Reward/move_to_target: 0.4480
          Episode_Reward/action_l2: -0.0235
             Episode_Reward/energy: -0.7173
   Episode_Reward/joint_pos_limits: -0.3887
      Episode_Termination/time_out: 0.8579
  Episode_Termination/torso_height: 0.1421
--------------------------------------------------------------------------------
                   Total timesteps: 2736128
                    Iteration time: 0.34s
                      Time elapsed: 00:01:02
                               ETA: 00:02:05

################################################################################
                      [1m Learning iteration 167/500 [0m                      

                       Computation: 48354 steps/s (collection: 0.250s, learning 0.088s)
             Mean action noise std: 0.26
          Mean value_function loss: 0.0207
               Mean surrogate loss: -0.0025
                 Mean entropy loss: 0.3897
                       Mean reward: 61.50
               Mean episode length: 880.69
           Episode_Reward/progress: 4.4717
              Episode_Reward/alive: 0.5000
            Episode_Reward/upright: 0.0998
     Episode_Reward/move_to_target: 0.4996
          Episode_Reward/action_l2: -0.0257
             Episode_Reward/energy: -0.7987
   Episode_Reward/joint_pos_limits: -0.4185
      Episode_Termination/time_out: 0.8613
  Episode_Termination/torso_height: 0.1387
--------------------------------------------------------------------------------
                   Total timesteps: 2752512
                    Iteration time: 0.34s
                      Time elapsed: 00:01:02
                               ETA: 00:02:04

################################################################################
                      [1m Learning iteration 168/500 [0m                      

                       Computation: 46639 steps/s (collection: 0.262s, learning 0.089s)
             Mean action noise std: 0.26
          Mean value_function loss: 0.0476
               Mean surrogate loss: -0.0037
                 Mean entropy loss: 0.3535
                       Mean reward: 60.61
               Mean episode length: 862.92
           Episode_Reward/progress: 4.1819
              Episode_Reward/alive: 0.4637
            Episode_Reward/upright: 0.0919
     Episode_Reward/move_to_target: 0.4616
          Episode_Reward/action_l2: -0.0238
             Episode_Reward/energy: -0.7378
   Episode_Reward/joint_pos_limits: -0.3914
      Episode_Termination/time_out: 0.8605
  Episode_Termination/torso_height: 0.1395
--------------------------------------------------------------------------------
                   Total timesteps: 2768896
                    Iteration time: 0.35s
                      Time elapsed: 00:01:03
                               ETA: 00:02:04

################################################################################
                      [1m Learning iteration 169/500 [0m                      

                       Computation: 47242 steps/s (collection: 0.258s, learning 0.089s)
             Mean action noise std: 0.26
          Mean value_function loss: 0.0462
               Mean surrogate loss: -0.0057
                 Mean entropy loss: 0.3191
                       Mean reward: 62.27
               Mean episode length: 880.99
           Episode_Reward/progress: 4.1336
              Episode_Reward/alive: 0.4638
            Episode_Reward/upright: 0.0917
     Episode_Reward/move_to_target: 0.4610
          Episode_Reward/action_l2: -0.0236
             Episode_Reward/energy: -0.7260
   Episode_Reward/joint_pos_limits: -0.3906
      Episode_Termination/time_out: 0.8594
  Episode_Termination/torso_height: 0.1406
--------------------------------------------------------------------------------
                   Total timesteps: 2785280
                    Iteration time: 0.35s
                      Time elapsed: 00:01:03
                               ETA: 00:02:03

################################################################################
                      [1m Learning iteration 170/500 [0m                      

                       Computation: 42602 steps/s (collection: 0.295s, learning 0.090s)
             Mean action noise std: 0.25
          Mean value_function loss: 0.0301
               Mean surrogate loss: -0.0067
                 Mean entropy loss: 0.2862
                       Mean reward: 60.28
               Mean episode length: 862.38
           Episode_Reward/progress: 3.8785
              Episode_Reward/alive: 0.4509
            Episode_Reward/upright: 0.0891
     Episode_Reward/move_to_target: 0.4238
          Episode_Reward/action_l2: -0.0234
             Episode_Reward/energy: -0.6800
   Episode_Reward/joint_pos_limits: -0.3876
      Episode_Termination/time_out: 0.8588
  Episode_Termination/torso_height: 0.1412
--------------------------------------------------------------------------------
                   Total timesteps: 2801664
                    Iteration time: 0.38s
                      Time elapsed: 00:01:03
                               ETA: 00:02:03

################################################################################
                      [1m Learning iteration 171/500 [0m                      

                       Computation: 46175 steps/s (collection: 0.275s, learning 0.079s)
             Mean action noise std: 0.25
          Mean value_function loss: 0.0422
               Mean surrogate loss: -0.0057
                 Mean entropy loss: 0.2731
                       Mean reward: 61.50
               Mean episode length: 871.39
           Episode_Reward/progress: 4.5451
              Episode_Reward/alive: 0.5000
            Episode_Reward/upright: 0.0995
     Episode_Reward/move_to_target: 0.4994
          Episode_Reward/action_l2: -0.0258
             Episode_Reward/energy: -0.8023
   Episode_Reward/joint_pos_limits: -0.4231
      Episode_Termination/time_out: 0.8596
  Episode_Termination/torso_height: 0.1404
--------------------------------------------------------------------------------
                   Total timesteps: 2818048
                    Iteration time: 0.35s
                      Time elapsed: 00:01:04
                               ETA: 00:02:02

################################################################################
                      [1m Learning iteration 172/500 [0m                      

                       Computation: 46773 steps/s (collection: 0.275s, learning 0.075s)
             Mean action noise std: 0.25
          Mean value_function loss: 0.0309
               Mean surrogate loss: -0.0058
                 Mean entropy loss: 0.2413
                       Mean reward: 61.16
               Mean episode length: 863.19
           Episode_Reward/progress: 3.5674
              Episode_Reward/alive: 0.4221
            Episode_Reward/upright: 0.0831
     Episode_Reward/move_to_target: 0.4209
          Episode_Reward/action_l2: -0.0211
             Episode_Reward/energy: -0.6582
   Episode_Reward/joint_pos_limits: -0.3533
      Episode_Termination/time_out: 0.8597
  Episode_Termination/torso_height: 0.1403
--------------------------------------------------------------------------------
                   Total timesteps: 2834432
                    Iteration time: 0.35s
                      Time elapsed: 00:01:04
                               ETA: 00:02:02

################################################################################
                      [1m Learning iteration 173/500 [0m                      

                       Computation: 47385 steps/s (collection: 0.274s, learning 0.071s)
             Mean action noise std: 0.25
          Mean value_function loss: 0.0400
               Mean surrogate loss: -0.0051
                 Mean entropy loss: 0.2061
                       Mean reward: 61.43
               Mean episode length: 863.63
           Episode_Reward/progress: 4.0549
              Episode_Reward/alive: 0.4445
            Episode_Reward/upright: 0.0874
     Episode_Reward/move_to_target: 0.4400
          Episode_Reward/action_l2: -0.0228
             Episode_Reward/energy: -0.7152
   Episode_Reward/joint_pos_limits: -0.3773
      Episode_Termination/time_out: 0.8626
  Episode_Termination/torso_height: 0.1374
--------------------------------------------------------------------------------
                   Total timesteps: 2850816
                    Iteration time: 0.35s
                      Time elapsed: 00:01:04
                               ETA: 00:02:02

################################################################################
                      [1m Learning iteration 174/500 [0m                      

                       Computation: 47779 steps/s (collection: 0.275s, learning 0.068s)
             Mean action noise std: 0.25
          Mean value_function loss: 0.0262
               Mean surrogate loss: -0.0030
                 Mean entropy loss: 0.1826
                       Mean reward: 61.59
               Mean episode length: 863.70
           Episode_Reward/progress: 4.1375
              Episode_Reward/alive: 0.4657
            Episode_Reward/upright: 0.0911
     Episode_Reward/move_to_target: 0.4604
          Episode_Reward/action_l2: -0.0240
             Episode_Reward/energy: -0.7429
   Episode_Reward/joint_pos_limits: -0.3964
      Episode_Termination/time_out: 0.8611
  Episode_Termination/torso_height: 0.1389
--------------------------------------------------------------------------------
                   Total timesteps: 2867200
                    Iteration time: 0.34s
                      Time elapsed: 00:01:05
                               ETA: 00:02:01

################################################################################
                      [1m Learning iteration 175/500 [0m                      

                       Computation: 44213 steps/s (collection: 0.289s, learning 0.081s)
             Mean action noise std: 0.25
          Mean value_function loss: 0.0245
               Mean surrogate loss: -0.0015
                 Mean entropy loss: 0.1697
                       Mean reward: 61.06
               Mean episode length: 854.41
           Episode_Reward/progress: 3.1125
              Episode_Reward/alive: 0.3374
            Episode_Reward/upright: 0.0657
     Episode_Reward/move_to_target: 0.3375
          Episode_Reward/action_l2: -0.0173
             Episode_Reward/energy: -0.5380
   Episode_Reward/joint_pos_limits: -0.2912
      Episode_Termination/time_out: 0.8622
  Episode_Termination/torso_height: 0.1378
--------------------------------------------------------------------------------
                   Total timesteps: 2883584
                    Iteration time: 0.37s
                      Time elapsed: 00:01:05
                               ETA: 00:02:01

################################################################################
                      [1m Learning iteration 176/500 [0m                      

                       Computation: 39863 steps/s (collection: 0.323s, learning 0.088s)
             Mean action noise std: 0.25
          Mean value_function loss: 0.0305
               Mean surrogate loss: -0.0038
                 Mean entropy loss: 0.1427
                       Mean reward: 60.41
               Mean episode length: 846.79
           Episode_Reward/progress: 4.0331
              Episode_Reward/alive: 0.4488
            Episode_Reward/upright: 0.0888
     Episode_Reward/move_to_target: 0.4471
          Episode_Reward/action_l2: -0.0233
             Episode_Reward/energy: -0.7226
   Episode_Reward/joint_pos_limits: -0.3813
      Episode_Termination/time_out: 0.8607
  Episode_Termination/torso_height: 0.1393
--------------------------------------------------------------------------------
                   Total timesteps: 2899968
                    Iteration time: 0.41s
                      Time elapsed: 00:01:06
                               ETA: 00:02:00

################################################################################
                      [1m Learning iteration 177/500 [0m                      

                       Computation: 45522 steps/s (collection: 0.265s, learning 0.095s)
             Mean action noise std: 0.25
          Mean value_function loss: 0.0330
               Mean surrogate loss: -0.0042
                 Mean entropy loss: 0.1063
                       Mean reward: 61.64
               Mean episode length: 869.30
           Episode_Reward/progress: 4.3363
              Episode_Reward/alive: 0.4986
            Episode_Reward/upright: 0.0987
     Episode_Reward/move_to_target: 0.4924
          Episode_Reward/action_l2: -0.0253
             Episode_Reward/energy: -0.7740
   Episode_Reward/joint_pos_limits: -0.4324
      Episode_Termination/time_out: 0.8610
  Episode_Termination/torso_height: 0.1390
--------------------------------------------------------------------------------
                   Total timesteps: 2916352
                    Iteration time: 0.36s
                      Time elapsed: 00:01:06
                               ETA: 00:02:00

################################################################################
                      [1m Learning iteration 178/500 [0m                      

                       Computation: 42207 steps/s (collection: 0.297s, learning 0.091s)
             Mean action noise std: 0.25
          Mean value_function loss: 0.0271
               Mean surrogate loss: -0.0006
                 Mean entropy loss: 0.0801
                       Mean reward: 62.31
               Mean episode length: 864.30
           Episode_Reward/progress: 3.6119
              Episode_Reward/alive: 0.3978
            Episode_Reward/upright: 0.0782
     Episode_Reward/move_to_target: 0.3940
          Episode_Reward/action_l2: -0.0203
             Episode_Reward/energy: -0.6283
   Episode_Reward/joint_pos_limits: -0.3390
      Episode_Termination/time_out: 0.8655
  Episode_Termination/torso_height: 0.1345
--------------------------------------------------------------------------------
                   Total timesteps: 2932736
                    Iteration time: 0.39s
                      Time elapsed: 00:01:06
                               ETA: 00:02:00

################################################################################
                      [1m Learning iteration 179/500 [0m                      

                       Computation: 46721 steps/s (collection: 0.262s, learning 0.089s)
             Mean action noise std: 0.25
          Mean value_function loss: 0.0272
               Mean surrogate loss: -0.0059
                 Mean entropy loss: 0.0570
                       Mean reward: 62.31
               Mean episode length: 860.72
           Episode_Reward/progress: 3.8812
              Episode_Reward/alive: 0.4138
            Episode_Reward/upright: 0.0814
     Episode_Reward/move_to_target: 0.4110
          Episode_Reward/action_l2: -0.0213
             Episode_Reward/energy: -0.6687
   Episode_Reward/joint_pos_limits: -0.3541
      Episode_Termination/time_out: 0.8707
  Episode_Termination/torso_height: 0.1293
--------------------------------------------------------------------------------
                   Total timesteps: 2949120
                    Iteration time: 0.35s
                      Time elapsed: 00:01:07
                               ETA: 00:01:59

################################################################################
                      [1m Learning iteration 180/500 [0m                      

                       Computation: 45772 steps/s (collection: 0.264s, learning 0.094s)
             Mean action noise std: 0.25
          Mean value_function loss: 0.0328
               Mean surrogate loss: -0.0063
                 Mean entropy loss: 0.0284
                       Mean reward: 64.13
               Mean episode length: 881.73
           Episode_Reward/progress: 4.7107
              Episode_Reward/alive: 0.5000
            Episode_Reward/upright: 0.0993
     Episode_Reward/move_to_target: 0.4992
          Episode_Reward/action_l2: -0.0257
             Episode_Reward/energy: -0.8022
   Episode_Reward/joint_pos_limits: -0.4269
      Episode_Termination/time_out: 0.8770
  Episode_Termination/torso_height: 0.1230
--------------------------------------------------------------------------------
                   Total timesteps: 2965504
                    Iteration time: 0.36s
                      Time elapsed: 00:01:07
                               ETA: 00:01:59

################################################################################
                      [1m Learning iteration 181/500 [0m                      

                       Computation: 42104 steps/s (collection: 0.300s, learning 0.089s)
             Mean action noise std: 0.25
          Mean value_function loss: 0.0400
               Mean surrogate loss: -0.0046
                 Mean entropy loss: 0.0009
                       Mean reward: 63.94
               Mean episode length: 873.64
           Episode_Reward/progress: 4.4091
              Episode_Reward/alive: 0.4720
            Episode_Reward/upright: 0.0937
     Episode_Reward/move_to_target: 0.4713
          Episode_Reward/action_l2: -0.0246
             Episode_Reward/energy: -0.7638
   Episode_Reward/joint_pos_limits: -0.4032
      Episode_Termination/time_out: 0.8782
  Episode_Termination/torso_height: 0.1218
--------------------------------------------------------------------------------
                   Total timesteps: 2981888
                    Iteration time: 0.39s
                      Time elapsed: 00:01:07
                               ETA: 00:01:59

################################################################################
                      [1m Learning iteration 182/500 [0m                      

                       Computation: 44957 steps/s (collection: 0.270s, learning 0.095s)
             Mean action noise std: 0.25
          Mean value_function loss: 0.0301
               Mean surrogate loss: -0.0050
                 Mean entropy loss: -0.0252
                       Mean reward: 66.20
               Mean episode length: 898.79
           Episode_Reward/progress: 4.6544
              Episode_Reward/alive: 0.4916
            Episode_Reward/upright: 0.0978
     Episode_Reward/move_to_target: 0.4908
          Episode_Reward/action_l2: -0.0253
             Episode_Reward/energy: -0.7953
   Episode_Reward/joint_pos_limits: -0.4194
      Episode_Termination/time_out: 0.8793
  Episode_Termination/torso_height: 0.1207
--------------------------------------------------------------------------------
                   Total timesteps: 2998272
                    Iteration time: 0.36s
                      Time elapsed: 00:01:08
                               ETA: 00:01:58

################################################################################
                      [1m Learning iteration 183/500 [0m                      

                       Computation: 39618 steps/s (collection: 0.316s, learning 0.098s)
             Mean action noise std: 0.24
          Mean value_function loss: 0.0318
               Mean surrogate loss: -0.0047
                 Mean entropy loss: -0.0612
                       Mean reward: 66.44
               Mean episode length: 896.39
           Episode_Reward/progress: 4.0171
              Episode_Reward/alive: 0.4520
            Episode_Reward/upright: 0.0886
     Episode_Reward/move_to_target: 0.4454
          Episode_Reward/action_l2: -0.0228
             Episode_Reward/energy: -0.6977
   Episode_Reward/joint_pos_limits: -0.3915
      Episode_Termination/time_out: 0.8787
  Episode_Termination/torso_height: 0.1213
--------------------------------------------------------------------------------
                   Total timesteps: 3014656
                    Iteration time: 0.41s
                      Time elapsed: 00:01:08
                               ETA: 00:01:58

################################################################################
                      [1m Learning iteration 184/500 [0m                      

                       Computation: 44288 steps/s (collection: 0.279s, learning 0.091s)
             Mean action noise std: 0.24
          Mean value_function loss: 0.0356
               Mean surrogate loss: -0.0046
                 Mean entropy loss: -0.0974
                       Mean reward: 67.62
               Mean episode length: 905.35
           Episode_Reward/progress: 4.7342
              Episode_Reward/alive: 0.4903
            Episode_Reward/upright: 0.0976
     Episode_Reward/move_to_target: 0.4900
          Episode_Reward/action_l2: -0.0254
             Episode_Reward/energy: -0.8046
   Episode_Reward/joint_pos_limits: -0.4207
      Episode_Termination/time_out: 0.8814
  Episode_Termination/torso_height: 0.1186
--------------------------------------------------------------------------------
                   Total timesteps: 3031040
                    Iteration time: 0.37s
                      Time elapsed: 00:01:09
                               ETA: 00:01:58

################################################################################
                      [1m Learning iteration 185/500 [0m                      

                       Computation: 45345 steps/s (collection: 0.273s, learning 0.088s)
             Mean action noise std: 0.24
          Mean value_function loss: 0.0576
               Mean surrogate loss: -0.0065
                 Mean entropy loss: -0.1207
                       Mean reward: 67.64
               Mean episode length: 898.11
           Episode_Reward/progress: 4.4797
              Episode_Reward/alive: 0.4671
            Episode_Reward/upright: 0.0923
     Episode_Reward/move_to_target: 0.4655
          Episode_Reward/action_l2: -0.0242
             Episode_Reward/energy: -0.7578
   Episode_Reward/joint_pos_limits: -0.4003
      Episode_Termination/time_out: 0.8840
  Episode_Termination/torso_height: 0.1160
--------------------------------------------------------------------------------
                   Total timesteps: 3047424
                    Iteration time: 0.36s
                      Time elapsed: 00:01:09
                               ETA: 00:01:57

################################################################################
                      [1m Learning iteration 186/500 [0m                      

                       Computation: 45731 steps/s (collection: 0.269s, learning 0.089s)
             Mean action noise std: 0.24
          Mean value_function loss: 0.0450
               Mean surrogate loss: -0.0075
                 Mean entropy loss: -0.1376
                       Mean reward: 67.43
               Mean episode length: 893.24
           Episode_Reward/progress: 4.2310
              Episode_Reward/alive: 0.4511
            Episode_Reward/upright: 0.0885
     Episode_Reward/move_to_target: 0.4468
          Episode_Reward/action_l2: -0.0233
             Episode_Reward/energy: -0.7298
   Episode_Reward/joint_pos_limits: -0.3915
      Episode_Termination/time_out: 0.8829
  Episode_Termination/torso_height: 0.1171
--------------------------------------------------------------------------------
                   Total timesteps: 3063808
                    Iteration time: 0.36s
                      Time elapsed: 00:01:09
                               ETA: 00:01:57

################################################################################
                      [1m Learning iteration 187/500 [0m                      

                       Computation: 44986 steps/s (collection: 0.275s, learning 0.089s)
             Mean action noise std: 0.24
          Mean value_function loss: 0.0441
               Mean surrogate loss: -0.0065
                 Mean entropy loss: -0.1746
                       Mean reward: 67.20
               Mean episode length: 879.42
           Episode_Reward/progress: 4.6074
              Episode_Reward/alive: 0.4833
            Episode_Reward/upright: 0.0962
     Episode_Reward/move_to_target: 0.4818
          Episode_Reward/action_l2: -0.0249
             Episode_Reward/energy: -0.7979
   Episode_Reward/joint_pos_limits: -0.4158
      Episode_Termination/time_out: 0.8813
  Episode_Termination/torso_height: 0.1187
--------------------------------------------------------------------------------
                   Total timesteps: 3080192
                    Iteration time: 0.36s
                      Time elapsed: 00:01:10
                               ETA: 00:01:56

################################################################################
                      [1m Learning iteration 188/500 [0m                      

                       Computation: 42299 steps/s (collection: 0.294s, learning 0.094s)
             Mean action noise std: 0.24
          Mean value_function loss: 0.0405
               Mean surrogate loss: -0.0035
                 Mean entropy loss: -0.2228
                       Mean reward: 65.65
               Mean episode length: 870.18
           Episode_Reward/progress: 4.2615
              Episode_Reward/alive: 0.4554
            Episode_Reward/upright: 0.0895
     Episode_Reward/move_to_target: 0.4531
          Episode_Reward/action_l2: -0.0237
             Episode_Reward/energy: -0.7338
   Episode_Reward/joint_pos_limits: -0.3947
      Episode_Termination/time_out: 0.8820
  Episode_Termination/torso_height: 0.1180
--------------------------------------------------------------------------------
                   Total timesteps: 3096576
                    Iteration time: 0.39s
                      Time elapsed: 00:01:10
                               ETA: 00:01:56

################################################################################
                      [1m Learning iteration 189/500 [0m                      

                       Computation: 44373 steps/s (collection: 0.278s, learning 0.091s)
             Mean action noise std: 0.24
          Mean value_function loss: 0.0651
               Mean surrogate loss: -0.0078
                 Mean entropy loss: -0.2570
                       Mean reward: 65.64
               Mean episode length: 870.26
           Episode_Reward/progress: 4.0692
              Episode_Reward/alive: 0.4341
            Episode_Reward/upright: 0.0855
     Episode_Reward/move_to_target: 0.4313
          Episode_Reward/action_l2: -0.0222
             Episode_Reward/energy: -0.7022
   Episode_Reward/joint_pos_limits: -0.3738
      Episode_Termination/time_out: 0.8837
  Episode_Termination/torso_height: 0.1163
--------------------------------------------------------------------------------
                   Total timesteps: 3112960
                    Iteration time: 0.37s
                      Time elapsed: 00:01:10
                               ETA: 00:01:56

################################################################################
                      [1m Learning iteration 190/500 [0m                      

                       Computation: 44458 steps/s (collection: 0.279s, learning 0.090s)
             Mean action noise std: 0.24
          Mean value_function loss: 0.0319
               Mean surrogate loss: -0.0061
                 Mean entropy loss: -0.2907
                       Mean reward: 66.27
               Mean episode length: 873.08
           Episode_Reward/progress: 4.4106
              Episode_Reward/alive: 0.4634
            Episode_Reward/upright: 0.0916
     Episode_Reward/move_to_target: 0.4614
          Episode_Reward/action_l2: -0.0237
             Episode_Reward/energy: -0.7513
   Episode_Reward/joint_pos_limits: -0.4008
      Episode_Termination/time_out: 0.8819
  Episode_Termination/torso_height: 0.1181
--------------------------------------------------------------------------------
                   Total timesteps: 3129344
                    Iteration time: 0.37s
                      Time elapsed: 00:01:11
                               ETA: 00:01:55

################################################################################
                      [1m Learning iteration 191/500 [0m                      

                       Computation: 44483 steps/s (collection: 0.278s, learning 0.090s)
             Mean action noise std: 0.24
          Mean value_function loss: 0.0367
               Mean surrogate loss: -0.0047
                 Mean entropy loss: -0.3140
                       Mean reward: 68.15
               Mean episode length: 887.98
           Episode_Reward/progress: 4.7928
              Episode_Reward/alive: 0.4857
            Episode_Reward/upright: 0.0968
     Episode_Reward/move_to_target: 0.4851
          Episode_Reward/action_l2: -0.0252
             Episode_Reward/energy: -0.8032
   Episode_Reward/joint_pos_limits: -0.4210
      Episode_Termination/time_out: 0.8850
  Episode_Termination/torso_height: 0.1150
--------------------------------------------------------------------------------
                   Total timesteps: 3145728
                    Iteration time: 0.37s
                      Time elapsed: 00:01:11
                               ETA: 00:01:55

################################################################################
                      [1m Learning iteration 192/500 [0m                      

                       Computation: 44893 steps/s (collection: 0.276s, learning 0.089s)
             Mean action noise std: 0.24
          Mean value_function loss: 0.0800
               Mean surrogate loss: -0.0061
                 Mean entropy loss: -0.3213
                       Mean reward: 68.30
               Mean episode length: 879.69
           Episode_Reward/progress: 4.5849
              Episode_Reward/alive: 0.4638
            Episode_Reward/upright: 0.0919
     Episode_Reward/move_to_target: 0.4627
          Episode_Reward/action_l2: -0.0240
             Episode_Reward/energy: -0.7683
   Episode_Reward/joint_pos_limits: -0.4031
      Episode_Termination/time_out: 0.8881
  Episode_Termination/torso_height: 0.1119
--------------------------------------------------------------------------------
                   Total timesteps: 3162112
                    Iteration time: 0.36s
                      Time elapsed: 00:01:12
                               ETA: 00:01:54

################################################################################
                      [1m Learning iteration 193/500 [0m                      

                       Computation: 39153 steps/s (collection: 0.321s, learning 0.097s)
             Mean action noise std: 0.24
          Mean value_function loss: 0.0509
               Mean surrogate loss: -0.0058
                 Mean entropy loss: -0.3276
                       Mean reward: 66.71
               Mean episode length: 863.43
           Episode_Reward/progress: 3.1791
              Episode_Reward/alive: 0.3487
            Episode_Reward/upright: 0.0674
     Episode_Reward/move_to_target: 0.3406
          Episode_Reward/action_l2: -0.0177
             Episode_Reward/energy: -0.5469
   Episode_Reward/joint_pos_limits: -0.3074
      Episode_Termination/time_out: 0.8869
  Episode_Termination/torso_height: 0.1131
--------------------------------------------------------------------------------
                   Total timesteps: 3178496
                    Iteration time: 0.42s
                      Time elapsed: 00:01:12
                               ETA: 00:01:54

################################################################################
                      [1m Learning iteration 194/500 [0m                      

                       Computation: 44583 steps/s (collection: 0.299s, learning 0.069s)
             Mean action noise std: 0.24
          Mean value_function loss: 0.0653
               Mean surrogate loss: -0.0032
                 Mean entropy loss: -0.3451
                       Mean reward: 63.52
               Mean episode length: 827.64
           Episode_Reward/progress: 3.7743
              Episode_Reward/alive: 0.3981
            Episode_Reward/upright: 0.0783
     Episode_Reward/move_to_target: 0.3939
          Episode_Reward/action_l2: -0.0202
             Episode_Reward/energy: -0.6417
   Episode_Reward/joint_pos_limits: -0.3440
      Episode_Termination/time_out: 0.8762
  Episode_Termination/torso_height: 0.1238
--------------------------------------------------------------------------------
                   Total timesteps: 3194880
                    Iteration time: 0.37s
                      Time elapsed: 00:01:12
                               ETA: 00:01:54

################################################################################
                      [1m Learning iteration 195/500 [0m                      

                       Computation: 49362 steps/s (collection: 0.264s, learning 0.068s)
             Mean action noise std: 0.24
          Mean value_function loss: 0.0562
               Mean surrogate loss: -0.0036
                 Mean entropy loss: -0.3751
                       Mean reward: 62.99
               Mean episode length: 822.70
           Episode_Reward/progress: 4.5335
              Episode_Reward/alive: 0.4664
            Episode_Reward/upright: 0.0920
     Episode_Reward/move_to_target: 0.4646
          Episode_Reward/action_l2: -0.0242
             Episode_Reward/energy: -0.7743
   Episode_Reward/joint_pos_limits: -0.4054
      Episode_Termination/time_out: 0.8764
  Episode_Termination/torso_height: 0.1236
--------------------------------------------------------------------------------
                   Total timesteps: 3211264
                    Iteration time: 0.33s
                      Time elapsed: 00:01:13
                               ETA: 00:01:53

################################################################################
                      [1m Learning iteration 196/500 [0m                      

                       Computation: 48502 steps/s (collection: 0.263s, learning 0.075s)
             Mean action noise std: 0.24
          Mean value_function loss: 0.0823
               Mean surrogate loss: -0.0038
                 Mean entropy loss: -0.4067
                       Mean reward: 61.40
               Mean episode length: 804.94
           Episode_Reward/progress: 4.2491
              Episode_Reward/alive: 0.4277
            Episode_Reward/upright: 0.0847
     Episode_Reward/move_to_target: 0.4254
          Episode_Reward/action_l2: -0.0221
             Episode_Reward/energy: -0.7106
   Episode_Reward/joint_pos_limits: -0.3717
      Episode_Termination/time_out: 0.8764
  Episode_Termination/torso_height: 0.1236
--------------------------------------------------------------------------------
                   Total timesteps: 3227648
                    Iteration time: 0.34s
                      Time elapsed: 00:01:13
                               ETA: 00:01:53

################################################################################
                      [1m Learning iteration 197/500 [0m                      

                       Computation: 47672 steps/s (collection: 0.255s, learning 0.088s)
             Mean action noise std: 0.23
          Mean value_function loss: 0.0315
               Mean surrogate loss: -0.0044
                 Mean entropy loss: -0.4476
                       Mean reward: 60.57
               Mean episode length: 789.97
           Episode_Reward/progress: 3.9106
              Episode_Reward/alive: 0.3997
            Episode_Reward/upright: 0.0790
     Episode_Reward/move_to_target: 0.3962
          Episode_Reward/action_l2: -0.0204
             Episode_Reward/energy: -0.6528
   Episode_Reward/joint_pos_limits: -0.3443
      Episode_Termination/time_out: 0.8734
  Episode_Termination/torso_height: 0.1266
--------------------------------------------------------------------------------
                   Total timesteps: 3244032
                    Iteration time: 0.34s
                      Time elapsed: 00:01:13
                               ETA: 00:01:52

################################################################################
                      [1m Learning iteration 198/500 [0m                      

                       Computation: 48707 steps/s (collection: 0.264s, learning 0.072s)
             Mean action noise std: 0.23
          Mean value_function loss: 0.0470
               Mean surrogate loss: -0.0027
                 Mean entropy loss: -0.4911
                       Mean reward: 59.89
               Mean episode length: 781.08
           Episode_Reward/progress: 4.3104
              Episode_Reward/alive: 0.4421
            Episode_Reward/upright: 0.0870
     Episode_Reward/move_to_target: 0.4417
          Episode_Reward/action_l2: -0.0226
             Episode_Reward/energy: -0.7260
   Episode_Reward/joint_pos_limits: -0.3835
      Episode_Termination/time_out: 0.8722
  Episode_Termination/torso_height: 0.1278
--------------------------------------------------------------------------------
                   Total timesteps: 3260416
                    Iteration time: 0.34s
                      Time elapsed: 00:01:14
                               ETA: 00:01:52

################################################################################
                      [1m Learning iteration 199/500 [0m                      

                       Computation: 46551 steps/s (collection: 0.263s, learning 0.089s)
             Mean action noise std: 0.23
          Mean value_function loss: 0.0443
               Mean surrogate loss: -0.0062
                 Mean entropy loss: -0.5155
                       Mean reward: 63.05
               Mean episode length: 808.95
           Episode_Reward/progress: 4.6100
              Episode_Reward/alive: 0.4636
            Episode_Reward/upright: 0.0922
     Episode_Reward/move_to_target: 0.4624
          Episode_Reward/action_l2: -0.0236
             Episode_Reward/energy: -0.7591
   Episode_Reward/joint_pos_limits: -0.4018
      Episode_Termination/time_out: 0.8743
  Episode_Termination/torso_height: 0.1257
--------------------------------------------------------------------------------
                   Total timesteps: 3276800
                    Iteration time: 0.35s
                      Time elapsed: 00:01:14
                               ETA: 00:01:52

################################################################################
                      [1m Learning iteration 200/500 [0m                      

                       Computation: 48108 steps/s (collection: 0.272s, learning 0.068s)
             Mean action noise std: 0.23
          Mean value_function loss: 0.0630
               Mean surrogate loss: -0.0042
                 Mean entropy loss: -0.5340
                       Mean reward: 66.34
               Mean episode length: 844.32
           Episode_Reward/progress: 4.7589
              Episode_Reward/alive: 0.4813
            Episode_Reward/upright: 0.0956
     Episode_Reward/move_to_target: 0.4798
          Episode_Reward/action_l2: -0.0248
             Episode_Reward/energy: -0.7979
   Episode_Reward/joint_pos_limits: -0.4170
      Episode_Termination/time_out: 0.8776
  Episode_Termination/torso_height: 0.1224
--------------------------------------------------------------------------------
                   Total timesteps: 3293184
                    Iteration time: 0.34s
                      Time elapsed: 00:01:14
                               ETA: 00:01:51

################################################################################
                      [1m Learning iteration 201/500 [0m                      

                       Computation: 50509 steps/s (collection: 0.254s, learning 0.071s)
             Mean action noise std: 0.23
          Mean value_function loss: 0.0593
               Mean surrogate loss: -0.0060
                 Mean entropy loss: -0.5581
                       Mean reward: 66.94
               Mean episode length: 847.12
           Episode_Reward/progress: 4.1219
              Episode_Reward/alive: 0.4107
            Episode_Reward/upright: 0.0803
     Episode_Reward/move_to_target: 0.4067
          Episode_Reward/action_l2: -0.0212
             Episode_Reward/energy: -0.6808
   Episode_Reward/joint_pos_limits: -0.3606
      Episode_Termination/time_out: 0.8771
  Episode_Termination/torso_height: 0.1229
--------------------------------------------------------------------------------
                   Total timesteps: 3309568
                    Iteration time: 0.32s
                      Time elapsed: 00:01:15
                               ETA: 00:01:51

################################################################################
                      [1m Learning iteration 202/500 [0m                      

                       Computation: 50608 steps/s (collection: 0.255s, learning 0.069s)
             Mean action noise std: 0.23
          Mean value_function loss: 0.0464
               Mean surrogate loss: -0.0065
                 Mean entropy loss: -0.5782
                       Mean reward: 65.31
               Mean episode length: 827.91
           Episode_Reward/progress: 4.2154
              Episode_Reward/alive: 0.4274
            Episode_Reward/upright: 0.0842
     Episode_Reward/move_to_target: 0.4207
          Episode_Reward/action_l2: -0.0210
             Episode_Reward/energy: -0.6893
   Episode_Reward/joint_pos_limits: -0.3702
      Episode_Termination/time_out: 0.8726
  Episode_Termination/torso_height: 0.1274
--------------------------------------------------------------------------------
                   Total timesteps: 3325952
                    Iteration time: 0.32s
                      Time elapsed: 00:01:15
                               ETA: 00:01:50

################################################################################
                      [1m Learning iteration 203/500 [0m                      

                       Computation: 48238 steps/s (collection: 0.261s, learning 0.078s)
             Mean action noise std: 0.23
          Mean value_function loss: 0.0602
               Mean surrogate loss: -0.0035
                 Mean entropy loss: -0.5881
                       Mean reward: 66.13
               Mean episode length: 836.50
           Episode_Reward/progress: 4.9875
              Episode_Reward/alive: 0.4851
            Episode_Reward/upright: 0.0966
     Episode_Reward/move_to_target: 0.4844
          Episode_Reward/action_l2: -0.0245
             Episode_Reward/energy: -0.8125
   Episode_Reward/joint_pos_limits: -0.4226
      Episode_Termination/time_out: 0.8705
  Episode_Termination/torso_height: 0.1295
--------------------------------------------------------------------------------
                   Total timesteps: 3342336
                    Iteration time: 0.34s
                      Time elapsed: 00:01:15
                               ETA: 00:01:50

################################################################################
                      [1m Learning iteration 204/500 [0m                      

                       Computation: 40223 steps/s (collection: 0.306s, learning 0.101s)
             Mean action noise std: 0.23
          Mean value_function loss: 0.0493
               Mean surrogate loss: -0.0047
                 Mean entropy loss: -0.5929
                       Mean reward: 67.45
               Mean episode length: 851.10
           Episode_Reward/progress: 4.8429
              Episode_Reward/alive: 0.4706
            Episode_Reward/upright: 0.0936
     Episode_Reward/move_to_target: 0.4696
          Episode_Reward/action_l2: -0.0241
             Episode_Reward/energy: -0.7957
   Episode_Reward/joint_pos_limits: -0.4115
      Episode_Termination/time_out: 0.8705
  Episode_Termination/torso_height: 0.1295
--------------------------------------------------------------------------------
                   Total timesteps: 3358720
                    Iteration time: 0.41s
                      Time elapsed: 00:01:16
                               ETA: 00:01:50

################################################################################
                      [1m Learning iteration 205/500 [0m                      

                       Computation: 40552 steps/s (collection: 0.321s, learning 0.083s)
             Mean action noise std: 0.23
          Mean value_function loss: 0.0374
               Mean surrogate loss: -0.0057
                 Mean entropy loss: -0.6188
                       Mean reward: 66.09
               Mean episode length: 832.79
           Episode_Reward/progress: 2.7150
              Episode_Reward/alive: 0.2825
            Episode_Reward/upright: 0.0530
     Episode_Reward/move_to_target: 0.2718
          Episode_Reward/action_l2: -0.0144
             Episode_Reward/energy: -0.4628
   Episode_Reward/joint_pos_limits: -0.2457
      Episode_Termination/time_out: 0.8701
  Episode_Termination/torso_height: 0.1299
--------------------------------------------------------------------------------
                   Total timesteps: 3375104
                    Iteration time: 0.40s
                      Time elapsed: 00:01:16
                               ETA: 00:01:49

################################################################################
                      [1m Learning iteration 206/500 [0m                      

                       Computation: 41229 steps/s (collection: 0.324s, learning 0.074s)
             Mean action noise std: 0.23
          Mean value_function loss: 0.0334
               Mean surrogate loss: -0.0035
                 Mean entropy loss: -0.6834
                       Mean reward: 66.58
               Mean episode length: 835.83
           Episode_Reward/progress: 4.8387
              Episode_Reward/alive: 0.4830
            Episode_Reward/upright: 0.0960
     Episode_Reward/move_to_target: 0.4817
          Episode_Reward/action_l2: -0.0249
             Episode_Reward/energy: -0.8079
   Episode_Reward/joint_pos_limits: -0.4221
      Episode_Termination/time_out: 0.8707
  Episode_Termination/torso_height: 0.1293
--------------------------------------------------------------------------------
                   Total timesteps: 3391488
                    Iteration time: 0.40s
                      Time elapsed: 00:01:17
                               ETA: 00:01:49

################################################################################
                      [1m Learning iteration 207/500 [0m                      

                       Computation: 47240 steps/s (collection: 0.256s, learning 0.091s)
             Mean action noise std: 0.23
          Mean value_function loss: 0.0956
               Mean surrogate loss: -0.0015
                 Mean entropy loss: -0.7168
                       Mean reward: 66.36
               Mean episode length: 830.51
           Episode_Reward/progress: 4.4136
              Episode_Reward/alive: 0.4252
            Episode_Reward/upright: 0.0838
     Episode_Reward/move_to_target: 0.4241
          Episode_Reward/action_l2: -0.0220
             Episode_Reward/energy: -0.7220
   Episode_Reward/joint_pos_limits: -0.3720
      Episode_Termination/time_out: 0.8701
  Episode_Termination/torso_height: 0.1299
--------------------------------------------------------------------------------
                   Total timesteps: 3407872
                    Iteration time: 0.35s
                      Time elapsed: 00:01:17
                               ETA: 00:01:49

################################################################################
                      [1m Learning iteration 208/500 [0m                      

                       Computation: 50038 steps/s (collection: 0.246s, learning 0.082s)
             Mean action noise std: 0.23
          Mean value_function loss: 0.0332
               Mean surrogate loss: -0.0055
                 Mean entropy loss: -0.7201
                       Mean reward: 67.02
               Mean episode length: 831.63
           Episode_Reward/progress: 4.5915
              Episode_Reward/alive: 0.4364
            Episode_Reward/upright: 0.0865
     Episode_Reward/move_to_target: 0.4340
          Episode_Reward/action_l2: -0.0221
             Episode_Reward/energy: -0.7359
   Episode_Reward/joint_pos_limits: -0.3788
      Episode_Termination/time_out: 0.8698
  Episode_Termination/torso_height: 0.1302
--------------------------------------------------------------------------------
                   Total timesteps: 3424256
                    Iteration time: 0.33s
                      Time elapsed: 00:01:17
                               ETA: 00:01:48

################################################################################
                      [1m Learning iteration 209/500 [0m                      

                       Computation: 43079 steps/s (collection: 0.290s, learning 0.090s)
             Mean action noise std: 0.23
          Mean value_function loss: 0.0843
               Mean surrogate loss: -0.0064
                 Mean entropy loss: -0.7417
                       Mean reward: 68.32
               Mean episode length: 847.28
           Episode_Reward/progress: 4.7267
              Episode_Reward/alive: 0.4860
            Episode_Reward/upright: 0.0957
     Episode_Reward/move_to_target: 0.4827
          Episode_Reward/action_l2: -0.0246
             Episode_Reward/energy: -0.7917
   Episode_Reward/joint_pos_limits: -0.4274
      Episode_Termination/time_out: 0.8698
  Episode_Termination/torso_height: 0.1302
--------------------------------------------------------------------------------
                   Total timesteps: 3440640
                    Iteration time: 0.38s
                      Time elapsed: 00:01:18
                               ETA: 00:01:48

################################################################################
                      [1m Learning iteration 210/500 [0m                      

                       Computation: 49000 steps/s (collection: 0.263s, learning 0.072s)
             Mean action noise std: 0.22
          Mean value_function loss: 0.0343
               Mean surrogate loss: -0.0048
                 Mean entropy loss: -0.7918
                       Mean reward: 70.82
               Mean episode length: 876.81
           Episode_Reward/progress: 4.8687
              Episode_Reward/alive: 0.4838
            Episode_Reward/upright: 0.0959
     Episode_Reward/move_to_target: 0.4794
          Episode_Reward/action_l2: -0.0244
             Episode_Reward/energy: -0.7997
   Episode_Reward/joint_pos_limits: -0.4243
      Episode_Termination/time_out: 0.8696
  Episode_Termination/torso_height: 0.1304
--------------------------------------------------------------------------------
                   Total timesteps: 3457024
                    Iteration time: 0.33s
                      Time elapsed: 00:01:18
                               ETA: 00:01:47

################################################################################
                      [1m Learning iteration 211/500 [0m                      

                       Computation: 46026 steps/s (collection: 0.265s, learning 0.091s)
             Mean action noise std: 0.22
          Mean value_function loss: 0.0356
               Mean surrogate loss: -0.0043
                 Mean entropy loss: -0.8426
                       Mean reward: 69.84
               Mean episode length: 862.26
           Episode_Reward/progress: 4.0087
              Episode_Reward/alive: 0.4030
            Episode_Reward/upright: 0.0775
     Episode_Reward/move_to_target: 0.3933
          Episode_Reward/action_l2: -0.0206
             Episode_Reward/energy: -0.6712
   Episode_Reward/joint_pos_limits: -0.3533
      Episode_Termination/time_out: 0.8694
  Episode_Termination/torso_height: 0.1306
--------------------------------------------------------------------------------
                   Total timesteps: 3473408
                    Iteration time: 0.36s
                      Time elapsed: 00:01:18
                               ETA: 00:01:47

################################################################################
                      [1m Learning iteration 212/500 [0m                      

                       Computation: 46427 steps/s (collection: 0.257s, learning 0.095s)
             Mean action noise std: 0.22
          Mean value_function loss: 0.0542
               Mean surrogate loss: -0.0038
                 Mean entropy loss: -0.8616
                       Mean reward: 72.42
               Mean episode length: 887.16
           Episode_Reward/progress: 5.1852
              Episode_Reward/alive: 0.4952
            Episode_Reward/upright: 0.0984
     Episode_Reward/move_to_target: 0.4947
          Episode_Reward/action_l2: -0.0252
             Episode_Reward/energy: -0.8373
   Episode_Reward/joint_pos_limits: -0.4349
      Episode_Termination/time_out: 0.8693
  Episode_Termination/torso_height: 0.1307
--------------------------------------------------------------------------------
                   Total timesteps: 3489792
                    Iteration time: 0.35s
                      Time elapsed: 00:01:19
                               ETA: 00:01:47

################################################################################
                      [1m Learning iteration 213/500 [0m                      

                       Computation: 38668 steps/s (collection: 0.331s, learning 0.093s)
             Mean action noise std: 0.22
          Mean value_function loss: 0.0466
               Mean surrogate loss: -0.0055
                 Mean entropy loss: -0.8751
                       Mean reward: 72.59
               Mean episode length: 896.75
           Episode_Reward/progress: 4.9080
              Episode_Reward/alive: 0.4828
            Episode_Reward/upright: 0.0959
     Episode_Reward/move_to_target: 0.4815
          Episode_Reward/action_l2: -0.0245
             Episode_Reward/energy: -0.8112
   Episode_Reward/joint_pos_limits: -0.4223
      Episode_Termination/time_out: 0.8722
  Episode_Termination/torso_height: 0.1278
--------------------------------------------------------------------------------
                   Total timesteps: 3506176
                    Iteration time: 0.42s
                      Time elapsed: 00:01:19
                               ETA: 00:01:46

################################################################################
                      [1m Learning iteration 214/500 [0m                      

                       Computation: 43271 steps/s (collection: 0.288s, learning 0.090s)
             Mean action noise std: 0.22
          Mean value_function loss: 0.0435
               Mean surrogate loss: -0.0067
                 Mean entropy loss: -0.9106
                       Mean reward: 72.17
               Mean episode length: 886.15
           Episode_Reward/progress: 4.3602
              Episode_Reward/alive: 0.4211
            Episode_Reward/upright: 0.0830
     Episode_Reward/move_to_target: 0.4195
          Episode_Reward/action_l2: -0.0214
             Episode_Reward/energy: -0.7174
   Episode_Reward/joint_pos_limits: -0.3688
      Episode_Termination/time_out: 0.8698
  Episode_Termination/torso_height: 0.1302
--------------------------------------------------------------------------------
                   Total timesteps: 3522560
                    Iteration time: 0.38s
                      Time elapsed: 00:01:19
                               ETA: 00:01:46

################################################################################
                      [1m Learning iteration 215/500 [0m                      

                       Computation: 39672 steps/s (collection: 0.317s, learning 0.096s)
             Mean action noise std: 0.22
          Mean value_function loss: 0.0337
               Mean surrogate loss: -0.0051
                 Mean entropy loss: -0.9399
                       Mean reward: 73.38
               Mean episode length: 887.92
           Episode_Reward/progress: 4.8181
              Episode_Reward/alive: 0.4689
            Episode_Reward/upright: 0.0915
     Episode_Reward/move_to_target: 0.4612
          Episode_Reward/action_l2: -0.0238
             Episode_Reward/energy: -0.7945
   Episode_Reward/joint_pos_limits: -0.4096
      Episode_Termination/time_out: 0.8652
  Episode_Termination/torso_height: 0.1348
--------------------------------------------------------------------------------
                   Total timesteps: 3538944
                    Iteration time: 0.41s
                      Time elapsed: 00:01:20
                               ETA: 00:01:46

################################################################################
                      [1m Learning iteration 216/500 [0m                      

                       Computation: 42918 steps/s (collection: 0.308s, learning 0.074s)
             Mean action noise std: 0.22
          Mean value_function loss: 0.0359
               Mean surrogate loss: -0.0047
                 Mean entropy loss: -0.9572
                       Mean reward: 72.86
               Mean episode length: 879.72
           Episode_Reward/progress: 4.9468
              Episode_Reward/alive: 0.4721
            Episode_Reward/upright: 0.0936
     Episode_Reward/move_to_target: 0.4701
          Episode_Reward/action_l2: -0.0242
             Episode_Reward/energy: -0.8091
   Episode_Reward/joint_pos_limits: -0.4167
      Episode_Termination/time_out: 0.8674
  Episode_Termination/torso_height: 0.1326
--------------------------------------------------------------------------------
                   Total timesteps: 3555328
                    Iteration time: 0.38s
                      Time elapsed: 00:01:20
                               ETA: 00:01:45

################################################################################
                      [1m Learning iteration 217/500 [0m                      

                       Computation: 42297 steps/s (collection: 0.297s, learning 0.091s)
             Mean action noise std: 0.22
          Mean value_function loss: 0.0507
               Mean surrogate loss: -0.0053
                 Mean entropy loss: -0.9807
                       Mean reward: 73.14
               Mean episode length: 880.55
           Episode_Reward/progress: 5.0059
              Episode_Reward/alive: 0.4837
            Episode_Reward/upright: 0.0955
     Episode_Reward/move_to_target: 0.4823
          Episode_Reward/action_l2: -0.0248
             Episode_Reward/energy: -0.8329
   Episode_Reward/joint_pos_limits: -0.4266
      Episode_Termination/time_out: 0.8743
  Episode_Termination/torso_height: 0.1257
--------------------------------------------------------------------------------
                   Total timesteps: 3571712
                    Iteration time: 0.39s
                      Time elapsed: 00:01:21
                               ETA: 00:01:45

################################################################################
                      [1m Learning iteration 218/500 [0m                      

                       Computation: 34541 steps/s (collection: 0.356s, learning 0.119s)
             Mean action noise std: 0.22
          Mean value_function loss: 0.0824
               Mean surrogate loss: -0.0074
                 Mean entropy loss: -0.9892
                       Mean reward: 72.55
               Mean episode length: 882.51
           Episode_Reward/progress: 4.9530
              Episode_Reward/alive: 0.4887
            Episode_Reward/upright: 0.0961
     Episode_Reward/move_to_target: 0.4837
          Episode_Reward/action_l2: -0.0248
             Episode_Reward/energy: -0.8149
   Episode_Reward/joint_pos_limits: -0.4306
      Episode_Termination/time_out: 0.8730
  Episode_Termination/torso_height: 0.1270
--------------------------------------------------------------------------------
                   Total timesteps: 3588096
                    Iteration time: 0.47s
                      Time elapsed: 00:01:21
                               ETA: 00:01:45

################################################################################
                      [1m Learning iteration 219/500 [0m                      

                       Computation: 32393 steps/s (collection: 0.407s, learning 0.098s)
             Mean action noise std: 0.22
          Mean value_function loss: 0.0652
               Mean surrogate loss: -0.0028
                 Mean entropy loss: -1.0158
                       Mean reward: 71.45
               Mean episode length: 872.43
           Episode_Reward/progress: 4.4464
              Episode_Reward/alive: 0.4205
            Episode_Reward/upright: 0.0828
     Episode_Reward/move_to_target: 0.4185
          Episode_Reward/action_l2: -0.0213
             Episode_Reward/energy: -0.7231
   Episode_Reward/joint_pos_limits: -0.3687
      Episode_Termination/time_out: 0.8680
  Episode_Termination/torso_height: 0.1320
--------------------------------------------------------------------------------
                   Total timesteps: 3604480
                    Iteration time: 0.51s
                      Time elapsed: 00:01:22
                               ETA: 00:01:44

################################################################################
                      [1m Learning iteration 220/500 [0m                      

                       Computation: 34716 steps/s (collection: 0.377s, learning 0.095s)
             Mean action noise std: 0.22
          Mean value_function loss: 0.0473
               Mean surrogate loss: -0.0065
                 Mean entropy loss: -1.0350
                       Mean reward: 67.25
               Mean episode length: 827.20
           Episode_Reward/progress: 4.1552
              Episode_Reward/alive: 0.4088
            Episode_Reward/upright: 0.0795
     Episode_Reward/move_to_target: 0.4039
          Episode_Reward/action_l2: -0.0207
             Episode_Reward/energy: -0.6890
   Episode_Reward/joint_pos_limits: -0.3581
      Episode_Termination/time_out: 0.8649
  Episode_Termination/torso_height: 0.1351
--------------------------------------------------------------------------------
                   Total timesteps: 3620864
                    Iteration time: 0.47s
                      Time elapsed: 00:01:22
                               ETA: 00:01:44

################################################################################
                      [1m Learning iteration 221/500 [0m                      

                       Computation: 44299 steps/s (collection: 0.283s, learning 0.087s)
             Mean action noise std: 0.22
          Mean value_function loss: 0.0527
               Mean surrogate loss: -0.0047
                 Mean entropy loss: -1.0556
                       Mean reward: 68.58
               Mean episode length: 836.20
           Episode_Reward/progress: 5.0173
              Episode_Reward/alive: 0.4791
            Episode_Reward/upright: 0.0948
     Episode_Reward/move_to_target: 0.4787
          Episode_Reward/action_l2: -0.0244
             Episode_Reward/energy: -0.8226
   Episode_Reward/joint_pos_limits: -0.4195
      Episode_Termination/time_out: 0.8630
  Episode_Termination/torso_height: 0.1370
--------------------------------------------------------------------------------
                   Total timesteps: 3637248
                    Iteration time: 0.37s
                      Time elapsed: 00:01:22
                               ETA: 00:01:44

################################################################################
                      [1m Learning iteration 222/500 [0m                      

                       Computation: 45737 steps/s (collection: 0.288s, learning 0.070s)
             Mean action noise std: 0.22
          Mean value_function loss: 0.0442
               Mean surrogate loss: -0.0057
                 Mean entropy loss: -1.0707
                       Mean reward: 69.54
               Mean episode length: 844.77
           Episode_Reward/progress: 4.6195
              Episode_Reward/alive: 0.4412
            Episode_Reward/upright: 0.0875
     Episode_Reward/move_to_target: 0.4389
          Episode_Reward/action_l2: -0.0224
             Episode_Reward/energy: -0.7630
   Episode_Reward/joint_pos_limits: -0.3853
      Episode_Termination/time_out: 0.8601
  Episode_Termination/torso_height: 0.1399
--------------------------------------------------------------------------------
                   Total timesteps: 3653632
                    Iteration time: 0.36s
                      Time elapsed: 00:01:23
                               ETA: 00:01:43

################################################################################
                      [1m Learning iteration 223/500 [0m                      

                       Computation: 43308 steps/s (collection: 0.286s, learning 0.092s)
             Mean action noise std: 0.22
          Mean value_function loss: 0.0555
               Mean surrogate loss: -0.0057
                 Mean entropy loss: -1.1021
                       Mean reward: 73.71
               Mean episode length: 886.61
           Episode_Reward/progress: 5.1417
              Episode_Reward/alive: 0.4856
            Episode_Reward/upright: 0.0965
     Episode_Reward/move_to_target: 0.4854
          Episode_Reward/action_l2: -0.0246
             Episode_Reward/energy: -0.8418
   Episode_Reward/joint_pos_limits: -0.4262
      Episode_Termination/time_out: 0.8694
  Episode_Termination/torso_height: 0.1306
--------------------------------------------------------------------------------
                   Total timesteps: 3670016
                    Iteration time: 0.38s
                      Time elapsed: 00:01:23
                               ETA: 00:01:43

################################################################################
                      [1m Learning iteration 224/500 [0m                      

                       Computation: 39828 steps/s (collection: 0.310s, learning 0.101s)
             Mean action noise std: 0.22
          Mean value_function loss: 0.0471
               Mean surrogate loss: -0.0063
                 Mean entropy loss: -1.1276
                       Mean reward: 71.52
               Mean episode length: 864.33
           Episode_Reward/progress: 4.3700
              Episode_Reward/alive: 0.4276
            Episode_Reward/upright: 0.0844
     Episode_Reward/move_to_target: 0.4252
          Episode_Reward/action_l2: -0.0215
             Episode_Reward/energy: -0.7278
   Episode_Reward/joint_pos_limits: -0.3729
      Episode_Termination/time_out: 0.8801
  Episode_Termination/torso_height: 0.1199
--------------------------------------------------------------------------------
                   Total timesteps: 3686400
                    Iteration time: 0.41s
                      Time elapsed: 00:01:24
                               ETA: 00:01:43

################################################################################
                      [1m Learning iteration 225/500 [0m                      

                       Computation: 43145 steps/s (collection: 0.287s, learning 0.092s)
             Mean action noise std: 0.21
          Mean value_function loss: 0.0881
               Mean surrogate loss: -0.0048
                 Mean entropy loss: -1.1615
                       Mean reward: 70.78
               Mean episode length: 855.81
           Episode_Reward/progress: 4.7006
              Episode_Reward/alive: 0.4578
            Episode_Reward/upright: 0.0904
     Episode_Reward/move_to_target: 0.4559
          Episode_Reward/action_l2: -0.0231
             Episode_Reward/energy: -0.7910
   Episode_Reward/joint_pos_limits: -0.4044
      Episode_Termination/time_out: 0.8790
  Episode_Termination/torso_height: 0.1210
--------------------------------------------------------------------------------
                   Total timesteps: 3702784
                    Iteration time: 0.38s
                      Time elapsed: 00:01:24
                               ETA: 00:01:42

################################################################################
                      [1m Learning iteration 226/500 [0m                      

                       Computation: 45140 steps/s (collection: 0.266s, learning 0.097s)
             Mean action noise std: 0.21
          Mean value_function loss: 0.0774
               Mean surrogate loss: -0.0053
                 Mean entropy loss: -1.1877
                       Mean reward: 68.99
               Mean episode length: 836.85
           Episode_Reward/progress: 4.6496
              Episode_Reward/alive: 0.4345
            Episode_Reward/upright: 0.0858
     Episode_Reward/move_to_target: 0.4309
          Episode_Reward/action_l2: -0.0221
             Episode_Reward/energy: -0.7561
   Episode_Reward/joint_pos_limits: -0.3830
      Episode_Termination/time_out: 0.8752
  Episode_Termination/torso_height: 0.1248
--------------------------------------------------------------------------------
                   Total timesteps: 3719168
                    Iteration time: 0.36s
                      Time elapsed: 00:01:24
                               ETA: 00:01:42

################################################################################
                      [1m Learning iteration 227/500 [0m                      

                       Computation: 46980 steps/s (collection: 0.257s, learning 0.092s)
             Mean action noise std: 0.21
          Mean value_function loss: 0.0475
               Mean surrogate loss: -0.0037
                 Mean entropy loss: -1.2239
                       Mean reward: 69.02
               Mean episode length: 835.73
           Episode_Reward/progress: 4.8321
              Episode_Reward/alive: 0.4537
            Episode_Reward/upright: 0.0902
     Episode_Reward/move_to_target: 0.4508
          Episode_Reward/action_l2: -0.0228
             Episode_Reward/energy: -0.7880
   Episode_Reward/joint_pos_limits: -0.3941
      Episode_Termination/time_out: 0.8743
  Episode_Termination/torso_height: 0.1257
--------------------------------------------------------------------------------
                   Total timesteps: 3735552
                    Iteration time: 0.35s
                      Time elapsed: 00:01:25
                               ETA: 00:01:42

################################################################################
                      [1m Learning iteration 228/500 [0m                      

                       Computation: 45516 steps/s (collection: 0.276s, learning 0.084s)
             Mean action noise std: 0.21
          Mean value_function loss: 0.0557
               Mean surrogate loss: -0.0012
                 Mean entropy loss: -1.2503
                       Mean reward: 69.48
               Mean episode length: 841.74
           Episode_Reward/progress: 4.9135
              Episode_Reward/alive: 0.4810
            Episode_Reward/upright: 0.0954
     Episode_Reward/move_to_target: 0.4773
          Episode_Reward/action_l2: -0.0237
             Episode_Reward/energy: -0.8025
   Episode_Reward/joint_pos_limits: -0.4269
      Episode_Termination/time_out: 0.8743
  Episode_Termination/torso_height: 0.1257
--------------------------------------------------------------------------------
                   Total timesteps: 3751936
                    Iteration time: 0.36s
                      Time elapsed: 00:01:25
                               ETA: 00:01:41

################################################################################
                      [1m Learning iteration 229/500 [0m                      

                       Computation: 46387 steps/s (collection: 0.278s, learning 0.075s)
             Mean action noise std: 0.21
          Mean value_function loss: 0.0559
               Mean surrogate loss: -0.0045
                 Mean entropy loss: -1.2616
                       Mean reward: 67.81
               Mean episode length: 823.65
           Episode_Reward/progress: 4.7744
              Episode_Reward/alive: 0.4563
            Episode_Reward/upright: 0.0893
     Episode_Reward/move_to_target: 0.4554
          Episode_Reward/action_l2: -0.0227
             Episode_Reward/energy: -0.7734
   Episode_Reward/joint_pos_limits: -0.4015
      Episode_Termination/time_out: 0.8744
  Episode_Termination/torso_height: 0.1256
--------------------------------------------------------------------------------
                   Total timesteps: 3768320
                    Iteration time: 0.35s
                      Time elapsed: 00:01:25
                               ETA: 00:01:41

################################################################################
                      [1m Learning iteration 230/500 [0m                      

                       Computation: 41715 steps/s (collection: 0.304s, learning 0.088s)
             Mean action noise std: 0.21
          Mean value_function loss: 0.0433
               Mean surrogate loss: -0.0047
                 Mean entropy loss: -1.2831
                       Mean reward: 67.10
               Mean episode length: 816.09
           Episode_Reward/progress: 4.1440
              Episode_Reward/alive: 0.4156
            Episode_Reward/upright: 0.0801
     Episode_Reward/move_to_target: 0.4077
          Episode_Reward/action_l2: -0.0210
             Episode_Reward/energy: -0.6907
   Episode_Reward/joint_pos_limits: -0.3669
      Episode_Termination/time_out: 0.8729
  Episode_Termination/torso_height: 0.1271
--------------------------------------------------------------------------------
                   Total timesteps: 3784704
                    Iteration time: 0.39s
                      Time elapsed: 00:01:26
                               ETA: 00:01:40

################################################################################
                      [1m Learning iteration 231/500 [0m                      

                       Computation: 47942 steps/s (collection: 0.258s, learning 0.084s)
             Mean action noise std: 0.21
          Mean value_function loss: 0.0362
               Mean surrogate loss: -0.0065
                 Mean entropy loss: -1.3095
                       Mean reward: 69.11
               Mean episode length: 833.74
           Episode_Reward/progress: 4.9936
              Episode_Reward/alive: 0.4700
            Episode_Reward/upright: 0.0936
     Episode_Reward/move_to_target: 0.4698
          Episode_Reward/action_l2: -0.0237
             Episode_Reward/energy: -0.8064
   Episode_Reward/joint_pos_limits: -0.4165
      Episode_Termination/time_out: 0.8733
  Episode_Termination/torso_height: 0.1267
--------------------------------------------------------------------------------
                   Total timesteps: 3801088
                    Iteration time: 0.34s
                      Time elapsed: 00:01:26
                               ETA: 00:01:40

################################################################################
                      [1m Learning iteration 232/500 [0m                      

                       Computation: 46968 steps/s (collection: 0.266s, learning 0.083s)
             Mean action noise std: 0.21
          Mean value_function loss: 0.0461
               Mean surrogate loss: -0.0048
                 Mean entropy loss: -1.3324
                       Mean reward: 71.06
               Mean episode length: 851.05
           Episode_Reward/progress: 4.8234
              Episode_Reward/alive: 0.4569
            Episode_Reward/upright: 0.0894
     Episode_Reward/move_to_target: 0.4514
          Episode_Reward/action_l2: -0.0231
             Episode_Reward/energy: -0.7884
   Episode_Reward/joint_pos_limits: -0.4053
      Episode_Termination/time_out: 0.8798
  Episode_Termination/torso_height: 0.1202
--------------------------------------------------------------------------------
                   Total timesteps: 3817472
                    Iteration time: 0.35s
                      Time elapsed: 00:01:27
                               ETA: 00:01:40

################################################################################
                      [1m Learning iteration 233/500 [0m                      

                       Computation: 45019 steps/s (collection: 0.270s, learning 0.094s)
             Mean action noise std: 0.21
          Mean value_function loss: 0.0548
               Mean surrogate loss: -0.0043
                 Mean entropy loss: -1.3558
                       Mean reward: 71.03
               Mean episode length: 851.29
           Episode_Reward/progress: 3.4063
              Episode_Reward/alive: 0.3235
            Episode_Reward/upright: 0.0625
     Episode_Reward/move_to_target: 0.3203
          Episode_Reward/action_l2: -0.0163
             Episode_Reward/energy: -0.5510
   Episode_Reward/joint_pos_limits: -0.2885
      Episode_Termination/time_out: 0.8806
  Episode_Termination/torso_height: 0.1194
--------------------------------------------------------------------------------
                   Total timesteps: 3833856
                    Iteration time: 0.36s
                      Time elapsed: 00:01:27
                               ETA: 00:01:39

################################################################################
                      [1m Learning iteration 234/500 [0m                      

                       Computation: 41328 steps/s (collection: 0.302s, learning 0.095s)
             Mean action noise std: 0.21
          Mean value_function loss: 0.0626
               Mean surrogate loss: -0.0050
                 Mean entropy loss: -1.3753
                       Mean reward: 71.53
               Mean episode length: 854.10
           Episode_Reward/progress: 4.6309
              Episode_Reward/alive: 0.4458
            Episode_Reward/upright: 0.0875
     Episode_Reward/move_to_target: 0.4445
          Episode_Reward/action_l2: -0.0225
             Episode_Reward/energy: -0.7609
   Episode_Reward/joint_pos_limits: -0.3968
      Episode_Termination/time_out: 0.8787
  Episode_Termination/torso_height: 0.1213
--------------------------------------------------------------------------------
                   Total timesteps: 3850240
                    Iteration time: 0.40s
                      Time elapsed: 00:01:27
                               ETA: 00:01:39

################################################################################
                      [1m Learning iteration 235/500 [0m                      

                       Computation: 40272 steps/s (collection: 0.311s, learning 0.096s)
             Mean action noise std: 0.21
          Mean value_function loss: 0.0320
               Mean surrogate loss: -0.0032
                 Mean entropy loss: -1.3966
                       Mean reward: 69.64
               Mean episode length: 836.37
           Episode_Reward/progress: 4.1711
              Episode_Reward/alive: 0.4064
            Episode_Reward/upright: 0.0797
     Episode_Reward/move_to_target: 0.4014
          Episode_Reward/action_l2: -0.0202
             Episode_Reward/energy: -0.6869
   Episode_Reward/joint_pos_limits: -0.3549
      Episode_Termination/time_out: 0.8809
  Episode_Termination/torso_height: 0.1191
--------------------------------------------------------------------------------
                   Total timesteps: 3866624
                    Iteration time: 0.41s
                      Time elapsed: 00:01:28
                               ETA: 00:01:39

################################################################################
                      [1m Learning iteration 236/500 [0m                      

                       Computation: 31721 steps/s (collection: 0.421s, learning 0.096s)
             Mean action noise std: 0.21
          Mean value_function loss: 0.0407
               Mean surrogate loss: -0.0053
                 Mean entropy loss: -1.4409
                       Mean reward: 71.28
               Mean episode length: 851.80
           Episode_Reward/progress: 4.8354
              Episode_Reward/alive: 0.4774
            Episode_Reward/upright: 0.0952
     Episode_Reward/move_to_target: 0.4615
          Episode_Reward/action_l2: -0.0242
             Episode_Reward/energy: -0.8104
   Episode_Reward/joint_pos_limits: -0.4272
      Episode_Termination/time_out: 0.8804
  Episode_Termination/torso_height: 0.1196
--------------------------------------------------------------------------------
                   Total timesteps: 3883008
                    Iteration time: 0.52s
                      Time elapsed: 00:01:28
                               ETA: 00:01:38

################################################################################
                      [1m Learning iteration 237/500 [0m                      

                       Computation: 36100 steps/s (collection: 0.361s, learning 0.093s)
             Mean action noise std: 0.21
          Mean value_function loss: 0.0711
               Mean surrogate loss: -0.0007
                 Mean entropy loss: -1.4754
                       Mean reward: 71.67
               Mean episode length: 851.81
           Episode_Reward/progress: 4.3418
              Episode_Reward/alive: 0.4142
            Episode_Reward/upright: 0.0809
     Episode_Reward/move_to_target: 0.4001
          Episode_Reward/action_l2: -0.0210
             Episode_Reward/energy: -0.7023
   Episode_Reward/joint_pos_limits: -0.3711
      Episode_Termination/time_out: 0.8774
  Episode_Termination/torso_height: 0.1226
--------------------------------------------------------------------------------
                   Total timesteps: 3899392
                    Iteration time: 0.45s
                      Time elapsed: 00:01:29
                               ETA: 00:01:38

################################################################################
                      [1m Learning iteration 238/500 [0m                      

                       Computation: 45033 steps/s (collection: 0.293s, learning 0.071s)
             Mean action noise std: 0.21
          Mean value_function loss: 0.0471
               Mean surrogate loss: -0.0044
                 Mean entropy loss: -1.4886
                       Mean reward: 70.72
               Mean episode length: 838.06
           Episode_Reward/progress: 4.7010
              Episode_Reward/alive: 0.4308
            Episode_Reward/upright: 0.0850
     Episode_Reward/move_to_target: 0.4271
          Episode_Reward/action_l2: -0.0218
             Episode_Reward/energy: -0.7583
   Episode_Reward/joint_pos_limits: -0.3806
      Episode_Termination/time_out: 0.8744
  Episode_Termination/torso_height: 0.1256
--------------------------------------------------------------------------------
                   Total timesteps: 3915776
                    Iteration time: 0.36s
                      Time elapsed: 00:01:29
                               ETA: 00:01:38

################################################################################
                      [1m Learning iteration 239/500 [0m                      

                       Computation: 48368 steps/s (collection: 0.268s, learning 0.070s)
             Mean action noise std: 0.21
          Mean value_function loss: 0.0545
               Mean surrogate loss: -0.0040
                 Mean entropy loss: -1.5154
                       Mean reward: 70.26
               Mean episode length: 829.39
           Episode_Reward/progress: 5.3983
              Episode_Reward/alive: 0.4929
            Episode_Reward/upright: 0.0983
     Episode_Reward/move_to_target: 0.4926
          Episode_Reward/action_l2: -0.0257
             Episode_Reward/energy: -0.8886
   Episode_Reward/joint_pos_limits: -0.4407
      Episode_Termination/time_out: 0.8749
  Episode_Termination/torso_height: 0.1251
--------------------------------------------------------------------------------
                   Total timesteps: 3932160
                    Iteration time: 0.34s
                      Time elapsed: 00:01:29
                               ETA: 00:01:37

################################################################################
                      [1m Learning iteration 240/500 [0m                      

                       Computation: 45005 steps/s (collection: 0.275s, learning 0.089s)
             Mean action noise std: 0.21
          Mean value_function loss: 0.0689
               Mean surrogate loss: -0.0054
                 Mean entropy loss: -1.5363
                       Mean reward: 73.92
               Mean episode length: 865.17
           Episode_Reward/progress: 5.5371
              Episode_Reward/alive: 0.5000
            Episode_Reward/upright: 0.0996
     Episode_Reward/move_to_target: 0.4999
          Episode_Reward/action_l2: -0.0257
             Episode_Reward/energy: -0.8933
   Episode_Reward/joint_pos_limits: -0.4427
      Episode_Termination/time_out: 0.8759
  Episode_Termination/torso_height: 0.1241
--------------------------------------------------------------------------------
                   Total timesteps: 3948544
                    Iteration time: 0.36s
                      Time elapsed: 00:01:30
                               ETA: 00:01:37

################################################################################
                      [1m Learning iteration 241/500 [0m                      

                       Computation: 47183 steps/s (collection: 0.259s, learning 0.088s)
             Mean action noise std: 0.21
          Mean value_function loss: 0.0779
               Mean surrogate loss: -0.0056
                 Mean entropy loss: -1.5559
                       Mean reward: 73.97
               Mean episode length: 862.33
           Episode_Reward/progress: 4.2823
              Episode_Reward/alive: 0.3985
            Episode_Reward/upright: 0.0778
     Episode_Reward/move_to_target: 0.3965
          Episode_Reward/action_l2: -0.0205
             Episode_Reward/energy: -0.7035
   Episode_Reward/joint_pos_limits: -0.3549
      Episode_Termination/time_out: 0.8770
  Episode_Termination/torso_height: 0.1230
--------------------------------------------------------------------------------
                   Total timesteps: 3964928
                    Iteration time: 0.35s
                      Time elapsed: 00:01:30
                               ETA: 00:01:36

################################################################################
                      [1m Learning iteration 242/500 [0m                      

                       Computation: 47800 steps/s (collection: 0.253s, learning 0.090s)
             Mean action noise std: 0.20
          Mean value_function loss: 0.0385
               Mean surrogate loss: -0.0053
                 Mean entropy loss: -1.5587
                       Mean reward: 75.94
               Mean episode length: 878.64
           Episode_Reward/progress: 5.3876
              Episode_Reward/alive: 0.4838
            Episode_Reward/upright: 0.0962
     Episode_Reward/move_to_target: 0.4823
          Episode_Reward/action_l2: -0.0250
             Episode_Reward/energy: -0.8712
   Episode_Reward/joint_pos_limits: -0.4311
      Episode_Termination/time_out: 0.8765
  Episode_Termination/torso_height: 0.1235
--------------------------------------------------------------------------------
                   Total timesteps: 3981312
                    Iteration time: 0.34s
                      Time elapsed: 00:01:30
                               ETA: 00:01:36

################################################################################
                      [1m Learning iteration 243/500 [0m                      

                       Computation: 45301 steps/s (collection: 0.273s, learning 0.089s)
             Mean action noise std: 0.20
          Mean value_function loss: 0.0524
               Mean surrogate loss: -0.0046
                 Mean entropy loss: -1.5753
                       Mean reward: 77.10
               Mean episode length: 893.97
           Episode_Reward/progress: 5.2088
              Episode_Reward/alive: 0.4853
            Episode_Reward/upright: 0.0964
     Episode_Reward/move_to_target: 0.4839
          Episode_Reward/action_l2: -0.0247
             Episode_Reward/energy: -0.8528
   Episode_Reward/joint_pos_limits: -0.4293
      Episode_Termination/time_out: 0.8758
  Episode_Termination/torso_height: 0.1242
--------------------------------------------------------------------------------
                   Total timesteps: 3997696
                    Iteration time: 0.36s
                      Time elapsed: 00:01:31
                               ETA: 00:01:36

################################################################################
                      [1m Learning iteration 244/500 [0m                      

                       Computation: 47438 steps/s (collection: 0.259s, learning 0.086s)
             Mean action noise std: 0.20
          Mean value_function loss: 0.0705
               Mean surrogate loss: -0.0040
                 Mean entropy loss: -1.5771
                       Mean reward: 79.10
               Mean episode length: 915.64
           Episode_Reward/progress: 5.3686
              Episode_Reward/alive: 0.4863
            Episode_Reward/upright: 0.0961
     Episode_Reward/move_to_target: 0.4854
          Episode_Reward/action_l2: -0.0250
             Episode_Reward/energy: -0.8652
   Episode_Reward/joint_pos_limits: -0.4346
      Episode_Termination/time_out: 0.8737
  Episode_Termination/torso_height: 0.1263
--------------------------------------------------------------------------------
                   Total timesteps: 4014080
                    Iteration time: 0.35s
                      Time elapsed: 00:01:31
                               ETA: 00:01:35

################################################################################
                      [1m Learning iteration 245/500 [0m                      

                       Computation: 40834 steps/s (collection: 0.304s, learning 0.098s)
             Mean action noise std: 0.20
          Mean value_function loss: 0.0739
               Mean surrogate loss: -0.0053
                 Mean entropy loss: -1.5857
                       Mean reward: 75.00
               Mean episode length: 866.29
           Episode_Reward/progress: 4.0177
              Episode_Reward/alive: 0.3662
            Episode_Reward/upright: 0.0710
     Episode_Reward/move_to_target: 0.3614
          Episode_Reward/action_l2: -0.0188
             Episode_Reward/energy: -0.6517
   Episode_Reward/joint_pos_limits: -0.3260
      Episode_Termination/time_out: 0.8729
  Episode_Termination/torso_height: 0.1271
--------------------------------------------------------------------------------
                   Total timesteps: 4030464
                    Iteration time: 0.40s
                      Time elapsed: 00:01:32
                               ETA: 00:01:35

################################################################################
                      [1m Learning iteration 246/500 [0m                      

                       Computation: 39378 steps/s (collection: 0.345s, learning 0.071s)
             Mean action noise std: 0.20
          Mean value_function loss: 0.1101
               Mean surrogate loss: -0.0058
                 Mean entropy loss: -1.5932
                       Mean reward: 74.35
               Mean episode length: 852.29
           Episode_Reward/progress: 4.8374
              Episode_Reward/alive: 0.4322
            Episode_Reward/upright: 0.0854
     Episode_Reward/move_to_target: 0.4292
          Episode_Reward/action_l2: -0.0225
             Episode_Reward/energy: -0.7768
   Episode_Reward/joint_pos_limits: -0.3873
      Episode_Termination/time_out: 0.8699
  Episode_Termination/torso_height: 0.1301
--------------------------------------------------------------------------------
                   Total timesteps: 4046848
                    Iteration time: 0.42s
                      Time elapsed: 00:01:32
                               ETA: 00:01:35

################################################################################
                      [1m Learning iteration 247/500 [0m                      

                       Computation: 40806 steps/s (collection: 0.304s, learning 0.098s)
             Mean action noise std: 0.20
          Mean value_function loss: 0.0582
               Mean surrogate loss: -0.0073
                 Mean entropy loss: -1.6022
                       Mean reward: 71.95
               Mean episode length: 824.61
           Episode_Reward/progress: 4.4393
              Episode_Reward/alive: 0.4103
            Episode_Reward/upright: 0.0805
     Episode_Reward/move_to_target: 0.4076
          Episode_Reward/action_l2: -0.0214
             Episode_Reward/energy: -0.7439
   Episode_Reward/joint_pos_limits: -0.3678
      Episode_Termination/time_out: 0.8585
  Episode_Termination/torso_height: 0.1415
--------------------------------------------------------------------------------
                   Total timesteps: 4063232
                    Iteration time: 0.40s
                      Time elapsed: 00:01:32
                               ETA: 00:01:34

################################################################################
                      [1m Learning iteration 248/500 [0m                      

                       Computation: 40619 steps/s (collection: 0.314s, learning 0.090s)
             Mean action noise std: 0.20
          Mean value_function loss: 0.0612
               Mean surrogate loss: -0.0058
                 Mean entropy loss: -1.6128
                       Mean reward: 70.30
               Mean episode length: 814.14
           Episode_Reward/progress: 4.9332
              Episode_Reward/alive: 0.4562
            Episode_Reward/upright: 0.0903
     Episode_Reward/move_to_target: 0.4551
          Episode_Reward/action_l2: -0.0239
             Episode_Reward/energy: -0.8122
   Episode_Reward/joint_pos_limits: -0.4094
      Episode_Termination/time_out: 0.8544
  Episode_Termination/torso_height: 0.1456
--------------------------------------------------------------------------------
                   Total timesteps: 4079616
                    Iteration time: 0.40s
                      Time elapsed: 00:01:33
                               ETA: 00:01:34

################################################################################
                      [1m Learning iteration 249/500 [0m                      

                       Computation: 38868 steps/s (collection: 0.334s, learning 0.088s)
             Mean action noise std: 0.20
          Mean value_function loss: 0.0659
               Mean surrogate loss: -0.0040
                 Mean entropy loss: -1.6271
                       Mean reward: 68.87
               Mean episode length: 802.41
           Episode_Reward/progress: 4.3141
              Episode_Reward/alive: 0.3950
            Episode_Reward/upright: 0.0771
     Episode_Reward/move_to_target: 0.3933
          Episode_Reward/action_l2: -0.0205
             Episode_Reward/energy: -0.7064
   Episode_Reward/joint_pos_limits: -0.3544
      Episode_Termination/time_out: 0.8536
  Episode_Termination/torso_height: 0.1464
--------------------------------------------------------------------------------
                   Total timesteps: 4096000
                    Iteration time: 0.42s
                      Time elapsed: 00:01:33
                               ETA: 00:01:34

################################################################################
                      [1m Learning iteration 250/500 [0m                      

                       Computation: 40003 steps/s (collection: 0.329s, learning 0.080s)
             Mean action noise std: 0.20
          Mean value_function loss: 0.0636
               Mean surrogate loss: -0.0055
                 Mean entropy loss: -1.6317
                       Mean reward: 71.86
               Mean episode length: 836.92
           Episode_Reward/progress: 4.9988
              Episode_Reward/alive: 0.4635
            Episode_Reward/upright: 0.0908
     Episode_Reward/move_to_target: 0.4599
          Episode_Reward/action_l2: -0.0239
             Episode_Reward/energy: -0.8232
   Episode_Reward/joint_pos_limits: -0.4131
      Episode_Termination/time_out: 0.8489
  Episode_Termination/torso_height: 0.1511
--------------------------------------------------------------------------------
                   Total timesteps: 4112384
                    Iteration time: 0.41s
                      Time elapsed: 00:01:34
                               ETA: 00:01:33

################################################################################
                      [1m Learning iteration 251/500 [0m                      

                       Computation: 43782 steps/s (collection: 0.281s, learning 0.094s)
             Mean action noise std: 0.20
          Mean value_function loss: 0.0600
               Mean surrogate loss: -0.0044
                 Mean entropy loss: -1.6354
                       Mean reward: 71.71
               Mean episode length: 828.13
           Episode_Reward/progress: 4.6656
              Episode_Reward/alive: 0.4276
            Episode_Reward/upright: 0.0845
     Episode_Reward/move_to_target: 0.4260
          Episode_Reward/action_l2: -0.0222
             Episode_Reward/energy: -0.7614
   Episode_Reward/joint_pos_limits: -0.3825
      Episode_Termination/time_out: 0.8461
  Episode_Termination/torso_height: 0.1539
--------------------------------------------------------------------------------
                   Total timesteps: 4128768
                    Iteration time: 0.37s
                      Time elapsed: 00:01:34
                               ETA: 00:01:33

################################################################################
                      [1m Learning iteration 252/500 [0m                      

                       Computation: 46141 steps/s (collection: 0.266s, learning 0.089s)
             Mean action noise std: 0.20
          Mean value_function loss: 0.0492
               Mean surrogate loss: -0.0057
                 Mean entropy loss: -1.6500
                       Mean reward: 71.56
               Mean episode length: 829.62
           Episode_Reward/progress: 4.9720
              Episode_Reward/alive: 0.4600
            Episode_Reward/upright: 0.0907
     Episode_Reward/move_to_target: 0.4575
          Episode_Reward/action_l2: -0.0240
             Episode_Reward/energy: -0.8229
   Episode_Reward/joint_pos_limits: -0.4127
      Episode_Termination/time_out: 0.8426
  Episode_Termination/torso_height: 0.1574
--------------------------------------------------------------------------------
                   Total timesteps: 4145152
                    Iteration time: 0.36s
                      Time elapsed: 00:01:34
                               ETA: 00:01:32

################################################################################
                      [1m Learning iteration 253/500 [0m                      

                       Computation: 44329 steps/s (collection: 0.281s, learning 0.089s)
             Mean action noise std: 0.20
          Mean value_function loss: 0.0973
               Mean surrogate loss: -0.0057
                 Mean entropy loss: -1.6706
                       Mean reward: 74.21
               Mean episode length: 846.59
           Episode_Reward/progress: 5.2780
              Episode_Reward/alive: 0.4606
            Episode_Reward/upright: 0.0914
     Episode_Reward/move_to_target: 0.4600
          Episode_Reward/action_l2: -0.0242
             Episode_Reward/energy: -0.8488
   Episode_Reward/joint_pos_limits: -0.4163
      Episode_Termination/time_out: 0.8387
  Episode_Termination/torso_height: 0.1613
--------------------------------------------------------------------------------
                   Total timesteps: 4161536
                    Iteration time: 0.37s
                      Time elapsed: 00:01:35
                               ETA: 00:01:32

################################################################################
                      [1m Learning iteration 254/500 [0m                      

                       Computation: 43826 steps/s (collection: 0.284s, learning 0.089s)
             Mean action noise std: 0.20
          Mean value_function loss: 0.0550
               Mean surrogate loss: -0.0062
                 Mean entropy loss: -1.6962
                       Mean reward: 68.83
               Mean episode length: 785.45
           Episode_Reward/progress: 4.2066
              Episode_Reward/alive: 0.3879
            Episode_Reward/upright: 0.0753
     Episode_Reward/move_to_target: 0.3834
          Episode_Reward/action_l2: -0.0201
             Episode_Reward/energy: -0.6892
   Episode_Reward/joint_pos_limits: -0.3466
      Episode_Termination/time_out: 0.8334
  Episode_Termination/torso_height: 0.1666
--------------------------------------------------------------------------------
                   Total timesteps: 4177920
                    Iteration time: 0.37s
                      Time elapsed: 00:01:35
                               ETA: 00:01:32

################################################################################
                      [1m Learning iteration 255/500 [0m                      

                       Computation: 43405 steps/s (collection: 0.284s, learning 0.094s)
             Mean action noise std: 0.20
          Mean value_function loss: 0.0449
               Mean surrogate loss: -0.0050
                 Mean entropy loss: -1.7300
                       Mean reward: 68.94
               Mean episode length: 785.47
           Episode_Reward/progress: 4.5190
              Episode_Reward/alive: 0.4138
            Episode_Reward/upright: 0.0815
     Episode_Reward/move_to_target: 0.4114
          Episode_Reward/action_l2: -0.0218
             Episode_Reward/energy: -0.7638
   Episode_Reward/joint_pos_limits: -0.3740
      Episode_Termination/time_out: 0.8274
  Episode_Termination/torso_height: 0.1726
--------------------------------------------------------------------------------
                   Total timesteps: 4194304
                    Iteration time: 0.38s
                      Time elapsed: 00:01:35
                               ETA: 00:01:31

################################################################################
                      [1m Learning iteration 256/500 [0m                      

                       Computation: 41894 steps/s (collection: 0.298s, learning 0.093s)
             Mean action noise std: 0.20
          Mean value_function loss: 0.0456
               Mean surrogate loss: -0.0044
                 Mean entropy loss: -1.7649
                       Mean reward: 67.40
               Mean episode length: 775.48
           Episode_Reward/progress: 4.9444
              Episode_Reward/alive: 0.4485
            Episode_Reward/upright: 0.0883
     Episode_Reward/move_to_target: 0.4444
          Episode_Reward/action_l2: -0.0230
             Episode_Reward/energy: -0.8065
   Episode_Reward/joint_pos_limits: -0.4024
      Episode_Termination/time_out: 0.8309
  Episode_Termination/torso_height: 0.1691
--------------------------------------------------------------------------------
                   Total timesteps: 4210688
                    Iteration time: 0.39s
                      Time elapsed: 00:01:36
                               ETA: 00:01:31

################################################################################
                      [1m Learning iteration 257/500 [0m                      

                       Computation: 48921 steps/s (collection: 0.255s, learning 0.080s)
             Mean action noise std: 0.20
          Mean value_function loss: 0.0422
               Mean surrogate loss: 0.0046
                 Mean entropy loss: -1.7951
                       Mean reward: 68.60
               Mean episode length: 791.82
           Episode_Reward/progress: 5.5755
              Episode_Reward/alive: 0.5000
            Episode_Reward/upright: 0.0998
     Episode_Reward/move_to_target: 0.4979
          Episode_Reward/action_l2: -0.0262
             Episode_Reward/energy: -0.9301
   Episode_Reward/joint_pos_limits: -0.4454
      Episode_Termination/time_out: 0.8301
  Episode_Termination/torso_height: 0.1699
--------------------------------------------------------------------------------
                   Total timesteps: 4227072
                    Iteration time: 0.33s
                      Time elapsed: 00:01:36
                               ETA: 00:01:31

################################################################################
                      [1m Learning iteration 258/500 [0m                      

                       Computation: 44718 steps/s (collection: 0.275s, learning 0.091s)
             Mean action noise std: 0.20
          Mean value_function loss: 0.0631
               Mean surrogate loss: -0.0052
                 Mean entropy loss: -1.8122
                       Mean reward: 68.64
               Mean episode length: 791.72
           Episode_Reward/progress: 5.2617
              Episode_Reward/alive: 0.4707
            Episode_Reward/upright: 0.0935
     Episode_Reward/move_to_target: 0.4694
          Episode_Reward/action_l2: -0.0245
             Episode_Reward/energy: -0.8629
   Episode_Reward/joint_pos_limits: -0.4214
      Episode_Termination/time_out: 0.8312
  Episode_Termination/torso_height: 0.1688
--------------------------------------------------------------------------------
                   Total timesteps: 4243456
                    Iteration time: 0.37s
                      Time elapsed: 00:01:36
                               ETA: 00:01:30

################################################################################
                      [1m Learning iteration 259/500 [0m                      

                       Computation: 45870 steps/s (collection: 0.263s, learning 0.094s)
             Mean action noise std: 0.20
          Mean value_function loss: 0.0766
               Mean surrogate loss: -0.0055
                 Mean entropy loss: -1.8310
                       Mean reward: 70.19
               Mean episode length: 809.94
           Episode_Reward/progress: 5.2267
              Episode_Reward/alive: 0.4634
            Episode_Reward/upright: 0.0922
     Episode_Reward/move_to_target: 0.4624
          Episode_Reward/action_l2: -0.0240
             Episode_Reward/energy: -0.8483
   Episode_Reward/joint_pos_limits: -0.4131
      Episode_Termination/time_out: 0.8337
  Episode_Termination/torso_height: 0.1663
--------------------------------------------------------------------------------
                   Total timesteps: 4259840
                    Iteration time: 0.36s
                      Time elapsed: 00:01:37
                               ETA: 00:01:30

################################################################################
                      [1m Learning iteration 260/500 [0m                      

                       Computation: 43147 steps/s (collection: 0.292s, learning 0.088s)
             Mean action noise std: 0.20
          Mean value_function loss: 0.0492
               Mean surrogate loss: -0.0060
                 Mean entropy loss: -1.8541
                       Mean reward: 72.55
               Mean episode length: 839.36
           Episode_Reward/progress: 4.2687
              Episode_Reward/alive: 0.3911
            Episode_Reward/upright: 0.0763
     Episode_Reward/move_to_target: 0.3860
          Episode_Reward/action_l2: -0.0204
             Episode_Reward/energy: -0.7129
   Episode_Reward/joint_pos_limits: -0.3487
      Episode_Termination/time_out: 0.8362
  Episode_Termination/torso_height: 0.1638
--------------------------------------------------------------------------------
                   Total timesteps: 4276224
                    Iteration time: 0.38s
                      Time elapsed: 00:01:37
                               ETA: 00:01:29

################################################################################
                      [1m Learning iteration 261/500 [0m                      

                       Computation: 46025 steps/s (collection: 0.264s, learning 0.092s)
             Mean action noise std: 0.20
          Mean value_function loss: 0.0826
               Mean surrogate loss: -0.0061
                 Mean entropy loss: -1.8743
                       Mean reward: 73.23
               Mean episode length: 842.51
           Episode_Reward/progress: 3.6103
              Episode_Reward/alive: 0.3318
            Episode_Reward/upright: 0.0640
     Episode_Reward/move_to_target: 0.3244
          Episode_Reward/action_l2: -0.0174
             Episode_Reward/energy: -0.5987
   Episode_Reward/joint_pos_limits: -0.2966
      Episode_Termination/time_out: 0.8303
  Episode_Termination/torso_height: 0.1697
--------------------------------------------------------------------------------
                   Total timesteps: 4292608
                    Iteration time: 0.36s
                      Time elapsed: 00:01:38
                               ETA: 00:01:29

################################################################################
                      [1m Learning iteration 262/500 [0m                      

                       Computation: 47255 steps/s (collection: 0.256s, learning 0.091s)
             Mean action noise std: 0.20
          Mean value_function loss: 0.1020
               Mean surrogate loss: -0.0062
                 Mean entropy loss: -1.8900
                       Mean reward: 74.54
               Mean episode length: 845.64
           Episode_Reward/progress: 5.6102
              Episode_Reward/alive: 0.4761
            Episode_Reward/upright: 0.0947
     Episode_Reward/move_to_target: 0.4757
          Episode_Reward/action_l2: -0.0252
             Episode_Reward/energy: -0.9056
   Episode_Reward/joint_pos_limits: -0.4283
      Episode_Termination/time_out: 0.8274
  Episode_Termination/torso_height: 0.1726
--------------------------------------------------------------------------------
                   Total timesteps: 4308992
                    Iteration time: 0.35s
                      Time elapsed: 00:01:38
                               ETA: 00:01:29

################################################################################
                      [1m Learning iteration 263/500 [0m                      

                       Computation: 47128 steps/s (collection: 0.257s, learning 0.091s)
             Mean action noise std: 0.20
          Mean value_function loss: 0.0540
               Mean surrogate loss: -0.0044
                 Mean entropy loss: -1.9217
                       Mean reward: 74.92
               Mean episode length: 855.32
           Episode_Reward/progress: 4.7940
              Episode_Reward/alive: 0.4267
            Episode_Reward/upright: 0.0842
     Episode_Reward/move_to_target: 0.4173
          Episode_Reward/action_l2: -0.0223
             Episode_Reward/energy: -0.7765
   Episode_Reward/joint_pos_limits: -0.3854
      Episode_Termination/time_out: 0.8273
  Episode_Termination/torso_height: 0.1727
--------------------------------------------------------------------------------
                   Total timesteps: 4325376
                    Iteration time: 0.35s
                      Time elapsed: 00:01:38
                               ETA: 00:01:28

################################################################################
                      [1m Learning iteration 264/500 [0m                      

                       Computation: 45619 steps/s (collection: 0.270s, learning 0.089s)
             Mean action noise std: 0.20
          Mean value_function loss: 0.0521
               Mean surrogate loss: -0.0040
                 Mean entropy loss: -1.9588
                       Mean reward: 73.98
               Mean episode length: 846.41
           Episode_Reward/progress: 4.6470
              Episode_Reward/alive: 0.4418
            Episode_Reward/upright: 0.0846
     Episode_Reward/move_to_target: 0.4367
          Episode_Reward/action_l2: -0.0227
             Episode_Reward/energy: -0.7847
   Episode_Reward/joint_pos_limits: -0.3964
      Episode_Termination/time_out: 0.8286
  Episode_Termination/torso_height: 0.1714
--------------------------------------------------------------------------------
                   Total timesteps: 4341760
                    Iteration time: 0.36s
                      Time elapsed: 00:01:39
                               ETA: 00:01:28

################################################################################
                      [1m Learning iteration 265/500 [0m                      

                       Computation: 47794 steps/s (collection: 0.258s, learning 0.085s)
             Mean action noise std: 0.20
          Mean value_function loss: 0.0976
               Mean surrogate loss: -0.0054
                 Mean entropy loss: -1.9937
                       Mean reward: 74.25
               Mean episode length: 851.80
           Episode_Reward/progress: 5.3576
              Episode_Reward/alive: 0.4941
            Episode_Reward/upright: 0.0964
     Episode_Reward/move_to_target: 0.4913
          Episode_Reward/action_l2: -0.0255
             Episode_Reward/energy: -0.9053
   Episode_Reward/joint_pos_limits: -0.4342
      Episode_Termination/time_out: 0.8308
  Episode_Termination/torso_height: 0.1692
--------------------------------------------------------------------------------
                   Total timesteps: 4358144
                    Iteration time: 0.34s
                      Time elapsed: 00:01:39
                               ETA: 00:01:27

################################################################################
                      [1m Learning iteration 266/500 [0m                      

                       Computation: 42814 steps/s (collection: 0.288s, learning 0.094s)
             Mean action noise std: 0.20
          Mean value_function loss: 0.0850
               Mean surrogate loss: -0.0065
                 Mean entropy loss: -2.0051
                       Mean reward: 75.67
               Mean episode length: 868.84
           Episode_Reward/progress: 5.6167
              Episode_Reward/alive: 0.4992
            Episode_Reward/upright: 0.0990
     Episode_Reward/move_to_target: 0.4988
          Episode_Reward/action_l2: -0.0265
             Episode_Reward/energy: -0.9302
   Episode_Reward/joint_pos_limits: -0.4519
      Episode_Termination/time_out: 0.8319
  Episode_Termination/torso_height: 0.1681
--------------------------------------------------------------------------------
                   Total timesteps: 4374528
                    Iteration time: 0.38s
                      Time elapsed: 00:01:39
                               ETA: 00:01:27

################################################################################
                      [1m Learning iteration 267/500 [0m                      

                       Computation: 40537 steps/s (collection: 0.314s, learning 0.090s)
             Mean action noise std: 0.19
          Mean value_function loss: 0.0570
               Mean surrogate loss: -0.0036
                 Mean entropy loss: -2.0041
                       Mean reward: 76.32
               Mean episode length: 872.51
           Episode_Reward/progress: 5.6701
              Episode_Reward/alive: 0.4810
            Episode_Reward/upright: 0.0956
     Episode_Reward/move_to_target: 0.4796
          Episode_Reward/action_l2: -0.0256
             Episode_Reward/energy: -0.9122
   Episode_Reward/joint_pos_limits: -0.4340
      Episode_Termination/time_out: 0.8307
  Episode_Termination/torso_height: 0.1693
--------------------------------------------------------------------------------
                   Total timesteps: 4390912
                    Iteration time: 0.40s
                      Time elapsed: 00:01:40
                               ETA: 00:01:27

################################################################################
                      [1m Learning iteration 268/500 [0m                      

                       Computation: 47055 steps/s (collection: 0.255s, learning 0.093s)
             Mean action noise std: 0.19
          Mean value_function loss: 0.0793
               Mean surrogate loss: -0.0048
                 Mean entropy loss: -2.0203
                       Mean reward: 78.36
               Mean episode length: 887.44
           Episode_Reward/progress: 5.3334
              Episode_Reward/alive: 0.4571
            Episode_Reward/upright: 0.0903
     Episode_Reward/move_to_target: 0.4556
          Episode_Reward/action_l2: -0.0240
             Episode_Reward/energy: -0.8548
   Episode_Reward/joint_pos_limits: -0.4097
      Episode_Termination/time_out: 0.8318
  Episode_Termination/torso_height: 0.1682
--------------------------------------------------------------------------------
                   Total timesteps: 4407296
                    Iteration time: 0.35s
                      Time elapsed: 00:01:40
                               ETA: 00:01:26

################################################################################
                      [1m Learning iteration 269/500 [0m                      

                       Computation: 46206 steps/s (collection: 0.262s, learning 0.093s)
             Mean action noise std: 0.19
          Mean value_function loss: 0.0707
               Mean surrogate loss: -0.0062
                 Mean entropy loss: -2.0324
                       Mean reward: 78.00
               Mean episode length: 891.44
           Episode_Reward/progress: 4.8008
              Episode_Reward/alive: 0.4536
            Episode_Reward/upright: 0.0890
     Episode_Reward/move_to_target: 0.4513
          Episode_Reward/action_l2: -0.0231
             Episode_Reward/energy: -0.8029
   Episode_Reward/joint_pos_limits: -0.4116
      Episode_Termination/time_out: 0.8343
  Episode_Termination/torso_height: 0.1657
--------------------------------------------------------------------------------
                   Total timesteps: 4423680
                    Iteration time: 0.35s
                      Time elapsed: 00:01:40
                               ETA: 00:01:26

################################################################################
                      [1m Learning iteration 270/500 [0m                      

                       Computation: 46942 steps/s (collection: 0.258s, learning 0.091s)
             Mean action noise std: 0.19
          Mean value_function loss: 0.0495
               Mean surrogate loss: -0.0049
                 Mean entropy loss: -2.0388
                       Mean reward: 77.45
               Mean episode length: 892.11
           Episode_Reward/progress: 4.8145
              Episode_Reward/alive: 0.4501
            Episode_Reward/upright: 0.0889
     Episode_Reward/move_to_target: 0.4466
          Episode_Reward/action_l2: -0.0229
             Episode_Reward/energy: -0.7984
   Episode_Reward/joint_pos_limits: -0.4027
      Episode_Termination/time_out: 0.8312
  Episode_Termination/torso_height: 0.1688
--------------------------------------------------------------------------------
                   Total timesteps: 4440064
                    Iteration time: 0.35s
                      Time elapsed: 00:01:41
                               ETA: 00:01:25

################################################################################
                      [1m Learning iteration 271/500 [0m                      

                       Computation: 46189 steps/s (collection: 0.263s, learning 0.092s)
             Mean action noise std: 0.19
          Mean value_function loss: 0.0427
               Mean surrogate loss: -0.0055
                 Mean entropy loss: -2.0549
                       Mean reward: 78.90
               Mean episode length: 901.05
           Episode_Reward/progress: 5.8367
              Episode_Reward/alive: 0.5000
            Episode_Reward/upright: 0.0997
     Episode_Reward/move_to_target: 0.4999
          Episode_Reward/action_l2: -0.0269
             Episode_Reward/energy: -0.9516
   Episode_Reward/joint_pos_limits: -0.4531
      Episode_Termination/time_out: 0.8307
  Episode_Termination/torso_height: 0.1693
--------------------------------------------------------------------------------
                   Total timesteps: 4456448
                    Iteration time: 0.35s
                      Time elapsed: 00:01:41
                               ETA: 00:01:25

################################################################################
                      [1m Learning iteration 272/500 [0m                      

                       Computation: 47444 steps/s (collection: 0.256s, learning 0.089s)
             Mean action noise std: 0.19
          Mean value_function loss: 0.0887
               Mean surrogate loss: -0.0047
                 Mean entropy loss: -2.0796
                       Mean reward: 79.37
               Mean episode length: 895.97
           Episode_Reward/progress: 5.4753
              Episode_Reward/alive: 0.4666
            Episode_Reward/upright: 0.0926
     Episode_Reward/move_to_target: 0.4645
          Episode_Reward/action_l2: -0.0248
             Episode_Reward/energy: -0.8888
   Episode_Reward/joint_pos_limits: -0.4208
      Episode_Termination/time_out: 0.8326
  Episode_Termination/torso_height: 0.1674
--------------------------------------------------------------------------------
                   Total timesteps: 4472832
                    Iteration time: 0.35s
                      Time elapsed: 00:01:42
                               ETA: 00:01:25

################################################################################
                      [1m Learning iteration 273/500 [0m                      

                       Computation: 43822 steps/s (collection: 0.288s, learning 0.086s)
             Mean action noise std: 0.19
          Mean value_function loss: 0.0817
               Mean surrogate loss: -0.0052
                 Mean entropy loss: -2.0829
                       Mean reward: 78.07
               Mean episode length: 888.32
           Episode_Reward/progress: 4.9046
              Episode_Reward/alive: 0.4472
            Episode_Reward/upright: 0.0882
     Episode_Reward/move_to_target: 0.4361
          Episode_Reward/action_l2: -0.0236
             Episode_Reward/energy: -0.8144
   Episode_Reward/joint_pos_limits: -0.4053
      Episode_Termination/time_out: 0.8339
  Episode_Termination/torso_height: 0.1661
--------------------------------------------------------------------------------
                   Total timesteps: 4489216
                    Iteration time: 0.37s
                      Time elapsed: 00:01:42
                               ETA: 00:01:24

################################################################################
                      [1m Learning iteration 274/500 [0m                      

                       Computation: 46468 steps/s (collection: 0.266s, learning 0.086s)
             Mean action noise std: 0.19
          Mean value_function loss: 0.0968
               Mean surrogate loss: -0.0059
                 Mean entropy loss: -2.0974
                       Mean reward: 75.89
               Mean episode length: 868.98
           Episode_Reward/progress: 4.6761
              Episode_Reward/alive: 0.4240
            Episode_Reward/upright: 0.0829
     Episode_Reward/move_to_target: 0.4192
          Episode_Reward/action_l2: -0.0216
             Episode_Reward/energy: -0.7499
   Episode_Reward/joint_pos_limits: -0.3819
      Episode_Termination/time_out: 0.8319
  Episode_Termination/torso_height: 0.1681
--------------------------------------------------------------------------------
                   Total timesteps: 4505600
                    Iteration time: 0.35s
                      Time elapsed: 00:01:42
                               ETA: 00:01:24

################################################################################
                      [1m Learning iteration 275/500 [0m                      

                       Computation: 45224 steps/s (collection: 0.292s, learning 0.070s)
             Mean action noise std: 0.19
          Mean value_function loss: 0.0399
               Mean surrogate loss: -0.0042
                 Mean entropy loss: -2.1064
                       Mean reward: 76.61
               Mean episode length: 855.28
           Episode_Reward/progress: 4.3689
              Episode_Reward/alive: 0.3862
            Episode_Reward/upright: 0.0757
     Episode_Reward/move_to_target: 0.3811
          Episode_Reward/action_l2: -0.0201
             Episode_Reward/energy: -0.7165
   Episode_Reward/joint_pos_limits: -0.3467
      Episode_Termination/time_out: 0.8307
  Episode_Termination/torso_height: 0.1693
--------------------------------------------------------------------------------
                   Total timesteps: 4521984
                    Iteration time: 0.36s
                      Time elapsed: 00:01:43
                               ETA: 00:01:24

################################################################################
                      [1m Learning iteration 276/500 [0m                      

                       Computation: 46792 steps/s (collection: 0.272s, learning 0.078s)
             Mean action noise std: 0.19
          Mean value_function loss: 0.0645
               Mean surrogate loss: -0.0027
                 Mean entropy loss: -2.1272
                       Mean reward: 74.65
               Mean episode length: 833.47
           Episode_Reward/progress: 5.4242
              Episode_Reward/alive: 0.4698
            Episode_Reward/upright: 0.0932
     Episode_Reward/move_to_target: 0.4688
          Episode_Reward/action_l2: -0.0250
             Episode_Reward/energy: -0.8861
   Episode_Reward/joint_pos_limits: -0.4271
      Episode_Termination/time_out: 0.8317
  Episode_Termination/torso_height: 0.1683
--------------------------------------------------------------------------------
                   Total timesteps: 4538368
                    Iteration time: 0.35s
                      Time elapsed: 00:01:43
                               ETA: 00:01:23

################################################################################
                      [1m Learning iteration 277/500 [0m                      

                       Computation: 39565 steps/s (collection: 0.312s, learning 0.102s)
             Mean action noise std: 0.19
          Mean value_function loss: 0.1024
               Mean surrogate loss: -0.0052
                 Mean entropy loss: -2.1462
                       Mean reward: 74.34
               Mean episode length: 827.16
           Episode_Reward/progress: 5.0376
              Episode_Reward/alive: 0.4455
            Episode_Reward/upright: 0.0883
     Episode_Reward/move_to_target: 0.4433
          Episode_Reward/action_l2: -0.0234
             Episode_Reward/energy: -0.8328
   Episode_Reward/joint_pos_limits: -0.4038
      Episode_Termination/time_out: 0.8336
  Episode_Termination/torso_height: 0.1664
--------------------------------------------------------------------------------
                   Total timesteps: 4554752
                    Iteration time: 0.41s
                      Time elapsed: 00:01:43
                               ETA: 00:01:23

################################################################################
                      [1m Learning iteration 278/500 [0m                      

                       Computation: 41544 steps/s (collection: 0.303s, learning 0.091s)
             Mean action noise std: 0.19
          Mean value_function loss: 0.0631
               Mean surrogate loss: -0.0062
                 Mean entropy loss: -2.1531
                       Mean reward: 75.67
               Mean episode length: 846.21
           Episode_Reward/progress: 5.1638
              Episode_Reward/alive: 0.4602
            Episode_Reward/upright: 0.0913
     Episode_Reward/move_to_target: 0.4585
          Episode_Reward/action_l2: -0.0248
             Episode_Reward/energy: -0.8612
   Episode_Reward/joint_pos_limits: -0.4179
      Episode_Termination/time_out: 0.8357
  Episode_Termination/torso_height: 0.1643
--------------------------------------------------------------------------------
                   Total timesteps: 4571136
                    Iteration time: 0.39s
                      Time elapsed: 00:01:44
                               ETA: 00:01:22

################################################################################
                      [1m Learning iteration 279/500 [0m                      

                       Computation: 43258 steps/s (collection: 0.289s, learning 0.090s)
             Mean action noise std: 0.19
          Mean value_function loss: 0.0555
               Mean surrogate loss: -0.0050
                 Mean entropy loss: -2.1787
                       Mean reward: 76.23
               Mean episode length: 857.20
           Episode_Reward/progress: 5.5407
              Episode_Reward/alive: 0.4820
            Episode_Reward/upright: 0.0957
     Episode_Reward/move_to_target: 0.4807
          Episode_Reward/action_l2: -0.0254
             Episode_Reward/energy: -0.9080
   Episode_Reward/joint_pos_limits: -0.4379
      Episode_Termination/time_out: 0.8398
  Episode_Termination/torso_height: 0.1602
--------------------------------------------------------------------------------
                   Total timesteps: 4587520
                    Iteration time: 0.38s
                      Time elapsed: 00:01:44
                               ETA: 00:01:22

################################################################################
                      [1m Learning iteration 280/500 [0m                      

                       Computation: 43593 steps/s (collection: 0.288s, learning 0.088s)
             Mean action noise std: 0.19
          Mean value_function loss: 0.0585
               Mean surrogate loss: -0.0038
                 Mean entropy loss: -2.1915
                       Mean reward: 79.11
               Mean episode length: 883.69
           Episode_Reward/progress: 5.3487
              Episode_Reward/alive: 0.4708
            Episode_Reward/upright: 0.0929
     Episode_Reward/move_to_target: 0.4689
          Episode_Reward/action_l2: -0.0247
             Episode_Reward/energy: -0.8803
   Episode_Reward/joint_pos_limits: -0.4252
      Episode_Termination/time_out: 0.8470
  Episode_Termination/torso_height: 0.1530
--------------------------------------------------------------------------------
                   Total timesteps: 4603904
                    Iteration time: 0.38s
                      Time elapsed: 00:01:45
                               ETA: 00:01:22

################################################################################
                      [1m Learning iteration 281/500 [0m                      

                       Computation: 44575 steps/s (collection: 0.274s, learning 0.093s)
             Mean action noise std: 0.19
          Mean value_function loss: 0.0588
               Mean surrogate loss: -0.0045
                 Mean entropy loss: -2.2161
                       Mean reward: 79.14
               Mean episode length: 880.91
           Episode_Reward/progress: 5.6176
              Episode_Reward/alive: 0.4784
            Episode_Reward/upright: 0.0948
     Episode_Reward/move_to_target: 0.4773
          Episode_Reward/action_l2: -0.0253
             Episode_Reward/energy: -0.9095
   Episode_Reward/joint_pos_limits: -0.4320
      Episode_Termination/time_out: 0.8497
  Episode_Termination/torso_height: 0.1503
--------------------------------------------------------------------------------
                   Total timesteps: 4620288
                    Iteration time: 0.37s
                      Time elapsed: 00:01:45
                               ETA: 00:01:21

################################################################################
                      [1m Learning iteration 282/500 [0m                      

                       Computation: 46497 steps/s (collection: 0.263s, learning 0.090s)
             Mean action noise std: 0.19
          Mean value_function loss: 0.0686
               Mean surrogate loss: -0.0037
                 Mean entropy loss: -2.2377
                       Mean reward: 77.60
               Mean episode length: 863.34
           Episode_Reward/progress: 5.1362
              Episode_Reward/alive: 0.4512
            Episode_Reward/upright: 0.0887
     Episode_Reward/move_to_target: 0.4463
          Episode_Reward/action_l2: -0.0239
             Episode_Reward/energy: -0.8524
   Episode_Reward/joint_pos_limits: -0.4074
      Episode_Termination/time_out: 0.8459
  Episode_Termination/torso_height: 0.1541
--------------------------------------------------------------------------------
                   Total timesteps: 4636672
                    Iteration time: 0.35s
                      Time elapsed: 00:01:45
                               ETA: 00:01:21

################################################################################
                      [1m Learning iteration 283/500 [0m                      

                       Computation: 42049 steps/s (collection: 0.300s, learning 0.090s)
             Mean action noise std: 0.19
          Mean value_function loss: 0.0710
               Mean surrogate loss: -0.0045
                 Mean entropy loss: -2.2456
                       Mean reward: 76.87
               Mean episode length: 851.41
           Episode_Reward/progress: 5.3046
              Episode_Reward/alive: 0.4502
            Episode_Reward/upright: 0.0888
     Episode_Reward/move_to_target: 0.4468
          Episode_Reward/action_l2: -0.0237
             Episode_Reward/energy: -0.8470
   Episode_Reward/joint_pos_limits: -0.4112
      Episode_Termination/time_out: 0.8463
  Episode_Termination/torso_height: 0.1537
--------------------------------------------------------------------------------
                   Total timesteps: 4653056
                    Iteration time: 0.39s
                      Time elapsed: 00:01:46
                               ETA: 00:01:21

################################################################################
                      [1m Learning iteration 284/500 [0m                      

                       Computation: 41825 steps/s (collection: 0.301s, learning 0.091s)
             Mean action noise std: 0.19
          Mean value_function loss: 0.0865
               Mean surrogate loss: -0.0054
                 Mean entropy loss: -2.2469
                       Mean reward: 78.81
               Mean episode length: 860.26
           Episode_Reward/progress: 5.7355
              Episode_Reward/alive: 0.4830
            Episode_Reward/upright: 0.0964
     Episode_Reward/move_to_target: 0.4814
          Episode_Reward/action_l2: -0.0255
             Episode_Reward/energy: -0.9070
   Episode_Reward/joint_pos_limits: -0.4388
      Episode_Termination/time_out: 0.8538
  Episode_Termination/torso_height: 0.1462
--------------------------------------------------------------------------------
                   Total timesteps: 4669440
                    Iteration time: 0.39s
                      Time elapsed: 00:01:46
                               ETA: 00:01:20

################################################################################
                      [1m Learning iteration 285/500 [0m                      

                       Computation: 44835 steps/s (collection: 0.276s, learning 0.089s)
             Mean action noise std: 0.19
          Mean value_function loss: 0.0701
               Mean surrogate loss: -0.0040
                 Mean entropy loss: -2.2583
                       Mean reward: 76.60
               Mean episode length: 838.56
           Episode_Reward/progress: 4.5705
              Episode_Reward/alive: 0.4092
            Episode_Reward/upright: 0.0804
     Episode_Reward/move_to_target: 0.4054
          Episode_Reward/action_l2: -0.0216
             Episode_Reward/energy: -0.7613
   Episode_Reward/joint_pos_limits: -0.3703
      Episode_Termination/time_out: 0.8636
  Episode_Termination/torso_height: 0.1364
--------------------------------------------------------------------------------
                   Total timesteps: 4685824
                    Iteration time: 0.37s
                      Time elapsed: 00:01:46
                               ETA: 00:01:20

################################################################################
                      [1m Learning iteration 286/500 [0m                      

                       Computation: 45676 steps/s (collection: 0.267s, learning 0.092s)
             Mean action noise std: 0.19
          Mean value_function loss: 0.0677
               Mean surrogate loss: -0.0063
                 Mean entropy loss: -2.2773
                       Mean reward: 76.16
               Mean episode length: 831.03
           Episode_Reward/progress: 4.6493
              Episode_Reward/alive: 0.3987
            Episode_Reward/upright: 0.0783
     Episode_Reward/move_to_target: 0.3932
          Episode_Reward/action_l2: -0.0212
             Episode_Reward/energy: -0.7557
   Episode_Reward/joint_pos_limits: -0.3580
      Episode_Termination/time_out: 0.8621
  Episode_Termination/torso_height: 0.1379
--------------------------------------------------------------------------------
                   Total timesteps: 4702208
                    Iteration time: 0.36s
                      Time elapsed: 00:01:47
                               ETA: 00:01:19

################################################################################
                      [1m Learning iteration 287/500 [0m                      

                       Computation: 45335 steps/s (collection: 0.267s, learning 0.094s)
             Mean action noise std: 0.19
          Mean value_function loss: 0.0707
               Mean surrogate loss: -0.0051
                 Mean entropy loss: -2.3022
                       Mean reward: 75.49
               Mean episode length: 826.11
           Episode_Reward/progress: 4.3405
              Episode_Reward/alive: 0.4277
            Episode_Reward/upright: 0.0826
     Episode_Reward/move_to_target: 0.4230
          Episode_Reward/action_l2: -0.0218
             Episode_Reward/energy: -0.7498
   Episode_Reward/joint_pos_limits: -0.3833
      Episode_Termination/time_out: 0.8593
  Episode_Termination/torso_height: 0.1407
--------------------------------------------------------------------------------
                   Total timesteps: 4718592
                    Iteration time: 0.36s
                      Time elapsed: 00:01:47
                               ETA: 00:01:19

################################################################################
                      [1m Learning iteration 288/500 [0m                      

                       Computation: 41567 steps/s (collection: 0.299s, learning 0.095s)
             Mean action noise std: 0.19
          Mean value_function loss: 0.0527
               Mean surrogate loss: -0.0032
                 Mean entropy loss: -2.3122
                       Mean reward: 75.92
               Mean episode length: 833.85
           Episode_Reward/progress: 4.7128
              Episode_Reward/alive: 0.4218
            Episode_Reward/upright: 0.0827
     Episode_Reward/move_to_target: 0.4176
          Episode_Reward/action_l2: -0.0220
             Episode_Reward/energy: -0.7790
   Episode_Reward/joint_pos_limits: -0.3804
      Episode_Termination/time_out: 0.8587
  Episode_Termination/torso_height: 0.1413
--------------------------------------------------------------------------------
                   Total timesteps: 4734976
                    Iteration time: 0.39s
                      Time elapsed: 00:01:48
                               ETA: 00:01:19

################################################################################
                      [1m Learning iteration 289/500 [0m                      

                       Computation: 47857 steps/s (collection: 0.254s, learning 0.088s)
             Mean action noise std: 0.19
          Mean value_function loss: 0.0709
               Mean surrogate loss: -0.0053
                 Mean entropy loss: -2.3303
                       Mean reward: 74.61
               Mean episode length: 824.73
           Episode_Reward/progress: 5.5103
              Episode_Reward/alive: 0.4851
            Episode_Reward/upright: 0.0965
     Episode_Reward/move_to_target: 0.4842
          Episode_Reward/action_l2: -0.0251
             Episode_Reward/energy: -0.9002
   Episode_Reward/joint_pos_limits: -0.4338
      Episode_Termination/time_out: 0.8589
  Episode_Termination/torso_height: 0.1411
--------------------------------------------------------------------------------
                   Total timesteps: 4751360
                    Iteration time: 0.34s
                      Time elapsed: 00:01:48
                               ETA: 00:01:18

################################################################################
                      [1m Learning iteration 290/500 [0m                      

                       Computation: 45054 steps/s (collection: 0.275s, learning 0.089s)
             Mean action noise std: 0.19
          Mean value_function loss: 0.1014
               Mean surrogate loss: -0.0053
                 Mean entropy loss: -2.3498
                       Mean reward: 72.97
               Mean episode length: 814.00
           Episode_Reward/progress: 5.3442
              Episode_Reward/alive: 0.4600
            Episode_Reward/upright: 0.0910
     Episode_Reward/move_to_target: 0.4585
          Episode_Reward/action_l2: -0.0244
             Episode_Reward/energy: -0.8753
   Episode_Reward/joint_pos_limits: -0.4166
      Episode_Termination/time_out: 0.8618
  Episode_Termination/torso_height: 0.1382
--------------------------------------------------------------------------------
                   Total timesteps: 4767744
                    Iteration time: 0.36s
                      Time elapsed: 00:01:48
                               ETA: 00:01:18

################################################################################
                      [1m Learning iteration 291/500 [0m                      

                       Computation: 44841 steps/s (collection: 0.273s, learning 0.092s)
             Mean action noise std: 0.19
          Mean value_function loss: 0.0866
               Mean surrogate loss: -0.0049
                 Mean entropy loss: -2.3614
                       Mean reward: 72.92
               Mean episode length: 813.78
           Episode_Reward/progress: 5.2967
              Episode_Reward/alive: 0.4709
            Episode_Reward/upright: 0.0936
     Episode_Reward/move_to_target: 0.4687
          Episode_Reward/action_l2: -0.0251
             Episode_Reward/energy: -0.8701
   Episode_Reward/joint_pos_limits: -0.4270
      Episode_Termination/time_out: 0.8705
  Episode_Termination/torso_height: 0.1295
--------------------------------------------------------------------------------
                   Total timesteps: 4784128
                    Iteration time: 0.37s
                      Time elapsed: 00:01:49
                               ETA: 00:01:18

################################################################################
                      [1m Learning iteration 292/500 [0m                      

                       Computation: 42097 steps/s (collection: 0.289s, learning 0.100s)
             Mean action noise std: 0.19
          Mean value_function loss: 0.1131
               Mean surrogate loss: -0.0073
                 Mean entropy loss: -2.3705
                       Mean reward: 71.69
               Mean episode length: 805.22
           Episode_Reward/progress: 4.4011
              Episode_Reward/alive: 0.4100
            Episode_Reward/upright: 0.0809
     Episode_Reward/move_to_target: 0.3971
          Episode_Reward/action_l2: -0.0204
             Episode_Reward/energy: -0.7164
   Episode_Reward/joint_pos_limits: -0.3636
      Episode_Termination/time_out: 0.8669
  Episode_Termination/torso_height: 0.1331
--------------------------------------------------------------------------------
                   Total timesteps: 4800512
                    Iteration time: 0.39s
                      Time elapsed: 00:01:49
                               ETA: 00:01:17

################################################################################
                      [1m Learning iteration 293/500 [0m                      

                       Computation: 44677 steps/s (collection: 0.273s, learning 0.094s)
             Mean action noise std: 0.19
          Mean value_function loss: 0.0728
               Mean surrogate loss: -0.0068
                 Mean entropy loss: -2.3968
                       Mean reward: 69.06
               Mean episode length: 782.28
           Episode_Reward/progress: 4.1749
              Episode_Reward/alive: 0.3701
            Episode_Reward/upright: 0.0721
     Episode_Reward/move_to_target: 0.3457
          Episode_Reward/action_l2: -0.0195
             Episode_Reward/energy: -0.6654
   Episode_Reward/joint_pos_limits: -0.3361
      Episode_Termination/time_out: 0.8620
  Episode_Termination/torso_height: 0.1380
--------------------------------------------------------------------------------
                   Total timesteps: 4816896
                    Iteration time: 0.37s
                      Time elapsed: 00:01:49
                               ETA: 00:01:17

################################################################################
                      [1m Learning iteration 294/500 [0m                      

                       Computation: 49089 steps/s (collection: 0.266s, learning 0.068s)
             Mean action noise std: 0.19
          Mean value_function loss: 0.1038
               Mean surrogate loss: -0.0053
                 Mean entropy loss: -2.4144
                       Mean reward: 70.14
               Mean episode length: 792.80
           Episode_Reward/progress: 5.4089
              Episode_Reward/alive: 0.4654
            Episode_Reward/upright: 0.0923
     Episode_Reward/move_to_target: 0.4589
          Episode_Reward/action_l2: -0.0247
             Episode_Reward/energy: -0.8810
   Episode_Reward/joint_pos_limits: -0.4227
      Episode_Termination/time_out: 0.8555
  Episode_Termination/torso_height: 0.1445
--------------------------------------------------------------------------------
                   Total timesteps: 4833280
                    Iteration time: 0.33s
                      Time elapsed: 00:01:50
                               ETA: 00:01:16

################################################################################
                      [1m Learning iteration 295/500 [0m                      

                       Computation: 45665 steps/s (collection: 0.263s, learning 0.096s)
             Mean action noise std: 0.19
          Mean value_function loss: 0.0644
               Mean surrogate loss: -0.0046
                 Mean entropy loss: -2.4316
                       Mean reward: 68.19
               Mean episode length: 770.90
           Episode_Reward/progress: 4.4810
              Episode_Reward/alive: 0.4018
            Episode_Reward/upright: 0.0789
     Episode_Reward/move_to_target: 0.3972
          Episode_Reward/action_l2: -0.0208
             Episode_Reward/energy: -0.7298
   Episode_Reward/joint_pos_limits: -0.3606
      Episode_Termination/time_out: 0.8532
  Episode_Termination/torso_height: 0.1468
--------------------------------------------------------------------------------
                   Total timesteps: 4849664
                    Iteration time: 0.36s
                      Time elapsed: 00:01:50
                               ETA: 00:01:16

################################################################################
                      [1m Learning iteration 296/500 [0m                      

                       Computation: 41041 steps/s (collection: 0.302s, learning 0.097s)
             Mean action noise std: 0.18
          Mean value_function loss: 0.1295
               Mean surrogate loss: -0.0043
                 Mean entropy loss: -2.4583
                       Mean reward: 68.84
               Mean episode length: 784.76
           Episode_Reward/progress: 5.0874
              Episode_Reward/alive: 0.4568
            Episode_Reward/upright: 0.0887
     Episode_Reward/move_to_target: 0.4538
          Episode_Reward/action_l2: -0.0241
             Episode_Reward/energy: -0.8362
   Episode_Reward/joint_pos_limits: -0.4208
      Episode_Termination/time_out: 0.8514
  Episode_Termination/torso_height: 0.1486
--------------------------------------------------------------------------------
                   Total timesteps: 4866048
                    Iteration time: 0.40s
                      Time elapsed: 00:01:50
                               ETA: 00:01:16

################################################################################
                      [1m Learning iteration 297/500 [0m                      

                       Computation: 41754 steps/s (collection: 0.301s, learning 0.092s)
             Mean action noise std: 0.18
          Mean value_function loss: 0.0589
               Mean surrogate loss: -0.0053
                 Mean entropy loss: -2.4784
                       Mean reward: 67.19
               Mean episode length: 758.30
           Episode_Reward/progress: 5.4791
              Episode_Reward/alive: 0.4509
            Episode_Reward/upright: 0.0896
     Episode_Reward/move_to_target: 0.4504
          Episode_Reward/action_l2: -0.0244
             Episode_Reward/energy: -0.8700
   Episode_Reward/joint_pos_limits: -0.4147
      Episode_Termination/time_out: 0.8508
  Episode_Termination/torso_height: 0.1492
--------------------------------------------------------------------------------
                   Total timesteps: 4882432
                    Iteration time: 0.39s
                      Time elapsed: 00:01:51
                               ETA: 00:01:15

################################################################################
                      [1m Learning iteration 298/500 [0m                      

                       Computation: 39412 steps/s (collection: 0.323s, learning 0.093s)
             Mean action noise std: 0.18
          Mean value_function loss: 0.0701
               Mean surrogate loss: -0.0055
                 Mean entropy loss: -2.4968
                       Mean reward: 69.61
               Mean episode length: 784.78
           Episode_Reward/progress: 5.8042
              Episode_Reward/alive: 0.4767
            Episode_Reward/upright: 0.0938
     Episode_Reward/move_to_target: 0.4718
          Episode_Reward/action_l2: -0.0256
             Episode_Reward/energy: -0.9118
   Episode_Reward/joint_pos_limits: -0.4338
      Episode_Termination/time_out: 0.8477
  Episode_Termination/torso_height: 0.1523
--------------------------------------------------------------------------------
                   Total timesteps: 4898816
                    Iteration time: 0.42s
                      Time elapsed: 00:01:51
                               ETA: 00:01:15

################################################################################
                      [1m Learning iteration 299/500 [0m                      

                       Computation: 46047 steps/s (collection: 0.286s, learning 0.069s)
             Mean action noise std: 0.18
          Mean value_function loss: 0.0538
               Mean surrogate loss: -0.0060
                 Mean entropy loss: -2.5103
                       Mean reward: 71.17
               Mean episode length: 794.88
           Episode_Reward/progress: 5.3645
              Episode_Reward/alive: 0.4542
            Episode_Reward/upright: 0.0890
     Episode_Reward/move_to_target: 0.4511
          Episode_Reward/action_l2: -0.0250
             Episode_Reward/energy: -0.8758
   Episode_Reward/joint_pos_limits: -0.4164
      Episode_Termination/time_out: 0.8473
  Episode_Termination/torso_height: 0.1527
--------------------------------------------------------------------------------
                   Total timesteps: 4915200
                    Iteration time: 0.36s
                      Time elapsed: 00:01:52
                               ETA: 00:01:15

################################################################################
                      [1m Learning iteration 300/500 [0m                      

                       Computation: 48850 steps/s (collection: 0.266s, learning 0.069s)
             Mean action noise std: 0.18
          Mean value_function loss: 0.0898
               Mean surrogate loss: -0.0036
                 Mean entropy loss: -2.5374
                       Mean reward: 77.09
               Mean episode length: 846.39
           Episode_Reward/progress: 4.8970
              Episode_Reward/alive: 0.4351
            Episode_Reward/upright: 0.0846
     Episode_Reward/move_to_target: 0.4311
          Episode_Reward/action_l2: -0.0232
             Episode_Reward/energy: -0.8084
   Episode_Reward/joint_pos_limits: -0.3928
      Episode_Termination/time_out: 0.8458
  Episode_Termination/torso_height: 0.1542
--------------------------------------------------------------------------------
                   Total timesteps: 4931584
                    Iteration time: 0.34s
                      Time elapsed: 00:01:52
                               ETA: 00:01:14

################################################################################
                      [1m Learning iteration 301/500 [0m                      

                       Computation: 50055 steps/s (collection: 0.259s, learning 0.069s)
             Mean action noise std: 0.18
          Mean value_function loss: 0.0840
               Mean surrogate loss: -0.0042
                 Mean entropy loss: -2.5492
                       Mean reward: 77.05
               Mean episode length: 840.82
           Episode_Reward/progress: 5.4082
              Episode_Reward/alive: 0.4561
            Episode_Reward/upright: 0.0907
     Episode_Reward/move_to_target: 0.4549
          Episode_Reward/action_l2: -0.0249
             Episode_Reward/energy: -0.8801
   Episode_Reward/joint_pos_limits: -0.4169
      Episode_Termination/time_out: 0.8444
  Episode_Termination/torso_height: 0.1556
--------------------------------------------------------------------------------
                   Total timesteps: 4947968
                    Iteration time: 0.33s
                      Time elapsed: 00:01:52
                               ETA: 00:01:14

################################################################################
                      [1m Learning iteration 302/500 [0m                      

                       Computation: 46758 steps/s (collection: 0.261s, learning 0.089s)
             Mean action noise std: 0.18
          Mean value_function loss: 0.1123
               Mean surrogate loss: -0.0055
                 Mean entropy loss: -2.5513
                       Mean reward: 77.51
               Mean episode length: 846.56
           Episode_Reward/progress: 5.1984
              Episode_Reward/alive: 0.4462
            Episode_Reward/upright: 0.0883
     Episode_Reward/move_to_target: 0.4437
          Episode_Reward/action_l2: -0.0241
             Episode_Reward/energy: -0.8572
   Episode_Reward/joint_pos_limits: -0.4071
      Episode_Termination/time_out: 0.8406
  Episode_Termination/torso_height: 0.1594
--------------------------------------------------------------------------------
                   Total timesteps: 4964352
                    Iteration time: 0.35s
                      Time elapsed: 00:01:53
                               ETA: 00:01:13

################################################################################
                      [1m Learning iteration 303/500 [0m                      

                       Computation: 48887 steps/s (collection: 0.268s, learning 0.067s)
             Mean action noise std: 0.18
          Mean value_function loss: 0.1142
               Mean surrogate loss: -0.0037
                 Mean entropy loss: -2.5576
                       Mean reward: 78.76
               Mean episode length: 858.03
           Episode_Reward/progress: 5.0561
              Episode_Reward/alive: 0.4373
            Episode_Reward/upright: 0.0865
     Episode_Reward/move_to_target: 0.4345
          Episode_Reward/action_l2: -0.0233
             Episode_Reward/energy: -0.8249
   Episode_Reward/joint_pos_limits: -0.3941
      Episode_Termination/time_out: 0.8400
  Episode_Termination/torso_height: 0.1600
--------------------------------------------------------------------------------
                   Total timesteps: 4980736
                    Iteration time: 0.34s
                      Time elapsed: 00:01:53
                               ETA: 00:01:13

################################################################################
                      [1m Learning iteration 304/500 [0m                      

                       Computation: 43872 steps/s (collection: 0.280s, learning 0.094s)
             Mean action noise std: 0.18
          Mean value_function loss: 0.0735
               Mean surrogate loss: -0.0055
                 Mean entropy loss: -2.5710
                       Mean reward: 80.99
               Mean episode length: 879.33
           Episode_Reward/progress: 5.9568
              Episode_Reward/alive: 0.4895
            Episode_Reward/upright: 0.0972
     Episode_Reward/move_to_target: 0.4840
          Episode_Reward/action_l2: -0.0263
             Episode_Reward/energy: -0.9323
   Episode_Reward/joint_pos_limits: -0.4471
      Episode_Termination/time_out: 0.8445
  Episode_Termination/torso_height: 0.1555
--------------------------------------------------------------------------------
                   Total timesteps: 4997120
                    Iteration time: 0.37s
                      Time elapsed: 00:01:53
                               ETA: 00:01:13

################################################################################
                      [1m Learning iteration 305/500 [0m                      

                       Computation: 44819 steps/s (collection: 0.285s, learning 0.081s)
             Mean action noise std: 0.18
          Mean value_function loss: 0.0864
               Mean surrogate loss: -0.0045
                 Mean entropy loss: -2.5763
                       Mean reward: 83.30
               Mean episode length: 896.62
           Episode_Reward/progress: 5.8622
              Episode_Reward/alive: 0.4818
            Episode_Reward/upright: 0.0955
     Episode_Reward/move_to_target: 0.4808
          Episode_Reward/action_l2: -0.0259
             Episode_Reward/energy: -0.9229
   Episode_Reward/joint_pos_limits: -0.4413
      Episode_Termination/time_out: 0.8463
  Episode_Termination/torso_height: 0.1537
--------------------------------------------------------------------------------
                   Total timesteps: 5013504
                    Iteration time: 0.37s
                      Time elapsed: 00:01:54
                               ETA: 00:01:12

################################################################################
                      [1m Learning iteration 306/500 [0m                      

                       Computation: 43324 steps/s (collection: 0.291s, learning 0.087s)
             Mean action noise std: 0.18
          Mean value_function loss: 0.0886
               Mean surrogate loss: -0.0050
                 Mean entropy loss: -2.5868
                       Mean reward: 84.98
               Mean episode length: 909.26
           Episode_Reward/progress: 5.1480
              Episode_Reward/alive: 0.4244
            Episode_Reward/upright: 0.0837
     Episode_Reward/move_to_target: 0.4220
          Episode_Reward/action_l2: -0.0231
             Episode_Reward/energy: -0.8195
   Episode_Reward/joint_pos_limits: -0.3895
      Episode_Termination/time_out: 0.8477
  Episode_Termination/torso_height: 0.1523
--------------------------------------------------------------------------------
                   Total timesteps: 5029888
                    Iteration time: 0.38s
                      Time elapsed: 00:01:54
                               ETA: 00:01:12

################################################################################
                      [1m Learning iteration 307/500 [0m                      

                       Computation: 44835 steps/s (collection: 0.275s, learning 0.090s)
             Mean action noise std: 0.18
          Mean value_function loss: 0.1443
               Mean surrogate loss: -0.0045
                 Mean entropy loss: -2.6011
                       Mean reward: 85.92
               Mean episode length: 910.90
           Episode_Reward/progress: 5.6837
              Episode_Reward/alive: 0.4795
            Episode_Reward/upright: 0.0947
     Episode_Reward/move_to_target: 0.4753
          Episode_Reward/action_l2: -0.0257
             Episode_Reward/energy: -0.9118
   Episode_Reward/joint_pos_limits: -0.4386
      Episode_Termination/time_out: 0.8524
  Episode_Termination/torso_height: 0.1476
--------------------------------------------------------------------------------
                   Total timesteps: 5046272
                    Iteration time: 0.37s
                      Time elapsed: 00:01:54
                               ETA: 00:01:12

################################################################################
                      [1m Learning iteration 308/500 [0m                      

                       Computation: 42693 steps/s (collection: 0.289s, learning 0.095s)
             Mean action noise std: 0.18
          Mean value_function loss: 0.0492
               Mean surrogate loss: -0.0073
                 Mean entropy loss: -2.6221
                       Mean reward: 83.47
               Mean episode length: 891.89
           Episode_Reward/progress: 4.3466
              Episode_Reward/alive: 0.3792
            Episode_Reward/upright: 0.0736
     Episode_Reward/move_to_target: 0.3735
          Episode_Reward/action_l2: -0.0206
             Episode_Reward/energy: -0.7145
   Episode_Reward/joint_pos_limits: -0.3474
      Episode_Termination/time_out: 0.8510
  Episode_Termination/torso_height: 0.1490
--------------------------------------------------------------------------------
                   Total timesteps: 5062656
                    Iteration time: 0.38s
                      Time elapsed: 00:01:55
                               ETA: 00:01:11

################################################################################
                      [1m Learning iteration 309/500 [0m                      

                       Computation: 39442 steps/s (collection: 0.321s, learning 0.094s)
             Mean action noise std: 0.18
          Mean value_function loss: 0.0975
               Mean surrogate loss: -0.0048
                 Mean entropy loss: -2.6407
                       Mean reward: 79.94
               Mean episode length: 860.16
           Episode_Reward/progress: 5.3269
              Episode_Reward/alive: 0.4489
            Episode_Reward/upright: 0.0887
     Episode_Reward/move_to_target: 0.4442
          Episode_Reward/action_l2: -0.0243
             Episode_Reward/energy: -0.8652
   Episode_Reward/joint_pos_limits: -0.4113
      Episode_Termination/time_out: 0.8508
  Episode_Termination/torso_height: 0.1492
--------------------------------------------------------------------------------
                   Total timesteps: 5079040
                    Iteration time: 0.42s
                      Time elapsed: 00:01:55
                               ETA: 00:01:11

################################################################################
                      [1m Learning iteration 310/500 [0m                      

                       Computation: 42204 steps/s (collection: 0.315s, learning 0.073s)
             Mean action noise std: 0.18
          Mean value_function loss: 0.0552
               Mean surrogate loss: -0.0048
                 Mean entropy loss: -2.6765
                       Mean reward: 79.15
               Mean episode length: 855.18
           Episode_Reward/progress: 5.5933
              Episode_Reward/alive: 0.4719
            Episode_Reward/upright: 0.0936
     Episode_Reward/move_to_target: 0.4712
          Episode_Reward/action_l2: -0.0256
             Episode_Reward/energy: -0.9116
   Episode_Reward/joint_pos_limits: -0.4294
      Episode_Termination/time_out: 0.8467
  Episode_Termination/torso_height: 0.1533
--------------------------------------------------------------------------------
                   Total timesteps: 5095424
                    Iteration time: 0.39s
                      Time elapsed: 00:01:56
                               ETA: 00:01:10

################################################################################
                      [1m Learning iteration 311/500 [0m                      

                       Computation: 43724 steps/s (collection: 0.297s, learning 0.078s)
             Mean action noise std: 0.18
          Mean value_function loss: 0.0777
               Mean surrogate loss: -0.0059
                 Mean entropy loss: -2.6868
                       Mean reward: 78.23
               Mean episode length: 841.07
           Episode_Reward/progress: 4.7889
              Episode_Reward/alive: 0.4051
            Episode_Reward/upright: 0.0796
     Episode_Reward/move_to_target: 0.4018
          Episode_Reward/action_l2: -0.0219
             Episode_Reward/energy: -0.7798
   Episode_Reward/joint_pos_limits: -0.3686
      Episode_Termination/time_out: 0.8412
  Episode_Termination/torso_height: 0.1588
--------------------------------------------------------------------------------
                   Total timesteps: 5111808
                    Iteration time: 0.37s
                      Time elapsed: 00:01:56
                               ETA: 00:01:10

################################################################################
                      [1m Learning iteration 312/500 [0m                      

                       Computation: 49956 steps/s (collection: 0.259s, learning 0.069s)
             Mean action noise std: 0.18
          Mean value_function loss: 0.0923
               Mean surrogate loss: -0.0043
                 Mean entropy loss: -2.6957
                       Mean reward: 78.01
               Mean episode length: 840.90
           Episode_Reward/progress: 5.1194
              Episode_Reward/alive: 0.4428
            Episode_Reward/upright: 0.0878
     Episode_Reward/move_to_target: 0.4406
          Episode_Reward/action_l2: -0.0240
             Episode_Reward/energy: -0.8520
   Episode_Reward/joint_pos_limits: -0.4017
      Episode_Termination/time_out: 0.8401
  Episode_Termination/torso_height: 0.1599
--------------------------------------------------------------------------------
                   Total timesteps: 5128192
                    Iteration time: 0.33s
                      Time elapsed: 00:01:56
                               ETA: 00:01:10

################################################################################
                      [1m Learning iteration 313/500 [0m                      

                       Computation: 44677 steps/s (collection: 0.279s, learning 0.088s)
             Mean action noise std: 0.18
          Mean value_function loss: 0.0753
               Mean surrogate loss: -0.0060
                 Mean entropy loss: -2.7050
                       Mean reward: 80.25
               Mean episode length: 858.49
           Episode_Reward/progress: 5.9720
              Episode_Reward/alive: 0.4847
            Episode_Reward/upright: 0.0964
     Episode_Reward/move_to_target: 0.4838
          Episode_Reward/action_l2: -0.0265
             Episode_Reward/energy: -0.9575
   Episode_Reward/joint_pos_limits: -0.4435
      Episode_Termination/time_out: 0.8458
  Episode_Termination/torso_height: 0.1542
--------------------------------------------------------------------------------
                   Total timesteps: 5144576
                    Iteration time: 0.37s
                      Time elapsed: 00:01:57
                               ETA: 00:01:09

################################################################################
                      [1m Learning iteration 314/500 [0m                      

                       Computation: 46700 steps/s (collection: 0.262s, learning 0.089s)
             Mean action noise std: 0.18
          Mean value_function loss: 0.0889
               Mean surrogate loss: -0.0051
                 Mean entropy loss: -2.7294
                       Mean reward: 81.09
               Mean episode length: 864.42
           Episode_Reward/progress: 5.9323
              Episode_Reward/alive: 0.4808
            Episode_Reward/upright: 0.0953
     Episode_Reward/move_to_target: 0.4770
          Episode_Reward/action_l2: -0.0263
             Episode_Reward/energy: -0.9431
   Episode_Reward/joint_pos_limits: -0.4405
      Episode_Termination/time_out: 0.8471
  Episode_Termination/torso_height: 0.1529
--------------------------------------------------------------------------------
                   Total timesteps: 5160960
                    Iteration time: 0.35s
                      Time elapsed: 00:01:57
                               ETA: 00:01:09

################################################################################
                      [1m Learning iteration 315/500 [0m                      

                       Computation: 42919 steps/s (collection: 0.283s, learning 0.099s)
             Mean action noise std: 0.18
          Mean value_function loss: 0.1167
               Mean surrogate loss: -0.0040
                 Mean entropy loss: -2.7440
                       Mean reward: 79.06
               Mean episode length: 852.93
           Episode_Reward/progress: 3.6634
              Episode_Reward/alive: 0.3640
            Episode_Reward/upright: 0.0706
     Episode_Reward/move_to_target: 0.3535
          Episode_Reward/action_l2: -0.0179
             Episode_Reward/energy: -0.6176
   Episode_Reward/joint_pos_limits: -0.3329
      Episode_Termination/time_out: 0.8459
  Episode_Termination/torso_height: 0.1541
--------------------------------------------------------------------------------
                   Total timesteps: 5177344
                    Iteration time: 0.38s
                      Time elapsed: 00:01:57
                               ETA: 00:01:09

################################################################################
                      [1m Learning iteration 316/500 [0m                      

                       Computation: 44644 steps/s (collection: 0.278s, learning 0.089s)
             Mean action noise std: 0.18
          Mean value_function loss: 0.0869
               Mean surrogate loss: -0.0033
                 Mean entropy loss: -2.7404
                       Mean reward: 76.21
               Mean episode length: 823.82
           Episode_Reward/progress: 4.0966
              Episode_Reward/alive: 0.3547
            Episode_Reward/upright: 0.0682
     Episode_Reward/move_to_target: 0.3506
          Episode_Reward/action_l2: -0.0190
             Episode_Reward/energy: -0.6740
   Episode_Reward/joint_pos_limits: -0.3196
      Episode_Termination/time_out: 0.8380
  Episode_Termination/torso_height: 0.1620
--------------------------------------------------------------------------------
                   Total timesteps: 5193728
                    Iteration time: 0.37s
                      Time elapsed: 00:01:58
                               ETA: 00:01:08

################################################################################
                      [1m Learning iteration 317/500 [0m                      

                       Computation: 41319 steps/s (collection: 0.300s, learning 0.097s)
             Mean action noise std: 0.18
          Mean value_function loss: 0.0584
               Mean surrogate loss: -0.0048
                 Mean entropy loss: -2.7473
                       Mean reward: 73.45
               Mean episode length: 795.62
           Episode_Reward/progress: 3.4937
              Episode_Reward/alive: 0.2987
            Episode_Reward/upright: 0.0570
     Episode_Reward/move_to_target: 0.2916
          Episode_Reward/action_l2: -0.0160
             Episode_Reward/energy: -0.5681
   Episode_Reward/joint_pos_limits: -0.2725
      Episode_Termination/time_out: 0.8365
  Episode_Termination/torso_height: 0.1635
--------------------------------------------------------------------------------
                   Total timesteps: 5210112
                    Iteration time: 0.40s
                      Time elapsed: 00:01:58
                               ETA: 00:01:08

################################################################################
                      [1m Learning iteration 318/500 [0m                      

                       Computation: 41182 steps/s (collection: 0.303s, learning 0.095s)
             Mean action noise std: 0.18
          Mean value_function loss: 0.0768
               Mean surrogate loss: -0.0039
                 Mean entropy loss: -2.7457
                       Mean reward: 71.11
               Mean episode length: 777.59
           Episode_Reward/progress: 4.9769
              Episode_Reward/alive: 0.4297
            Episode_Reward/upright: 0.0842
     Episode_Reward/move_to_target: 0.4280
          Episode_Reward/action_l2: -0.0230
             Episode_Reward/energy: -0.8337
   Episode_Reward/joint_pos_limits: -0.3887
      Episode_Termination/time_out: 0.8346
  Episode_Termination/torso_height: 0.1654
--------------------------------------------------------------------------------
                   Total timesteps: 5226496
                    Iteration time: 0.40s
                      Time elapsed: 00:01:59
                               ETA: 00:01:07

################################################################################
                      [1m Learning iteration 319/500 [0m                      

                       Computation: 44994 steps/s (collection: 0.272s, learning 0.092s)
             Mean action noise std: 0.18
          Mean value_function loss: 0.0640
               Mean surrogate loss: -0.0031
                 Mean entropy loss: -2.7509
                       Mean reward: 72.28
               Mean episode length: 793.67
           Episode_Reward/progress: 5.7981
              Episode_Reward/alive: 0.4940
            Episode_Reward/upright: 0.0983
     Episode_Reward/move_to_target: 0.4915
          Episode_Reward/action_l2: -0.0262
             Episode_Reward/energy: -0.9312
   Episode_Reward/joint_pos_limits: -0.4515
      Episode_Termination/time_out: 0.8331
  Episode_Termination/torso_height: 0.1669
--------------------------------------------------------------------------------
                   Total timesteps: 5242880
                    Iteration time: 0.36s
                      Time elapsed: 00:01:59
                               ETA: 00:01:07

################################################################################
                      [1m Learning iteration 320/500 [0m                      

                       Computation: 42101 steps/s (collection: 0.294s, learning 0.095s)
             Mean action noise std: 0.18
          Mean value_function loss: 0.0698
               Mean surrogate loss: -0.0053
                 Mean entropy loss: -2.7597
                       Mean reward: 70.42
               Mean episode length: 776.96
           Episode_Reward/progress: 5.1915
              Episode_Reward/alive: 0.4435
            Episode_Reward/upright: 0.0876
     Episode_Reward/move_to_target: 0.4393
          Episode_Reward/action_l2: -0.0238
             Episode_Reward/energy: -0.8543
   Episode_Reward/joint_pos_limits: -0.4017
      Episode_Termination/time_out: 0.8356
  Episode_Termination/torso_height: 0.1644
--------------------------------------------------------------------------------
                   Total timesteps: 5259264
                    Iteration time: 0.39s
                      Time elapsed: 00:01:59
                               ETA: 00:01:07

################################################################################
                      [1m Learning iteration 321/500 [0m                      

                       Computation: 46994 steps/s (collection: 0.260s, learning 0.089s)
             Mean action noise std: 0.18
          Mean value_function loss: 0.0912
               Mean surrogate loss: -0.0061
                 Mean entropy loss: -2.7779
                       Mean reward: 72.00
               Mean episode length: 791.18
           Episode_Reward/progress: 5.5357
              Episode_Reward/alive: 0.4854
            Episode_Reward/upright: 0.0965
     Episode_Reward/move_to_target: 0.4828
          Episode_Reward/action_l2: -0.0259
             Episode_Reward/energy: -0.9066
   Episode_Reward/joint_pos_limits: -0.4439
      Episode_Termination/time_out: 0.8325
  Episode_Termination/torso_height: 0.1675
--------------------------------------------------------------------------------
                   Total timesteps: 5275648
                    Iteration time: 0.35s
                      Time elapsed: 00:02:00
                               ETA: 00:01:06

################################################################################
                      [1m Learning iteration 322/500 [0m                      

                       Computation: 47123 steps/s (collection: 0.263s, learning 0.085s)
             Mean action noise std: 0.18
          Mean value_function loss: 0.0556
               Mean surrogate loss: -0.0051
                 Mean entropy loss: -2.7864
                       Mean reward: 75.21
               Mean episode length: 827.89
           Episode_Reward/progress: 4.3940
              Episode_Reward/alive: 0.4150
            Episode_Reward/upright: 0.0808
     Episode_Reward/move_to_target: 0.4079
          Episode_Reward/action_l2: -0.0205
             Episode_Reward/energy: -0.7235
   Episode_Reward/joint_pos_limits: -0.3773
      Episode_Termination/time_out: 0.8377
  Episode_Termination/torso_height: 0.1623
--------------------------------------------------------------------------------
                   Total timesteps: 5292032
                    Iteration time: 0.35s
                      Time elapsed: 00:02:00
                               ETA: 00:01:06

################################################################################
                      [1m Learning iteration 323/500 [0m                      

                       Computation: 44304 steps/s (collection: 0.281s, learning 0.088s)
             Mean action noise std: 0.18
          Mean value_function loss: 0.0545
               Mean surrogate loss: -0.0056
                 Mean entropy loss: -2.8074
                       Mean reward: 76.84
               Mean episode length: 847.04
           Episode_Reward/progress: 5.7348
              Episode_Reward/alive: 0.4840
            Episode_Reward/upright: 0.0959
     Episode_Reward/move_to_target: 0.4814
          Episode_Reward/action_l2: -0.0258
             Episode_Reward/energy: -0.9260
   Episode_Reward/joint_pos_limits: -0.4380
      Episode_Termination/time_out: 0.8445
  Episode_Termination/torso_height: 0.1555
--------------------------------------------------------------------------------
                   Total timesteps: 5308416
                    Iteration time: 0.37s
                      Time elapsed: 00:02:00
                               ETA: 00:01:06

################################################################################
                      [1m Learning iteration 324/500 [0m                      

                       Computation: 47448 steps/s (collection: 0.258s, learning 0.088s)
             Mean action noise std: 0.18
          Mean value_function loss: 0.1067
               Mean surrogate loss: -0.0042
                 Mean entropy loss: -2.8278
                       Mean reward: 75.42
               Mean episode length: 846.83
           Episode_Reward/progress: 5.0093
              Episode_Reward/alive: 0.4432
            Episode_Reward/upright: 0.0871
     Episode_Reward/move_to_target: 0.4363
          Episode_Reward/action_l2: -0.0230
             Episode_Reward/energy: -0.8227
   Episode_Reward/joint_pos_limits: -0.4078
      Episode_Termination/time_out: 0.8484
  Episode_Termination/torso_height: 0.1516
--------------------------------------------------------------------------------
                   Total timesteps: 5324800
                    Iteration time: 0.35s
                      Time elapsed: 00:02:01
                               ETA: 00:01:05

################################################################################
                      [1m Learning iteration 325/500 [0m                      

                       Computation: 48998 steps/s (collection: 0.245s, learning 0.090s)
             Mean action noise std: 0.18
          Mean value_function loss: 0.0794
               Mean surrogate loss: -0.0063
                 Mean entropy loss: -2.8361
                       Mean reward: 74.79
               Mean episode length: 837.04
           Episode_Reward/progress: 4.6111
              Episode_Reward/alive: 0.3811
            Episode_Reward/upright: 0.0741
     Episode_Reward/move_to_target: 0.3733
          Episode_Reward/action_l2: -0.0204
             Episode_Reward/energy: -0.7273
   Episode_Reward/joint_pos_limits: -0.3480
      Episode_Termination/time_out: 0.8442
  Episode_Termination/torso_height: 0.1558
--------------------------------------------------------------------------------
                   Total timesteps: 5341184
                    Iteration time: 0.33s
                      Time elapsed: 00:02:01
                               ETA: 00:01:05

################################################################################
                      [1m Learning iteration 326/500 [0m                      

                       Computation: 46105 steps/s (collection: 0.266s, learning 0.089s)
             Mean action noise std: 0.18
          Mean value_function loss: 0.1052
               Mean surrogate loss: -0.0027
                 Mean entropy loss: -2.8349
                       Mean reward: 72.50
               Mean episode length: 810.25
           Episode_Reward/progress: 5.2096
              Episode_Reward/alive: 0.4322
            Episode_Reward/upright: 0.0845
     Episode_Reward/move_to_target: 0.4285
          Episode_Reward/action_l2: -0.0237
             Episode_Reward/energy: -0.8514
   Episode_Reward/joint_pos_limits: -0.3976
      Episode_Termination/time_out: 0.8424
  Episode_Termination/torso_height: 0.1576
--------------------------------------------------------------------------------
                   Total timesteps: 5357568
                    Iteration time: 0.36s
                      Time elapsed: 00:02:01
                               ETA: 00:01:04

################################################################################
                      [1m Learning iteration 327/500 [0m                      

                       Computation: 45215 steps/s (collection: 0.273s, learning 0.089s)
             Mean action noise std: 0.18
          Mean value_function loss: 0.1256
               Mean surrogate loss: -0.0056
                 Mean entropy loss: -2.8427
                       Mean reward: 72.12
               Mean episode length: 799.57
           Episode_Reward/progress: 5.6615
              Episode_Reward/alive: 0.4632
            Episode_Reward/upright: 0.0916
     Episode_Reward/move_to_target: 0.4597
          Episode_Reward/action_l2: -0.0253
             Episode_Reward/energy: -0.9103
   Episode_Reward/joint_pos_limits: -0.4221
      Episode_Termination/time_out: 0.8429
  Episode_Termination/torso_height: 0.1571
--------------------------------------------------------------------------------
                   Total timesteps: 5373952
                    Iteration time: 0.36s
                      Time elapsed: 00:02:02
                               ETA: 00:01:04

################################################################################
                      [1m Learning iteration 328/500 [0m                      

                       Computation: 47738 steps/s (collection: 0.256s, learning 0.088s)
             Mean action noise std: 0.18
          Mean value_function loss: 0.0773
               Mean surrogate loss: -0.0061
                 Mean entropy loss: -2.8501
                       Mean reward: 71.96
               Mean episode length: 789.66
           Episode_Reward/progress: 5.7009
              Episode_Reward/alive: 0.4598
            Episode_Reward/upright: 0.0909
     Episode_Reward/move_to_target: 0.4581
          Episode_Reward/action_l2: -0.0250
             Episode_Reward/energy: -0.9024
   Episode_Reward/joint_pos_limits: -0.4191
      Episode_Termination/time_out: 0.8432
  Episode_Termination/torso_height: 0.1568
--------------------------------------------------------------------------------
                   Total timesteps: 5390336
                    Iteration time: 0.34s
                      Time elapsed: 00:02:02
                               ETA: 00:01:04

################################################################################
                      [1m Learning iteration 329/500 [0m                      

                       Computation: 47092 steps/s (collection: 0.256s, learning 0.092s)
             Mean action noise std: 0.18
          Mean value_function loss: 0.0924
               Mean surrogate loss: -0.0046
                 Mean entropy loss: -2.8639
                       Mean reward: 69.98
               Mean episode length: 767.77
           Episode_Reward/progress: 4.7972
              Episode_Reward/alive: 0.4034
            Episode_Reward/upright: 0.0778
     Episode_Reward/move_to_target: 0.3950
          Episode_Reward/action_l2: -0.0217
             Episode_Reward/energy: -0.7811
   Episode_Reward/joint_pos_limits: -0.3664
      Episode_Termination/time_out: 0.8378
  Episode_Termination/torso_height: 0.1622
--------------------------------------------------------------------------------
                   Total timesteps: 5406720
                    Iteration time: 0.35s
                      Time elapsed: 00:02:02
                               ETA: 00:01:03

################################################################################
                      [1m Learning iteration 330/500 [0m                      

                       Computation: 43901 steps/s (collection: 0.278s, learning 0.095s)
             Mean action noise std: 0.18
          Mean value_function loss: 0.0829
               Mean surrogate loss: -0.0034
                 Mean entropy loss: -2.8748
                       Mean reward: 71.94
               Mean episode length: 774.75
           Episode_Reward/progress: 4.1637
              Episode_Reward/alive: 0.3630
            Episode_Reward/upright: 0.0701
     Episode_Reward/move_to_target: 0.3594
          Episode_Reward/action_l2: -0.0196
             Episode_Reward/energy: -0.6860
   Episode_Reward/joint_pos_limits: -0.3315
      Episode_Termination/time_out: 0.8371
  Episode_Termination/torso_height: 0.1629
--------------------------------------------------------------------------------
                   Total timesteps: 5423104
                    Iteration time: 0.37s
                      Time elapsed: 00:02:03
                               ETA: 00:01:03

################################################################################
                      [1m Learning iteration 331/500 [0m                      

                       Computation: 44052 steps/s (collection: 0.294s, learning 0.077s)
             Mean action noise std: 0.18
          Mean value_function loss: 0.0383
               Mean surrogate loss: -0.0036
                 Mean entropy loss: -2.8941
                       Mean reward: 74.76
               Mean episode length: 803.64
           Episode_Reward/progress: 5.4231
              Episode_Reward/alive: 0.4549
            Episode_Reward/upright: 0.0897
     Episode_Reward/move_to_target: 0.4512
          Episode_Reward/action_l2: -0.0248
             Episode_Reward/energy: -0.8829
   Episode_Reward/joint_pos_limits: -0.4164
      Episode_Termination/time_out: 0.8349
  Episode_Termination/torso_height: 0.1651
--------------------------------------------------------------------------------
                   Total timesteps: 5439488
                    Iteration time: 0.37s
                      Time elapsed: 00:02:03
                               ETA: 00:01:02

################################################################################
                      [1m Learning iteration 332/500 [0m                      

                       Computation: 43286 steps/s (collection: 0.281s, learning 0.098s)
             Mean action noise std: 0.18
          Mean value_function loss: 0.0741
               Mean surrogate loss: -0.0032
                 Mean entropy loss: -2.9052
                       Mean reward: 76.94
               Mean episode length: 828.62
           Episode_Reward/progress: 5.7300
              Episode_Reward/alive: 0.4859
            Episode_Reward/upright: 0.0954
     Episode_Reward/move_to_target: 0.4800
          Episode_Reward/action_l2: -0.0265
             Episode_Reward/energy: -0.9448
   Episode_Reward/joint_pos_limits: -0.4442
      Episode_Termination/time_out: 0.8365
  Episode_Termination/torso_height: 0.1635
--------------------------------------------------------------------------------
                   Total timesteps: 5455872
                    Iteration time: 0.38s
                      Time elapsed: 00:02:04
                               ETA: 00:01:02

################################################################################
                      [1m Learning iteration 333/500 [0m                      

                       Computation: 37022 steps/s (collection: 0.339s, learning 0.104s)
             Mean action noise std: 0.18
          Mean value_function loss: 0.0675
               Mean surrogate loss: -0.0047
                 Mean entropy loss: -2.9221
                       Mean reward: 76.61
               Mean episode length: 830.99
           Episode_Reward/progress: 5.4906
              Episode_Reward/alive: 0.4718
            Episode_Reward/upright: 0.0935
     Episode_Reward/move_to_target: 0.4671
          Episode_Reward/action_l2: -0.0252
             Episode_Reward/energy: -0.8990
   Episode_Reward/joint_pos_limits: -0.4254
      Episode_Termination/time_out: 0.8400
  Episode_Termination/torso_height: 0.1600
--------------------------------------------------------------------------------
                   Total timesteps: 5472256
                    Iteration time: 0.44s
                      Time elapsed: 00:02:04
                               ETA: 00:01:02

################################################################################
                      [1m Learning iteration 334/500 [0m                      

                       Computation: 42817 steps/s (collection: 0.302s, learning 0.081s)
             Mean action noise std: 0.18
          Mean value_function loss: 0.0524
               Mean surrogate loss: -0.0054
                 Mean entropy loss: -2.9445
                       Mean reward: 79.00
               Mean episode length: 852.34
           Episode_Reward/progress: 5.9928
              Episode_Reward/alive: 0.4839
            Episode_Reward/upright: 0.0961
     Episode_Reward/move_to_target: 0.4814
          Episode_Reward/action_l2: -0.0262
             Episode_Reward/energy: -0.9412
   Episode_Reward/joint_pos_limits: -0.4423
      Episode_Termination/time_out: 0.8345
  Episode_Termination/torso_height: 0.1655
--------------------------------------------------------------------------------
                   Total timesteps: 5488640
                    Iteration time: 0.38s
                      Time elapsed: 00:02:04
                               ETA: 00:01:01

################################################################################
                      [1m Learning iteration 335/500 [0m                      

                       Computation: 32828 steps/s (collection: 0.393s, learning 0.106s)
             Mean action noise std: 0.18
          Mean value_function loss: 0.0901
               Mean surrogate loss: -0.0051
                 Mean entropy loss: -2.9459
                       Mean reward: 81.10
               Mean episode length: 866.21
           Episode_Reward/progress: 5.0544
              Episode_Reward/alive: 0.4228
            Episode_Reward/upright: 0.0826
     Episode_Reward/move_to_target: 0.4182
          Episode_Reward/action_l2: -0.0226
             Episode_Reward/energy: -0.8081
   Episode_Reward/joint_pos_limits: -0.3850
      Episode_Termination/time_out: 0.8275
  Episode_Termination/torso_height: 0.1725
--------------------------------------------------------------------------------
                   Total timesteps: 5505024
                    Iteration time: 0.50s
                      Time elapsed: 00:02:05
                               ETA: 00:01:01

################################################################################
                      [1m Learning iteration 336/500 [0m                      

                       Computation: 33788 steps/s (collection: 0.377s, learning 0.108s)
             Mean action noise std: 0.17
          Mean value_function loss: 0.0643
               Mean surrogate loss: -0.0052
                 Mean entropy loss: -2.9468
                       Mean reward: 80.47
               Mean episode length: 868.62
           Episode_Reward/progress: 4.7401
              Episode_Reward/alive: 0.4650
            Episode_Reward/upright: 0.0905
     Episode_Reward/move_to_target: 0.4165
          Episode_Reward/action_l2: -0.0232
             Episode_Reward/energy: -0.7822
   Episode_Reward/joint_pos_limits: -0.4286
      Episode_Termination/time_out: 0.8273
  Episode_Termination/torso_height: 0.1727
--------------------------------------------------------------------------------
                   Total timesteps: 5521408
                    Iteration time: 0.48s
                      Time elapsed: 00:02:05
                               ETA: 00:01:01

################################################################################
                      [1m Learning iteration 337/500 [0m                      

                       Computation: 40335 steps/s (collection: 0.314s, learning 0.092s)
             Mean action noise std: 0.17
          Mean value_function loss: 0.0930
               Mean surrogate loss: -0.0048
                 Mean entropy loss: -2.9692
                       Mean reward: 78.90
               Mean episode length: 844.39
           Episode_Reward/progress: 4.2266
              Episode_Reward/alive: 0.3613
            Episode_Reward/upright: 0.0693
     Episode_Reward/move_to_target: 0.3555
          Episode_Reward/action_l2: -0.0195
             Episode_Reward/energy: -0.6845
   Episode_Reward/joint_pos_limits: -0.3281
      Episode_Termination/time_out: 0.8230
  Episode_Termination/torso_height: 0.1770
--------------------------------------------------------------------------------
                   Total timesteps: 5537792
                    Iteration time: 0.41s
                      Time elapsed: 00:02:06
                               ETA: 00:01:00

################################################################################
                      [1m Learning iteration 338/500 [0m                      

                       Computation: 46030 steps/s (collection: 0.285s, learning 0.071s)
             Mean action noise std: 0.17
          Mean value_function loss: 0.0805
               Mean surrogate loss: -0.0061
                 Mean entropy loss: -2.9835
                       Mean reward: 81.20
               Mean episode length: 871.32
           Episode_Reward/progress: 5.6660
              Episode_Reward/alive: 0.4738
            Episode_Reward/upright: 0.0937
     Episode_Reward/move_to_target: 0.4715
          Episode_Reward/action_l2: -0.0258
             Episode_Reward/energy: -0.9146
   Episode_Reward/joint_pos_limits: -0.4347
      Episode_Termination/time_out: 0.8216
  Episode_Termination/torso_height: 0.1784
--------------------------------------------------------------------------------
                   Total timesteps: 5554176
                    Iteration time: 0.36s
                      Time elapsed: 00:02:06
                               ETA: 00:01:00

################################################################################
                      [1m Learning iteration 339/500 [0m                      

                       Computation: 40916 steps/s (collection: 0.305s, learning 0.095s)
             Mean action noise std: 0.17
          Mean value_function loss: 0.0688
               Mean surrogate loss: -0.0048
                 Mean entropy loss: -3.0250
                       Mean reward: 79.65
               Mean episode length: 863.95
           Episode_Reward/progress: 5.2870
              Episode_Reward/alive: 0.4569
            Episode_Reward/upright: 0.0904
     Episode_Reward/move_to_target: 0.4464
          Episode_Reward/action_l2: -0.0242
             Episode_Reward/energy: -0.8522
   Episode_Reward/joint_pos_limits: -0.4253
      Episode_Termination/time_out: 0.8218
  Episode_Termination/torso_height: 0.1782
--------------------------------------------------------------------------------
                   Total timesteps: 5570560
                    Iteration time: 0.40s
                      Time elapsed: 00:02:07
                               ETA: 00:01:00

################################################################################
                      [1m Learning iteration 340/500 [0m                      

                       Computation: 37324 steps/s (collection: 0.345s, learning 0.094s)
             Mean action noise std: 0.17
          Mean value_function loss: 0.0759
               Mean surrogate loss: -0.0032
                 Mean entropy loss: -3.0498
                       Mean reward: 81.90
               Mean episode length: 870.95
           Episode_Reward/progress: 5.9307
              Episode_Reward/alive: 0.4840
            Episode_Reward/upright: 0.0964
     Episode_Reward/move_to_target: 0.4830
          Episode_Reward/action_l2: -0.0265
             Episode_Reward/energy: -0.9445
   Episode_Reward/joint_pos_limits: -0.4422
      Episode_Termination/time_out: 0.8292
  Episode_Termination/torso_height: 0.1708
--------------------------------------------------------------------------------
                   Total timesteps: 5586944
                    Iteration time: 0.44s
                      Time elapsed: 00:02:07
                               ETA: 00:00:59

################################################################################
                      [1m Learning iteration 341/500 [0m                      

                       Computation: 42985 steps/s (collection: 0.293s, learning 0.088s)
             Mean action noise std: 0.17
          Mean value_function loss: 0.0922
               Mean surrogate loss: -0.0055
                 Mean entropy loss: -3.0638
                       Mean reward: 84.75
               Mean episode length: 894.56
           Episode_Reward/progress: 5.9005
              Episode_Reward/alive: 0.4781
            Episode_Reward/upright: 0.0952
     Episode_Reward/move_to_target: 0.4779
          Episode_Reward/action_l2: -0.0262
             Episode_Reward/energy: -0.9422
   Episode_Reward/joint_pos_limits: -0.4372
      Episode_Termination/time_out: 0.8320
  Episode_Termination/torso_height: 0.1680
--------------------------------------------------------------------------------
                   Total timesteps: 5603328
                    Iteration time: 0.38s
                      Time elapsed: 00:02:07
                               ETA: 00:00:59

################################################################################
                      [1m Learning iteration 342/500 [0m                      

                       Computation: 42437 steps/s (collection: 0.295s, learning 0.092s)
             Mean action noise std: 0.17
          Mean value_function loss: 0.0831
               Mean surrogate loss: -0.0055
                 Mean entropy loss: -3.1003
                       Mean reward: 83.90
               Mean episode length: 885.04
           Episode_Reward/progress: 4.5008
              Episode_Reward/alive: 0.3821
            Episode_Reward/upright: 0.0733
     Episode_Reward/move_to_target: 0.3752
          Episode_Reward/action_l2: -0.0211
             Episode_Reward/energy: -0.7488
   Episode_Reward/joint_pos_limits: -0.3467
      Episode_Termination/time_out: 0.8340
  Episode_Termination/torso_height: 0.1660
--------------------------------------------------------------------------------
                   Total timesteps: 5619712
                    Iteration time: 0.39s
                      Time elapsed: 00:02:08
                               ETA: 00:00:59

################################################################################
                      [1m Learning iteration 343/500 [0m                      

                       Computation: 40669 steps/s (collection: 0.305s, learning 0.097s)
             Mean action noise std: 0.17
          Mean value_function loss: 0.0937
               Mean surrogate loss: -0.0048
                 Mean entropy loss: -3.1090
                       Mean reward: 83.89
               Mean episode length: 875.37
           Episode_Reward/progress: 5.4493
              Episode_Reward/alive: 0.4409
            Episode_Reward/upright: 0.0870
     Episode_Reward/move_to_target: 0.4369
          Episode_Reward/action_l2: -0.0240
             Episode_Reward/energy: -0.8663
   Episode_Reward/joint_pos_limits: -0.4043
      Episode_Termination/time_out: 0.8279
  Episode_Termination/torso_height: 0.1721
--------------------------------------------------------------------------------
                   Total timesteps: 5636096
                    Iteration time: 0.40s
                      Time elapsed: 00:02:08
                               ETA: 00:00:58

################################################################################
                      [1m Learning iteration 344/500 [0m                      

                       Computation: 40917 steps/s (collection: 0.311s, learning 0.089s)
             Mean action noise std: 0.17
          Mean value_function loss: 0.1004
               Mean surrogate loss: -0.0029
                 Mean entropy loss: -3.1085
                       Mean reward: 83.39
               Mean episode length: 868.55
           Episode_Reward/progress: 5.5955
              Episode_Reward/alive: 0.4556
            Episode_Reward/upright: 0.0890
     Episode_Reward/move_to_target: 0.4492
          Episode_Reward/action_l2: -0.0250
             Episode_Reward/energy: -0.8840
   Episode_Reward/joint_pos_limits: -0.4202
      Episode_Termination/time_out: 0.8303
  Episode_Termination/torso_height: 0.1697
--------------------------------------------------------------------------------
                   Total timesteps: 5652480
                    Iteration time: 0.40s
                      Time elapsed: 00:02:09
                               ETA: 00:00:58

################################################################################
                      [1m Learning iteration 345/500 [0m                      

                       Computation: 44980 steps/s (collection: 0.271s, learning 0.094s)
             Mean action noise std: 0.17
          Mean value_function loss: 0.1651
               Mean surrogate loss: -0.0055
                 Mean entropy loss: -3.1128
                       Mean reward: 81.43
               Mean episode length: 854.55
           Episode_Reward/progress: 4.8281
              Episode_Reward/alive: 0.4145
            Episode_Reward/upright: 0.0809
     Episode_Reward/move_to_target: 0.4099
          Episode_Reward/action_l2: -0.0222
             Episode_Reward/energy: -0.7868
   Episode_Reward/joint_pos_limits: -0.3754
      Episode_Termination/time_out: 0.8253
  Episode_Termination/torso_height: 0.1747
--------------------------------------------------------------------------------
                   Total timesteps: 5668864
                    Iteration time: 0.36s
                      Time elapsed: 00:02:09
                               ETA: 00:00:57

################################################################################
                      [1m Learning iteration 346/500 [0m                      

                       Computation: 44703 steps/s (collection: 0.277s, learning 0.090s)
             Mean action noise std: 0.17
          Mean value_function loss: 0.0635
               Mean surrogate loss: -0.0052
                 Mean entropy loss: -3.1175
                       Mean reward: 80.88
               Mean episode length: 850.07
           Episode_Reward/progress: 5.4955
              Episode_Reward/alive: 0.4516
            Episode_Reward/upright: 0.0893
     Episode_Reward/move_to_target: 0.4475
          Episode_Reward/action_l2: -0.0245
             Episode_Reward/energy: -0.8827
   Episode_Reward/joint_pos_limits: -0.4130
      Episode_Termination/time_out: 0.8313
  Episode_Termination/torso_height: 0.1687
--------------------------------------------------------------------------------
                   Total timesteps: 5685248
                    Iteration time: 0.37s
                      Time elapsed: 00:02:09
                               ETA: 00:00:57

################################################################################
                      [1m Learning iteration 347/500 [0m                      

                       Computation: 43408 steps/s (collection: 0.284s, learning 0.093s)
             Mean action noise std: 0.17
          Mean value_function loss: 0.0902
               Mean surrogate loss: -0.0056
                 Mean entropy loss: -3.1213
                       Mean reward: 80.59
               Mean episode length: 852.40
           Episode_Reward/progress: 4.5748
              Episode_Reward/alive: 0.3990
            Episode_Reward/upright: 0.0763
     Episode_Reward/move_to_target: 0.3897
          Episode_Reward/action_l2: -0.0211
             Episode_Reward/energy: -0.7391
   Episode_Reward/joint_pos_limits: -0.3628
      Episode_Termination/time_out: 0.8333
  Episode_Termination/torso_height: 0.1667
--------------------------------------------------------------------------------
                   Total timesteps: 5701632
                    Iteration time: 0.38s
                      Time elapsed: 00:02:10
                               ETA: 00:00:57

################################################################################
                      [1m Learning iteration 348/500 [0m                      

                       Computation: 43926 steps/s (collection: 0.300s, learning 0.073s)
             Mean action noise std: 0.17
          Mean value_function loss: 0.0670
               Mean surrogate loss: -0.0055
                 Mean entropy loss: -3.1434
                       Mean reward: 78.71
               Mean episode length: 839.74
           Episode_Reward/progress: 5.2604
              Episode_Reward/alive: 0.4508
            Episode_Reward/upright: 0.0881
     Episode_Reward/move_to_target: 0.4482
          Episode_Reward/action_l2: -0.0241
             Episode_Reward/energy: -0.8628
   Episode_Reward/joint_pos_limits: -0.4115
      Episode_Termination/time_out: 0.8341
  Episode_Termination/torso_height: 0.1659
--------------------------------------------------------------------------------
                   Total timesteps: 5718016
                    Iteration time: 0.37s
                      Time elapsed: 00:02:10
                               ETA: 00:00:56

################################################################################
                      [1m Learning iteration 349/500 [0m                      

                       Computation: 46498 steps/s (collection: 0.264s, learning 0.089s)
             Mean action noise std: 0.17
          Mean value_function loss: 0.1003
               Mean surrogate loss: -0.0054
                 Mean entropy loss: -3.1588
                       Mean reward: 76.49
               Mean episode length: 823.56
           Episode_Reward/progress: 4.7632
              Episode_Reward/alive: 0.4191
            Episode_Reward/upright: 0.0800
     Episode_Reward/move_to_target: 0.4036
          Episode_Reward/action_l2: -0.0222
             Episode_Reward/energy: -0.7793
   Episode_Reward/joint_pos_limits: -0.3831
      Episode_Termination/time_out: 0.8302
  Episode_Termination/torso_height: 0.1698
--------------------------------------------------------------------------------
                   Total timesteps: 5734400
                    Iteration time: 0.35s
                      Time elapsed: 00:02:10
                               ETA: 00:00:56

################################################################################
                      [1m Learning iteration 350/500 [0m                      

                       Computation: 41533 steps/s (collection: 0.318s, learning 0.077s)
             Mean action noise std: 0.17
          Mean value_function loss: 0.1225
               Mean surrogate loss: -0.0051
                 Mean entropy loss: -3.1711
                       Mean reward: 75.78
               Mean episode length: 819.17
           Episode_Reward/progress: 4.8803
              Episode_Reward/alive: 0.4090
            Episode_Reward/upright: 0.0798
     Episode_Reward/move_to_target: 0.4034
          Episode_Reward/action_l2: -0.0219
             Episode_Reward/energy: -0.7748
   Episode_Reward/joint_pos_limits: -0.3732
      Episode_Termination/time_out: 0.8255
  Episode_Termination/torso_height: 0.1745
--------------------------------------------------------------------------------
                   Total timesteps: 5750784
                    Iteration time: 0.39s
                      Time elapsed: 00:02:11
                               ETA: 00:00:56

################################################################################
                      [1m Learning iteration 351/500 [0m                      

                       Computation: 41398 steps/s (collection: 0.301s, learning 0.095s)
             Mean action noise std: 0.17
          Mean value_function loss: 0.0962
               Mean surrogate loss: -0.0047
                 Mean entropy loss: -3.1834
                       Mean reward: 75.85
               Mean episode length: 815.61
           Episode_Reward/progress: 4.7725
              Episode_Reward/alive: 0.3967
            Episode_Reward/upright: 0.0780
     Episode_Reward/move_to_target: 0.3928
          Episode_Reward/action_l2: -0.0219
             Episode_Reward/energy: -0.7629
   Episode_Reward/joint_pos_limits: -0.3678
      Episode_Termination/time_out: 0.8243
  Episode_Termination/torso_height: 0.1757
--------------------------------------------------------------------------------
                   Total timesteps: 5767168
                    Iteration time: 0.40s
                      Time elapsed: 00:02:11
                               ETA: 00:00:55

################################################################################
                      [1m Learning iteration 352/500 [0m                      

                       Computation: 47315 steps/s (collection: 0.262s, learning 0.084s)
             Mean action noise std: 0.17
          Mean value_function loss: 0.1044
               Mean surrogate loss: -0.0027
                 Mean entropy loss: -3.2018
                       Mean reward: 76.86
               Mean episode length: 822.80
           Episode_Reward/progress: 5.4531
              Episode_Reward/alive: 0.4454
            Episode_Reward/upright: 0.0874
     Episode_Reward/move_to_target: 0.4382
          Episode_Reward/action_l2: -0.0242
             Episode_Reward/energy: -0.8614
   Episode_Reward/joint_pos_limits: -0.4084
      Episode_Termination/time_out: 0.8163
  Episode_Termination/torso_height: 0.1837
--------------------------------------------------------------------------------
                   Total timesteps: 5783552
                    Iteration time: 0.35s
                      Time elapsed: 00:02:12
                               ETA: 00:00:55

################################################################################
                      [1m Learning iteration 353/500 [0m                      

                       Computation: 45520 steps/s (collection: 0.283s, learning 0.077s)
             Mean action noise std: 0.17
          Mean value_function loss: 0.0587
               Mean surrogate loss: -0.0045
                 Mean entropy loss: -3.2085
                       Mean reward: 76.99
               Mean episode length: 825.49
           Episode_Reward/progress: 5.0035
              Episode_Reward/alive: 0.4159
            Episode_Reward/upright: 0.0810
     Episode_Reward/move_to_target: 0.4127
          Episode_Reward/action_l2: -0.0220
             Episode_Reward/energy: -0.7836
   Episode_Reward/joint_pos_limits: -0.3782
      Episode_Termination/time_out: 0.8158
  Episode_Termination/torso_height: 0.1842
--------------------------------------------------------------------------------
                   Total timesteps: 5799936
                    Iteration time: 0.36s
                      Time elapsed: 00:02:12
                               ETA: 00:00:54

################################################################################
                      [1m Learning iteration 354/500 [0m                      

                       Computation: 48137 steps/s (collection: 0.273s, learning 0.068s)
             Mean action noise std: 0.17
          Mean value_function loss: 0.0451
               Mean surrogate loss: -0.0043
                 Mean entropy loss: -3.2158
                       Mean reward: 78.60
               Mean episode length: 839.68
           Episode_Reward/progress: 5.7917
              Episode_Reward/alive: 0.4866
            Episode_Reward/upright: 0.0962
     Episode_Reward/move_to_target: 0.4840
          Episode_Reward/action_l2: -0.0261
             Episode_Reward/energy: -0.9358
   Episode_Reward/joint_pos_limits: -0.4440
      Episode_Termination/time_out: 0.8184
  Episode_Termination/torso_height: 0.1816
--------------------------------------------------------------------------------
                   Total timesteps: 5816320
                    Iteration time: 0.34s
                      Time elapsed: 00:02:12
                               ETA: 00:00:54

################################################################################
                      [1m Learning iteration 355/500 [0m                      

                       Computation: 48746 steps/s (collection: 0.265s, learning 0.071s)
             Mean action noise std: 0.17
          Mean value_function loss: 0.0761
               Mean surrogate loss: -0.0048
                 Mean entropy loss: -3.2290
                       Mean reward: 80.22
               Mean episode length: 847.84
           Episode_Reward/progress: 5.0614
              Episode_Reward/alive: 0.3969
            Episode_Reward/upright: 0.0775
     Episode_Reward/move_to_target: 0.3942
          Episode_Reward/action_l2: -0.0214
             Episode_Reward/energy: -0.7673
   Episode_Reward/joint_pos_limits: -0.3648
      Episode_Termination/time_out: 0.8203
  Episode_Termination/torso_height: 0.1797
--------------------------------------------------------------------------------
                   Total timesteps: 5832704
                    Iteration time: 0.34s
                      Time elapsed: 00:02:13
                               ETA: 00:00:54

################################################################################
                      [1m Learning iteration 356/500 [0m                      

                       Computation: 47516 steps/s (collection: 0.276s, learning 0.069s)
             Mean action noise std: 0.17
          Mean value_function loss: 0.0432
               Mean surrogate loss: -0.0029
                 Mean entropy loss: -3.2438
                       Mean reward: 80.58
               Mean episode length: 853.90
           Episode_Reward/progress: 4.6329
              Episode_Reward/alive: 0.4066
            Episode_Reward/upright: 0.0785
     Episode_Reward/move_to_target: 0.3945
          Episode_Reward/action_l2: -0.0221
             Episode_Reward/energy: -0.7641
   Episode_Reward/joint_pos_limits: -0.3781
      Episode_Termination/time_out: 0.8203
  Episode_Termination/torso_height: 0.1797
--------------------------------------------------------------------------------
                   Total timesteps: 5849088
                    Iteration time: 0.34s
                      Time elapsed: 00:02:13
                               ETA: 00:00:53

################################################################################
                      [1m Learning iteration 357/500 [0m                      

                       Computation: 45601 steps/s (collection: 0.272s, learning 0.087s)
             Mean action noise std: 0.17
          Mean value_function loss: 0.0606
               Mean surrogate loss: -0.0045
                 Mean entropy loss: -3.2448
                       Mean reward: 82.13
               Mean episode length: 867.72
           Episode_Reward/progress: 5.9932
              Episode_Reward/alive: 0.4859
            Episode_Reward/upright: 0.0963
     Episode_Reward/move_to_target: 0.4855
          Episode_Reward/action_l2: -0.0266
             Episode_Reward/energy: -0.9492
   Episode_Reward/joint_pos_limits: -0.4474
      Episode_Termination/time_out: 0.8232
  Episode_Termination/torso_height: 0.1768
--------------------------------------------------------------------------------
                   Total timesteps: 5865472
                    Iteration time: 0.36s
                      Time elapsed: 00:02:13
                               ETA: 00:00:53

################################################################################
                      [1m Learning iteration 358/500 [0m                      

                       Computation: 41079 steps/s (collection: 0.305s, learning 0.094s)
             Mean action noise std: 0.17
          Mean value_function loss: 0.0531
               Mean surrogate loss: -0.0040
                 Mean entropy loss: -3.2525
                       Mean reward: 83.45
               Mean episode length: 876.69
           Episode_Reward/progress: 5.6637
              Episode_Reward/alive: 0.4416
            Episode_Reward/upright: 0.0878
     Episode_Reward/move_to_target: 0.4392
          Episode_Reward/action_l2: -0.0240
             Episode_Reward/energy: -0.8651
   Episode_Reward/joint_pos_limits: -0.4054
      Episode_Termination/time_out: 0.8297
  Episode_Termination/torso_height: 0.1703
--------------------------------------------------------------------------------
                   Total timesteps: 5881856
                    Iteration time: 0.40s
                      Time elapsed: 00:02:14
                               ETA: 00:00:53

################################################################################
                      [1m Learning iteration 359/500 [0m                      

                       Computation: 42792 steps/s (collection: 0.313s, learning 0.070s)
             Mean action noise std: 0.17
          Mean value_function loss: 0.0974
               Mean surrogate loss: -0.0036
                 Mean entropy loss: -3.2556
                       Mean reward: 83.39
               Mean episode length: 877.54
           Episode_Reward/progress: 4.9648
              Episode_Reward/alive: 0.4278
            Episode_Reward/upright: 0.0783
     Episode_Reward/move_to_target: 0.3918
          Episode_Reward/action_l2: -0.0237
             Episode_Reward/energy: -0.7977
   Episode_Reward/joint_pos_limits: -0.4024
      Episode_Termination/time_out: 0.8318
  Episode_Termination/torso_height: 0.1682
--------------------------------------------------------------------------------
                   Total timesteps: 5898240
                    Iteration time: 0.38s
                      Time elapsed: 00:02:14
                               ETA: 00:00:52

################################################################################
                      [1m Learning iteration 360/500 [0m                      

                       Computation: 49024 steps/s (collection: 0.254s, learning 0.080s)
             Mean action noise std: 0.17
          Mean value_function loss: 0.0704
               Mean surrogate loss: -0.0039
                 Mean entropy loss: -3.2689
                       Mean reward: 82.47
               Mean episode length: 864.73
           Episode_Reward/progress: 5.3616
              Episode_Reward/alive: 0.4467
            Episode_Reward/upright: 0.0886
     Episode_Reward/move_to_target: 0.4454
          Episode_Reward/action_l2: -0.0244
             Episode_Reward/energy: -0.8655
   Episode_Reward/joint_pos_limits: -0.4111
      Episode_Termination/time_out: 0.8351
  Episode_Termination/torso_height: 0.1649
--------------------------------------------------------------------------------
                   Total timesteps: 5914624
                    Iteration time: 0.33s
                      Time elapsed: 00:02:14
                               ETA: 00:00:52

################################################################################
                      [1m Learning iteration 361/500 [0m                      

                       Computation: 40429 steps/s (collection: 0.326s, learning 0.079s)
             Mean action noise std: 0.17
          Mean value_function loss: 0.0852
               Mean surrogate loss: -0.0043
                 Mean entropy loss: -3.2726
                       Mean reward: 82.78
               Mean episode length: 867.82
           Episode_Reward/progress: 5.9773
              Episode_Reward/alive: 0.4856
            Episode_Reward/upright: 0.0968
     Episode_Reward/move_to_target: 0.4842
          Episode_Reward/action_l2: -0.0269
             Episode_Reward/energy: -0.9605
   Episode_Reward/joint_pos_limits: -0.4457
      Episode_Termination/time_out: 0.8331
  Episode_Termination/torso_height: 0.1669
--------------------------------------------------------------------------------
                   Total timesteps: 5931008
                    Iteration time: 0.41s
                      Time elapsed: 00:02:15
                               ETA: 00:00:51

################################################################################
                      [1m Learning iteration 362/500 [0m                      

                       Computation: 45264 steps/s (collection: 0.287s, learning 0.075s)
             Mean action noise std: 0.17
          Mean value_function loss: 0.0839
               Mean surrogate loss: -0.0042
                 Mean entropy loss: -3.2833
                       Mean reward: 83.54
               Mean episode length: 872.95
           Episode_Reward/progress: 6.2697
              Episode_Reward/alive: 0.5000
            Episode_Reward/upright: 0.0996
     Episode_Reward/move_to_target: 0.4999
          Episode_Reward/action_l2: -0.0277
             Episode_Reward/energy: -1.0017
   Episode_Reward/joint_pos_limits: -0.4584
      Episode_Termination/time_out: 0.8340
  Episode_Termination/torso_height: 0.1660
--------------------------------------------------------------------------------
                   Total timesteps: 5947392
                    Iteration time: 0.36s
                      Time elapsed: 00:02:15
                               ETA: 00:00:51

################################################################################
                      [1m Learning iteration 363/500 [0m                      

                       Computation: 45077 steps/s (collection: 0.295s, learning 0.068s)
             Mean action noise std: 0.17
          Mean value_function loss: 0.0475
               Mean surrogate loss: -0.0032
                 Mean entropy loss: -3.2979
                       Mean reward: 85.64
               Mean episode length: 888.69
           Episode_Reward/progress: 5.8385
              Episode_Reward/alive: 0.4789
            Episode_Reward/upright: 0.0951
     Episode_Reward/move_to_target: 0.4755
          Episode_Reward/action_l2: -0.0260
             Episode_Reward/energy: -0.9321
   Episode_Reward/joint_pos_limits: -0.4369
      Episode_Termination/time_out: 0.8340
  Episode_Termination/torso_height: 0.1660
--------------------------------------------------------------------------------
                   Total timesteps: 5963776
                    Iteration time: 0.36s
                      Time elapsed: 00:02:16
                               ETA: 00:00:51

################################################################################
                      [1m Learning iteration 364/500 [0m                      

                       Computation: 43337 steps/s (collection: 0.290s, learning 0.088s)
             Mean action noise std: 0.17
          Mean value_function loss: 0.0744
               Mean surrogate loss: -0.0060
                 Mean entropy loss: -3.3153
                       Mean reward: 85.35
               Mean episode length: 888.69
           Episode_Reward/progress: 6.1590
              Episode_Reward/alive: 0.5000
            Episode_Reward/upright: 0.0991
     Episode_Reward/move_to_target: 0.4993
          Episode_Reward/action_l2: -0.0273
             Episode_Reward/energy: -0.9668
   Episode_Reward/joint_pos_limits: -0.4601
      Episode_Termination/time_out: 0.8405
  Episode_Termination/torso_height: 0.1595
--------------------------------------------------------------------------------
                   Total timesteps: 5980160
                    Iteration time: 0.38s
                      Time elapsed: 00:02:16
                               ETA: 00:00:50

################################################################################
                      [1m Learning iteration 365/500 [0m                      

                       Computation: 44202 steps/s (collection: 0.280s, learning 0.091s)
             Mean action noise std: 0.17
          Mean value_function loss: 0.0503
               Mean surrogate loss: -0.0060
                 Mean entropy loss: -3.3247
                       Mean reward: 85.80
               Mean episode length: 900.99
           Episode_Reward/progress: 5.5693
              Episode_Reward/alive: 0.4755
            Episode_Reward/upright: 0.0938
     Episode_Reward/move_to_target: 0.4420
          Episode_Reward/action_l2: -0.0254
             Episode_Reward/energy: -0.8739
   Episode_Reward/joint_pos_limits: -0.4469
      Episode_Termination/time_out: 0.8501
  Episode_Termination/torso_height: 0.1499
--------------------------------------------------------------------------------
                   Total timesteps: 5996544
                    Iteration time: 0.37s
                      Time elapsed: 00:02:16
                               ETA: 00:00:50

################################################################################
                      [1m Learning iteration 366/500 [0m                      

                       Computation: 40585 steps/s (collection: 0.303s, learning 0.101s)
             Mean action noise std: 0.17
          Mean value_function loss: 0.0477
               Mean surrogate loss: -0.0040
                 Mean entropy loss: -3.3620
                       Mean reward: 88.14
               Mean episode length: 918.70
           Episode_Reward/progress: 5.8268
              Episode_Reward/alive: 0.4717
            Episode_Reward/upright: 0.0936
     Episode_Reward/move_to_target: 0.4524
          Episode_Reward/action_l2: -0.0257
             Episode_Reward/energy: -0.9053
   Episode_Reward/joint_pos_limits: -0.4404
      Episode_Termination/time_out: 0.8538
  Episode_Termination/torso_height: 0.1462
--------------------------------------------------------------------------------
                   Total timesteps: 6012928
                    Iteration time: 0.40s
                      Time elapsed: 00:02:17
                               ETA: 00:00:50

################################################################################
                      [1m Learning iteration 367/500 [0m                      

                       Computation: 38374 steps/s (collection: 0.341s, learning 0.086s)
             Mean action noise std: 0.17
          Mean value_function loss: 0.0882
               Mean surrogate loss: -0.0040
                 Mean entropy loss: -3.3711
                       Mean reward: 85.71
               Mean episode length: 904.25
           Episode_Reward/progress: 4.9869
              Episode_Reward/alive: 0.4180
            Episode_Reward/upright: 0.0820
     Episode_Reward/move_to_target: 0.3995
          Episode_Reward/action_l2: -0.0227
             Episode_Reward/energy: -0.7808
   Episode_Reward/joint_pos_limits: -0.3877
      Episode_Termination/time_out: 0.8596
  Episode_Termination/torso_height: 0.1404
--------------------------------------------------------------------------------
                   Total timesteps: 6029312
                    Iteration time: 0.43s
                      Time elapsed: 00:02:17
                               ETA: 00:00:49

################################################################################
                      [1m Learning iteration 368/500 [0m                      

                       Computation: 42528 steps/s (collection: 0.286s, learning 0.099s)
             Mean action noise std: 0.17
          Mean value_function loss: 0.1000
               Mean surrogate loss: -0.0058
                 Mean entropy loss: -3.3725
                       Mean reward: 84.38
               Mean episode length: 885.29
           Episode_Reward/progress: 5.5115
              Episode_Reward/alive: 0.4472
            Episode_Reward/upright: 0.0879
     Episode_Reward/move_to_target: 0.4439
          Episode_Reward/action_l2: -0.0245
             Episode_Reward/energy: -0.8693
   Episode_Reward/joint_pos_limits: -0.4131
      Episode_Termination/time_out: 0.8599
  Episode_Termination/torso_height: 0.1401
--------------------------------------------------------------------------------
                   Total timesteps: 6045696
                    Iteration time: 0.39s
                      Time elapsed: 00:02:18
                               ETA: 00:00:49

################################################################################
                      [1m Learning iteration 369/500 [0m                      

                       Computation: 39805 steps/s (collection: 0.309s, learning 0.103s)
             Mean action noise std: 0.17
          Mean value_function loss: 0.0839
               Mean surrogate loss: -0.0070
                 Mean entropy loss: -3.3759
                       Mean reward: 84.63
               Mean episode length: 902.08
           Episode_Reward/progress: 5.9641
              Episode_Reward/alive: 0.5000
            Episode_Reward/upright: 0.0988
     Episode_Reward/move_to_target: 0.4872
          Episode_Reward/action_l2: -0.0269
             Episode_Reward/energy: -0.9440
   Episode_Reward/joint_pos_limits: -0.4658
      Episode_Termination/time_out: 0.8632
  Episode_Termination/torso_height: 0.1368
--------------------------------------------------------------------------------
                   Total timesteps: 6062080
                    Iteration time: 0.41s
                      Time elapsed: 00:02:18
                               ETA: 00:00:49

################################################################################
                      [1m Learning iteration 370/500 [0m                      

                       Computation: 42512 steps/s (collection: 0.310s, learning 0.076s)
             Mean action noise std: 0.17
          Mean value_function loss: 0.0695
               Mean surrogate loss: -0.0048
                 Mean entropy loss: -3.3901
                       Mean reward: 80.26
               Mean episode length: 855.61
           Episode_Reward/progress: 4.3349
              Episode_Reward/alive: 0.3621
            Episode_Reward/upright: 0.0696
     Episode_Reward/move_to_target: 0.3524
          Episode_Reward/action_l2: -0.0200
             Episode_Reward/energy: -0.6955
   Episode_Reward/joint_pos_limits: -0.3318
      Episode_Termination/time_out: 0.8626
  Episode_Termination/torso_height: 0.1374
--------------------------------------------------------------------------------
                   Total timesteps: 6078464
                    Iteration time: 0.39s
                      Time elapsed: 00:02:18
                               ETA: 00:00:48

################################################################################
                      [1m Learning iteration 371/500 [0m                      

                       Computation: 39704 steps/s (collection: 0.316s, learning 0.096s)
             Mean action noise std: 0.17
          Mean value_function loss: 0.0647
               Mean surrogate loss: -0.0045
                 Mean entropy loss: -3.4097
                       Mean reward: 79.36
               Mean episode length: 833.90
           Episode_Reward/progress: 4.6119
              Episode_Reward/alive: 0.3693
            Episode_Reward/upright: 0.0723
     Episode_Reward/move_to_target: 0.3677
          Episode_Reward/action_l2: -0.0204
             Episode_Reward/energy: -0.7221
   Episode_Reward/joint_pos_limits: -0.3418
      Episode_Termination/time_out: 0.8574
  Episode_Termination/torso_height: 0.1426
--------------------------------------------------------------------------------
                   Total timesteps: 6094848
                    Iteration time: 0.41s
                      Time elapsed: 00:02:19
                               ETA: 00:00:48

################################################################################
                      [1m Learning iteration 372/500 [0m                      

                       Computation: 26034 steps/s (collection: 0.532s, learning 0.098s)
             Mean action noise std: 0.17
          Mean value_function loss: 0.0543
               Mean surrogate loss: -0.0040
                 Mean entropy loss: -3.4295
                       Mean reward: 79.32
               Mean episode length: 830.73
           Episode_Reward/progress: 5.1878
              Episode_Reward/alive: 0.4197
            Episode_Reward/upright: 0.0828
     Episode_Reward/move_to_target: 0.4144
          Episode_Reward/action_l2: -0.0231
             Episode_Reward/energy: -0.8242
   Episode_Reward/joint_pos_limits: -0.3835
      Episode_Termination/time_out: 0.8550
  Episode_Termination/torso_height: 0.1450
--------------------------------------------------------------------------------
                   Total timesteps: 6111232
                    Iteration time: 0.63s
                      Time elapsed: 00:02:19
                               ETA: 00:00:47

################################################################################
                      [1m Learning iteration 373/500 [0m                      

                       Computation: 40820 steps/s (collection: 0.315s, learning 0.086s)
             Mean action noise std: 0.17
          Mean value_function loss: 0.0892
               Mean surrogate loss: -0.0042
                 Mean entropy loss: -3.4400
                       Mean reward: 81.34
               Mean episode length: 839.48
           Episode_Reward/progress: 6.3190
              Episode_Reward/alive: 0.5000
            Episode_Reward/upright: 0.0993
     Episode_Reward/move_to_target: 0.4997
          Episode_Reward/action_l2: -0.0276
             Episode_Reward/energy: -0.9890
   Episode_Reward/joint_pos_limits: -0.4608
      Episode_Termination/time_out: 0.8601
  Episode_Termination/torso_height: 0.1399
--------------------------------------------------------------------------------
                   Total timesteps: 6127616
                    Iteration time: 0.40s
                      Time elapsed: 00:02:20
                               ETA: 00:00:47

################################################################################
                      [1m Learning iteration 374/500 [0m                      

                       Computation: 44680 steps/s (collection: 0.288s, learning 0.079s)
             Mean action noise std: 0.16
          Mean value_function loss: 0.0584
               Mean surrogate loss: -0.0045
                 Mean entropy loss: -3.4591
                       Mean reward: 82.48
               Mean episode length: 849.97
           Episode_Reward/progress: 4.8071
              Episode_Reward/alive: 0.3890
            Episode_Reward/upright: 0.0762
     Episode_Reward/move_to_target: 0.3877
          Episode_Reward/action_l2: -0.0217
             Episode_Reward/energy: -0.7596
   Episode_Reward/joint_pos_limits: -0.3618
      Episode_Termination/time_out: 0.8610
  Episode_Termination/torso_height: 0.1390
--------------------------------------------------------------------------------
                   Total timesteps: 6144000
                    Iteration time: 0.37s
                      Time elapsed: 00:02:20
                               ETA: 00:00:47

################################################################################
                      [1m Learning iteration 375/500 [0m                      

                       Computation: 44527 steps/s (collection: 0.296s, learning 0.072s)
             Mean action noise std: 0.16
          Mean value_function loss: 0.0556
               Mean surrogate loss: -0.0064
                 Mean entropy loss: -3.4783
                       Mean reward: 83.66
               Mean episode length: 876.74
           Episode_Reward/progress: 5.8200
              Episode_Reward/alive: 0.4927
            Episode_Reward/upright: 0.0981
     Episode_Reward/move_to_target: 0.4869
          Episode_Reward/action_l2: -0.0266
             Episode_Reward/energy: -0.9368
   Episode_Reward/joint_pos_limits: -0.4496
      Episode_Termination/time_out: 0.8666
  Episode_Termination/torso_height: 0.1334
--------------------------------------------------------------------------------
                   Total timesteps: 6160384
                    Iteration time: 0.37s
                      Time elapsed: 00:02:20
                               ETA: 00:00:46

################################################################################
                      [1m Learning iteration 376/500 [0m                      

                       Computation: 45694 steps/s (collection: 0.286s, learning 0.073s)
             Mean action noise std: 0.16
          Mean value_function loss: 0.0622
               Mean surrogate loss: -0.0033
                 Mean entropy loss: -3.5153
                       Mean reward: 85.01
               Mean episode length: 886.56
           Episode_Reward/progress: 6.2038
              Episode_Reward/alive: 0.4835
            Episode_Reward/upright: 0.0963
     Episode_Reward/move_to_target: 0.4834
          Episode_Reward/action_l2: -0.0268
             Episode_Reward/energy: -0.9640
   Episode_Reward/joint_pos_limits: -0.4459
      Episode_Termination/time_out: 0.8703
  Episode_Termination/torso_height: 0.1297
--------------------------------------------------------------------------------
                   Total timesteps: 6176768
                    Iteration time: 0.36s
                      Time elapsed: 00:02:21
                               ETA: 00:00:46

################################################################################
                      [1m Learning iteration 377/500 [0m                      

                       Computation: 46592 steps/s (collection: 0.263s, learning 0.089s)
             Mean action noise std: 0.16
          Mean value_function loss: 0.0847
               Mean surrogate loss: -0.0054
                 Mean entropy loss: -3.5272
                       Mean reward: 84.89
               Mean episode length: 880.11
           Episode_Reward/progress: 5.9780
              Episode_Reward/alive: 0.4636
            Episode_Reward/upright: 0.0920
     Episode_Reward/move_to_target: 0.4629
          Episode_Reward/action_l2: -0.0256
             Episode_Reward/energy: -0.9160
   Episode_Reward/joint_pos_limits: -0.4303
      Episode_Termination/time_out: 0.8709
  Episode_Termination/torso_height: 0.1291
--------------------------------------------------------------------------------
                   Total timesteps: 6193152
                    Iteration time: 0.35s
                      Time elapsed: 00:02:21
                               ETA: 00:00:46

################################################################################
                      [1m Learning iteration 378/500 [0m                      

                       Computation: 46625 steps/s (collection: 0.280s, learning 0.072s)
             Mean action noise std: 0.16
          Mean value_function loss: 0.0497
               Mean surrogate loss: -0.0045
                 Mean entropy loss: -3.5332
                       Mean reward: 83.93
               Mean episode length: 871.35
           Episode_Reward/progress: 6.0763
              Episode_Reward/alive: 0.4857
            Episode_Reward/upright: 0.0964
     Episode_Reward/move_to_target: 0.4853
          Episode_Reward/action_l2: -0.0267
             Episode_Reward/energy: -0.9603
   Episode_Reward/joint_pos_limits: -0.4454
      Episode_Termination/time_out: 0.8745
  Episode_Termination/torso_height: 0.1255
--------------------------------------------------------------------------------
                   Total timesteps: 6209536
                    Iteration time: 0.35s
                      Time elapsed: 00:02:22
                               ETA: 00:00:45

################################################################################
                      [1m Learning iteration 379/500 [0m                      

                       Computation: 42899 steps/s (collection: 0.290s, learning 0.092s)
             Mean action noise std: 0.16
          Mean value_function loss: 0.1115
               Mean surrogate loss: -0.0040
                 Mean entropy loss: -3.5579
                       Mean reward: 84.63
               Mean episode length: 875.21
           Episode_Reward/progress: 5.9863
              Episode_Reward/alive: 0.4644
            Episode_Reward/upright: 0.0924
     Episode_Reward/move_to_target: 0.4620
          Episode_Reward/action_l2: -0.0258
             Episode_Reward/energy: -0.9380
   Episode_Reward/joint_pos_limits: -0.4271
      Episode_Termination/time_out: 0.8794
  Episode_Termination/torso_height: 0.1206
--------------------------------------------------------------------------------
                   Total timesteps: 6225920
                    Iteration time: 0.38s
                      Time elapsed: 00:02:22
                               ETA: 00:00:45

################################################################################
                      [1m Learning iteration 380/500 [0m                      

                       Computation: 41204 steps/s (collection: 0.298s, learning 0.100s)
             Mean action noise std: 0.16
          Mean value_function loss: 0.1052
               Mean surrogate loss: -0.0040
                 Mean entropy loss: -3.5771
                       Mean reward: 83.85
               Mean episode length: 871.15
           Episode_Reward/progress: 6.0396
              Episode_Reward/alive: 0.4787
            Episode_Reward/upright: 0.0951
     Episode_Reward/move_to_target: 0.4764
          Episode_Reward/action_l2: -0.0261
             Episode_Reward/energy: -0.9332
   Episode_Reward/joint_pos_limits: -0.4383
      Episode_Termination/time_out: 0.8804
  Episode_Termination/torso_height: 0.1196
--------------------------------------------------------------------------------
                   Total timesteps: 6242304
                    Iteration time: 0.40s
                      Time elapsed: 00:02:22
                               ETA: 00:00:44

################################################################################
                      [1m Learning iteration 381/500 [0m                      

                       Computation: 38784 steps/s (collection: 0.325s, learning 0.098s)
             Mean action noise std: 0.16
          Mean value_function loss: 0.0917
               Mean surrogate loss: -0.0041
                 Mean entropy loss: -3.5796
                       Mean reward: 83.78
               Mean episode length: 856.44
           Episode_Reward/progress: 5.4398
              Episode_Reward/alive: 0.4478
            Episode_Reward/upright: 0.0885
     Episode_Reward/move_to_target: 0.4441
          Episode_Reward/action_l2: -0.0251
             Episode_Reward/energy: -0.8753
   Episode_Reward/joint_pos_limits: -0.4125
      Episode_Termination/time_out: 0.8755
  Episode_Termination/torso_height: 0.1245
--------------------------------------------------------------------------------
                   Total timesteps: 6258688
                    Iteration time: 0.42s
                      Time elapsed: 00:02:23
                               ETA: 00:00:44

################################################################################
                      [1m Learning iteration 382/500 [0m                      

                       Computation: 42644 steps/s (collection: 0.287s, learning 0.097s)
             Mean action noise std: 0.16
          Mean value_function loss: 0.0916
               Mean surrogate loss: -0.0025
                 Mean entropy loss: -3.5793
                       Mean reward: 82.61
               Mean episode length: 849.38
           Episode_Reward/progress: 5.2107
              Episode_Reward/alive: 0.4201
            Episode_Reward/upright: 0.0824
     Episode_Reward/move_to_target: 0.4157
          Episode_Reward/action_l2: -0.0232
             Episode_Reward/energy: -0.8289
   Episode_Reward/joint_pos_limits: -0.3851
      Episode_Termination/time_out: 0.8786
  Episode_Termination/torso_height: 0.1214
--------------------------------------------------------------------------------
                   Total timesteps: 6275072
                    Iteration time: 0.38s
                      Time elapsed: 00:02:23
                               ETA: 00:00:44

################################################################################
                      [1m Learning iteration 383/500 [0m                      

                       Computation: 39291 steps/s (collection: 0.320s, learning 0.097s)
             Mean action noise std: 0.16
          Mean value_function loss: 0.1163
               Mean surrogate loss: -0.0052
                 Mean entropy loss: -3.5924
                       Mean reward: 80.29
               Mean episode length: 832.43
           Episode_Reward/progress: 4.9931
              Episode_Reward/alive: 0.4085
            Episode_Reward/upright: 0.0799
     Episode_Reward/move_to_target: 0.4037
          Episode_Reward/action_l2: -0.0222
             Episode_Reward/energy: -0.7865
   Episode_Reward/joint_pos_limits: -0.3738
      Episode_Termination/time_out: 0.8793
  Episode_Termination/torso_height: 0.1207
--------------------------------------------------------------------------------
                   Total timesteps: 6291456
                    Iteration time: 0.42s
                      Time elapsed: 00:02:24
                               ETA: 00:00:43

################################################################################
                      [1m Learning iteration 384/500 [0m                      

                       Computation: 34727 steps/s (collection: 0.378s, learning 0.094s)
             Mean action noise std: 0.16
          Mean value_function loss: 0.1299
               Mean surrogate loss: -0.0041
                 Mean entropy loss: -3.6070
                       Mean reward: 78.65
               Mean episode length: 814.26
           Episode_Reward/progress: 3.5649
              Episode_Reward/alive: 0.2967
            Episode_Reward/upright: 0.0564
     Episode_Reward/move_to_target: 0.2930
          Episode_Reward/action_l2: -0.0162
             Episode_Reward/energy: -0.5716
   Episode_Reward/joint_pos_limits: -0.2724
      Episode_Termination/time_out: 0.8738
  Episode_Termination/torso_height: 0.1262
--------------------------------------------------------------------------------
                   Total timesteps: 6307840
                    Iteration time: 0.47s
                      Time elapsed: 00:02:24
                               ETA: 00:00:43

################################################################################
                      [1m Learning iteration 385/500 [0m                      

                       Computation: 41784 steps/s (collection: 0.304s, learning 0.088s)
             Mean action noise std: 0.16
          Mean value_function loss: 0.0722
               Mean surrogate loss: -0.0050
                 Mean entropy loss: -3.6145
                       Mean reward: 77.38
               Mean episode length: 803.75
           Episode_Reward/progress: 5.4386
              Episode_Reward/alive: 0.4402
            Episode_Reward/upright: 0.0849
     Episode_Reward/move_to_target: 0.4333
          Episode_Reward/action_l2: -0.0243
             Episode_Reward/energy: -0.8526
   Episode_Reward/joint_pos_limits: -0.4034
      Episode_Termination/time_out: 0.8672
  Episode_Termination/torso_height: 0.1328
--------------------------------------------------------------------------------
                   Total timesteps: 6324224
                    Iteration time: 0.39s
                      Time elapsed: 00:02:24
                               ETA: 00:00:43

################################################################################
                      [1m Learning iteration 386/500 [0m                      

                       Computation: 46881 steps/s (collection: 0.276s, learning 0.073s)
             Mean action noise std: 0.16
          Mean value_function loss: 0.0662
               Mean surrogate loss: -0.0054
                 Mean entropy loss: -3.6380
                       Mean reward: 77.52
               Mean episode length: 807.86
           Episode_Reward/progress: 5.6888
              Episode_Reward/alive: 0.4707
            Episode_Reward/upright: 0.0934
     Episode_Reward/move_to_target: 0.4687
          Episode_Reward/action_l2: -0.0264
             Episode_Reward/energy: -0.9253
   Episode_Reward/joint_pos_limits: -0.4313
      Episode_Termination/time_out: 0.8679
  Episode_Termination/torso_height: 0.1321
--------------------------------------------------------------------------------
                   Total timesteps: 6340608
                    Iteration time: 0.35s
                      Time elapsed: 00:02:25
                               ETA: 00:00:42

################################################################################
                      [1m Learning iteration 387/500 [0m                      

                       Computation: 45232 steps/s (collection: 0.276s, learning 0.086s)
             Mean action noise std: 0.16
          Mean value_function loss: 0.0468
               Mean surrogate loss: -0.0039
                 Mean entropy loss: -3.6681
                       Mean reward: 77.69
               Mean episode length: 820.59
           Episode_Reward/progress: 5.8832
              Episode_Reward/alive: 0.4780
            Episode_Reward/upright: 0.0947
     Episode_Reward/move_to_target: 0.4597
          Episode_Reward/action_l2: -0.0267
             Episode_Reward/energy: -0.9369
   Episode_Reward/joint_pos_limits: -0.4448
      Episode_Termination/time_out: 0.8672
  Episode_Termination/torso_height: 0.1328
--------------------------------------------------------------------------------
                   Total timesteps: 6356992
                    Iteration time: 0.36s
                      Time elapsed: 00:02:25
                               ETA: 00:00:42

################################################################################
                      [1m Learning iteration 388/500 [0m                      

                       Computation: 42881 steps/s (collection: 0.288s, learning 0.094s)
             Mean action noise std: 0.16
          Mean value_function loss: 0.0815
               Mean surrogate loss: -0.0012
                 Mean entropy loss: -3.6844
                       Mean reward: 77.04
               Mean episode length: 812.47
           Episode_Reward/progress: 3.6648
              Episode_Reward/alive: 0.2989
            Episode_Reward/upright: 0.0566
     Episode_Reward/move_to_target: 0.2887
          Episode_Reward/action_l2: -0.0167
             Episode_Reward/energy: -0.5918
   Episode_Reward/joint_pos_limits: -0.2714
      Episode_Termination/time_out: 0.8624
  Episode_Termination/torso_height: 0.1376
--------------------------------------------------------------------------------
                   Total timesteps: 6373376
                    Iteration time: 0.38s
                      Time elapsed: 00:02:26
                               ETA: 00:00:42

################################################################################
                      [1m Learning iteration 389/500 [0m                      

                       Computation: 42366 steps/s (collection: 0.292s, learning 0.095s)
             Mean action noise std: 0.16
          Mean value_function loss: 0.1027
               Mean surrogate loss: -0.0063
                 Mean entropy loss: -3.6873
                       Mean reward: 78.31
               Mean episode length: 821.51
           Episode_Reward/progress: 6.3478
              Episode_Reward/alive: 0.5000
            Episode_Reward/upright: 0.0999
     Episode_Reward/move_to_target: 0.4997
          Episode_Reward/action_l2: -0.0279
             Episode_Reward/energy: -1.0040
   Episode_Reward/joint_pos_limits: -0.4560
      Episode_Termination/time_out: 0.8654
  Episode_Termination/torso_height: 0.1346
--------------------------------------------------------------------------------
                   Total timesteps: 6389760
                    Iteration time: 0.39s
                      Time elapsed: 00:02:26
                               ETA: 00:00:41

################################################################################
                      [1m Learning iteration 390/500 [0m                      

                       Computation: 38590 steps/s (collection: 0.298s, learning 0.127s)
             Mean action noise std: 0.16
          Mean value_function loss: 0.0698
               Mean surrogate loss: -0.0041
                 Mean entropy loss: -3.6844
                       Mean reward: 79.64
               Mean episode length: 835.33
           Episode_Reward/progress: 4.7385
              Episode_Reward/alive: 0.4296
            Episode_Reward/upright: 0.0846
     Episode_Reward/move_to_target: 0.3882
          Episode_Reward/action_l2: -0.0219
             Episode_Reward/energy: -0.7472
   Episode_Reward/joint_pos_limits: -0.3963
      Episode_Termination/time_out: 0.8633
  Episode_Termination/torso_height: 0.1367
--------------------------------------------------------------------------------
                   Total timesteps: 6406144
                    Iteration time: 0.42s
                      Time elapsed: 00:02:26
                               ETA: 00:00:41

################################################################################
                      [1m Learning iteration 391/500 [0m                      

                       Computation: 32042 steps/s (collection: 0.409s, learning 0.103s)
             Mean action noise std: 0.16
          Mean value_function loss: 0.1173
               Mean surrogate loss: -0.0054
                 Mean entropy loss: -3.6882
                       Mean reward: 79.52
               Mean episode length: 832.85
           Episode_Reward/progress: 5.5926
              Episode_Reward/alive: 0.4483
            Episode_Reward/upright: 0.0892
     Episode_Reward/move_to_target: 0.4452
          Episode_Reward/action_l2: -0.0254
             Episode_Reward/energy: -0.8951
   Episode_Reward/joint_pos_limits: -0.4134
      Episode_Termination/time_out: 0.8633
  Episode_Termination/torso_height: 0.1367
--------------------------------------------------------------------------------
                   Total timesteps: 6422528
                    Iteration time: 0.51s
                      Time elapsed: 00:02:27
                               ETA: 00:00:40

################################################################################
                      [1m Learning iteration 392/500 [0m                      

                       Computation: 33547 steps/s (collection: 0.391s, learning 0.097s)
             Mean action noise std: 0.16
          Mean value_function loss: 0.0720
               Mean surrogate loss: -0.0027
                 Mean entropy loss: -3.6966
                       Mean reward: 73.84
               Mean episode length: 773.38
           Episode_Reward/progress: 3.2268
              Episode_Reward/alive: 0.2661
            Episode_Reward/upright: 0.0502
     Episode_Reward/move_to_target: 0.2582
          Episode_Reward/action_l2: -0.0149
             Episode_Reward/energy: -0.5178
   Episode_Reward/joint_pos_limits: -0.2443
      Episode_Termination/time_out: 0.8550
  Episode_Termination/torso_height: 0.1450
--------------------------------------------------------------------------------
                   Total timesteps: 6438912
                    Iteration time: 0.49s
                      Time elapsed: 00:02:27
                               ETA: 00:00:40

################################################################################
                      [1m Learning iteration 393/500 [0m                      

                       Computation: 43179 steps/s (collection: 0.291s, learning 0.089s)
             Mean action noise std: 0.16
          Mean value_function loss: 0.1035
               Mean surrogate loss: -0.0026
                 Mean entropy loss: -3.6930
                       Mean reward: 77.01
               Mean episode length: 789.03
           Episode_Reward/progress: 6.4032
              Episode_Reward/alive: 0.4983
            Episode_Reward/upright: 0.0990
     Episode_Reward/move_to_target: 0.4967
          Episode_Reward/action_l2: -0.0282
             Episode_Reward/energy: -1.0157
   Episode_Reward/joint_pos_limits: -0.4557
      Episode_Termination/time_out: 0.8522
  Episode_Termination/torso_height: 0.1478
--------------------------------------------------------------------------------
                   Total timesteps: 6455296
                    Iteration time: 0.38s
                      Time elapsed: 00:02:28
                               ETA: 00:00:40

################################################################################
                      [1m Learning iteration 394/500 [0m                      

                       Computation: 46252 steps/s (collection: 0.264s, learning 0.090s)
             Mean action noise std: 0.16
          Mean value_function loss: 0.0983
               Mean surrogate loss: -0.0066
                 Mean entropy loss: -3.6974
                       Mean reward: 79.67
               Mean episode length: 814.94
           Episode_Reward/progress: 6.3050
              Episode_Reward/alive: 0.4927
            Episode_Reward/upright: 0.0981
     Episode_Reward/move_to_target: 0.4922
          Episode_Reward/action_l2: -0.0277
             Episode_Reward/energy: -0.9850
   Episode_Reward/joint_pos_limits: -0.4523
      Episode_Termination/time_out: 0.8500
  Episode_Termination/torso_height: 0.1500
--------------------------------------------------------------------------------
                   Total timesteps: 6471680
                    Iteration time: 0.35s
                      Time elapsed: 00:02:28
                               ETA: 00:00:39

################################################################################
                      [1m Learning iteration 395/500 [0m                      

                       Computation: 41798 steps/s (collection: 0.303s, learning 0.089s)
             Mean action noise std: 0.16
          Mean value_function loss: 0.0637
               Mean surrogate loss: -0.0039
                 Mean entropy loss: -3.7138
                       Mean reward: 82.78
               Mean episode length: 838.99
           Episode_Reward/progress: 6.2193
              Episode_Reward/alive: 0.4922
            Episode_Reward/upright: 0.0981
     Episode_Reward/move_to_target: 0.4916
          Episode_Reward/action_l2: -0.0279
             Episode_Reward/energy: -0.9930
   Episode_Reward/joint_pos_limits: -0.4539
      Episode_Termination/time_out: 0.8519
  Episode_Termination/torso_height: 0.1481
--------------------------------------------------------------------------------
                   Total timesteps: 6488064
                    Iteration time: 0.39s
                      Time elapsed: 00:02:28
                               ETA: 00:00:39

################################################################################
                      [1m Learning iteration 396/500 [0m                      

                       Computation: 41999 steps/s (collection: 0.313s, learning 0.077s)
             Mean action noise std: 0.16
          Mean value_function loss: 0.0710
               Mean surrogate loss: -0.0035
                 Mean entropy loss: -3.7272
                       Mean reward: 85.43
               Mean episode length: 866.78
           Episode_Reward/progress: 6.0747
              Episode_Reward/alive: 0.4734
            Episode_Reward/upright: 0.0936
     Episode_Reward/move_to_target: 0.4688
          Episode_Reward/action_l2: -0.0269
             Episode_Reward/energy: -0.9633
   Episode_Reward/joint_pos_limits: -0.4372
      Episode_Termination/time_out: 0.8541
  Episode_Termination/torso_height: 0.1459
--------------------------------------------------------------------------------
                   Total timesteps: 6504448
                    Iteration time: 0.39s
                      Time elapsed: 00:02:29
                               ETA: 00:00:39

################################################################################
                      [1m Learning iteration 397/500 [0m                      

                       Computation: 41882 steps/s (collection: 0.313s, learning 0.078s)
             Mean action noise std: 0.16
          Mean value_function loss: 0.0674
               Mean surrogate loss: -0.0065
                 Mean entropy loss: -3.7442
                       Mean reward: 89.23
               Mean episode length: 908.71
           Episode_Reward/progress: 5.9606
              Episode_Reward/alive: 0.4806
            Episode_Reward/upright: 0.0952
     Episode_Reward/move_to_target: 0.4742
          Episode_Reward/action_l2: -0.0264
             Episode_Reward/energy: -0.9472
   Episode_Reward/joint_pos_limits: -0.4397
      Episode_Termination/time_out: 0.8574
  Episode_Termination/torso_height: 0.1426
--------------------------------------------------------------------------------
                   Total timesteps: 6520832
                    Iteration time: 0.39s
                      Time elapsed: 00:02:29
                               ETA: 00:00:38

################################################################################
                      [1m Learning iteration 398/500 [0m                      

                       Computation: 45388 steps/s (collection: 0.277s, learning 0.084s)
             Mean action noise std: 0.16
          Mean value_function loss: 0.1491
               Mean surrogate loss: -0.0050
                 Mean entropy loss: -3.7469
                       Mean reward: 89.49
               Mean episode length: 909.48
           Episode_Reward/progress: 6.2074
              Episode_Reward/alive: 0.4842
            Episode_Reward/upright: 0.0959
     Episode_Reward/move_to_target: 0.4835
          Episode_Reward/action_l2: -0.0276
             Episode_Reward/energy: -0.9799
   Episode_Reward/joint_pos_limits: -0.4460
      Episode_Termination/time_out: 0.8591
  Episode_Termination/torso_height: 0.1409
--------------------------------------------------------------------------------
                   Total timesteps: 6537216
                    Iteration time: 0.36s
                      Time elapsed: 00:02:30
                               ETA: 00:00:38

################################################################################
                      [1m Learning iteration 399/500 [0m                      

                       Computation: 46898 steps/s (collection: 0.271s, learning 0.078s)
             Mean action noise std: 0.16
          Mean value_function loss: 0.0547
               Mean surrogate loss: -0.0063
                 Mean entropy loss: -3.7309
                       Mean reward: 88.36
               Mean episode length: 897.46
           Episode_Reward/progress: 6.3552
              Episode_Reward/alive: 0.4801
            Episode_Reward/upright: 0.0950
     Episode_Reward/move_to_target: 0.4776
          Episode_Reward/action_l2: -0.0272
             Episode_Reward/energy: -0.9830
   Episode_Reward/joint_pos_limits: -0.4429
      Episode_Termination/time_out: 0.8555
  Episode_Termination/torso_height: 0.1445
--------------------------------------------------------------------------------
                   Total timesteps: 6553600
                    Iteration time: 0.35s
                      Time elapsed: 00:02:30
                               ETA: 00:00:37

################################################################################
                      [1m Learning iteration 400/500 [0m                      

                       Computation: 41074 steps/s (collection: 0.300s, learning 0.099s)
             Mean action noise std: 0.16
          Mean value_function loss: 0.0752
               Mean surrogate loss: -0.0046
                 Mean entropy loss: -3.7483
                       Mean reward: 86.24
               Mean episode length: 885.29
           Episode_Reward/progress: 5.8648
              Episode_Reward/alive: 0.4689
            Episode_Reward/upright: 0.0920
     Episode_Reward/move_to_target: 0.4668
          Episode_Reward/action_l2: -0.0268
             Episode_Reward/energy: -0.9480
   Episode_Reward/joint_pos_limits: -0.4307
      Episode_Termination/time_out: 0.8514
  Episode_Termination/torso_height: 0.1486
--------------------------------------------------------------------------------
                   Total timesteps: 6569984
                    Iteration time: 0.40s
                      Time elapsed: 00:02:30
                               ETA: 00:00:37

################################################################################
                      [1m Learning iteration 401/500 [0m                      

                       Computation: 37347 steps/s (collection: 0.342s, learning 0.096s)
             Mean action noise std: 0.16
          Mean value_function loss: 0.0939
               Mean surrogate loss: -0.0059
                 Mean entropy loss: -3.7744
                       Mean reward: 88.07
               Mean episode length: 894.69
           Episode_Reward/progress: 6.0420
              Episode_Reward/alive: 0.4729
            Episode_Reward/upright: 0.0931
     Episode_Reward/move_to_target: 0.4703
          Episode_Reward/action_l2: -0.0271
             Episode_Reward/energy: -0.9655
   Episode_Reward/joint_pos_limits: -0.4378
      Episode_Termination/time_out: 0.8568
  Episode_Termination/torso_height: 0.1432
--------------------------------------------------------------------------------
                   Total timesteps: 6586368
                    Iteration time: 0.44s
                      Time elapsed: 00:02:31
                               ETA: 00:00:37

################################################################################
                      [1m Learning iteration 402/500 [0m                      

                       Computation: 37531 steps/s (collection: 0.335s, learning 0.102s)
             Mean action noise std: 0.16
          Mean value_function loss: 0.0595
               Mean surrogate loss: -0.0042
                 Mean entropy loss: -3.8142
                       Mean reward: 86.84
               Mean episode length: 877.90
           Episode_Reward/progress: 6.1347
              Episode_Reward/alive: 0.4707
            Episode_Reward/upright: 0.0936
     Episode_Reward/move_to_target: 0.4697
          Episode_Reward/action_l2: -0.0271
             Episode_Reward/energy: -0.9850
   Episode_Reward/joint_pos_limits: -0.4337
      Episode_Termination/time_out: 0.8622
  Episode_Termination/torso_height: 0.1378
--------------------------------------------------------------------------------
                   Total timesteps: 6602752
                    Iteration time: 0.44s
                      Time elapsed: 00:02:31
                               ETA: 00:00:36

################################################################################
                      [1m Learning iteration 403/500 [0m                      

                       Computation: 43320 steps/s (collection: 0.290s, learning 0.088s)
             Mean action noise std: 0.16
          Mean value_function loss: 0.0924
               Mean surrogate loss: -0.0046
                 Mean entropy loss: -3.8365
                       Mean reward: 88.39
               Mean episode length: 892.39
           Episode_Reward/progress: 6.3881
              Episode_Reward/alive: 0.4952
            Episode_Reward/upright: 0.0987
     Episode_Reward/move_to_target: 0.4951
          Episode_Reward/action_l2: -0.0283
             Episode_Reward/energy: -1.0153
   Episode_Reward/joint_pos_limits: -0.4566
      Episode_Termination/time_out: 0.8629
  Episode_Termination/torso_height: 0.1371
--------------------------------------------------------------------------------
                   Total timesteps: 6619136
                    Iteration time: 0.38s
                      Time elapsed: 00:02:32
                               ETA: 00:00:36

################################################################################
                      [1m Learning iteration 404/500 [0m                      

                       Computation: 42119 steps/s (collection: 0.294s, learning 0.095s)
             Mean action noise std: 0.16
          Mean value_function loss: 0.0684
               Mean surrogate loss: -0.0011
                 Mean entropy loss: -3.8491
                       Mean reward: 87.83
               Mean episode length: 888.07
           Episode_Reward/progress: 5.7900
              Episode_Reward/alive: 0.4703
            Episode_Reward/upright: 0.0931
     Episode_Reward/move_to_target: 0.4685
          Episode_Reward/action_l2: -0.0267
             Episode_Reward/energy: -0.9439
   Episode_Reward/joint_pos_limits: -0.4320
      Episode_Termination/time_out: 0.8637
  Episode_Termination/torso_height: 0.1363
--------------------------------------------------------------------------------
                   Total timesteps: 6635520
                    Iteration time: 0.39s
                      Time elapsed: 00:02:32
                               ETA: 00:00:36

################################################################################
                      [1m Learning iteration 405/500 [0m                      

                       Computation: 37928 steps/s (collection: 0.339s, learning 0.093s)
             Mean action noise std: 0.16
          Mean value_function loss: 0.0791
               Mean surrogate loss: -0.0047
                 Mean entropy loss: -3.8622
                       Mean reward: 87.86
               Mean episode length: 892.21
           Episode_Reward/progress: 5.4077
              Episode_Reward/alive: 0.4494
            Episode_Reward/upright: 0.0881
     Episode_Reward/move_to_target: 0.4434
          Episode_Reward/action_l2: -0.0253
             Episode_Reward/energy: -0.8845
   Episode_Reward/joint_pos_limits: -0.4103
      Episode_Termination/time_out: 0.8611
  Episode_Termination/torso_height: 0.1389
--------------------------------------------------------------------------------
                   Total timesteps: 6651904
                    Iteration time: 0.43s
                      Time elapsed: 00:02:32
                               ETA: 00:00:35

################################################################################
                      [1m Learning iteration 406/500 [0m                      

                       Computation: 41705 steps/s (collection: 0.303s, learning 0.090s)
             Mean action noise std: 0.16
          Mean value_function loss: 0.0529
               Mean surrogate loss: -0.0042
                 Mean entropy loss: -3.8698
                       Mean reward: 84.69
               Mean episode length: 869.49
           Episode_Reward/progress: 4.7940
              Episode_Reward/alive: 0.3919
            Episode_Reward/upright: 0.0760
     Episode_Reward/move_to_target: 0.3827
          Episode_Reward/action_l2: -0.0219
             Episode_Reward/energy: -0.7639
   Episode_Reward/joint_pos_limits: -0.3603
      Episode_Termination/time_out: 0.8548
  Episode_Termination/torso_height: 0.1452
--------------------------------------------------------------------------------
                   Total timesteps: 6668288
                    Iteration time: 0.39s
                      Time elapsed: 00:02:33
                               ETA: 00:00:35

################################################################################
                      [1m Learning iteration 407/500 [0m                      

                       Computation: 42684 steps/s (collection: 0.290s, learning 0.094s)
             Mean action noise std: 0.16
          Mean value_function loss: 0.0755
               Mean surrogate loss: -0.0054
                 Mean entropy loss: -3.8861
                       Mean reward: 82.31
               Mean episode length: 851.79
           Episode_Reward/progress: 4.7011
              Episode_Reward/alive: 0.3841
            Episode_Reward/upright: 0.0746
     Episode_Reward/move_to_target: 0.3795
          Episode_Reward/action_l2: -0.0217
             Episode_Reward/energy: -0.7707
   Episode_Reward/joint_pos_limits: -0.3518
      Episode_Termination/time_out: 0.8580
  Episode_Termination/torso_height: 0.1420
--------------------------------------------------------------------------------
                   Total timesteps: 6684672
                    Iteration time: 0.38s
                      Time elapsed: 00:02:33
                               ETA: 00:00:35

################################################################################
                      [1m Learning iteration 408/500 [0m                      

                       Computation: 42542 steps/s (collection: 0.294s, learning 0.091s)
             Mean action noise std: 0.16
          Mean value_function loss: 0.0691
               Mean surrogate loss: -0.0049
                 Mean entropy loss: -3.8915
                       Mean reward: 78.41
               Mean episode length: 818.21
           Episode_Reward/progress: 4.9019
              Episode_Reward/alive: 0.3982
            Episode_Reward/upright: 0.0780
     Episode_Reward/move_to_target: 0.3934
          Episode_Reward/action_l2: -0.0225
             Episode_Reward/energy: -0.8080
   Episode_Reward/joint_pos_limits: -0.3609
      Episode_Termination/time_out: 0.8549
  Episode_Termination/torso_height: 0.1451
--------------------------------------------------------------------------------
                   Total timesteps: 6701056
                    Iteration time: 0.39s
                      Time elapsed: 00:02:34
                               ETA: 00:00:34

################################################################################
                      [1m Learning iteration 409/500 [0m                      

                       Computation: 45225 steps/s (collection: 0.282s, learning 0.080s)
             Mean action noise std: 0.16
          Mean value_function loss: 0.0550
               Mean surrogate loss: -0.0035
                 Mean entropy loss: -3.9011
                       Mean reward: 80.28
               Mean episode length: 828.07
           Episode_Reward/progress: 5.1437
              Episode_Reward/alive: 0.3992
            Episode_Reward/upright: 0.0785
     Episode_Reward/move_to_target: 0.3946
          Episode_Reward/action_l2: -0.0229
             Episode_Reward/energy: -0.8322
   Episode_Reward/joint_pos_limits: -0.3665
      Episode_Termination/time_out: 0.8532
  Episode_Termination/torso_height: 0.1468
--------------------------------------------------------------------------------
                   Total timesteps: 6717440
                    Iteration time: 0.36s
                      Time elapsed: 00:02:34
                               ETA: 00:00:34

################################################################################
                      [1m Learning iteration 410/500 [0m                      

                       Computation: 44818 steps/s (collection: 0.279s, learning 0.087s)
             Mean action noise std: 0.16
          Mean value_function loss: 0.0484
               Mean surrogate loss: -0.0060
                 Mean entropy loss: -3.9248
                       Mean reward: 77.73
               Mean episode length: 810.15
           Episode_Reward/progress: 5.0624
              Episode_Reward/alive: 0.4416
            Episode_Reward/upright: 0.0875
     Episode_Reward/move_to_target: 0.4006
          Episode_Reward/action_l2: -0.0237
             Episode_Reward/energy: -0.8066
   Episode_Reward/joint_pos_limits: -0.4077
      Episode_Termination/time_out: 0.8550
  Episode_Termination/torso_height: 0.1450
--------------------------------------------------------------------------------
                   Total timesteps: 6733824
                    Iteration time: 0.37s
                      Time elapsed: 00:02:34
                               ETA: 00:00:33

################################################################################
                      [1m Learning iteration 411/500 [0m                      

                       Computation: 42407 steps/s (collection: 0.303s, learning 0.083s)
             Mean action noise std: 0.16
          Mean value_function loss: 0.0398
               Mean surrogate loss: -0.0055
                 Mean entropy loss: -3.9649
                       Mean reward: 80.72
               Mean episode length: 831.97
           Episode_Reward/progress: 6.1193
              Episode_Reward/alive: 0.4926
            Episode_Reward/upright: 0.0980
     Episode_Reward/move_to_target: 0.4912
          Episode_Reward/action_l2: -0.0285
             Episode_Reward/energy: -0.9904
   Episode_Reward/joint_pos_limits: -0.4570
      Episode_Termination/time_out: 0.8591
  Episode_Termination/torso_height: 0.1409
--------------------------------------------------------------------------------
                   Total timesteps: 6750208
                    Iteration time: 0.39s
                      Time elapsed: 00:02:35
                               ETA: 00:00:33

################################################################################
                      [1m Learning iteration 412/500 [0m                      

                       Computation: 41973 steps/s (collection: 0.287s, learning 0.103s)
             Mean action noise std: 0.16
          Mean value_function loss: 0.0891
               Mean surrogate loss: -0.0043
                 Mean entropy loss: -3.9754
                       Mean reward: 80.46
               Mean episode length: 830.11
           Episode_Reward/progress: 5.8854
              Episode_Reward/alive: 0.4708
            Episode_Reward/upright: 0.0933
     Episode_Reward/move_to_target: 0.4574
          Episode_Reward/action_l2: -0.0270
             Episode_Reward/energy: -0.9493
   Episode_Reward/joint_pos_limits: -0.4347
      Episode_Termination/time_out: 0.8642
  Episode_Termination/torso_height: 0.1358
--------------------------------------------------------------------------------
                   Total timesteps: 6766592
                    Iteration time: 0.39s
                      Time elapsed: 00:02:35
                               ETA: 00:00:33

################################################################################
                      [1m Learning iteration 413/500 [0m                      

                       Computation: 41354 steps/s (collection: 0.305s, learning 0.091s)
             Mean action noise std: 0.16
          Mean value_function loss: 0.0846
               Mean surrogate loss: -0.0038
                 Mean entropy loss: -3.9826
                       Mean reward: 81.36
               Mean episode length: 836.59
           Episode_Reward/progress: 6.2049
              Episode_Reward/alive: 0.4851
            Episode_Reward/upright: 0.0966
     Episode_Reward/move_to_target: 0.4835
          Episode_Reward/action_l2: -0.0276
             Episode_Reward/energy: -1.0020
   Episode_Reward/joint_pos_limits: -0.4432
      Episode_Termination/time_out: 0.8675
  Episode_Termination/torso_height: 0.1325
--------------------------------------------------------------------------------
                   Total timesteps: 6782976
                    Iteration time: 0.40s
                      Time elapsed: 00:02:35
                               ETA: 00:00:32

################################################################################
                      [1m Learning iteration 414/500 [0m                      

                       Computation: 49791 steps/s (collection: 0.257s, learning 0.072s)
             Mean action noise std: 0.16
          Mean value_function loss: 0.0383
               Mean surrogate loss: -0.0044
                 Mean entropy loss: -3.9830
                       Mean reward: 82.46
               Mean episode length: 849.33
           Episode_Reward/progress: 5.3810
              Episode_Reward/alive: 0.4307
            Episode_Reward/upright: 0.0846
     Episode_Reward/move_to_target: 0.4268
          Episode_Reward/action_l2: -0.0246
             Episode_Reward/energy: -0.8776
   Episode_Reward/joint_pos_limits: -0.3937
      Episode_Termination/time_out: 0.8724
  Episode_Termination/torso_height: 0.1276
--------------------------------------------------------------------------------
                   Total timesteps: 6799360
                    Iteration time: 0.33s
                      Time elapsed: 00:02:36
                               ETA: 00:00:32

################################################################################
                      [1m Learning iteration 415/500 [0m                      

                       Computation: 45683 steps/s (collection: 0.285s, learning 0.074s)
             Mean action noise std: 0.16
          Mean value_function loss: 0.1136
               Mean surrogate loss: -0.0053
                 Mean entropy loss: -3.9929
                       Mean reward: 85.68
               Mean episode length: 876.44
           Episode_Reward/progress: 6.5533
              Episode_Reward/alive: 0.5000
            Episode_Reward/upright: 0.0995
     Episode_Reward/move_to_target: 0.4997
          Episode_Reward/action_l2: -0.0286
             Episode_Reward/energy: -1.0249
   Episode_Reward/joint_pos_limits: -0.4606
      Episode_Termination/time_out: 0.8785
  Episode_Termination/torso_height: 0.1215
--------------------------------------------------------------------------------
                   Total timesteps: 6815744
                    Iteration time: 0.36s
                      Time elapsed: 00:02:36
                               ETA: 00:00:32

################################################################################
                      [1m Learning iteration 416/500 [0m                      

                       Computation: 43212 steps/s (collection: 0.287s, learning 0.092s)
             Mean action noise std: 0.15
          Mean value_function loss: 0.0742
               Mean surrogate loss: -0.0046
                 Mean entropy loss: -4.0133
                       Mean reward: 86.57
               Mean episode length: 885.57
           Episode_Reward/progress: 6.0396
              Episode_Reward/alive: 0.4810
            Episode_Reward/upright: 0.0956
     Episode_Reward/move_to_target: 0.4787
          Episode_Reward/action_l2: -0.0278
             Episode_Reward/energy: -0.9810
   Episode_Reward/joint_pos_limits: -0.4421
      Episode_Termination/time_out: 0.8836
  Episode_Termination/torso_height: 0.1164
--------------------------------------------------------------------------------
                   Total timesteps: 6832128
                    Iteration time: 0.38s
                      Time elapsed: 00:02:37
                               ETA: 00:00:31

################################################################################
                      [1m Learning iteration 417/500 [0m                      

                       Computation: 46427 steps/s (collection: 0.281s, learning 0.071s)
             Mean action noise std: 0.15
          Mean value_function loss: 0.0443
               Mean surrogate loss: -0.0066
                 Mean entropy loss: -4.0276
                       Mean reward: 87.57
               Mean episode length: 897.81
           Episode_Reward/progress: 5.8928
              Episode_Reward/alive: 0.4763
            Episode_Reward/upright: 0.0936
     Episode_Reward/move_to_target: 0.4718
          Episode_Reward/action_l2: -0.0274
             Episode_Reward/energy: -0.9642
   Episode_Reward/joint_pos_limits: -0.4387
      Episode_Termination/time_out: 0.8867
  Episode_Termination/torso_height: 0.1133
--------------------------------------------------------------------------------
                   Total timesteps: 6848512
                    Iteration time: 0.35s
                      Time elapsed: 00:02:37
                               ETA: 00:00:31

################################################################################
                      [1m Learning iteration 418/500 [0m                      

                       Computation: 44444 steps/s (collection: 0.299s, learning 0.070s)
             Mean action noise std: 0.15
          Mean value_function loss: 0.0424
               Mean surrogate loss: -0.0035
                 Mean entropy loss: -4.0415
                       Mean reward: 85.06
               Mean episode length: 876.59
           Episode_Reward/progress: 5.6967
              Episode_Reward/alive: 0.4584
            Episode_Reward/upright: 0.0907
     Episode_Reward/move_to_target: 0.4501
          Episode_Reward/action_l2: -0.0264
             Episode_Reward/energy: -0.9342
   Episode_Reward/joint_pos_limits: -0.4218
      Episode_Termination/time_out: 0.8899
  Episode_Termination/torso_height: 0.1101
--------------------------------------------------------------------------------
                   Total timesteps: 6864896
                    Iteration time: 0.37s
                      Time elapsed: 00:02:37
                               ETA: 00:00:30

################################################################################
                      [1m Learning iteration 419/500 [0m                      

                       Computation: 43001 steps/s (collection: 0.301s, learning 0.080s)
             Mean action noise std: 0.15
          Mean value_function loss: 0.0442
               Mean surrogate loss: -0.0046
                 Mean entropy loss: -4.0571
                       Mean reward: 84.12
               Mean episode length: 867.61
           Episode_Reward/progress: 5.1089
              Episode_Reward/alive: 0.4634
            Episode_Reward/upright: 0.0915
     Episode_Reward/move_to_target: 0.4514
          Episode_Reward/action_l2: -0.0241
             Episode_Reward/energy: -0.8395
   Episode_Reward/joint_pos_limits: -0.4348
      Episode_Termination/time_out: 0.8888
  Episode_Termination/torso_height: 0.1112
--------------------------------------------------------------------------------
                   Total timesteps: 6881280
                    Iteration time: 0.38s
                      Time elapsed: 00:02:38
                               ETA: 00:00:30

################################################################################
                      [1m Learning iteration 420/500 [0m                      

                       Computation: 47169 steps/s (collection: 0.272s, learning 0.075s)
             Mean action noise std: 0.15
          Mean value_function loss: 0.1317
               Mean surrogate loss: -0.0037
                 Mean entropy loss: -4.0723
                       Mean reward: 85.47
               Mean episode length: 879.78
           Episode_Reward/progress: 5.5395
              Episode_Reward/alive: 0.4287
            Episode_Reward/upright: 0.0840
     Episode_Reward/move_to_target: 0.4287
          Episode_Reward/action_l2: -0.0245
             Episode_Reward/energy: -0.8757
   Episode_Reward/joint_pos_limits: -0.3960
      Episode_Termination/time_out: 0.8895
  Episode_Termination/torso_height: 0.1105
--------------------------------------------------------------------------------
                   Total timesteps: 6897664
                    Iteration time: 0.35s
                      Time elapsed: 00:02:38
                               ETA: 00:00:30

################################################################################
                      [1m Learning iteration 421/500 [0m                      

                       Computation: 41931 steps/s (collection: 0.311s, learning 0.080s)
             Mean action noise std: 0.15
          Mean value_function loss: 0.0654
               Mean surrogate loss: -0.0056
                 Mean entropy loss: -4.0772
                       Mean reward: 86.04
               Mean episode length: 879.85
           Episode_Reward/progress: 6.2712
              Episode_Reward/alive: 0.4856
            Episode_Reward/upright: 0.0969
     Episode_Reward/move_to_target: 0.4848
          Episode_Reward/action_l2: -0.0285
             Episode_Reward/energy: -1.0108
   Episode_Reward/joint_pos_limits: -0.4488
      Episode_Termination/time_out: 0.8939
  Episode_Termination/torso_height: 0.1061
--------------------------------------------------------------------------------
                   Total timesteps: 6914048
                    Iteration time: 0.39s
                      Time elapsed: 00:02:38
                               ETA: 00:00:29

################################################################################
                      [1m Learning iteration 422/500 [0m                      

                       Computation: 36955 steps/s (collection: 0.344s, learning 0.099s)
             Mean action noise std: 0.15
          Mean value_function loss: 0.0760
               Mean surrogate loss: -0.0041
                 Mean entropy loss: -4.0891
                       Mean reward: 85.61
               Mean episode length: 879.85
           Episode_Reward/progress: 6.4961
              Episode_Reward/alive: 0.5000
            Episode_Reward/upright: 0.0996
     Episode_Reward/move_to_target: 0.4982
          Episode_Reward/action_l2: -0.0290
             Episode_Reward/energy: -1.0405
   Episode_Reward/joint_pos_limits: -0.4625
      Episode_Termination/time_out: 0.9023
  Episode_Termination/torso_height: 0.0977
--------------------------------------------------------------------------------
                   Total timesteps: 6930432
                    Iteration time: 0.44s
                      Time elapsed: 00:02:39
                               ETA: 00:00:29

################################################################################
                      [1m Learning iteration 423/500 [0m                      

                       Computation: 39213 steps/s (collection: 0.300s, learning 0.118s)
             Mean action noise std: 0.15
          Mean value_function loss: 0.0576
               Mean surrogate loss: -0.0052
                 Mean entropy loss: -4.0889
                       Mean reward: 85.70
               Mean episode length: 875.59
           Episode_Reward/progress: 5.9847
              Episode_Reward/alive: 0.4740
            Episode_Reward/upright: 0.0931
     Episode_Reward/move_to_target: 0.4672
          Episode_Reward/action_l2: -0.0273
             Episode_Reward/energy: -0.9750
   Episode_Reward/joint_pos_limits: -0.4342
      Episode_Termination/time_out: 0.9070
  Episode_Termination/torso_height: 0.0930
--------------------------------------------------------------------------------
                   Total timesteps: 6946816
                    Iteration time: 0.42s
                      Time elapsed: 00:02:39
                               ETA: 00:00:29

################################################################################
                      [1m Learning iteration 424/500 [0m                      

                       Computation: 33844 steps/s (collection: 0.384s, learning 0.100s)
             Mean action noise std: 0.15
          Mean value_function loss: 0.0932
               Mean surrogate loss: -0.0051
                 Mean entropy loss: -4.0899
                       Mean reward: 87.06
               Mean episode length: 879.10
           Episode_Reward/progress: 5.8657
              Episode_Reward/alive: 0.4384
            Episode_Reward/upright: 0.0866
     Episode_Reward/move_to_target: 0.4367
          Episode_Reward/action_l2: -0.0252
             Episode_Reward/energy: -0.9001
   Episode_Reward/joint_pos_limits: -0.4079
      Episode_Termination/time_out: 0.9005
  Episode_Termination/torso_height: 0.0995
--------------------------------------------------------------------------------
                   Total timesteps: 6963200
                    Iteration time: 0.48s
                      Time elapsed: 00:02:40
                               ETA: 00:00:28

################################################################################
                      [1m Learning iteration 425/500 [0m                      

                       Computation: 33888 steps/s (collection: 0.390s, learning 0.093s)
             Mean action noise std: 0.15
          Mean value_function loss: 0.0901
               Mean surrogate loss: -0.0059
                 Mean entropy loss: -4.0969
                       Mean reward: 87.42
               Mean episode length: 887.46
           Episode_Reward/progress: 5.5413
              Episode_Reward/alive: 0.4851
            Episode_Reward/upright: 0.0961
     Episode_Reward/move_to_target: 0.4650
          Episode_Reward/action_l2: -0.0261
             Episode_Reward/energy: -0.8888
   Episode_Reward/joint_pos_limits: -0.4589
      Episode_Termination/time_out: 0.8969
  Episode_Termination/torso_height: 0.1031
--------------------------------------------------------------------------------
                   Total timesteps: 6979584
                    Iteration time: 0.48s
                      Time elapsed: 00:02:40
                               ETA: 00:00:28

################################################################################
                      [1m Learning iteration 426/500 [0m                      

                       Computation: 42901 steps/s (collection: 0.289s, learning 0.093s)
             Mean action noise std: 0.15
          Mean value_function loss: 0.0903
               Mean surrogate loss: -0.0043
                 Mean entropy loss: -4.1246
                       Mean reward: 86.29
               Mean episode length: 878.81
           Episode_Reward/progress: 5.8563
              Episode_Reward/alive: 0.4524
            Episode_Reward/upright: 0.0893
     Episode_Reward/move_to_target: 0.4490
          Episode_Reward/action_l2: -0.0263
             Episode_Reward/energy: -0.9335
   Episode_Reward/joint_pos_limits: -0.4180
      Episode_Termination/time_out: 0.8946
  Episode_Termination/torso_height: 0.1054
--------------------------------------------------------------------------------
                   Total timesteps: 6995968
                    Iteration time: 0.38s
                      Time elapsed: 00:02:41
                               ETA: 00:00:27

################################################################################
                      [1m Learning iteration 427/500 [0m                      

                       Computation: 41908 steps/s (collection: 0.301s, learning 0.090s)
             Mean action noise std: 0.15
          Mean value_function loss: 0.0770
               Mean surrogate loss: -0.0056
                 Mean entropy loss: -4.1279
                       Mean reward: 85.36
               Mean episode length: 858.10
           Episode_Reward/progress: 5.9738
              Episode_Reward/alive: 0.4594
            Episode_Reward/upright: 0.0908
     Episode_Reward/move_to_target: 0.4581
          Episode_Reward/action_l2: -0.0263
             Episode_Reward/energy: -0.9523
   Episode_Reward/joint_pos_limits: -0.4206
      Episode_Termination/time_out: 0.8926
  Episode_Termination/torso_height: 0.1074
--------------------------------------------------------------------------------
                   Total timesteps: 7012352
                    Iteration time: 0.39s
                      Time elapsed: 00:02:41
                               ETA: 00:00:27

################################################################################
                      [1m Learning iteration 428/500 [0m                      

                       Computation: 45179 steps/s (collection: 0.274s, learning 0.088s)
             Mean action noise std: 0.15
          Mean value_function loss: 0.0801
               Mean surrogate loss: -0.0071
                 Mean entropy loss: -4.1226
                       Mean reward: 85.84
               Mean episode length: 868.10
           Episode_Reward/progress: 5.7419
              Episode_Reward/alive: 0.4503
            Episode_Reward/upright: 0.0884
     Episode_Reward/move_to_target: 0.4482
          Episode_Reward/action_l2: -0.0259
             Episode_Reward/energy: -0.9191
   Episode_Reward/joint_pos_limits: -0.4148
      Episode_Termination/time_out: 0.8939
  Episode_Termination/torso_height: 0.1061
--------------------------------------------------------------------------------
                   Total timesteps: 7028736
                    Iteration time: 0.36s
                      Time elapsed: 00:02:41
                               ETA: 00:00:27

################################################################################
                      [1m Learning iteration 429/500 [0m                      

                       Computation: 42090 steps/s (collection: 0.285s, learning 0.104s)
             Mean action noise std: 0.15
          Mean value_function loss: 0.0900
               Mean surrogate loss: -0.0033
                 Mean entropy loss: -4.1323
                       Mean reward: 87.28
               Mean episode length: 869.01
           Episode_Reward/progress: 5.7665
              Episode_Reward/alive: 0.4400
            Episode_Reward/upright: 0.0857
     Episode_Reward/move_to_target: 0.4359
          Episode_Reward/action_l2: -0.0253
             Episode_Reward/energy: -0.9102
   Episode_Reward/joint_pos_limits: -0.4071
      Episode_Termination/time_out: 0.8923
  Episode_Termination/torso_height: 0.1077
--------------------------------------------------------------------------------
                   Total timesteps: 7045120
                    Iteration time: 0.39s
                      Time elapsed: 00:02:42
                               ETA: 00:00:26

################################################################################
                      [1m Learning iteration 430/500 [0m                      

                       Computation: 38890 steps/s (collection: 0.320s, learning 0.101s)
             Mean action noise std: 0.15
          Mean value_function loss: 0.0818
               Mean surrogate loss: -0.0055
                 Mean entropy loss: -4.1485
                       Mean reward: 87.84
               Mean episode length: 875.19
           Episode_Reward/progress: 6.3373
              Episode_Reward/alive: 0.4884
            Episode_Reward/upright: 0.0966
     Episode_Reward/move_to_target: 0.4876
          Episode_Reward/action_l2: -0.0282
             Episode_Reward/energy: -1.0113
   Episode_Reward/joint_pos_limits: -0.4501
      Episode_Termination/time_out: 0.8941
  Episode_Termination/torso_height: 0.1059
--------------------------------------------------------------------------------
                   Total timesteps: 7061504
                    Iteration time: 0.42s
                      Time elapsed: 00:02:42
                               ETA: 00:00:26

################################################################################
                      [1m Learning iteration 431/500 [0m                      

                       Computation: 37098 steps/s (collection: 0.344s, learning 0.098s)
             Mean action noise std: 0.15
          Mean value_function loss: 0.0869
               Mean surrogate loss: -0.0061
                 Mean entropy loss: -4.1773
                       Mean reward: 89.42
               Mean episode length: 888.42
           Episode_Reward/progress: 6.2462
              Episode_Reward/alive: 0.4782
            Episode_Reward/upright: 0.0940
     Episode_Reward/move_to_target: 0.4776
          Episode_Reward/action_l2: -0.0276
             Episode_Reward/energy: -0.9903
   Episode_Reward/joint_pos_limits: -0.4424
      Episode_Termination/time_out: 0.8942
  Episode_Termination/torso_height: 0.1058
--------------------------------------------------------------------------------
                   Total timesteps: 7077888
                    Iteration time: 0.44s
                      Time elapsed: 00:02:43
                               ETA: 00:00:26

################################################################################
                      [1m Learning iteration 432/500 [0m                      

                       Computation: 42597 steps/s (collection: 0.293s, learning 0.091s)
             Mean action noise std: 0.15
          Mean value_function loss: 0.0761
               Mean surrogate loss: -0.0032
                 Mean entropy loss: -4.1834
                       Mean reward: 90.27
               Mean episode length: 896.33
           Episode_Reward/progress: 6.3000
              Episode_Reward/alive: 0.4851
            Episode_Reward/upright: 0.0969
     Episode_Reward/move_to_target: 0.4851
          Episode_Reward/action_l2: -0.0282
             Episode_Reward/energy: -1.0254
   Episode_Reward/joint_pos_limits: -0.4456
      Episode_Termination/time_out: 0.8930
  Episode_Termination/torso_height: 0.1070
--------------------------------------------------------------------------------
                   Total timesteps: 7094272
                    Iteration time: 0.38s
                      Time elapsed: 00:02:43
                               ETA: 00:00:25

################################################################################
                      [1m Learning iteration 433/500 [0m                      

                       Computation: 42356 steps/s (collection: 0.309s, learning 0.078s)
             Mean action noise std: 0.15
          Mean value_function loss: 0.0906
               Mean surrogate loss: -0.0057
                 Mean entropy loss: -4.1951
                       Mean reward: 90.99
               Mean episode length: 904.21
           Episode_Reward/progress: 5.8074
              Episode_Reward/alive: 0.4565
            Episode_Reward/upright: 0.0899
     Episode_Reward/move_to_target: 0.4549
          Episode_Reward/action_l2: -0.0261
             Episode_Reward/energy: -0.9381
   Episode_Reward/joint_pos_limits: -0.4183
      Episode_Termination/time_out: 0.8922
  Episode_Termination/torso_height: 0.1078
--------------------------------------------------------------------------------
                   Total timesteps: 7110656
                    Iteration time: 0.39s
                      Time elapsed: 00:02:43
                               ETA: 00:00:25

################################################################################
                      [1m Learning iteration 434/500 [0m                      

                       Computation: 42227 steps/s (collection: 0.293s, learning 0.095s)
             Mean action noise std: 0.15
          Mean value_function loss: 0.0678
               Mean surrogate loss: -0.0041
                 Mean entropy loss: -4.2098
                       Mean reward: 89.57
               Mean episode length: 897.72
           Episode_Reward/progress: 4.7965
              Episode_Reward/alive: 0.3934
            Episode_Reward/upright: 0.0749
     Episode_Reward/move_to_target: 0.3891
          Episode_Reward/action_l2: -0.0222
             Episode_Reward/energy: -0.7778
   Episode_Reward/joint_pos_limits: -0.3643
      Episode_Termination/time_out: 0.8937
  Episode_Termination/torso_height: 0.1063
--------------------------------------------------------------------------------
                   Total timesteps: 7127040
                    Iteration time: 0.39s
                      Time elapsed: 00:02:44
                               ETA: 00:00:24

################################################################################
                      [1m Learning iteration 435/500 [0m                      

                       Computation: 41431 steps/s (collection: 0.317s, learning 0.078s)
             Mean action noise std: 0.15
          Mean value_function loss: 0.1176
               Mean surrogate loss: -0.0049
                 Mean entropy loss: -4.2443
                       Mean reward: 84.85
               Mean episode length: 875.47
           Episode_Reward/progress: 4.6336
              Episode_Reward/alive: 0.4520
            Episode_Reward/upright: 0.0869
     Episode_Reward/move_to_target: 0.3455
          Episode_Reward/action_l2: -0.0259
             Episode_Reward/energy: -0.7754
   Episode_Reward/joint_pos_limits: -0.4255
      Episode_Termination/time_out: 0.8931
  Episode_Termination/torso_height: 0.1069
--------------------------------------------------------------------------------
                   Total timesteps: 7143424
                    Iteration time: 0.40s
                      Time elapsed: 00:02:44
                               ETA: 00:00:24

################################################################################
                      [1m Learning iteration 436/500 [0m                      

                       Computation: 45172 steps/s (collection: 0.278s, learning 0.085s)
             Mean action noise std: 0.15
          Mean value_function loss: 0.0685
               Mean surrogate loss: -0.0054
                 Mean entropy loss: -4.2800
                       Mean reward: 85.00
               Mean episode length: 875.55
           Episode_Reward/progress: 6.1292
              Episode_Reward/alive: 0.4741
            Episode_Reward/upright: 0.0929
     Episode_Reward/move_to_target: 0.4655
          Episode_Reward/action_l2: -0.0271
             Episode_Reward/energy: -0.9750
   Episode_Reward/joint_pos_limits: -0.4354
      Episode_Termination/time_out: 0.8920
  Episode_Termination/torso_height: 0.1080
--------------------------------------------------------------------------------
                   Total timesteps: 7159808
                    Iteration time: 0.36s
                      Time elapsed: 00:02:45
                               ETA: 00:00:24

################################################################################
                      [1m Learning iteration 437/500 [0m                      

                       Computation: 41949 steps/s (collection: 0.293s, learning 0.098s)
             Mean action noise std: 0.15
          Mean value_function loss: 0.0565
               Mean surrogate loss: -0.0048
                 Mean entropy loss: -4.2893
                       Mean reward: 85.46
               Mean episode length: 884.70
           Episode_Reward/progress: 6.2472
              Episode_Reward/alive: 0.4847
            Episode_Reward/upright: 0.0964
     Episode_Reward/move_to_target: 0.4681
          Episode_Reward/action_l2: -0.0279
             Episode_Reward/energy: -0.9883
   Episode_Reward/joint_pos_limits: -0.4493
      Episode_Termination/time_out: 0.8914
  Episode_Termination/torso_height: 0.1086
--------------------------------------------------------------------------------
                   Total timesteps: 7176192
                    Iteration time: 0.39s
                      Time elapsed: 00:02:45
                               ETA: 00:00:23

################################################################################
                      [1m Learning iteration 438/500 [0m                      

                       Computation: 44598 steps/s (collection: 0.277s, learning 0.090s)
             Mean action noise std: 0.15
          Mean value_function loss: 0.0605
               Mean surrogate loss: -0.0056
                 Mean entropy loss: -4.2931
                       Mean reward: 84.42
               Mean episode length: 875.84
           Episode_Reward/progress: 5.1788
              Episode_Reward/alive: 0.4213
            Episode_Reward/upright: 0.0806
     Episode_Reward/move_to_target: 0.3947
          Episode_Reward/action_l2: -0.0237
             Episode_Reward/energy: -0.8443
   Episode_Reward/joint_pos_limits: -0.3899
      Episode_Termination/time_out: 0.8949
  Episode_Termination/torso_height: 0.1051
--------------------------------------------------------------------------------
                   Total timesteps: 7192576
                    Iteration time: 0.37s
                      Time elapsed: 00:02:45
                               ETA: 00:00:23

################################################################################
                      [1m Learning iteration 439/500 [0m                      

                       Computation: 46527 steps/s (collection: 0.263s, learning 0.089s)
             Mean action noise std: 0.15
          Mean value_function loss: 0.0825
               Mean surrogate loss: -0.0037
                 Mean entropy loss: -4.2861
                       Mean reward: 82.01
               Mean episode length: 849.08
           Episode_Reward/progress: 4.6582
              Episode_Reward/alive: 0.3633
            Episode_Reward/upright: 0.0707
     Episode_Reward/move_to_target: 0.3582
          Episode_Reward/action_l2: -0.0208
             Episode_Reward/energy: -0.7497
   Episode_Reward/joint_pos_limits: -0.3322
      Episode_Termination/time_out: 0.8946
  Episode_Termination/torso_height: 0.1054
--------------------------------------------------------------------------------
                   Total timesteps: 7208960
                    Iteration time: 0.35s
                      Time elapsed: 00:02:46
                               ETA: 00:00:23

################################################################################
                      [1m Learning iteration 440/500 [0m                      

                       Computation: 43528 steps/s (collection: 0.275s, learning 0.101s)
             Mean action noise std: 0.15
          Mean value_function loss: 0.0867
               Mean surrogate loss: -0.0039
                 Mean entropy loss: -4.3016
                       Mean reward: 83.25
               Mean episode length: 858.23
           Episode_Reward/progress: 5.3396
              Episode_Reward/alive: 0.4141
            Episode_Reward/upright: 0.0812
     Episode_Reward/move_to_target: 0.4125
          Episode_Reward/action_l2: -0.0240
             Episode_Reward/energy: -0.8630
   Episode_Reward/joint_pos_limits: -0.3806
      Episode_Termination/time_out: 0.8918
  Episode_Termination/torso_height: 0.1082
--------------------------------------------------------------------------------
                   Total timesteps: 7225344
                    Iteration time: 0.38s
                      Time elapsed: 00:02:46
                               ETA: 00:00:22

################################################################################
                      [1m Learning iteration 441/500 [0m                      

                       Computation: 40590 steps/s (collection: 0.309s, learning 0.095s)
             Mean action noise std: 0.15
          Mean value_function loss: 0.1014
               Mean surrogate loss: -0.0071
                 Mean entropy loss: -4.3131
                       Mean reward: 82.46
               Mean episode length: 839.08
           Episode_Reward/progress: 4.6079
              Episode_Reward/alive: 0.3999
            Episode_Reward/upright: 0.0769
     Episode_Reward/move_to_target: 0.3880
          Episode_Reward/action_l2: -0.0223
             Episode_Reward/energy: -0.7706
   Episode_Reward/joint_pos_limits: -0.3641
      Episode_Termination/time_out: 0.8898
  Episode_Termination/torso_height: 0.1102
--------------------------------------------------------------------------------
                   Total timesteps: 7241728
                    Iteration time: 0.40s
                      Time elapsed: 00:02:46
                               ETA: 00:00:22

################################################################################
                      [1m Learning iteration 442/500 [0m                      

                       Computation: 42260 steps/s (collection: 0.290s, learning 0.097s)
             Mean action noise std: 0.15
          Mean value_function loss: 0.0524
               Mean surrogate loss: -0.0042
                 Mean entropy loss: -4.3213
                       Mean reward: 82.18
               Mean episode length: 838.62
           Episode_Reward/progress: 6.4392
              Episode_Reward/alive: 0.4854
            Episode_Reward/upright: 0.0965
     Episode_Reward/move_to_target: 0.4840
          Episode_Reward/action_l2: -0.0280
             Episode_Reward/energy: -1.0179
   Episode_Reward/joint_pos_limits: -0.4467
      Episode_Termination/time_out: 0.8863
  Episode_Termination/torso_height: 0.1137
--------------------------------------------------------------------------------
                   Total timesteps: 7258112
                    Iteration time: 0.39s
                      Time elapsed: 00:02:47
                               ETA: 00:00:21

################################################################################
                      [1m Learning iteration 443/500 [0m                      

                       Computation: 42089 steps/s (collection: 0.302s, learning 0.088s)
             Mean action noise std: 0.15
          Mean value_function loss: 0.0458
               Mean surrogate loss: 0.0011
                 Mean entropy loss: -4.3325
                       Mean reward: 81.77
               Mean episode length: 825.22
           Episode_Reward/progress: 6.2322
              Episode_Reward/alive: 0.4811
            Episode_Reward/upright: 0.0951
     Episode_Reward/move_to_target: 0.4791
          Episode_Reward/action_l2: -0.0273
             Episode_Reward/energy: -0.9954
   Episode_Reward/joint_pos_limits: -0.4398
      Episode_Termination/time_out: 0.8849
  Episode_Termination/torso_height: 0.1151
--------------------------------------------------------------------------------
                   Total timesteps: 7274496
                    Iteration time: 0.39s
                      Time elapsed: 00:02:47
                               ETA: 00:00:21

################################################################################
                      [1m Learning iteration 444/500 [0m                      

                       Computation: 49575 steps/s (collection: 0.259s, learning 0.071s)
             Mean action noise std: 0.15
          Mean value_function loss: 0.0890
               Mean surrogate loss: -0.0055
                 Mean entropy loss: -4.3419
                       Mean reward: 82.02
               Mean episode length: 833.73
           Episode_Reward/progress: 6.5659
              Episode_Reward/alive: 0.5000
            Episode_Reward/upright: 0.0999
     Episode_Reward/move_to_target: 0.4951
          Episode_Reward/action_l2: -0.0284
             Episode_Reward/energy: -1.0324
   Episode_Reward/joint_pos_limits: -0.4620
      Episode_Termination/time_out: 0.8857
  Episode_Termination/torso_height: 0.1143
--------------------------------------------------------------------------------
                   Total timesteps: 7290880
                    Iteration time: 0.33s
                      Time elapsed: 00:02:48
                               ETA: 00:00:21

################################################################################
                      [1m Learning iteration 445/500 [0m                      

                       Computation: 43669 steps/s (collection: 0.285s, learning 0.090s)
             Mean action noise std: 0.15
          Mean value_function loss: 0.0933
               Mean surrogate loss: -0.0046
                 Mean entropy loss: -4.3562
                       Mean reward: 81.57
               Mean episode length: 824.96
           Episode_Reward/progress: 4.5280
              Episode_Reward/alive: 0.3567
            Episode_Reward/upright: 0.0687
     Episode_Reward/move_to_target: 0.3514
          Episode_Reward/action_l2: -0.0202
             Episode_Reward/energy: -0.7224
   Episode_Reward/joint_pos_limits: -0.3277
      Episode_Termination/time_out: 0.8849
  Episode_Termination/torso_height: 0.1151
--------------------------------------------------------------------------------
                   Total timesteps: 7307264
                    Iteration time: 0.38s
                      Time elapsed: 00:02:48
                               ETA: 00:00:20

################################################################################
                      [1m Learning iteration 446/500 [0m                      

                       Computation: 45905 steps/s (collection: 0.262s, learning 0.094s)
             Mean action noise std: 0.15
          Mean value_function loss: 0.0742
               Mean surrogate loss: -0.0055
                 Mean entropy loss: -4.3771
                       Mean reward: 82.89
               Mean episode length: 839.08
           Episode_Reward/progress: 4.6370
              Episode_Reward/alive: 0.4039
            Episode_Reward/upright: 0.0763
     Episode_Reward/move_to_target: 0.3961
          Episode_Reward/action_l2: -0.0218
             Episode_Reward/energy: -0.7668
   Episode_Reward/joint_pos_limits: -0.3710
      Episode_Termination/time_out: 0.8800
  Episode_Termination/torso_height: 0.1200
--------------------------------------------------------------------------------
                   Total timesteps: 7323648
                    Iteration time: 0.36s
                      Time elapsed: 00:02:48
                               ETA: 00:00:20

################################################################################
                      [1m Learning iteration 447/500 [0m                      

                       Computation: 45288 steps/s (collection: 0.273s, learning 0.089s)
             Mean action noise std: 0.15
          Mean value_function loss: 0.0519
               Mean surrogate loss: -0.0048
                 Mean entropy loss: -4.3862
                       Mean reward: 82.99
               Mean episode length: 845.55
           Episode_Reward/progress: 4.6850
              Episode_Reward/alive: 0.3969
            Episode_Reward/upright: 0.0770
     Episode_Reward/move_to_target: 0.3755
          Episode_Reward/action_l2: -0.0219
             Episode_Reward/energy: -0.7758
   Episode_Reward/joint_pos_limits: -0.3663
      Episode_Termination/time_out: 0.8798
  Episode_Termination/torso_height: 0.1202
--------------------------------------------------------------------------------
                   Total timesteps: 7340032
                    Iteration time: 0.36s
                      Time elapsed: 00:02:49
                               ETA: 00:00:20

################################################################################
                      [1m Learning iteration 448/500 [0m                      

                       Computation: 47026 steps/s (collection: 0.278s, learning 0.070s)
             Mean action noise std: 0.15
          Mean value_function loss: 0.0703
               Mean surrogate loss: -0.0039
                 Mean entropy loss: -4.4028
                       Mean reward: 82.66
               Mean episode length: 842.45
           Episode_Reward/progress: 5.9134
              Episode_Reward/alive: 0.4415
            Episode_Reward/upright: 0.0873
     Episode_Reward/move_to_target: 0.4407
          Episode_Reward/action_l2: -0.0254
             Episode_Reward/energy: -0.9304
   Episode_Reward/joint_pos_limits: -0.4059
      Episode_Termination/time_out: 0.8793
  Episode_Termination/torso_height: 0.1207
--------------------------------------------------------------------------------
                   Total timesteps: 7356416
                    Iteration time: 0.35s
                      Time elapsed: 00:02:49
                               ETA: 00:00:19

################################################################################
                      [1m Learning iteration 449/500 [0m                      

                       Computation: 49882 steps/s (collection: 0.253s, learning 0.075s)
             Mean action noise std: 0.15
          Mean value_function loss: 0.1239
               Mean surrogate loss: -0.0024
                 Mean entropy loss: -4.4112
                       Mean reward: 81.51
               Mean episode length: 832.22
           Episode_Reward/progress: 5.5997
              Episode_Reward/alive: 0.4525
            Episode_Reward/upright: 0.0883
     Episode_Reward/move_to_target: 0.4418
          Episode_Reward/action_l2: -0.0253
             Episode_Reward/energy: -0.9063
   Episode_Reward/joint_pos_limits: -0.4153
      Episode_Termination/time_out: 0.8781
  Episode_Termination/torso_height: 0.1219
--------------------------------------------------------------------------------
                   Total timesteps: 7372800
                    Iteration time: 0.33s
                      Time elapsed: 00:02:49
                               ETA: 00:00:19

################################################################################
                      [1m Learning iteration 450/500 [0m                      

                       Computation: 46676 steps/s (collection: 0.278s, learning 0.073s)
             Mean action noise std: 0.15
          Mean value_function loss: 0.0638
               Mean surrogate loss: -0.0034
                 Mean entropy loss: -4.4285
                       Mean reward: 79.19
               Mean episode length: 807.29
           Episode_Reward/progress: 5.5423
              Episode_Reward/alive: 0.4300
            Episode_Reward/upright: 0.0840
     Episode_Reward/move_to_target: 0.4250
          Episode_Reward/action_l2: -0.0244
             Episode_Reward/energy: -0.8938
   Episode_Reward/joint_pos_limits: -0.3933
      Episode_Termination/time_out: 0.8757
  Episode_Termination/torso_height: 0.1243
--------------------------------------------------------------------------------
                   Total timesteps: 7389184
                    Iteration time: 0.35s
                      Time elapsed: 00:02:50
                               ETA: 00:00:18

################################################################################
                      [1m Learning iteration 451/500 [0m                      

                       Computation: 47789 steps/s (collection: 0.270s, learning 0.073s)
             Mean action noise std: 0.15
          Mean value_function loss: 0.1273
               Mean surrogate loss: -0.0051
                 Mean entropy loss: -4.4288
                       Mean reward: 79.77
               Mean episode length: 816.12
           Episode_Reward/progress: 4.1108
              Episode_Reward/alive: 0.3390
            Episode_Reward/upright: 0.0655
     Episode_Reward/move_to_target: 0.3328
          Episode_Reward/action_l2: -0.0193
             Episode_Reward/energy: -0.6943
   Episode_Reward/joint_pos_limits: -0.3077
      Episode_Termination/time_out: 0.8696
  Episode_Termination/torso_height: 0.1304
--------------------------------------------------------------------------------
                   Total timesteps: 7405568
                    Iteration time: 0.34s
                      Time elapsed: 00:02:50
                               ETA: 00:00:18

################################################################################
                      [1m Learning iteration 452/500 [0m                      

                       Computation: 41416 steps/s (collection: 0.301s, learning 0.094s)
             Mean action noise std: 0.15
          Mean value_function loss: 0.0598
               Mean surrogate loss: -0.0029
                 Mean entropy loss: -4.4357
                       Mean reward: 80.30
               Mean episode length: 825.24
           Episode_Reward/progress: 6.2102
              Episode_Reward/alive: 0.4796
            Episode_Reward/upright: 0.0950
     Episode_Reward/move_to_target: 0.4782
          Episode_Reward/action_l2: -0.0275
             Episode_Reward/energy: -1.0039
   Episode_Reward/joint_pos_limits: -0.4391
      Episode_Termination/time_out: 0.8680
  Episode_Termination/torso_height: 0.1320
--------------------------------------------------------------------------------
                   Total timesteps: 7421952
                    Iteration time: 0.40s
                      Time elapsed: 00:02:50
                               ETA: 00:00:18

################################################################################
                      [1m Learning iteration 453/500 [0m                      

                       Computation: 42107 steps/s (collection: 0.293s, learning 0.096s)
             Mean action noise std: 0.15
          Mean value_function loss: 0.0481
               Mean surrogate loss: -0.0025
                 Mean entropy loss: -4.4409
                       Mean reward: 81.53
               Mean episode length: 826.40
           Episode_Reward/progress: 6.2000
              Episode_Reward/alive: 0.4767
            Episode_Reward/upright: 0.0947
     Episode_Reward/move_to_target: 0.4729
          Episode_Reward/action_l2: -0.0275
             Episode_Reward/energy: -1.0124
   Episode_Reward/joint_pos_limits: -0.4345
      Episode_Termination/time_out: 0.8660
  Episode_Termination/torso_height: 0.1340
--------------------------------------------------------------------------------
                   Total timesteps: 7438336
                    Iteration time: 0.39s
                      Time elapsed: 00:02:51
                               ETA: 00:00:17

################################################################################
                      [1m Learning iteration 454/500 [0m                      

                       Computation: 40443 steps/s (collection: 0.299s, learning 0.106s)
             Mean action noise std: 0.15
          Mean value_function loss: 0.0902
               Mean surrogate loss: -0.0037
                 Mean entropy loss: -4.4521
                       Mean reward: 84.42
               Mean episode length: 851.22
           Episode_Reward/progress: 6.5006
              Episode_Reward/alive: 0.4937
            Episode_Reward/upright: 0.0985
     Episode_Reward/move_to_target: 0.4926
          Episode_Reward/action_l2: -0.0283
             Episode_Reward/energy: -1.0364
   Episode_Reward/joint_pos_limits: -0.4543
      Episode_Termination/time_out: 0.8705
  Episode_Termination/torso_height: 0.1295
--------------------------------------------------------------------------------
                   Total timesteps: 7454720
                    Iteration time: 0.41s
                      Time elapsed: 00:02:51
                               ETA: 00:00:17

################################################################################
                      [1m Learning iteration 455/500 [0m                      

                       Computation: 48149 steps/s (collection: 0.268s, learning 0.073s)
             Mean action noise std: 0.15
          Mean value_function loss: 0.0819
               Mean surrogate loss: -0.0045
                 Mean entropy loss: -4.4658
                       Mean reward: 89.09
               Mean episode length: 890.33
           Episode_Reward/progress: 6.5062
              Episode_Reward/alive: 0.4901
            Episode_Reward/upright: 0.0970
     Episode_Reward/move_to_target: 0.4886
          Episode_Reward/action_l2: -0.0282
             Episode_Reward/energy: -1.0428
   Episode_Reward/joint_pos_limits: -0.4487
      Episode_Termination/time_out: 0.8726
  Episode_Termination/torso_height: 0.1274
--------------------------------------------------------------------------------
                   Total timesteps: 7471104
                    Iteration time: 0.34s
                      Time elapsed: 00:02:52
                               ETA: 00:00:16

################################################################################
                      [1m Learning iteration 456/500 [0m                      

                       Computation: 39310 steps/s (collection: 0.318s, learning 0.099s)
             Mean action noise std: 0.15
          Mean value_function loss: 0.0589
               Mean surrogate loss: -0.0046
                 Mean entropy loss: -4.4950
                       Mean reward: 91.30
               Mean episode length: 907.29
           Episode_Reward/progress: 6.2868
              Episode_Reward/alive: 0.4859
            Episode_Reward/upright: 0.0955
     Episode_Reward/move_to_target: 0.4845
          Episode_Reward/action_l2: -0.0277
             Episode_Reward/energy: -1.0160
   Episode_Reward/joint_pos_limits: -0.4468
      Episode_Termination/time_out: 0.8715
  Episode_Termination/torso_height: 0.1285
--------------------------------------------------------------------------------
                   Total timesteps: 7487488
                    Iteration time: 0.42s
                      Time elapsed: 00:02:52
                               ETA: 00:00:16

################################################################################
                      [1m Learning iteration 457/500 [0m                      

                       Computation: 41436 steps/s (collection: 0.305s, learning 0.090s)
             Mean action noise std: 0.15
          Mean value_function loss: 0.1776
               Mean surrogate loss: -0.0047
                 Mean entropy loss: -4.5181
                       Mean reward: 92.61
               Mean episode length: 909.81
           Episode_Reward/progress: 5.8006
              Episode_Reward/alive: 0.4563
            Episode_Reward/upright: 0.0901
     Episode_Reward/move_to_target: 0.4527
          Episode_Reward/action_l2: -0.0259
             Episode_Reward/energy: -0.9461
   Episode_Reward/joint_pos_limits: -0.4181
      Episode_Termination/time_out: 0.8738
  Episode_Termination/torso_height: 0.1262
--------------------------------------------------------------------------------
                   Total timesteps: 7503872
                    Iteration time: 0.40s
                      Time elapsed: 00:02:52
                               ETA: 00:00:16

################################################################################
                      [1m Learning iteration 458/500 [0m                      

                       Computation: 41882 steps/s (collection: 0.300s, learning 0.091s)
             Mean action noise std: 0.15
          Mean value_function loss: 0.0923
               Mean surrogate loss: -0.0047
                 Mean entropy loss: -4.5174
                       Mean reward: 93.21
               Mean episode length: 915.25
           Episode_Reward/progress: 6.4828
              Episode_Reward/alive: 0.4904
            Episode_Reward/upright: 0.0975
     Episode_Reward/move_to_target: 0.4883
          Episode_Reward/action_l2: -0.0284
             Episode_Reward/energy: -1.0481
   Episode_Reward/joint_pos_limits: -0.4503
      Episode_Termination/time_out: 0.8782
  Episode_Termination/torso_height: 0.1218
--------------------------------------------------------------------------------
                   Total timesteps: 7520256
                    Iteration time: 0.39s
                      Time elapsed: 00:02:53
                               ETA: 00:00:15

################################################################################
                      [1m Learning iteration 459/500 [0m                      

                       Computation: 44940 steps/s (collection: 0.274s, learning 0.090s)
             Mean action noise std: 0.15
          Mean value_function loss: 0.0704
               Mean surrogate loss: -0.0068
                 Mean entropy loss: -4.5244
                       Mean reward: 89.95
               Mean episode length: 888.16
           Episode_Reward/progress: 5.7056
              Episode_Reward/alive: 0.4329
            Episode_Reward/upright: 0.0850
     Episode_Reward/move_to_target: 0.4292
          Episode_Reward/action_l2: -0.0246
             Episode_Reward/energy: -0.9136
   Episode_Reward/joint_pos_limits: -0.3970
      Episode_Termination/time_out: 0.8737
  Episode_Termination/torso_height: 0.1263
--------------------------------------------------------------------------------
                   Total timesteps: 7536640
                    Iteration time: 0.36s
                      Time elapsed: 00:02:53
                               ETA: 00:00:15

################################################################################
                      [1m Learning iteration 460/500 [0m                      

                       Computation: 44402 steps/s (collection: 0.282s, learning 0.087s)
             Mean action noise std: 0.15
          Mean value_function loss: 0.0872
               Mean surrogate loss: -0.0029
                 Mean entropy loss: -4.5183
                       Mean reward: 88.92
               Mean episode length: 876.50
           Episode_Reward/progress: 6.1486
              Episode_Reward/alive: 0.4678
            Episode_Reward/upright: 0.0920
     Episode_Reward/move_to_target: 0.4601
          Episode_Reward/action_l2: -0.0270
             Episode_Reward/energy: -0.9880
   Episode_Reward/joint_pos_limits: -0.4311
      Episode_Termination/time_out: 0.8716
  Episode_Termination/torso_height: 0.1284
--------------------------------------------------------------------------------
                   Total timesteps: 7553024
                    Iteration time: 0.37s
                      Time elapsed: 00:02:53
                               ETA: 00:00:15

################################################################################
                      [1m Learning iteration 461/500 [0m                      

                       Computation: 44963 steps/s (collection: 0.270s, learning 0.094s)
             Mean action noise std: 0.15
          Mean value_function loss: 0.0986
               Mean surrogate loss: -0.0038
                 Mean entropy loss: -4.5236
                       Mean reward: 89.73
               Mean episode length: 877.46
           Episode_Reward/progress: 6.2365
              Episode_Reward/alive: 0.4592
            Episode_Reward/upright: 0.0909
     Episode_Reward/move_to_target: 0.4573
          Episode_Reward/action_l2: -0.0266
             Episode_Reward/energy: -0.9872
   Episode_Reward/joint_pos_limits: -0.4264
      Episode_Termination/time_out: 0.8704
  Episode_Termination/torso_height: 0.1296
--------------------------------------------------------------------------------
                   Total timesteps: 7569408
                    Iteration time: 0.36s
                      Time elapsed: 00:02:54
                               ETA: 00:00:14

################################################################################
                      [1m Learning iteration 462/500 [0m                      

                       Computation: 40706 steps/s (collection: 0.307s, learning 0.096s)
             Mean action noise std: 0.15
          Mean value_function loss: 0.1040
               Mean surrogate loss: -0.0061
                 Mean entropy loss: -4.5380
                       Mean reward: 84.16
               Mean episode length: 823.96
           Episode_Reward/progress: 5.6937
              Episode_Reward/alive: 0.4225
            Episode_Reward/upright: 0.0828
     Episode_Reward/move_to_target: 0.4202
          Episode_Reward/action_l2: -0.0243
             Episode_Reward/energy: -0.9047
   Episode_Reward/joint_pos_limits: -0.3900
      Episode_Termination/time_out: 0.8628
  Episode_Termination/torso_height: 0.1372
--------------------------------------------------------------------------------
                   Total timesteps: 7585792
                    Iteration time: 0.40s
                      Time elapsed: 00:02:54
                               ETA: 00:00:14

################################################################################
                      [1m Learning iteration 463/500 [0m                      

                       Computation: 41200 steps/s (collection: 0.317s, learning 0.081s)
             Mean action noise std: 0.15
          Mean value_function loss: 0.1057
               Mean surrogate loss: -0.0043
                 Mean entropy loss: -4.5482
                       Mean reward: 85.88
               Mean episode length: 844.58
           Episode_Reward/progress: 6.0579
              Episode_Reward/alive: 0.4642
            Episode_Reward/upright: 0.0919
     Episode_Reward/move_to_target: 0.4613
          Episode_Reward/action_l2: -0.0265
             Episode_Reward/energy: -0.9856
   Episode_Reward/joint_pos_limits: -0.4255
      Episode_Termination/time_out: 0.8607
  Episode_Termination/torso_height: 0.1393
--------------------------------------------------------------------------------
                   Total timesteps: 7602176
                    Iteration time: 0.40s
                      Time elapsed: 00:02:55
                               ETA: 00:00:13

################################################################################
                      [1m Learning iteration 464/500 [0m                      

                       Computation: 41923 steps/s (collection: 0.302s, learning 0.089s)
             Mean action noise std: 0.15
          Mean value_function loss: 0.1266
               Mean surrogate loss: -0.0037
                 Mean entropy loss: -4.5512
                       Mean reward: 79.49
               Mean episode length: 789.89
           Episode_Reward/progress: 4.5263
              Episode_Reward/alive: 0.3566
            Episode_Reward/upright: 0.0684
     Episode_Reward/move_to_target: 0.3526
          Episode_Reward/action_l2: -0.0204
             Episode_Reward/energy: -0.7410
   Episode_Reward/joint_pos_limits: -0.3293
      Episode_Termination/time_out: 0.8578
  Episode_Termination/torso_height: 0.1422
--------------------------------------------------------------------------------
                   Total timesteps: 7618560
                    Iteration time: 0.39s
                      Time elapsed: 00:02:55
                               ETA: 00:00:13

################################################################################
                      [1m Learning iteration 465/500 [0m                      

                       Computation: 43680 steps/s (collection: 0.278s, learning 0.097s)
             Mean action noise std: 0.15
          Mean value_function loss: 0.0594
               Mean surrogate loss: -0.0030
                 Mean entropy loss: -4.5579
                       Mean reward: 78.87
               Mean episode length: 789.88
           Episode_Reward/progress: 4.6232
              Episode_Reward/alive: 0.3702
            Episode_Reward/upright: 0.0718
     Episode_Reward/move_to_target: 0.3694
          Episode_Reward/action_l2: -0.0210
             Episode_Reward/energy: -0.7563
   Episode_Reward/joint_pos_limits: -0.3427
      Episode_Termination/time_out: 0.8574
  Episode_Termination/torso_height: 0.1426
--------------------------------------------------------------------------------
                   Total timesteps: 7634944
                    Iteration time: 0.38s
                      Time elapsed: 00:02:55
                               ETA: 00:00:13

################################################################################
                      [1m Learning iteration 466/500 [0m                      

                       Computation: 45624 steps/s (collection: 0.270s, learning 0.089s)
             Mean action noise std: 0.15
          Mean value_function loss: 0.0827
               Mean surrogate loss: -0.0037
                 Mean entropy loss: -4.5821
                       Mean reward: 82.27
               Mean episode length: 822.35
           Episode_Reward/progress: 6.1590
              Episode_Reward/alive: 0.4651
            Episode_Reward/upright: 0.0912
     Episode_Reward/move_to_target: 0.4615
          Episode_Reward/action_l2: -0.0264
             Episode_Reward/energy: -0.9898
   Episode_Reward/joint_pos_limits: -0.4252
      Episode_Termination/time_out: 0.8585
  Episode_Termination/torso_height: 0.1415
--------------------------------------------------------------------------------
                   Total timesteps: 7651328
                    Iteration time: 0.36s
                      Time elapsed: 00:02:56
                               ETA: 00:00:12

################################################################################
                      [1m Learning iteration 467/500 [0m                      

                       Computation: 37519 steps/s (collection: 0.316s, learning 0.120s)
             Mean action noise std: 0.15
          Mean value_function loss: 0.1049
               Mean surrogate loss: -0.0024
                 Mean entropy loss: -4.5936
                       Mean reward: 81.44
               Mean episode length: 811.52
           Episode_Reward/progress: 5.4655
              Episode_Reward/alive: 0.4100
            Episode_Reward/upright: 0.0804
     Episode_Reward/move_to_target: 0.4052
          Episode_Reward/action_l2: -0.0233
             Episode_Reward/energy: -0.8651
   Episode_Reward/joint_pos_limits: -0.3775
      Episode_Termination/time_out: 0.8585
  Episode_Termination/torso_height: 0.1415
--------------------------------------------------------------------------------
                   Total timesteps: 7667712
                    Iteration time: 0.44s
                      Time elapsed: 00:02:56
                               ETA: 00:00:12

################################################################################
                      [1m Learning iteration 468/500 [0m                      

                       Computation: 41262 steps/s (collection: 0.312s, learning 0.085s)
             Mean action noise std: 0.15
          Mean value_function loss: 0.1197
               Mean surrogate loss: -0.0052
                 Mean entropy loss: -4.6165
                       Mean reward: 82.22
               Mean episode length: 822.44
           Episode_Reward/progress: 5.6022
              Episode_Reward/alive: 0.4504
            Episode_Reward/upright: 0.0892
     Episode_Reward/move_to_target: 0.4440
          Episode_Reward/action_l2: -0.0251
             Episode_Reward/energy: -0.9313
   Episode_Reward/joint_pos_limits: -0.4076
      Episode_Termination/time_out: 0.8586
  Episode_Termination/torso_height: 0.1414
--------------------------------------------------------------------------------
                   Total timesteps: 7684096
                    Iteration time: 0.40s
                      Time elapsed: 00:02:57
                               ETA: 00:00:12

################################################################################
                      [1m Learning iteration 469/500 [0m                      

                       Computation: 43743 steps/s (collection: 0.277s, learning 0.098s)
             Mean action noise std: 0.15
          Mean value_function loss: 0.0512
               Mean surrogate loss: -0.0054
                 Mean entropy loss: -4.6365
                       Mean reward: 86.16
               Mean episode length: 853.94
           Episode_Reward/progress: 5.5470
              Episode_Reward/alive: 0.4213
            Episode_Reward/upright: 0.0821
     Episode_Reward/move_to_target: 0.4198
          Episode_Reward/action_l2: -0.0240
             Episode_Reward/energy: -0.8907
   Episode_Reward/joint_pos_limits: -0.3875
      Episode_Termination/time_out: 0.8603
  Episode_Termination/torso_height: 0.1397
--------------------------------------------------------------------------------
                   Total timesteps: 7700480
                    Iteration time: 0.37s
                      Time elapsed: 00:02:57
                               ETA: 00:00:11

################################################################################
                      [1m Learning iteration 470/500 [0m                      

                       Computation: 46111 steps/s (collection: 0.267s, learning 0.089s)
             Mean action noise std: 0.14
          Mean value_function loss: 0.0954
               Mean surrogate loss: -0.0039
                 Mean entropy loss: -4.6469
                       Mean reward: 84.17
               Mean episode length: 837.47
           Episode_Reward/progress: 4.7811
              Episode_Reward/alive: 0.3822
            Episode_Reward/upright: 0.0747
     Episode_Reward/move_to_target: 0.3766
          Episode_Reward/action_l2: -0.0214
             Episode_Reward/energy: -0.7864
   Episode_Reward/joint_pos_limits: -0.3496
      Episode_Termination/time_out: 0.8579
  Episode_Termination/torso_height: 0.1421
--------------------------------------------------------------------------------
                   Total timesteps: 7716864
                    Iteration time: 0.36s
                      Time elapsed: 00:02:57
                               ETA: 00:00:11

################################################################################
                      [1m Learning iteration 471/500 [0m                      

                       Computation: 45190 steps/s (collection: 0.291s, learning 0.072s)
             Mean action noise std: 0.14
          Mean value_function loss: 0.0689
               Mean surrogate loss: -0.0048
                 Mean entropy loss: -4.6587
                       Mean reward: 84.21
               Mean episode length: 837.98
           Episode_Reward/progress: 5.5969
              Episode_Reward/alive: 0.4234
            Episode_Reward/upright: 0.0832
     Episode_Reward/move_to_target: 0.4221
          Episode_Reward/action_l2: -0.0244
             Episode_Reward/energy: -0.8937
   Episode_Reward/joint_pos_limits: -0.3947
      Episode_Termination/time_out: 0.8568
  Episode_Termination/torso_height: 0.1432
--------------------------------------------------------------------------------
                   Total timesteps: 7733248
                    Iteration time: 0.36s
                      Time elapsed: 00:02:58
                               ETA: 00:00:10

################################################################################
                      [1m Learning iteration 472/500 [0m                      

                       Computation: 43153 steps/s (collection: 0.299s, learning 0.081s)
             Mean action noise std: 0.14
          Mean value_function loss: 0.0970
               Mean surrogate loss: -0.0048
                 Mean entropy loss: -4.6710
                       Mean reward: 82.53
               Mean episode length: 824.18
           Episode_Reward/progress: 4.8297
              Episode_Reward/alive: 0.3878
            Episode_Reward/upright: 0.0750
     Episode_Reward/move_to_target: 0.3813
          Episode_Reward/action_l2: -0.0218
             Episode_Reward/energy: -0.7886
   Episode_Reward/joint_pos_limits: -0.3526
      Episode_Termination/time_out: 0.8582
  Episode_Termination/torso_height: 0.1418
--------------------------------------------------------------------------------
                   Total timesteps: 7749632
                    Iteration time: 0.38s
                      Time elapsed: 00:02:58
                               ETA: 00:00:10

################################################################################
                      [1m Learning iteration 473/500 [0m                      

                       Computation: 42136 steps/s (collection: 0.296s, learning 0.093s)
             Mean action noise std: 0.14
          Mean value_function loss: 0.1271
               Mean surrogate loss: -0.0042
                 Mean entropy loss: -4.6780
                       Mean reward: 82.18
               Mean episode length: 824.20
           Episode_Reward/progress: 5.4787
              Episode_Reward/alive: 0.4272
            Episode_Reward/upright: 0.0838
     Episode_Reward/move_to_target: 0.4180
          Episode_Reward/action_l2: -0.0239
             Episode_Reward/energy: -0.8823
   Episode_Reward/joint_pos_limits: -0.3923
      Episode_Termination/time_out: 0.8544
  Episode_Termination/torso_height: 0.1456
--------------------------------------------------------------------------------
                   Total timesteps: 7766016
                    Iteration time: 0.39s
                      Time elapsed: 00:02:58
                               ETA: 00:00:10

################################################################################
                      [1m Learning iteration 474/500 [0m                      

                       Computation: 43127 steps/s (collection: 0.290s, learning 0.090s)
             Mean action noise std: 0.14
          Mean value_function loss: 0.0966
               Mean surrogate loss: -0.0063
                 Mean entropy loss: -4.6903
                       Mean reward: 80.47
               Mean episode length: 810.69
           Episode_Reward/progress: 4.2199
              Episode_Reward/alive: 0.3569
            Episode_Reward/upright: 0.0687
     Episode_Reward/move_to_target: 0.3450
          Episode_Reward/action_l2: -0.0195
             Episode_Reward/energy: -0.7020
   Episode_Reward/joint_pos_limits: -0.3233
      Episode_Termination/time_out: 0.8515
  Episode_Termination/torso_height: 0.1485
--------------------------------------------------------------------------------
                   Total timesteps: 7782400
                    Iteration time: 0.38s
                      Time elapsed: 00:02:59
                               ETA: 00:00:09

################################################################################
                      [1m Learning iteration 475/500 [0m                      

                       Computation: 47306 steps/s (collection: 0.257s, learning 0.089s)
             Mean action noise std: 0.14
          Mean value_function loss: 0.0857
               Mean surrogate loss: -0.0052
                 Mean entropy loss: -4.7072
                       Mean reward: 79.48
               Mean episode length: 799.63
           Episode_Reward/progress: 5.6684
              Episode_Reward/alive: 0.4470
            Episode_Reward/upright: 0.0885
     Episode_Reward/move_to_target: 0.4388
          Episode_Reward/action_l2: -0.0247
             Episode_Reward/energy: -0.9155
   Episode_Reward/joint_pos_limits: -0.4071
      Episode_Termination/time_out: 0.8474
  Episode_Termination/torso_height: 0.1526
--------------------------------------------------------------------------------
                   Total timesteps: 7798784
                    Iteration time: 0.35s
                      Time elapsed: 00:02:59
                               ETA: 00:00:09

################################################################################
                      [1m Learning iteration 476/500 [0m                      

                       Computation: 47215 steps/s (collection: 0.268s, learning 0.079s)
             Mean action noise std: 0.14
          Mean value_function loss: 0.1286
               Mean surrogate loss: -0.0047
                 Mean entropy loss: -4.7221
                       Mean reward: 80.24
               Mean episode length: 821.89
           Episode_Reward/progress: 6.0970
              Episode_Reward/alive: 0.5000
            Episode_Reward/upright: 0.0990
     Episode_Reward/move_to_target: 0.4970
          Episode_Reward/action_l2: -0.0274
             Episode_Reward/energy: -0.9996
   Episode_Reward/joint_pos_limits: -0.4529
      Episode_Termination/time_out: 0.8482
  Episode_Termination/torso_height: 0.1518
--------------------------------------------------------------------------------
                   Total timesteps: 7815168
                    Iteration time: 0.35s
                      Time elapsed: 00:02:59
                               ETA: 00:00:09

################################################################################
                      [1m Learning iteration 477/500 [0m                      

                       Computation: 46171 steps/s (collection: 0.283s, learning 0.072s)
             Mean action noise std: 0.14
          Mean value_function loss: 0.1022
               Mean surrogate loss: -0.0040
                 Mean entropy loss: -4.7333
                       Mean reward: 79.29
               Mean episode length: 815.98
           Episode_Reward/progress: 5.6310
              Episode_Reward/alive: 0.4390
            Episode_Reward/upright: 0.0864
     Episode_Reward/move_to_target: 0.4371
          Episode_Reward/action_l2: -0.0247
             Episode_Reward/energy: -0.9118
   Episode_Reward/joint_pos_limits: -0.4026
      Episode_Termination/time_out: 0.8511
  Episode_Termination/torso_height: 0.1489
--------------------------------------------------------------------------------
                   Total timesteps: 7831552
                    Iteration time: 0.35s
                      Time elapsed: 00:03:00
                               ETA: 00:00:08

################################################################################
                      [1m Learning iteration 478/500 [0m                      

                       Computation: 47376 steps/s (collection: 0.253s, learning 0.093s)
             Mean action noise std: 0.14
          Mean value_function loss: 0.0847
               Mean surrogate loss: -0.0045
                 Mean entropy loss: -4.7390
                       Mean reward: 81.03
               Mean episode length: 830.21
           Episode_Reward/progress: 6.7350
              Episode_Reward/alive: 0.4973
            Episode_Reward/upright: 0.0991
     Episode_Reward/move_to_target: 0.4969
          Episode_Reward/action_l2: -0.0284
             Episode_Reward/energy: -1.0624
   Episode_Reward/joint_pos_limits: -0.4605
      Episode_Termination/time_out: 0.8523
  Episode_Termination/torso_height: 0.1477
--------------------------------------------------------------------------------
                   Total timesteps: 7847936
                    Iteration time: 0.35s
                      Time elapsed: 00:03:00
                               ETA: 00:00:08

################################################################################
                      [1m Learning iteration 479/500 [0m                      

                       Computation: 43292 steps/s (collection: 0.304s, learning 0.075s)
             Mean action noise std: 0.14
          Mean value_function loss: 0.0558
               Mean surrogate loss: -0.0040
                 Mean entropy loss: -4.7424
                       Mean reward: 83.31
               Mean episode length: 849.91
           Episode_Reward/progress: 6.0336
              Episode_Reward/alive: 0.4733
            Episode_Reward/upright: 0.0933
     Episode_Reward/move_to_target: 0.4685
          Episode_Reward/action_l2: -0.0264
             Episode_Reward/energy: -0.9818
   Episode_Reward/joint_pos_limits: -0.4333
      Episode_Termination/time_out: 0.8570
  Episode_Termination/torso_height: 0.1430
--------------------------------------------------------------------------------
                   Total timesteps: 7864320
                    Iteration time: 0.38s
                      Time elapsed: 00:03:01
                               ETA: 00:00:07

################################################################################
                      [1m Learning iteration 480/500 [0m                      

                       Computation: 43702 steps/s (collection: 0.285s, learning 0.090s)
             Mean action noise std: 0.14
          Mean value_function loss: 0.0690
               Mean surrogate loss: -0.0037
                 Mean entropy loss: -4.7495
                       Mean reward: 83.11
               Mean episode length: 845.74
           Episode_Reward/progress: 5.3283
              Episode_Reward/alive: 0.4199
            Episode_Reward/upright: 0.0824
     Episode_Reward/move_to_target: 0.4190
          Episode_Reward/action_l2: -0.0232
             Episode_Reward/energy: -0.8670
   Episode_Reward/joint_pos_limits: -0.3830
      Episode_Termination/time_out: 0.8560
  Episode_Termination/torso_height: 0.1440
--------------------------------------------------------------------------------
                   Total timesteps: 7880704
                    Iteration time: 0.37s
                      Time elapsed: 00:03:01
                               ETA: 00:00:07

################################################################################
                      [1m Learning iteration 481/500 [0m                      

                       Computation: 42852 steps/s (collection: 0.288s, learning 0.095s)
             Mean action noise std: 0.14
          Mean value_function loss: 0.0661
               Mean surrogate loss: -0.0054
                 Mean entropy loss: -4.7514
                       Mean reward: 84.93
               Mean episode length: 860.22
           Episode_Reward/progress: 6.4290
              Episode_Reward/alive: 0.4745
            Episode_Reward/upright: 0.0939
     Episode_Reward/move_to_target: 0.4688
          Episode_Reward/action_l2: -0.0269
             Episode_Reward/energy: -1.0078
   Episode_Reward/joint_pos_limits: -0.4376
      Episode_Termination/time_out: 0.8596
  Episode_Termination/torso_height: 0.1404
--------------------------------------------------------------------------------
                   Total timesteps: 7897088
                    Iteration time: 0.38s
                      Time elapsed: 00:03:01
                               ETA: 00:00:07

################################################################################
                      [1m Learning iteration 482/500 [0m                      

                       Computation: 41398 steps/s (collection: 0.293s, learning 0.103s)
             Mean action noise std: 0.14
          Mean value_function loss: 0.0563
               Mean surrogate loss: -0.0047
                 Mean entropy loss: -4.7617
                       Mean reward: 84.38
               Mean episode length: 859.40
           Episode_Reward/progress: 6.0736
              Episode_Reward/alive: 0.4775
            Episode_Reward/upright: 0.0936
     Episode_Reward/move_to_target: 0.4723
          Episode_Reward/action_l2: -0.0265
             Episode_Reward/energy: -0.9786
   Episode_Reward/joint_pos_limits: -0.4406
      Episode_Termination/time_out: 0.8613
  Episode_Termination/torso_height: 0.1387
--------------------------------------------------------------------------------
                   Total timesteps: 7913472
                    Iteration time: 0.40s
                      Time elapsed: 00:03:02
                               ETA: 00:00:06

################################################################################
                      [1m Learning iteration 483/500 [0m                      

                       Computation: 42835 steps/s (collection: 0.307s, learning 0.076s)
             Mean action noise std: 0.14
          Mean value_function loss: 0.0594
               Mean surrogate loss: -0.0064
                 Mean entropy loss: -4.7709
                       Mean reward: 87.84
               Mean episode length: 880.78
           Episode_Reward/progress: 6.0542
              Episode_Reward/alive: 0.4856
            Episode_Reward/upright: 0.0965
     Episode_Reward/move_to_target: 0.4776
          Episode_Reward/action_l2: -0.0269
             Episode_Reward/energy: -0.9883
   Episode_Reward/joint_pos_limits: -0.4495
      Episode_Termination/time_out: 0.8606
  Episode_Termination/torso_height: 0.1394
--------------------------------------------------------------------------------
                   Total timesteps: 7929856
                    Iteration time: 0.38s
                      Time elapsed: 00:03:02
                               ETA: 00:00:06

################################################################################
                      [1m Learning iteration 484/500 [0m                      

                       Computation: 40268 steps/s (collection: 0.322s, learning 0.085s)
             Mean action noise std: 0.14
          Mean value_function loss: 0.0466
               Mean surrogate loss: -0.0047
                 Mean entropy loss: -4.7889
                       Mean reward: 86.47
               Mean episode length: 866.35
           Episode_Reward/progress: 6.3151
              Episode_Reward/alive: 0.4712
            Episode_Reward/upright: 0.0934
     Episode_Reward/move_to_target: 0.4704
          Episode_Reward/action_l2: -0.0265
             Episode_Reward/energy: -0.9841
   Episode_Reward/joint_pos_limits: -0.4369
      Episode_Termination/time_out: 0.8638
  Episode_Termination/torso_height: 0.1362
--------------------------------------------------------------------------------
                   Total timesteps: 7946240
                    Iteration time: 0.41s
                      Time elapsed: 00:03:03
                               ETA: 00:00:06

################################################################################
                      [1m Learning iteration 485/500 [0m                      

                       Computation: 42585 steps/s (collection: 0.294s, learning 0.091s)
             Mean action noise std: 0.14
          Mean value_function loss: 0.0471
               Mean surrogate loss: -0.0051
                 Mean entropy loss: -4.7975
                       Mean reward: 87.65
               Mean episode length: 870.69
           Episode_Reward/progress: 5.2508
              Episode_Reward/alive: 0.4113
            Episode_Reward/upright: 0.0806
     Episode_Reward/move_to_target: 0.4042
          Episode_Reward/action_l2: -0.0231
             Episode_Reward/energy: -0.8498
   Episode_Reward/joint_pos_limits: -0.3807
      Episode_Termination/time_out: 0.8596
  Episode_Termination/torso_height: 0.1404
--------------------------------------------------------------------------------
                   Total timesteps: 7962624
                    Iteration time: 0.38s
                      Time elapsed: 00:03:03
                               ETA: 00:00:05

################################################################################
                      [1m Learning iteration 486/500 [0m                      

                       Computation: 47244 steps/s (collection: 0.269s, learning 0.078s)
             Mean action noise std: 0.14
          Mean value_function loss: 0.0473
               Mean surrogate loss: -0.0055
                 Mean entropy loss: -4.8061
                       Mean reward: 85.80
               Mean episode length: 851.79
           Episode_Reward/progress: 5.6919
              Episode_Reward/alive: 0.4350
            Episode_Reward/upright: 0.0856
     Episode_Reward/move_to_target: 0.4340
          Episode_Reward/action_l2: -0.0243
             Episode_Reward/energy: -0.9046
   Episode_Reward/joint_pos_limits: -0.4020
      Episode_Termination/time_out: 0.8589
  Episode_Termination/torso_height: 0.1411
--------------------------------------------------------------------------------
                   Total timesteps: 7979008
                    Iteration time: 0.35s
                      Time elapsed: 00:03:03
                               ETA: 00:00:05

################################################################################
                      [1m Learning iteration 487/500 [0m                      

                       Computation: 40311 steps/s (collection: 0.312s, learning 0.094s)
             Mean action noise std: 0.14
          Mean value_function loss: 0.0398
               Mean surrogate loss: -0.0040
                 Mean entropy loss: -4.8112
                       Mean reward: 87.12
               Mean episode length: 852.91
           Episode_Reward/progress: 6.1679
              Episode_Reward/alive: 0.4712
            Episode_Reward/upright: 0.0936
     Episode_Reward/move_to_target: 0.4655
          Episode_Reward/action_l2: -0.0263
             Episode_Reward/energy: -0.9859
   Episode_Reward/joint_pos_limits: -0.4356
      Episode_Termination/time_out: 0.8570
  Episode_Termination/torso_height: 0.1430
--------------------------------------------------------------------------------
                   Total timesteps: 7995392
                    Iteration time: 0.41s
                      Time elapsed: 00:03:04
                               ETA: 00:00:04

################################################################################
                      [1m Learning iteration 488/500 [0m                      

                       Computation: 45717 steps/s (collection: 0.266s, learning 0.092s)
             Mean action noise std: 0.14
          Mean value_function loss: 0.0576
               Mean surrogate loss: -0.0055
                 Mean entropy loss: -4.8331
                       Mean reward: 87.08
               Mean episode length: 853.24
           Episode_Reward/progress: 5.8183
              Episode_Reward/alive: 0.4618
            Episode_Reward/upright: 0.0915
     Episode_Reward/move_to_target: 0.4600
          Episode_Reward/action_l2: -0.0261
             Episode_Reward/energy: -0.9549
   Episode_Reward/joint_pos_limits: -0.4276
      Episode_Termination/time_out: 0.8560
  Episode_Termination/torso_height: 0.1440
--------------------------------------------------------------------------------
                   Total timesteps: 8011776
                    Iteration time: 0.36s
                      Time elapsed: 00:03:04
                               ETA: 00:00:04

################################################################################
                      [1m Learning iteration 489/500 [0m                      

                       Computation: 37691 steps/s (collection: 0.308s, learning 0.126s)
             Mean action noise std: 0.14
          Mean value_function loss: 0.0693
               Mean surrogate loss: -0.0037
                 Mean entropy loss: -4.8480
                       Mean reward: 86.20
               Mean episode length: 854.00
           Episode_Reward/progress: 6.1970
              Episode_Reward/alive: 0.4717
            Episode_Reward/upright: 0.0929
     Episode_Reward/move_to_target: 0.4619
          Episode_Reward/action_l2: -0.0264
             Episode_Reward/energy: -0.9841
   Episode_Reward/joint_pos_limits: -0.4385
      Episode_Termination/time_out: 0.8564
  Episode_Termination/torso_height: 0.1436
--------------------------------------------------------------------------------
                   Total timesteps: 8028160
                    Iteration time: 0.43s
                      Time elapsed: 00:03:04
                               ETA: 00:00:04

################################################################################
                      [1m Learning iteration 490/500 [0m                      

                       Computation: 41540 steps/s (collection: 0.303s, learning 0.091s)
             Mean action noise std: 0.14
          Mean value_function loss: 0.0610
               Mean surrogate loss: -0.0045
                 Mean entropy loss: -4.8675
                       Mean reward: 85.35
               Mean episode length: 845.34
           Episode_Reward/progress: 6.1562
              Episode_Reward/alive: 0.4639
            Episode_Reward/upright: 0.0915
     Episode_Reward/move_to_target: 0.4630
          Episode_Reward/action_l2: -0.0261
             Episode_Reward/energy: -0.9714
   Episode_Reward/joint_pos_limits: -0.4305
      Episode_Termination/time_out: 0.8531
  Episode_Termination/torso_height: 0.1469
--------------------------------------------------------------------------------
                   Total timesteps: 8044544
                    Iteration time: 0.39s
                      Time elapsed: 00:03:05
                               ETA: 00:00:03

################################################################################
                      [1m Learning iteration 491/500 [0m                      

                       Computation: 44032 steps/s (collection: 0.284s, learning 0.088s)
             Mean action noise std: 0.14
          Mean value_function loss: 0.0742
               Mean surrogate loss: -0.0038
                 Mean entropy loss: -4.8846
                       Mean reward: 85.61
               Mean episode length: 844.92
           Episode_Reward/progress: 6.1832
              Episode_Reward/alive: 0.4634
            Episode_Reward/upright: 0.0916
     Episode_Reward/move_to_target: 0.4620
          Episode_Reward/action_l2: -0.0263
             Episode_Reward/energy: -0.9742
   Episode_Reward/joint_pos_limits: -0.4321
      Episode_Termination/time_out: 0.8484
  Episode_Termination/torso_height: 0.1516
--------------------------------------------------------------------------------
                   Total timesteps: 8060928
                    Iteration time: 0.37s
                      Time elapsed: 00:03:05
                               ETA: 00:00:03

################################################################################
                      [1m Learning iteration 492/500 [0m                      

                       Computation: 50253 steps/s (collection: 0.258s, learning 0.068s)
             Mean action noise std: 0.14
          Mean value_function loss: 0.0435
               Mean surrogate loss: -0.0047
                 Mean entropy loss: -4.8977
                       Mean reward: 85.91
               Mean episode length: 845.01
           Episode_Reward/progress: 6.5076
              Episode_Reward/alive: 0.4857
            Episode_Reward/upright: 0.0961
     Episode_Reward/move_to_target: 0.4851
          Episode_Reward/action_l2: -0.0278
             Episode_Reward/energy: -1.0396
   Episode_Reward/joint_pos_limits: -0.4526
      Episode_Termination/time_out: 0.8493
  Episode_Termination/torso_height: 0.1507
--------------------------------------------------------------------------------
                   Total timesteps: 8077312
                    Iteration time: 0.33s
                      Time elapsed: 00:03:06
                               ETA: 00:00:03

################################################################################
                      [1m Learning iteration 493/500 [0m                      

                       Computation: 42024 steps/s (collection: 0.310s, learning 0.080s)
             Mean action noise std: 0.14
          Mean value_function loss: 0.0964
               Mean surrogate loss: -0.0046
                 Mean entropy loss: -4.9166
                       Mean reward: 85.38
               Mean episode length: 839.68
           Episode_Reward/progress: 5.9383
              Episode_Reward/alive: 0.4601
            Episode_Reward/upright: 0.0909
     Episode_Reward/move_to_target: 0.4585
          Episode_Reward/action_l2: -0.0262
             Episode_Reward/energy: -0.9770
   Episode_Reward/joint_pos_limits: -0.4240
      Episode_Termination/time_out: 0.8495
  Episode_Termination/torso_height: 0.1505
--------------------------------------------------------------------------------
                   Total timesteps: 8093696
                    Iteration time: 0.39s
                      Time elapsed: 00:03:06
                               ETA: 00:00:02

################################################################################
                      [1m Learning iteration 494/500 [0m                      

                       Computation: 43145 steps/s (collection: 0.298s, learning 0.082s)
             Mean action noise std: 0.14
          Mean value_function loss: 0.0721
               Mean surrogate loss: -0.0059
                 Mean entropy loss: -4.9173
                       Mean reward: 86.27
               Mean episode length: 848.75
           Episode_Reward/progress: 5.4091
              Episode_Reward/alive: 0.4195
            Episode_Reward/upright: 0.0830
     Episode_Reward/move_to_target: 0.4149
          Episode_Reward/action_l2: -0.0240
             Episode_Reward/energy: -0.8806
   Episode_Reward/joint_pos_limits: -0.3896
      Episode_Termination/time_out: 0.8555
  Episode_Termination/torso_height: 0.1445
--------------------------------------------------------------------------------
                   Total timesteps: 8110080
                    Iteration time: 0.38s
                      Time elapsed: 00:03:06
                               ETA: 00:00:02

################################################################################
                      [1m Learning iteration 495/500 [0m                      

                       Computation: 38793 steps/s (collection: 0.325s, learning 0.098s)
             Mean action noise std: 0.14
          Mean value_function loss: 0.0634
               Mean surrogate loss: -0.0057
                 Mean entropy loss: -4.9164
                       Mean reward: 87.01
               Mean episode length: 858.23
           Episode_Reward/progress: 5.5388
              Episode_Reward/alive: 0.4291
            Episode_Reward/upright: 0.0840
     Episode_Reward/move_to_target: 0.4256
          Episode_Reward/action_l2: -0.0245
             Episode_Reward/energy: -0.8990
   Episode_Reward/joint_pos_limits: -0.3969
      Episode_Termination/time_out: 0.8612
  Episode_Termination/torso_height: 0.1388
--------------------------------------------------------------------------------
                   Total timesteps: 8126464
                    Iteration time: 0.42s
                      Time elapsed: 00:03:07
                               ETA: 00:00:01

################################################################################
                      [1m Learning iteration 496/500 [0m                      

                       Computation: 41909 steps/s (collection: 0.296s, learning 0.095s)
             Mean action noise std: 0.14
          Mean value_function loss: 0.0780
               Mean surrogate loss: -0.0044
                 Mean entropy loss: -4.9161
                       Mean reward: 87.19
               Mean episode length: 858.34
           Episode_Reward/progress: 6.5180
              Episode_Reward/alive: 0.4856
            Episode_Reward/upright: 0.0964
     Episode_Reward/move_to_target: 0.4838
          Episode_Reward/action_l2: -0.0276
             Episode_Reward/energy: -1.0401
   Episode_Reward/joint_pos_limits: -0.4510
      Episode_Termination/time_out: 0.8622
  Episode_Termination/torso_height: 0.1378
--------------------------------------------------------------------------------
                   Total timesteps: 8142848
                    Iteration time: 0.39s
                      Time elapsed: 00:03:07
                               ETA: 00:00:01

################################################################################
                      [1m Learning iteration 497/500 [0m                      

                       Computation: 44149 steps/s (collection: 0.282s, learning 0.089s)
             Mean action noise std: 0.14
          Mean value_function loss: 0.0757
               Mean surrogate loss: -0.0053
                 Mean entropy loss: -4.9158
                       Mean reward: 88.43
               Mean episode length: 867.07
           Episode_Reward/progress: 6.3751
              Episode_Reward/alive: 0.4784
            Episode_Reward/upright: 0.0953
     Episode_Reward/move_to_target: 0.4767
          Episode_Reward/action_l2: -0.0270
             Episode_Reward/energy: -1.0123
   Episode_Reward/joint_pos_limits: -0.4431
      Episode_Termination/time_out: 0.8657
  Episode_Termination/torso_height: 0.1343
--------------------------------------------------------------------------------
                   Total timesteps: 8159232
                    Iteration time: 0.37s
                      Time elapsed: 00:03:07
                               ETA: 00:00:01

################################################################################
                      [1m Learning iteration 498/500 [0m                      

                       Computation: 43037 steps/s (collection: 0.288s, learning 0.093s)
             Mean action noise std: 0.14
          Mean value_function loss: 0.0389
               Mean surrogate loss: -0.0060
                 Mean entropy loss: -4.9327
                       Mean reward: 84.44
               Mean episode length: 831.76
           Episode_Reward/progress: 4.4480
              Episode_Reward/alive: 0.3524
            Episode_Reward/upright: 0.0682
     Episode_Reward/move_to_target: 0.3448
          Episode_Reward/action_l2: -0.0198
             Episode_Reward/energy: -0.7278
   Episode_Reward/joint_pos_limits: -0.3229
      Episode_Termination/time_out: 0.8628
  Episode_Termination/torso_height: 0.1372
--------------------------------------------------------------------------------
                   Total timesteps: 8175616
                    Iteration time: 0.38s
                      Time elapsed: 00:03:08
                               ETA: 00:00:00

################################################################################
                      [1m Learning iteration 499/500 [0m                      

                       Computation: 42854 steps/s (collection: 0.290s, learning 0.092s)
             Mean action noise std: 0.14
          Mean value_function loss: 0.1657
               Mean surrogate loss: -0.0038
                 Mean entropy loss: -4.9520
                       Mean reward: 81.78
               Mean episode length: 804.59
           Episode_Reward/progress: 4.0765
              Episode_Reward/alive: 0.3159
            Episode_Reward/upright: 0.0596
     Episode_Reward/move_to_target: 0.3071
          Episode_Reward/action_l2: -0.0180
             Episode_Reward/energy: -0.6518
   Episode_Reward/joint_pos_limits: -0.2954
      Episode_Termination/time_out: 0.8546
  Episode_Termination/torso_height: 0.1454
--------------------------------------------------------------------------------
                   Total timesteps: 8192000
                    Iteration time: 0.38s
                      Time elapsed: 00:03:08
                               ETA: 00:00:00

TRAINING_COMPLETE
2026-09-30T12:21:58Z [8,778ms] [Warning] [omni.physx.plugin] Damping attribute is unsupported for articulation joints and will be ignored (/World/envs/env_0/Robot/joints/right_back_foot).
2026-09-30T12:21:58Z [8,778ms] [Warning] [omni.physx.plugin] Damping attribute is unsupported for articulation joints and will be ignored (/World/envs/env_0/Robot/joints/right_back_leg).
2026-09-30T12:21:58Z [8,778ms] [Warning] [omni.physx.plugin] Damping attribute is unsupported for articulation joints and will be ignored (/World/envs/env_0/Robot/joints/right_back_foot).
