Loading user config located at: '/home/hhm/miniforge3/envs/lerobot-arena/lib/python3.11/site-packages/isaacsim/kit/data/Kit/Isaac-Sim/5.1/user.config.json'
[Info] [carb] Logging to file: /home/hhm/miniforge3/envs/lerobot-arena/lib/python3.11/site-packages/isaacsim/kit/logs/Kit/Isaac-Sim/5.1/kit_20260930_211832.log
2026-09-30T12:18:32Z [98ms] [Warning] [omni.usd_config.extension] Enable omni.materialx.libs extension to use MaterialX
2026-09-30T12:18:33Z [540ms] [Warning] [carb] Acquiring non optional plugin interface which is not listed as dependency: [omni::physx::IPhysxBenchmarks v1.0] (plugin: <default plugin>), by client: omni.physics.physx.plugin. Add it to CARB_PLUGIN_IMPL_DEPS() macro of a client.
2026-09-30T12:18:33Z [752ms] [Warning] [omni.isaac.dynamic_control] omni.isaac.dynamic_control is deprecated as of Isaac Sim 4.5. No action is needed from end-users.

|---------------------------------------------------------------------------------------------|
| Driver Version: 580.178.04    | Graphics API: Vulkan
|=============================================================================================|
| GPU | Name                             | Active | LDA | GPU Memory | Vendor-ID | LUID       |
|     |                                  |        |     |            | Device-ID | UUID       |
|     |                                  |        |     |            | Bus-ID    |            |
|---------------------------------------------------------------------------------------------|
| 0   | NVIDIA GeForce RTX 4050 Laptop.. | Yes: 0 |     | 6141    MB | 10de      | 0          |
|     |                                  |        |     |            | 28e1      | 04c25621.. |
|     |                                  |        |     |            | 1         |            |
|=============================================================================================|
| OS: 22.04.5 LTS (Jammy Jellyfish) ubuntu, Version: 22.04.5, Kernel: 6.8.0-138-generic
| XServer Vendor: The X.Org Foundation, XServer Version: 12101004 (1.21.1.4)
| Processor: AMD Ryzen 7 7435HS
| Cores: 8 | Logical Cores: 16
|---------------------------------------------------------------------------------------------|
| Total Memory (MB): 15805 | Free Memory: 10327
| Total Page/Swap (MB): 2047 | Free Page/Swap: 1376
|---------------------------------------------------------------------------------------------|
2026-09-30T12:18:38Z [5,444ms] [Warning] [gpu.foundation.plugin] CPU performance profile is set to powersave. This profile sets the CPU to the lowest frequency reducing performance.
2026-09-30T12:18:38Z [5,453ms] [Warning] [gpu.foundation.plugin] IOMMU is enabled.
2026-09-30T12:18:40Z [8,099ms] [Warning] [omni.fabric.plugin] Warning: input prim:attr `/World/envs/env_0:omni:rtx:skip` has no valid data.

2026-09-30T12:18:41Z [8,817ms] [Warning] [omni.physx.plugin] Damping attribute is unsupported for articulation joints and will be ignored (/World/envs/env_0/Robot/joints/front_left_leg).
2026-09-30T12:18:41Z [8,817ms] [Warning] [omni.physx.plugin] Damping attribute is unsupported for articulation joints and will be ignored (/World/envs/env_0/Robot/joints/front_left_foot).
2026-09-30T12:18:41Z [8,817ms] [Warning] [omni.physx.plugin] Damping attribute is unsupported for articulation joints and will be ignored (/World/envs/env_0/Robot/joints/front_right_leg).
2026-09-30T12:18:41Z [8,817ms] [Warning] [omni.physx.plugin] Damping attribute is unsupported for articulation joints and will be ignored (/World/envs/env_0/Robot/joints/front_right_foot).
2026-09-30T12:18:41Z [8,817ms] [Warning] [omni.physx.plugin] Damping attribute is unsupported for articulation joints and will be ignored (/World/envs/env_0/Robot/joints/left_back_leg).
2026-09-30T12:18:41Z [8,817ms] [Warning] [omni.physx.plugin] Damping attribute is unsupported for articulation joints and will be ignored (/World/envs/env_0/Robot/joints/left_back_foot).
2026-09-30T12:18:41Z [8,817ms] [Warning] [omni.physx.plugin] Damping attribute is unsupported for articulation joints and will be ignored (/World/envs/env_0/Robot/joints/right_back_leg).
2026-09-30T12:18:41Z [8,817ms] [Warning] [omni.physx.plugin] Damping attribute is unsupported for articulation joints and will be ignored (/World/envs/env_0/Robot/joints/right_back_foot).
2026-09-30T12:18:41Z [8,817ms] [Warning] [omni.physx.plugin] Damping attribute is unsupported for articulation joints and will be ignored (/World/envs/env_0/Robot/joints/front_right_leg).
2026-09-30T12:18:41Z [8,817ms] [Warning] [omni.physx.plugin] Damping attribute is unsupported for articulation joints and will be ignored (/World/envs/env_0/Robot/joints/front_right_foot).
2026-09-30T12:18:41Z [8,817ms] [Warning] [omni.physx.plugin] Damping attribute is unsupported for articulation joints and will be ignored (/World/envs/env_0/Robot/joints/left_back_leg).
2026-09-30T12:18:41Z [8,817ms] [Warning] [omni.physx.plugin] Damping attribute is unsupported for articulation joints and will be ignored (/World/envs/env_0/Robot/joints/left_back_foot).
2026-09-30T12:18:41Z [8,817ms] [Warning] [omni.physx.plugin] Damping attribute is unsupported for articulation joints and will be ignored (/World/envs/env_0/Robot/joints/right_back_leg).
2026-09-30T12:18:41Z [8,817ms] [Warning] [omni.physx.plugin] Damping attribute is unsupported for articulation joints and will be ignored (/World/envs/env_0/Robot/joints/right_back_foot).
2026-09-30T12:18:41Z [8,817ms] [Warning] [omni.physx.plugin] Damping attribute is unsupported for articulation joints and will be ignored (/World/envs/env_0/Robot/joints/front_right_leg).
2026-09-30T12:18:41Z [8,817ms] [Warning] [omni.physx.plugin] Damping attribute is unsupported for articulation joints and will be ignored (/World/envs/env_0/Robot/joints/front_right_foot).
2026-09-30T12:18:41Z [8,817ms] [Warning] [omni.physx.plugin] Damping attribute is unsupported for articulation joints and will be ignored (/World/envs/env_0/Robot/joints/left_back_leg).
2026-09-30T12:18:41Z [8,817ms] [Warning] [omni.physx.plugin] Damping attribute is unsupported for articulation joints and will be ignored (/World/envs/env_0/Robot/joints/left_back_foot).
2026-09-30T12:18:41Z [8,817ms] [Warning] [omni.physx.plugin] Damping attribute is unsupported for articulation joints and will be ignored (/World/envs/env_0/Robot/joints/right_back_leg).
2026-09-30T12:18:41Z [8,817ms] [Warning] [omni.physx.plugin] Damping attribute is unsupported for articulation joints and will be ignored (/World/envs/env_0/Robot/joints/right_back_foot).
2026-09-30T12:18:41Z [8,817ms] [Warning] [omni.physx.plugin] Damping attribute is unsupported for articulation joints and will be ignored (/World/envs/env_0/Robot/joints/left_back_leg).
2026-09-30T12:18:41Z [8,817ms] [Warning] [omni.physx.plugin] Damping attribute is unsupported for articulation joints and will be ignored (/World/envs/env_0/Robot/joints/left_back_foot).
2026-09-30T12:18:41Z [8,817ms] [Warning] [omni.physx.plugin] Damping attribute is unsupported for articulation joints and will be ignored (/World/envs/env_0/Robot/joints/right_back_leg).
2026-09-30T12:18:41Z [8,817ms] [Warning] [omni.physx.plugin] Damping attribute is unsupported for articulation joints and will be ignored (/World/envs/env_0/Robot/joints/right_back_foot).
2026-09-30T12:18:41Z [8,817ms] [Warning] [omni.physx.plugin] Damping attribute is unsupported for articulation joints and will be ignored (/World/envs/env_0/Robot/joints/left_back_leg).
2026-09-30T12:18:41Z [8,817ms] [Warning] [omni.physx.plugin] Damping attribute is unsupported for articulation joints and will be ignored (/World/envs/env_0/Robot/joints/left_back_foot).
2026-09-30T12:18:41Z [8,817ms] [Warning] [omni.physx.plugin] Damping attribute is unsupported for articulation joints and will be ignored (/World/envs/env_0/Robot/joints/right_back_leg).
2026-09-30T12:18:41Z [8,817ms] [Warning] [omni.physx.plugin] Damping attribute is unsupported for articulation joints and will be ignored (/World/envs/env_0/Robot/joints/right_back_foot).
2026-09-30T12:18:41Z [8,817ms] [Warning] [omni.physx.plugin] Damping attribute is unsupported for articulation joints and will be ignored (/World/envs/env_0/Robot/joints/right_back_leg).
/home/hhm/miniforge3/envs/lerobot-arena/lib/python3.11/site-packages/rsl_rl/utils/utils.py:244: UserWarning: The observation configuration dictionary 'obs_groups' must contain the 'policy' key. As an observation group with the name 'policy' was found, this is assumed to be the observation set. Consider adding the 'policy' key to the 'obs_groups' dictionary for clarity. This behavior will be removed in a future version.
  warnings.warn(
/home/hhm/miniforge3/envs/lerobot-arena/lib/python3.11/site-packages/rsl_rl/utils/utils.py:290: UserWarning: The observation configuration dictionary 'obs_groups' must contain the 'critic' key. As the configuration for 'critic' is missing, the observations from the 'policy' set are used. Consider adding the 'critic' key to the 'obs_groups' dictionary for clarity. This behavior will be removed in a future version.
  warnings.warn(
[INFO][AppLauncher]: Using device: cuda:0
[INFO][AppLauncher]: Loading experience file: /home/hhm/IsaacLab_RS/apps/isaaclab.python.headless.kit
Setting seed: 11
[INFO]: Base environment:
	Environment device    : cuda:0
	Environment seed      : 11
	Physics step-size     : 0.008333333333333333
	Rendering step-size   : 0.016666666666666666
	Environment step-size : 0.016666666666666666
[INFO]: Time taken for scene creation : 2.132808 seconds
[INFO]: Scene manager:  <class InteractiveScene>
	Number of environments: 512
	Environment spacing   : 5.0
	Source prim name      : /World/envs/env_0
	Global prim paths     : ['/World/ground']
	Replicate physics     : True
[INFO]: Starting the simulation. This may take a few seconds. Please wait...
[INFO]: Time taken for simulation start : 0.879231 seconds
[INFO] Command Manager:  <CommandManager> contains 0 active terms.
+------------------------+
|  Active Command Terms  |
+--------+-------+-------+
| Index  | Name  |  Type |
+--------+-------+-------+
+--------+-------+-------+

[INFO] Event Manager:  <EventManager> contains 2 active terms.
+-------------------------------------+
| Active Event Terms in Mode: 'reset' |
+---------+---------------------------+
|  Index  | Name                      |
+---------+---------------------------+
|    0    | reset_base                |
|    1    | reset_robot_joints        |
+---------+---------------------------+
+----------------------------------+
| Active Event Terms in Mode: 'startup' |
+-------------+--------------------+
|    Index    | Name               |
+-------------+--------------------+
|      0      | material           |
|      1      | mass               |
+-------------+--------------------+

[INFO] Recorder Manager:  <RecorderManager> contains 0 active terms.
+---------------------+
| Active Recorder Terms |
+-----------+---------+
|   Index   | Name    |
+-----------+---------+
+-----------+---------+

[INFO] Action Manager:  <ActionManager> contains 1 active terms.
+----------------------------------+
|  Active Action Terms (shape: 8)  |
+-------+--------------+-----------+
| Index | Name         | Dimension |
+-------+--------------+-----------+
|   0   | joint_effort |         8 |
+-------+--------------+-----------+

[INFO] Observation Manager: <ObservationManager> contains 1 groups.
+-----------------------------------------------------------+
| Active Observation Terms in Group: 'policy' (shape: (60,)) |
+-----------+-----------------------------------+-----------+
|   Index   | Name                              |   Shape   |
+-----------+-----------------------------------+-----------+
|     0     | base_height                       |    (1,)   |
|     1     | base_lin_vel                      |    (3,)   |
|     2     | base_ang_vel                      |    (3,)   |
|     3     | base_yaw_roll                     |    (2,)   |
|     4     | base_angle_to_target              |    (1,)   |
|     5     | base_up_proj                      |    (1,)   |
|     6     | base_heading_proj                 |    (1,)   |
|     7     | joint_pos_norm                    |    (8,)   |
|     8     | joint_vel_rel                     |    (8,)   |
|     9     | feet_body_forces                  |   (24,)   |
|     10    | actions                           |    (8,)   |
+-----------+-----------------------------------+-----------+

[INFO] Termination Manager:  <TerminationManager> contains 2 active terms.
+---------------------------------+
|     Active Termination Terms    |
+-------+--------------+----------+
| Index | Name         | Time Out |
+-------+--------------+----------+
|   0   | time_out     |   True   |
|   1   | torso_height |  False   |
+-------+--------------+----------+

[INFO] Reward Manager:  <RewardManager> contains 7 active terms.
+-----------------------------------+
|        Active Reward Terms        |
+-------+------------------+--------+
| Index | Name             | Weight |
+-------+------------------+--------+
|   0   | progress         |    1.0 |
|   1   | alive            |    0.5 |
|   2   | upright          |    0.1 |
|   3   | move_to_target   |    0.5 |
|   4   | action_l2        | -0.005 |
|   5   | energy           |  -0.05 |
|   6   | joint_pos_limits |   -0.1 |
+-------+------------------+--------+

[INFO] Curriculum Manager:  <CurriculumManager> contains 0 active terms.
+----------------------+
| Active Curriculum Terms |
+-----------+----------+
|   Index   | Name     |
+-----------+----------+
+-----------+----------+

[INFO]: Completed setting up the environment...
--------------------------------------------------------------------------------
Resolved observation sets: 
	 policy :  ['policy']
	 critic :  ['policy']
--------------------------------------------------------------------------------
Actor MLP: MLP(
  (0): Linear(in_features=60, out_features=400, bias=True)
  (1): ELU(alpha=1.0)
  (2): Linear(in_features=400, out_features=200, bias=True)
  (3): ELU(alpha=1.0)
  (4): Linear(in_features=200, out_features=100, bias=True)
  (5): ELU(alpha=1.0)
  (6): Linear(in_features=100, out_features=8, bias=True)
)
Critic MLP: MLP(
  (0): Linear(in_features=60, out_features=400, bias=True)
  (1): ELU(alpha=1.0)
  (2): Linear(in_features=400, out_features=200, bias=True)
  (3): ELU(alpha=1.0)
  (4): Linear(in_features=200, out_features=100, bias=True)
  (5): ELU(alpha=1.0)
  (6): Linear(in_features=100, out_features=1, bias=True)
)
################################################################################
                       [1m Learning iteration 0/500 [0m                       

                       Computation: 10735 steps/s (collection: 1.273s, learning 0.253s)
             Mean action noise std: 0.99
          Mean value_function loss: 0.0450
               Mean surrogate loss: -0.0132
                 Mean entropy loss: 11.3133
                       Mean reward: -0.44
               Mean episode length: 17.86
           Episode_Reward/progress: 0.0025
              Episode_Reward/alive: 0.0079
            Episode_Reward/upright: 0.0014
     Episode_Reward/move_to_target: 0.0079
          Episode_Reward/action_l2: -0.0006
             Episode_Reward/energy: -0.0412
   Episode_Reward/joint_pos_limits: -0.0023
      Episode_Termination/time_out: 0.0129
  Episode_Termination/torso_height: 0.0000
--------------------------------------------------------------------------------
                   Total timesteps: 16384
                    Iteration time: 1.53s
                      Time elapsed: 00:00:01
                               ETA: 00:12:43

Could not find git repository in /home/hhm/miniforge3/envs/lerobot-arena/lib/python3.11/site-packages/rsl_rl/__init__.py. Skipping.
################################################################################
                       [1m Learning iteration 1/500 [0m                       

                       Computation: 39602 steps/s (collection: 0.331s, learning 0.083s)
             Mean action noise std: 0.97
          Mean value_function loss: 0.0446
               Mean surrogate loss: -0.0145
                 Mean entropy loss: 11.2039
                       Mean reward: -1.41
               Mean episode length: 42.79
           Episode_Reward/progress: -0.0100
              Episode_Reward/alive: 0.0248
            Episode_Reward/upright: 0.0031
     Episode_Reward/move_to_target: 0.0206
          Episode_Reward/action_l2: -0.0020
             Episode_Reward/energy: -0.1263
   Episode_Reward/joint_pos_limits: -0.0083
      Episode_Termination/time_out: 0.0489
  Episode_Termination/torso_height: 0.0100
--------------------------------------------------------------------------------
                   Total timesteps: 32768
                    Iteration time: 0.41s
                      Time elapsed: 00:00:01
                               ETA: 00:08:04

################################################################################
                       [1m Learning iteration 2/500 [0m                       

                       Computation: 42602 steps/s (collection: 0.295s, learning 0.089s)
             Mean action noise std: 0.96
          Mean value_function loss: 0.0383
               Mean surrogate loss: -0.0133
                 Mean entropy loss: 11.0601
                       Mean reward: -2.47
               Mean episode length: 72.55
           Episode_Reward/progress: -0.0200
              Episode_Reward/alive: 0.0414
            Episode_Reward/upright: 0.0027
     Episode_Reward/move_to_target: 0.0267
          Episode_Reward/action_l2: -0.0034
             Episode_Reward/energy: -0.2072
   Episode_Reward/joint_pos_limits: -0.0150
      Episode_Termination/time_out: 0.0755
  Episode_Termination/torso_height: 0.0849
--------------------------------------------------------------------------------
                   Total timesteps: 49152
                    Iteration time: 0.38s
                      Time elapsed: 00:00:02
                               ETA: 00:06:25

################################################################################
                       [1m Learning iteration 3/500 [0m                       

                       Computation: 38842 steps/s (collection: 0.328s, learning 0.094s)
             Mean action noise std: 0.94
          Mean value_function loss: 0.0327
               Mean surrogate loss: -0.0150
                 Mean entropy loss: 10.9268
                       Mean reward: -3.13
               Mean episode length: 105.21
           Episode_Reward/progress: 0.0012
              Episode_Reward/alive: 0.0558
            Episode_Reward/upright: 0.0041
     Episode_Reward/move_to_target: 0.0298
          Episode_Reward/action_l2: -0.0044
             Episode_Reward/energy: -0.2668
   Episode_Reward/joint_pos_limits: -0.0203
      Episode_Termination/time_out: 0.1068
  Episode_Termination/torso_height: 0.1969
--------------------------------------------------------------------------------
                   Total timesteps: 65536
                    Iteration time: 0.42s
                      Time elapsed: 00:00:02
                               ETA: 00:05:41

################################################################################
                       [1m Learning iteration 4/500 [0m                       

                       Computation: 41194 steps/s (collection: 0.306s, learning 0.091s)
             Mean action noise std: 0.93
          Mean value_function loss: 0.0317
               Mean surrogate loss: -0.0151
                 Mean entropy loss: 10.8018
                       Mean reward: -3.67
               Mean episode length: 127.24
           Episode_Reward/progress: -0.0090
              Episode_Reward/alive: 0.0689
            Episode_Reward/upright: 0.0059
     Episode_Reward/move_to_target: 0.0383
          Episode_Reward/action_l2: -0.0053
             Episode_Reward/energy: -0.3154
   Episode_Reward/joint_pos_limits: -0.0254
      Episode_Termination/time_out: 0.1177
  Episode_Termination/torso_height: 0.3011
--------------------------------------------------------------------------------
                   Total timesteps: 81920
                    Iteration time: 0.40s
                      Time elapsed: 00:00:03
                               ETA: 00:05:11

################################################################################
                       [1m Learning iteration 5/500 [0m                       

                       Computation: 44290 steps/s (collection: 0.282s, learning 0.088s)
             Mean action noise std: 0.91
          Mean value_function loss: 0.0240
               Mean surrogate loss: -0.0153
                 Mean entropy loss: 10.6700
                       Mean reward: -4.08
               Mean episode length: 152.68
           Episode_Reward/progress: 0.0159
              Episode_Reward/alive: 0.0837
            Episode_Reward/upright: 0.0078
     Episode_Reward/move_to_target: 0.0380
          Episode_Reward/action_l2: -0.0065
             Episode_Reward/energy: -0.3678
   Episode_Reward/joint_pos_limits: -0.0317
      Episode_Termination/time_out: 0.1304
  Episode_Termination/torso_height: 0.3701
--------------------------------------------------------------------------------
                   Total timesteps: 98304
                    Iteration time: 0.37s
                      Time elapsed: 00:00:03
                               ETA: 00:04:49

################################################################################
                       [1m Learning iteration 6/500 [0m                       

                       Computation: 44672 steps/s (collection: 0.279s, learning 0.088s)
             Mean action noise std: 0.90
          Mean value_function loss: 0.0233
               Mean surrogate loss: -0.0150
                 Mean entropy loss: 10.5463
                       Mean reward: -4.21
               Mean episode length: 171.53
           Episode_Reward/progress: 0.0104
              Episode_Reward/alive: 0.0926
            Episode_Reward/upright: 0.0113
     Episode_Reward/move_to_target: 0.0449
          Episode_Reward/action_l2: -0.0070
             Episode_Reward/energy: -0.3880
   Episode_Reward/joint_pos_limits: -0.0360
      Episode_Termination/time_out: 0.1478
  Episode_Termination/torso_height: 0.4379
--------------------------------------------------------------------------------
                   Total timesteps: 114688
                    Iteration time: 0.37s
                      Time elapsed: 00:00:03
                               ETA: 00:04:33

################################################################################
                       [1m Learning iteration 7/500 [0m                       

                       Computation: 45185 steps/s (collection: 0.276s, learning 0.087s)
             Mean action noise std: 0.89
          Mean value_function loss: 0.0246
               Mean surrogate loss: -0.0129
                 Mean entropy loss: 10.4401
                       Mean reward: -4.21
               Mean episode length: 173.22
           Episode_Reward/progress: 0.0099
              Episode_Reward/alive: 0.0866
            Episode_Reward/upright: 0.0084
     Episode_Reward/move_to_target: 0.0396
          Episode_Reward/action_l2: -0.0064
             Episode_Reward/energy: -0.3531
   Episode_Reward/joint_pos_limits: -0.0343
      Episode_Termination/time_out: 0.1538
  Episode_Termination/torso_height: 0.4952
--------------------------------------------------------------------------------
                   Total timesteps: 131072
                    Iteration time: 0.36s
                      Time elapsed: 00:00:04
                               ETA: 00:04:21

################################################################################
                       [1m Learning iteration 8/500 [0m                       

                       Computation: 44954 steps/s (collection: 0.273s, learning 0.091s)
             Mean action noise std: 0.88
          Mean value_function loss: 0.0207
               Mean surrogate loss: -0.0140
                 Mean entropy loss: 10.3442
                       Mean reward: -4.53
               Mean episode length: 190.62
           Episode_Reward/progress: -0.0009
              Episode_Reward/alive: 0.1053
            Episode_Reward/upright: 0.0122
     Episode_Reward/move_to_target: 0.0542
          Episode_Reward/action_l2: -0.0077
             Episode_Reward/energy: -0.4152
   Episode_Reward/joint_pos_limits: -0.0427
      Episode_Termination/time_out: 0.1536
  Episode_Termination/torso_height: 0.5524
--------------------------------------------------------------------------------
                   Total timesteps: 147456
                    Iteration time: 0.36s
                      Time elapsed: 00:00:04
                               ETA: 00:04:11

################################################################################
                       [1m Learning iteration 9/500 [0m                       

                       Computation: 48372 steps/s (collection: 0.271s, learning 0.067s)
             Mean action noise std: 0.87
          Mean value_function loss: 0.0206
               Mean surrogate loss: -0.0132
                 Mean entropy loss: 10.2613
                       Mean reward: -4.20
               Mean episode length: 198.79
           Episode_Reward/progress: 0.0290
              Episode_Reward/alive: 0.1142
            Episode_Reward/upright: 0.0140
     Episode_Reward/move_to_target: 0.0719
          Episode_Reward/action_l2: -0.0083
             Episode_Reward/energy: -0.4363
   Episode_Reward/joint_pos_limits: -0.0470
      Episode_Termination/time_out: 0.1602
  Episode_Termination/torso_height: 0.5906
--------------------------------------------------------------------------------
                   Total timesteps: 163840
                    Iteration time: 0.34s
                      Time elapsed: 00:00:04
                               ETA: 00:04:02

################################################################################
                      [1m Learning iteration 10/500 [0m                       

                       Computation: 48231 steps/s (collection: 0.270s, learning 0.070s)
             Mean action noise std: 0.85
          Mean value_function loss: 0.0176
               Mean surrogate loss: -0.0154
                 Mean entropy loss: 10.1256
                       Mean reward: -4.37
               Mean episode length: 214.98
           Episode_Reward/progress: 0.0164
              Episode_Reward/alive: 0.1329
            Episode_Reward/upright: 0.0189
     Episode_Reward/move_to_target: 0.0523
          Episode_Reward/action_l2: -0.0096
             Episode_Reward/energy: -0.4756
   Episode_Reward/joint_pos_limits: -0.0563
      Episode_Termination/time_out: 0.1622
  Episode_Termination/torso_height: 0.6214
--------------------------------------------------------------------------------
                   Total timesteps: 180224
                    Iteration time: 0.34s
                      Time elapsed: 00:00:05
                               ETA: 00:03:55

################################################################################
                      [1m Learning iteration 11/500 [0m                       

                       Computation: 48903 steps/s (collection: 0.262s, learning 0.073s)
             Mean action noise std: 0.84
          Mean value_function loss: 0.0148
               Mean surrogate loss: -0.0151
                 Mean entropy loss: 10.0016
                       Mean reward: -3.96
               Mean episode length: 208.71
           Episode_Reward/progress: -0.0008
              Episode_Reward/alive: 0.0920
            Episode_Reward/upright: 0.0102
     Episode_Reward/move_to_target: 0.0484
          Episode_Reward/action_l2: -0.0065
             Episode_Reward/energy: -0.2993
   Episode_Reward/joint_pos_limits: -0.0418
      Episode_Termination/time_out: 0.1592
  Episode_Termination/torso_height: 0.6450
--------------------------------------------------------------------------------
                   Total timesteps: 196608
                    Iteration time: 0.34s
                      Time elapsed: 00:00:05
                               ETA: 00:03:49

################################################################################
                      [1m Learning iteration 12/500 [0m                       

                       Computation: 49217 steps/s (collection: 0.263s, learning 0.070s)
             Mean action noise std: 0.83
          Mean value_function loss: 0.0136
               Mean surrogate loss: -0.0145
                 Mean entropy loss: 9.9015
                       Mean reward: -4.19
               Mean episode length: 223.29
           Episode_Reward/progress: 0.0006
              Episode_Reward/alive: 0.1310
            Episode_Reward/upright: 0.0180
     Episode_Reward/move_to_target: 0.0808
          Episode_Reward/action_l2: -0.0092
             Episode_Reward/energy: -0.4201
   Episode_Reward/joint_pos_limits: -0.0619
      Episode_Termination/time_out: 0.1575
  Episode_Termination/torso_height: 0.6655
--------------------------------------------------------------------------------
                   Total timesteps: 212992
                    Iteration time: 0.33s
                      Time elapsed: 00:00:05
                               ETA: 00:03:43

################################################################################
                      [1m Learning iteration 13/500 [0m                       

                       Computation: 43894 steps/s (collection: 0.296s, learning 0.078s)
             Mean action noise std: 0.81
          Mean value_function loss: 0.0131
               Mean surrogate loss: -0.0136
                 Mean entropy loss: 9.7884
                       Mean reward: -4.16
               Mean episode length: 233.45
           Episode_Reward/progress: -0.0016
              Episode_Reward/alive: 0.1264
            Episode_Reward/upright: 0.0170
     Episode_Reward/move_to_target: 0.0797
          Episode_Reward/action_l2: -0.0087
             Episode_Reward/energy: -0.4008
   Episode_Reward/joint_pos_limits: -0.0585
      Episode_Termination/time_out: 0.1570
  Episode_Termination/torso_height: 0.6791
--------------------------------------------------------------------------------
                   Total timesteps: 229376
                    Iteration time: 0.37s
                      Time elapsed: 00:00:06
                               ETA: 00:03:40

################################################################################
                      [1m Learning iteration 14/500 [0m                       

                       Computation: 41228 steps/s (collection: 0.306s, learning 0.091s)
             Mean action noise std: 0.80
          Mean value_function loss: 0.0117
               Mean surrogate loss: -0.0125
                 Mean entropy loss: 9.6451
                       Mean reward: -3.97
               Mean episode length: 239.70
           Episode_Reward/progress: 0.0196
              Episode_Reward/alive: 0.1397
            Episode_Reward/upright: 0.0194
     Episode_Reward/move_to_target: 0.0801
          Episode_Reward/action_l2: -0.0096
             Episode_Reward/energy: -0.4283
   Episode_Reward/joint_pos_limits: -0.0677
      Episode_Termination/time_out: 0.1613
  Episode_Termination/torso_height: 0.6883
--------------------------------------------------------------------------------
                   Total timesteps: 245760
                    Iteration time: 0.40s
                      Time elapsed: 00:00:06
                               ETA: 00:03:37

################################################################################
                      [1m Learning iteration 15/500 [0m                       

                       Computation: 43460 steps/s (collection: 0.284s, learning 0.093s)
             Mean action noise std: 0.79
          Mean value_function loss: 0.0093
               Mean surrogate loss: -0.0122
                 Mean entropy loss: 9.5065
                       Mean reward: -4.11
               Mean episode length: 258.65
           Episode_Reward/progress: 0.0389
              Episode_Reward/alive: 0.1491
            Episode_Reward/upright: 0.0189
     Episode_Reward/move_to_target: 0.0854
          Episode_Reward/action_l2: -0.0103
             Episode_Reward/energy: -0.4444
   Episode_Reward/joint_pos_limits: -0.0740
      Episode_Termination/time_out: 0.1627
  Episode_Termination/torso_height: 0.6935
--------------------------------------------------------------------------------
                   Total timesteps: 262144
                    Iteration time: 0.38s
                      Time elapsed: 00:00:07
                               ETA: 00:03:35

################################################################################
                      [1m Learning iteration 16/500 [0m                       

                       Computation: 47888 steps/s (collection: 0.253s, learning 0.090s)
             Mean action noise std: 0.77
          Mean value_function loss: 0.0114
               Mean surrogate loss: -0.0104
                 Mean entropy loss: 9.3222
                       Mean reward: -4.51
               Mean episode length: 292.09
           Episode_Reward/progress: 0.0275
              Episode_Reward/alive: 0.2461
            Episode_Reward/upright: 0.0425
     Episode_Reward/move_to_target: 0.0992
          Episode_Reward/action_l2: -0.0169
             Episode_Reward/energy: -0.7231
   Episode_Reward/joint_pos_limits: -0.1212
      Episode_Termination/time_out: 0.1698
  Episode_Termination/torso_height: 0.6971
--------------------------------------------------------------------------------
                   Total timesteps: 278528
                    Iteration time: 0.34s
                      Time elapsed: 00:00:07
                               ETA: 00:03:31

################################################################################
                      [1m Learning iteration 17/500 [0m                       

                       Computation: 51971 steps/s (collection: 0.241s, learning 0.075s)
             Mean action noise std: 0.75
          Mean value_function loss: 0.0083
               Mean surrogate loss: -0.0121
                 Mean entropy loss: 9.1525
                       Mean reward: -4.39
               Mean episode length: 290.70
           Episode_Reward/progress: 0.0571
              Episode_Reward/alive: 0.2054
            Episode_Reward/upright: 0.0342
     Episode_Reward/move_to_target: 0.1119
          Episode_Reward/action_l2: -0.0139
             Episode_Reward/energy: -0.5724
   Episode_Reward/joint_pos_limits: -0.1029
      Episode_Termination/time_out: 0.1786
  Episode_Termination/torso_height: 0.6990
--------------------------------------------------------------------------------
                   Total timesteps: 294912
                    Iteration time: 0.32s
                      Time elapsed: 00:00:07
                               ETA: 00:03:28

################################################################################
                      [1m Learning iteration 18/500 [0m                       

                       Computation: 53876 steps/s (collection: 0.237s, learning 0.067s)
             Mean action noise std: 0.74
          Mean value_function loss: 0.0067
               Mean surrogate loss: -0.0102
                 Mean entropy loss: 9.0067
                       Mean reward: -4.73
               Mean episode length: 319.68
           Episode_Reward/progress: 0.0246
              Episode_Reward/alive: 0.2847
            Episode_Reward/upright: 0.0478
     Episode_Reward/move_to_target: 0.1253
          Episode_Reward/action_l2: -0.0198
             Episode_Reward/energy: -0.8081
   Episode_Reward/joint_pos_limits: -0.1454
      Episode_Termination/time_out: 0.1832
  Episode_Termination/torso_height: 0.7050
--------------------------------------------------------------------------------
                   Total timesteps: 311296
                    Iteration time: 0.30s
                      Time elapsed: 00:00:08
                               ETA: 00:03:24

################################################################################
                      [1m Learning iteration 19/500 [0m                       

                       Computation: 54862 steps/s (collection: 0.228s, learning 0.071s)
             Mean action noise std: 0.72
          Mean value_function loss: 0.0050
               Mean surrogate loss: -0.0093
                 Mean entropy loss: 8.8357
                       Mean reward: -4.79
               Mean episode length: 326.50
           Episode_Reward/progress: -0.0137
              Episode_Reward/alive: 0.3214
            Episode_Reward/upright: 0.0518
     Episode_Reward/move_to_target: 0.1455
          Episode_Reward/action_l2: -0.0222
             Episode_Reward/energy: -0.8658
   Episode_Reward/joint_pos_limits: -0.1728
      Episode_Termination/time_out: 0.1888
  Episode_Termination/torso_height: 0.7090
--------------------------------------------------------------------------------
                   Total timesteps: 327680
                    Iteration time: 0.30s
                      Time elapsed: 00:00:08
                               ETA: 00:03:21

################################################################################
                      [1m Learning iteration 20/500 [0m                       

                       Computation: 53500 steps/s (collection: 0.235s, learning 0.071s)
             Mean action noise std: 0.71
          Mean value_function loss: 0.0052
               Mean surrogate loss: -0.0068
                 Mean entropy loss: 8.6860
                       Mean reward: -5.23
               Mean episode length: 352.19
           Episode_Reward/progress: -0.0292
              Episode_Reward/alive: 0.3397
            Episode_Reward/upright: 0.0607
     Episode_Reward/move_to_target: 0.0922
          Episode_Reward/action_l2: -0.0234
             Episode_Reward/energy: -0.9328
   Episode_Reward/joint_pos_limits: -0.1849
      Episode_Termination/time_out: 0.1955
  Episode_Termination/torso_height: 0.7090
--------------------------------------------------------------------------------
                   Total timesteps: 344064
                    Iteration time: 0.31s
                      Time elapsed: 00:00:08
                               ETA: 00:03:18

################################################################################
                      [1m Learning iteration 21/500 [0m                       

                       Computation: 51689 steps/s (collection: 0.232s, learning 0.085s)
             Mean action noise std: 0.70
          Mean value_function loss: 0.0039
               Mean surrogate loss: -0.0064
                 Mean entropy loss: 8.5302
                       Mean reward: -5.23
               Mean episode length: 369.42
           Episode_Reward/progress: -0.0297
              Episode_Reward/alive: 0.2747
            Episode_Reward/upright: 0.0495
     Episode_Reward/move_to_target: -0.0065
          Episode_Reward/action_l2: -0.0190
             Episode_Reward/energy: -0.7289
   Episode_Reward/joint_pos_limits: -0.1573
      Episode_Termination/time_out: 0.2037
  Episode_Termination/torso_height: 0.7101
--------------------------------------------------------------------------------
                   Total timesteps: 360448
                    Iteration time: 0.32s
                      Time elapsed: 00:00:08
                               ETA: 00:03:15

################################################################################
                      [1m Learning iteration 22/500 [0m                       

                       Computation: 51470 steps/s (collection: 0.231s, learning 0.088s)
             Mean action noise std: 0.69
          Mean value_function loss: 0.0042
               Mean surrogate loss: -0.0063
                 Mean entropy loss: 8.3970
                       Mean reward: -5.40
               Mean episode length: 379.17
           Episode_Reward/progress: 0.0298
              Episode_Reward/alive: 0.3705
            Episode_Reward/upright: 0.0707
     Episode_Reward/move_to_target: 0.2827
          Episode_Reward/action_l2: -0.0250
             Episode_Reward/energy: -0.8859
   Episode_Reward/joint_pos_limits: -0.2230
      Episode_Termination/time_out: 0.2097
  Episode_Termination/torso_height: 0.7109
--------------------------------------------------------------------------------
                   Total timesteps: 376832
                    Iteration time: 0.32s
                      Time elapsed: 00:00:09
                               ETA: 00:03:13

################################################################################
                      [1m Learning iteration 23/500 [0m                       

                       Computation: 50201 steps/s (collection: 0.237s, learning 0.089s)
             Mean action noise std: 0.67
          Mean value_function loss: 0.0035
               Mean surrogate loss: -0.0077
                 Mean entropy loss: 8.2492
                       Mean reward: -5.56
               Mean episode length: 402.44
           Episode_Reward/progress: -0.0007
              Episode_Reward/alive: 0.3363
            Episode_Reward/upright: 0.0636
     Episode_Reward/move_to_target: 0.0785
          Episode_Reward/action_l2: -0.0226
             Episode_Reward/energy: -0.7862
   Episode_Reward/joint_pos_limits: -0.2047
      Episode_Termination/time_out: 0.2175
  Episode_Termination/torso_height: 0.7119
--------------------------------------------------------------------------------
                   Total timesteps: 393216
                    Iteration time: 0.33s
                      Time elapsed: 00:00:09
                               ETA: 00:03:11

################################################################################
                      [1m Learning iteration 24/500 [0m                       

                       Computation: 50795 steps/s (collection: 0.233s, learning 0.090s)
             Mean action noise std: 0.67
          Mean value_function loss: 0.0025
               Mean surrogate loss: -0.0046
                 Mean entropy loss: 8.1311
                       Mean reward: -5.81
               Mean episode length: 423.55
           Episode_Reward/progress: 0.0093
              Episode_Reward/alive: 0.3019
            Episode_Reward/upright: 0.0547
     Episode_Reward/move_to_target: 0.1965
          Episode_Reward/action_l2: -0.0203
             Episode_Reward/energy: -0.6941
   Episode_Reward/joint_pos_limits: -0.1888
      Episode_Termination/time_out: 0.2238
  Episode_Termination/torso_height: 0.7151
--------------------------------------------------------------------------------
                   Total timesteps: 409600
                    Iteration time: 0.32s
                      Time elapsed: 00:00:09
                               ETA: 00:03:09

################################################################################
                      [1m Learning iteration 25/500 [0m                       

                       Computation: 47703 steps/s (collection: 0.262s, learning 0.082s)
             Mean action noise std: 0.65
          Mean value_function loss: 0.0025
               Mean surrogate loss: -0.0073
                 Mean entropy loss: 8.0174
                       Mean reward: -6.11
               Mean episode length: 464.16
           Episode_Reward/progress: -0.0113
              Episode_Reward/alive: 0.3997
            Episode_Reward/upright: 0.0754
     Episode_Reward/move_to_target: 0.1648
          Episode_Reward/action_l2: -0.0264
             Episode_Reward/energy: -0.9078
   Episode_Reward/joint_pos_limits: -0.2506
      Episode_Termination/time_out: 0.2336
  Episode_Termination/torso_height: 0.7168
--------------------------------------------------------------------------------
                   Total timesteps: 425984
                    Iteration time: 0.34s
                      Time elapsed: 00:00:10
                               ETA: 00:03:08

################################################################################
                      [1m Learning iteration 26/500 [0m                       

                       Computation: 46959 steps/s (collection: 0.272s, learning 0.077s)
             Mean action noise std: 0.64
          Mean value_function loss: 0.0027
               Mean surrogate loss: -0.0068
                 Mean entropy loss: 7.8621
                       Mean reward: -6.39
               Mean episode length: 507.98
           Episode_Reward/progress: 0.0456
              Episode_Reward/alive: 0.4264
            Episode_Reward/upright: 0.0818
     Episode_Reward/move_to_target: 0.2630
          Episode_Reward/action_l2: -0.0283
             Episode_Reward/energy: -0.8901
   Episode_Reward/joint_pos_limits: -0.2841
      Episode_Termination/time_out: 0.2484
  Episode_Termination/torso_height: 0.7169
--------------------------------------------------------------------------------
                   Total timesteps: 442368
                    Iteration time: 0.35s
                      Time elapsed: 00:00:10
                               ETA: 00:03:06

################################################################################
                      [1m Learning iteration 27/500 [0m                       

                       Computation: 45523 steps/s (collection: 0.266s, learning 0.094s)
             Mean action noise std: 0.64
          Mean value_function loss: 0.0026
               Mean surrogate loss: -0.0052
                 Mean entropy loss: 7.7596
                       Mean reward: -6.38
               Mean episode length: 521.77
           Episode_Reward/progress: 0.0334
              Episode_Reward/alive: 0.1254
            Episode_Reward/upright: 0.0170
     Episode_Reward/move_to_target: 0.0719
          Episode_Reward/action_l2: -0.0078
             Episode_Reward/energy: -0.2356
   Episode_Reward/joint_pos_limits: -0.0840
      Episode_Termination/time_out: 0.2523
  Episode_Termination/torso_height: 0.7201
--------------------------------------------------------------------------------
                   Total timesteps: 458752
                    Iteration time: 0.36s
                      Time elapsed: 00:00:11
                               ETA: 00:03:05

################################################################################
                      [1m Learning iteration 28/500 [0m                       

                       Computation: 50404 steps/s (collection: 0.234s, learning 0.091s)
             Mean action noise std: 0.63
          Mean value_function loss: 0.0019
               Mean surrogate loss: -0.0044
                 Mean entropy loss: 7.6747
                       Mean reward: -6.78
               Mean episode length: 559.80
           Episode_Reward/progress: -0.0210
              Episode_Reward/alive: 0.4731
            Episode_Reward/upright: 0.0878
     Episode_Reward/move_to_target: -0.0488
          Episode_Reward/action_l2: -0.0305
             Episode_Reward/energy: -0.9687
   Episode_Reward/joint_pos_limits: -0.3160
      Episode_Termination/time_out: 0.2628
  Episode_Termination/torso_height: 0.7227
--------------------------------------------------------------------------------
                   Total timesteps: 475136
                    Iteration time: 0.33s
                      Time elapsed: 00:00:11
                               ETA: 00:03:04

################################################################################
                      [1m Learning iteration 29/500 [0m                       

                       Computation: 46772 steps/s (collection: 0.255s, learning 0.095s)
             Mean action noise std: 0.62
          Mean value_function loss: 0.0020
               Mean surrogate loss: -0.0100
                 Mean entropy loss: 7.5666
                       Mean reward: -7.03
               Mean episode length: 593.09
           Episode_Reward/progress: -0.0329
              Episode_Reward/alive: 0.4694
            Episode_Reward/upright: 0.0899
     Episode_Reward/move_to_target: 0.1706
          Episode_Reward/action_l2: -0.0306
             Episode_Reward/energy: -0.9372
   Episode_Reward/joint_pos_limits: -0.3208
      Episode_Termination/time_out: 0.2706
  Episode_Termination/torso_height: 0.7232
--------------------------------------------------------------------------------
                   Total timesteps: 491520
                    Iteration time: 0.35s
                      Time elapsed: 00:00:11
                               ETA: 00:03:03

################################################################################
                      [1m Learning iteration 30/500 [0m                       

                       Computation: 52435 steps/s (collection: 0.236s, learning 0.076s)
             Mean action noise std: 0.61
          Mean value_function loss: 0.0020
               Mean surrogate loss: -0.0076
                 Mean entropy loss: 7.4406
                       Mean reward: -7.01
               Mean episode length: 616.57
           Episode_Reward/progress: 0.0626
              Episode_Reward/alive: 0.3512
            Episode_Reward/upright: 0.0667
     Episode_Reward/move_to_target: 0.2148
          Episode_Reward/action_l2: -0.0229
             Episode_Reward/energy: -0.6773
   Episode_Reward/joint_pos_limits: -0.2510
      Episode_Termination/time_out: 0.2748
  Episode_Termination/torso_height: 0.7252
--------------------------------------------------------------------------------
                   Total timesteps: 507904
                    Iteration time: 0.31s
                      Time elapsed: 00:00:11
                               ETA: 00:03:01

################################################################################
                      [1m Learning iteration 31/500 [0m                       

                       Computation: 44155 steps/s (collection: 0.281s, learning 0.090s)
             Mean action noise std: 0.60
          Mean value_function loss: 0.0022
               Mean surrogate loss: -0.0105
                 Mean entropy loss: 7.3525
                       Mean reward: -7.31
               Mean episode length: 700.15
           Episode_Reward/progress: -0.0260
              Episode_Reward/alive: 0.5000
            Episode_Reward/upright: 0.0941
     Episode_Reward/move_to_target: 0.0761
          Episode_Reward/action_l2: -0.0324
             Episode_Reward/energy: -0.8867
   Episode_Reward/joint_pos_limits: -0.3631
      Episode_Termination/time_out: 0.2774
  Episode_Termination/torso_height: 0.7226
--------------------------------------------------------------------------------
                   Total timesteps: 524288
                    Iteration time: 0.37s
                      Time elapsed: 00:00:12
                               ETA: 00:03:01

################################################################################
                      [1m Learning iteration 32/500 [0m                       

                       Computation: 44569 steps/s (collection: 0.292s, learning 0.076s)
             Mean action noise std: 0.60
          Mean value_function loss: 0.0029
               Mean surrogate loss: -0.0104
                 Mean entropy loss: 7.2495
                       Mean reward: -6.92
               Mean episode length: 813.10
           Episode_Reward/progress: 0.0442
              Episode_Reward/alive: 0.5000
            Episode_Reward/upright: 0.0944
     Episode_Reward/move_to_target: 0.1539
          Episode_Reward/action_l2: -0.0312
             Episode_Reward/energy: -0.8145
   Episode_Reward/joint_pos_limits: -0.3732
      Episode_Termination/time_out: 0.3085
  Episode_Termination/torso_height: 0.6915
--------------------------------------------------------------------------------
                   Total timesteps: 540672
                    Iteration time: 0.37s
                      Time elapsed: 00:00:12
                               ETA: 00:03:00

################################################################################
                      [1m Learning iteration 33/500 [0m                       

                       Computation: 45803 steps/s (collection: 0.289s, learning 0.069s)
             Mean action noise std: 0.59
          Mean value_function loss: 0.0034
               Mean surrogate loss: -0.0103
                 Mean entropy loss: 7.1695
                       Mean reward: -5.17
               Mean episode length: 923.51
           Episode_Reward/progress: 0.0650
              Episode_Reward/alive: 0.4781
            Episode_Reward/upright: 0.0918
     Episode_Reward/move_to_target: 0.3095
          Episode_Reward/action_l2: -0.0291
             Episode_Reward/energy: -0.7081
   Episode_Reward/joint_pos_limits: -0.3660
      Episode_Termination/time_out: 0.3627
  Episode_Termination/torso_height: 0.6373
--------------------------------------------------------------------------------
                   Total timesteps: 557056
                    Iteration time: 0.36s
                      Time elapsed: 00:00:13
                               ETA: 00:02:59

################################################################################
                      [1m Learning iteration 34/500 [0m                       

                       Computation: 48467 steps/s (collection: 0.268s, learning 0.070s)
             Mean action noise std: 0.58
          Mean value_function loss: 0.0039
               Mean surrogate loss: -0.0103
                 Mean entropy loss: 7.0810
                       Mean reward: -3.58
               Mean episode length: 870.27
           Episode_Reward/progress: 0.0352
              Episode_Reward/alive: 0.3331
            Episode_Reward/upright: 0.0630
     Episode_Reward/move_to_target: 0.1996
          Episode_Reward/action_l2: -0.0202
             Episode_Reward/energy: -0.4335
   Episode_Reward/joint_pos_limits: -0.2666
      Episode_Termination/time_out: 0.4088
  Episode_Termination/torso_height: 0.5912
--------------------------------------------------------------------------------
                   Total timesteps: 573440
                    Iteration time: 0.34s
                      Time elapsed: 00:00:13
                               ETA: 00:02:58

################################################################################
                      [1m Learning iteration 35/500 [0m                       

                       Computation: 43677 steps/s (collection: 0.300s, learning 0.075s)
             Mean action noise std: 0.58
          Mean value_function loss: 0.0030
               Mean surrogate loss: -0.0089
                 Mean entropy loss: 7.0134
                       Mean reward: -2.33
               Mean episode length: 825.60
           Episode_Reward/progress: 0.0771
              Episode_Reward/alive: 0.4635
            Episode_Reward/upright: 0.0894
     Episode_Reward/move_to_target: 0.2342
          Episode_Reward/action_l2: -0.0281
             Episode_Reward/energy: -0.5746
   Episode_Reward/joint_pos_limits: -0.3765
      Episode_Termination/time_out: 0.4433
  Episode_Termination/torso_height: 0.5567
--------------------------------------------------------------------------------
                   Total timesteps: 589824
                    Iteration time: 0.38s
                      Time elapsed: 00:00:13
                               ETA: 00:02:58

################################################################################
                      [1m Learning iteration 36/500 [0m                       

                       Computation: 36935 steps/s (collection: 0.361s, learning 0.082s)
             Mean action noise std: 0.58
          Mean value_function loss: 0.0033
               Mean surrogate loss: -0.0116
                 Mean entropy loss: 6.9545
                       Mean reward: -0.92
               Mean episode length: 852.13
           Episode_Reward/progress: 0.0812
              Episode_Reward/alive: 0.4624
            Episode_Reward/upright: 0.0899
     Episode_Reward/move_to_target: 0.3295
          Episode_Reward/action_l2: -0.0273
             Episode_Reward/energy: -0.5179
   Episode_Reward/joint_pos_limits: -0.3839
      Episode_Termination/time_out: 0.4857
  Episode_Termination/torso_height: 0.5143
--------------------------------------------------------------------------------
                   Total timesteps: 606208
                    Iteration time: 0.44s
                      Time elapsed: 00:00:14
                               ETA: 00:02:58

################################################################################
                      [1m Learning iteration 37/500 [0m                       

                       Computation: 39359 steps/s (collection: 0.321s, learning 0.095s)
             Mean action noise std: 0.57
          Mean value_function loss: 0.0028
               Mean surrogate loss: -0.0100
                 Mean entropy loss: 6.8985
                       Mean reward: 0.29
               Mean episode length: 844.54
           Episode_Reward/progress: 0.0979
              Episode_Reward/alive: 0.4401
            Episode_Reward/upright: 0.0858
     Episode_Reward/move_to_target: 0.2882
          Episode_Reward/action_l2: -0.0255
             Episode_Reward/energy: -0.4611
   Episode_Reward/joint_pos_limits: -0.3728
      Episode_Termination/time_out: 0.5348
  Episode_Termination/torso_height: 0.4652
--------------------------------------------------------------------------------
                   Total timesteps: 622592
                    Iteration time: 0.42s
                      Time elapsed: 00:00:14
                               ETA: 00:02:58

################################################################################
                      [1m Learning iteration 38/500 [0m                       

                       Computation: 40918 steps/s (collection: 0.311s, learning 0.089s)
             Mean action noise std: 0.57
          Mean value_function loss: 0.0040
               Mean surrogate loss: -0.0104
                 Mean entropy loss: 6.8411
                       Mean reward: 1.16
               Mean episode length: 843.93
           Episode_Reward/progress: 0.0628
              Episode_Reward/alive: 0.4581
            Episode_Reward/upright: 0.0893
     Episode_Reward/move_to_target: 0.3867
          Episode_Reward/action_l2: -0.0262
             Episode_Reward/energy: -0.4477
   Episode_Reward/joint_pos_limits: -0.3949
      Episode_Termination/time_out: 0.5962
  Episode_Termination/torso_height: 0.4038
--------------------------------------------------------------------------------
                   Total timesteps: 638976
                    Iteration time: 0.40s
                      Time elapsed: 00:00:15
                               ETA: 00:02:58

################################################################################
                      [1m Learning iteration 39/500 [0m                       

                       Computation: 43987 steps/s (collection: 0.280s, learning 0.092s)
             Mean action noise std: 0.56
          Mean value_function loss: 0.0036
               Mean surrogate loss: -0.0103
                 Mean entropy loss: 6.7792
                       Mean reward: 1.64
               Mean episode length: 861.06
           Episode_Reward/progress: 0.0843
              Episode_Reward/alive: 0.4296
            Episode_Reward/upright: 0.0836
     Episode_Reward/move_to_target: 0.3023
          Episode_Reward/action_l2: -0.0243
             Episode_Reward/energy: -0.3830
   Episode_Reward/joint_pos_limits: -0.3782
      Episode_Termination/time_out: 0.6463
  Episode_Termination/torso_height: 0.3537
--------------------------------------------------------------------------------
                   Total timesteps: 655360
                    Iteration time: 0.37s
                      Time elapsed: 00:00:15
                               ETA: 00:02:57

################################################################################
                      [1m Learning iteration 40/500 [0m                       

                       Computation: 39522 steps/s (collection: 0.324s, learning 0.090s)
             Mean action noise std: 0.56
          Mean value_function loss: 0.0039
               Mean surrogate loss: -0.0101
                 Mean entropy loss: 6.7386
                       Mean reward: 2.38
               Mean episode length: 799.47
           Episode_Reward/progress: 0.0884
              Episode_Reward/alive: 0.3802
            Episode_Reward/upright: 0.0731
     Episode_Reward/move_to_target: 0.3261
          Episode_Reward/action_l2: -0.0210
             Episode_Reward/energy: -0.3133
   Episode_Reward/joint_pos_limits: -0.3359
      Episode_Termination/time_out: 0.6842
  Episode_Termination/torso_height: 0.3158
--------------------------------------------------------------------------------
                   Total timesteps: 671744
                    Iteration time: 0.41s
                      Time elapsed: 00:00:15
                               ETA: 00:02:57

################################################################################
                      [1m Learning iteration 41/500 [0m                       

                       Computation: 42106 steps/s (collection: 0.297s, learning 0.092s)
             Mean action noise std: 0.56
          Mean value_function loss: 0.0045
               Mean surrogate loss: -0.0109
                 Mean entropy loss: 6.6785
                       Mean reward: 2.75
               Mean episode length: 773.87
           Episode_Reward/progress: 0.0796
              Episode_Reward/alive: 0.4249
            Episode_Reward/upright: 0.0829
     Episode_Reward/move_to_target: 0.3400
          Episode_Reward/action_l2: -0.0234
             Episode_Reward/energy: -0.3225
   Episode_Reward/joint_pos_limits: -0.3865
      Episode_Termination/time_out: 0.7209
  Episode_Termination/torso_height: 0.2791
--------------------------------------------------------------------------------
                   Total timesteps: 688128
                    Iteration time: 0.39s
                      Time elapsed: 00:00:16
                               ETA: 00:02:57

################################################################################
                      [1m Learning iteration 42/500 [0m                       

                       Computation: 43205 steps/s (collection: 0.280s, learning 0.100s)
             Mean action noise std: 0.55
          Mean value_function loss: 0.0050
               Mean surrogate loss: -0.0095
                 Mean entropy loss: 6.6206
                       Mean reward: 3.62
               Mean episode length: 801.56
           Episode_Reward/progress: 0.0995
              Episode_Reward/alive: 0.4863
            Episode_Reward/upright: 0.0962
     Episode_Reward/move_to_target: 0.4601
          Episode_Reward/action_l2: -0.0260
             Episode_Reward/energy: -0.3442
   Episode_Reward/joint_pos_limits: -0.4454
      Episode_Termination/time_out: 0.7552
  Episode_Termination/torso_height: 0.2448
--------------------------------------------------------------------------------
                   Total timesteps: 704512
                    Iteration time: 0.38s
                      Time elapsed: 00:00:16
                               ETA: 00:02:56

################################################################################
                      [1m Learning iteration 43/500 [0m                       

                       Computation: 41244 steps/s (collection: 0.304s, learning 0.093s)
             Mean action noise std: 0.55
          Mean value_function loss: 0.0056
               Mean surrogate loss: -0.0103
                 Mean entropy loss: 6.5282
                       Mean reward: 4.11
               Mean episode length: 829.29
           Episode_Reward/progress: 0.1043
              Episode_Reward/alive: 0.4529
            Episode_Reward/upright: 0.0894
     Episode_Reward/move_to_target: 0.4141
          Episode_Reward/action_l2: -0.0240
             Episode_Reward/energy: -0.3026
   Episode_Reward/joint_pos_limits: -0.4164
      Episode_Termination/time_out: 0.7876
  Episode_Termination/torso_height: 0.2124
--------------------------------------------------------------------------------
                   Total timesteps: 720896
                    Iteration time: 0.40s
                      Time elapsed: 00:00:17
                               ETA: 00:02:56

################################################################################
                      [1m Learning iteration 44/500 [0m                       

                       Computation: 40936 steps/s (collection: 0.299s, learning 0.101s)
             Mean action noise std: 0.54
          Mean value_function loss: 0.0055
               Mean surrogate loss: -0.0118
                 Mean entropy loss: 6.4569
                       Mean reward: 4.78
               Mean episode length: 838.35
           Episode_Reward/progress: 0.1245
              Episode_Reward/alive: 0.4296
            Episode_Reward/upright: 0.0842
     Episode_Reward/move_to_target: 0.4232
          Episode_Reward/action_l2: -0.0217
             Episode_Reward/energy: -0.2872
   Episode_Reward/joint_pos_limits: -0.3908
      Episode_Termination/time_out: 0.8201
  Episode_Termination/torso_height: 0.1799
--------------------------------------------------------------------------------
                   Total timesteps: 737280
                    Iteration time: 0.40s
                      Time elapsed: 00:00:17
                               ETA: 00:02:56

################################################################################
                      [1m Learning iteration 45/500 [0m                       

                       Computation: 43731 steps/s (collection: 0.274s, learning 0.100s)
             Mean action noise std: 0.54
          Mean value_function loss: 0.0054
               Mean surrogate loss: -0.0131
                 Mean entropy loss: 6.3897
                       Mean reward: 5.21
               Mean episode length: 855.86
           Episode_Reward/progress: 0.1406
              Episode_Reward/alive: 0.5000
            Episode_Reward/upright: 0.0992
     Episode_Reward/move_to_target: 0.4793
          Episode_Reward/action_l2: -0.0253
             Episode_Reward/energy: -0.3090
   Episode_Reward/joint_pos_limits: -0.4546
      Episode_Termination/time_out: 0.8422
  Episode_Termination/torso_height: 0.1578
--------------------------------------------------------------------------------
                   Total timesteps: 753664
                    Iteration time: 0.37s
                      Time elapsed: 00:00:17
                               ETA: 00:02:55

################################################################################
                      [1m Learning iteration 46/500 [0m                       

                       Computation: 46501 steps/s (collection: 0.261s, learning 0.092s)
             Mean action noise std: 0.53
          Mean value_function loss: 0.0066
               Mean surrogate loss: -0.0102
                 Mean entropy loss: 6.3384
                       Mean reward: 5.56
               Mean episode length: 864.78
           Episode_Reward/progress: 0.1408
              Episode_Reward/alive: 0.3897
            Episode_Reward/upright: 0.0747
     Episode_Reward/move_to_target: 0.3806
          Episode_Reward/action_l2: -0.0190
             Episode_Reward/energy: -0.2522
   Episode_Reward/joint_pos_limits: -0.3570
      Episode_Termination/time_out: 0.8512
  Episode_Termination/torso_height: 0.1488
--------------------------------------------------------------------------------
                   Total timesteps: 770048
                    Iteration time: 0.35s
                      Time elapsed: 00:00:18
                               ETA: 00:02:55

################################################################################
                      [1m Learning iteration 47/500 [0m                       

                       Computation: 48573 steps/s (collection: 0.243s, learning 0.094s)
             Mean action noise std: 0.53
          Mean value_function loss: 0.0064
               Mean surrogate loss: -0.0100
                 Mean entropy loss: 6.2684
                       Mean reward: 5.55
               Mean episode length: 840.17
           Episode_Reward/progress: 0.1296
              Episode_Reward/alive: 0.3935
            Episode_Reward/upright: 0.0751
     Episode_Reward/move_to_target: 0.3734
          Episode_Reward/action_l2: -0.0192
             Episode_Reward/energy: -0.2557
   Episode_Reward/joint_pos_limits: -0.3545
      Episode_Termination/time_out: 0.8554
  Episode_Termination/torso_height: 0.1446
--------------------------------------------------------------------------------
                   Total timesteps: 786432
                    Iteration time: 0.34s
                      Time elapsed: 00:00:18
                               ETA: 00:02:54

################################################################################
                      [1m Learning iteration 48/500 [0m                       

                       Computation: 48499 steps/s (collection: 0.243s, learning 0.095s)
             Mean action noise std: 0.53
          Mean value_function loss: 0.0066
               Mean surrogate loss: -0.0085
                 Mean entropy loss: 6.2208
                       Mean reward: 5.72
               Mean episode length: 832.08
           Episode_Reward/progress: 0.1041
              Episode_Reward/alive: 0.4058
            Episode_Reward/upright: 0.0783
     Episode_Reward/move_to_target: 0.3930
          Episode_Reward/action_l2: -0.0199
             Episode_Reward/energy: -0.2134
   Episode_Reward/joint_pos_limits: -0.4001
      Episode_Termination/time_out: 0.8616
  Episode_Termination/torso_height: 0.1384
--------------------------------------------------------------------------------
                   Total timesteps: 802816
                    Iteration time: 0.34s
                      Time elapsed: 00:00:18
                               ETA: 00:02:53

################################################################################
                      [1m Learning iteration 49/500 [0m                       

                       Computation: 50080 steps/s (collection: 0.239s, learning 0.088s)
             Mean action noise std: 0.52
          Mean value_function loss: 0.0072
               Mean surrogate loss: -0.0100
                 Mean entropy loss: 6.1451
                       Mean reward: 5.68
               Mean episode length: 816.82
           Episode_Reward/progress: 0.0536
              Episode_Reward/alive: 0.1156
            Episode_Reward/upright: 0.0177
     Episode_Reward/move_to_target: 0.1133
          Episode_Reward/action_l2: -0.0055
             Episode_Reward/energy: -0.0882
   Episode_Reward/joint_pos_limits: -0.1011
      Episode_Termination/time_out: 0.8621
  Episode_Termination/torso_height: 0.1379
--------------------------------------------------------------------------------
                   Total timesteps: 819200
                    Iteration time: 0.33s
                      Time elapsed: 00:00:19
                               ETA: 00:02:52

################################################################################
                      [1m Learning iteration 50/500 [0m                       

                       Computation: 49148 steps/s (collection: 0.244s, learning 0.089s)
             Mean action noise std: 0.52
          Mean value_function loss: 0.0078
               Mean surrogate loss: -0.0108
                 Mean entropy loss: 6.0791
                       Mean reward: 5.81
               Mean episode length: 816.53
           Episode_Reward/progress: 0.2165
              Episode_Reward/alive: 0.4158
            Episode_Reward/upright: 0.0802
     Episode_Reward/move_to_target: 0.4099
          Episode_Reward/action_l2: -0.0191
             Episode_Reward/energy: -0.2763
   Episode_Reward/joint_pos_limits: -0.3642
      Episode_Termination/time_out: 0.8605
  Episode_Termination/torso_height: 0.1395
--------------------------------------------------------------------------------
                   Total timesteps: 835584
                    Iteration time: 0.33s
                      Time elapsed: 00:00:19
                               ETA: 00:02:51

################################################################################
                      [1m Learning iteration 51/500 [0m                       

                       Computation: 51684 steps/s (collection: 0.228s, learning 0.089s)
             Mean action noise std: 0.51
          Mean value_function loss: 0.0082
               Mean surrogate loss: -0.0119
                 Mean entropy loss: 6.0178
                       Mean reward: 6.04
               Mean episode length: 816.69
           Episode_Reward/progress: 0.1478
              Episode_Reward/alive: 0.3419
            Episode_Reward/upright: 0.0658
     Episode_Reward/move_to_target: 0.3402
          Episode_Reward/action_l2: -0.0158
             Episode_Reward/energy: -0.1957
   Episode_Reward/joint_pos_limits: -0.3209
      Episode_Termination/time_out: 0.8586
  Episode_Termination/torso_height: 0.1414
--------------------------------------------------------------------------------
                   Total timesteps: 851968
                    Iteration time: 0.32s
                      Time elapsed: 00:00:19
                               ETA: 00:02:50

################################################################################
                      [1m Learning iteration 52/500 [0m                       

                       Computation: 48480 steps/s (collection: 0.248s, learning 0.090s)
             Mean action noise std: 0.51
          Mean value_function loss: 0.0102
               Mean surrogate loss: -0.0097
                 Mean entropy loss: 5.9686
                       Mean reward: 5.94
               Mean episode length: 790.58
           Episode_Reward/progress: 0.1169
              Episode_Reward/alive: 0.1866
            Episode_Reward/upright: 0.0321
     Episode_Reward/move_to_target: 0.1807
          Episode_Reward/action_l2: -0.0082
             Episode_Reward/energy: -0.1485
   Episode_Reward/joint_pos_limits: -0.1560
      Episode_Termination/time_out: 0.8560
  Episode_Termination/torso_height: 0.1440
--------------------------------------------------------------------------------
                   Total timesteps: 868352
                    Iteration time: 0.34s
                      Time elapsed: 00:00:20
                               ETA: 00:02:50

################################################################################
                      [1m Learning iteration 53/500 [0m                       

                       Computation: 43290 steps/s (collection: 0.288s, learning 0.091s)
             Mean action noise std: 0.51
          Mean value_function loss: 0.0103
               Mean surrogate loss: -0.0109
                 Mean entropy loss: 5.9064
                       Mean reward: 6.27
               Mean episode length: 795.72
           Episode_Reward/progress: 0.3108
              Episode_Reward/alive: 0.4255
            Episode_Reward/upright: 0.0830
     Episode_Reward/move_to_target: 0.4207
          Episode_Reward/action_l2: -0.0188
             Episode_Reward/energy: -0.2912
   Episode_Reward/joint_pos_limits: -0.3678
      Episode_Termination/time_out: 0.8545
  Episode_Termination/torso_height: 0.1455
--------------------------------------------------------------------------------
                   Total timesteps: 884736
                    Iteration time: 0.38s
                      Time elapsed: 00:00:20
                               ETA: 00:02:49

################################################################################
                      [1m Learning iteration 54/500 [0m                       

                       Computation: 44370 steps/s (collection: 0.272s, learning 0.098s)
             Mean action noise std: 0.50
          Mean value_function loss: 0.0107
               Mean surrogate loss: -0.0078
                 Mean entropy loss: 5.8591
                       Mean reward: 6.51
               Mean episode length: 804.73
           Episode_Reward/progress: 0.3521
              Episode_Reward/alive: 0.4326
            Episode_Reward/upright: 0.0844
     Episode_Reward/move_to_target: 0.4281
          Episode_Reward/action_l2: -0.0190
             Episode_Reward/energy: -0.3066
   Episode_Reward/joint_pos_limits: -0.3752
      Episode_Termination/time_out: 0.8558
  Episode_Termination/torso_height: 0.1442
--------------------------------------------------------------------------------
                   Total timesteps: 901120
                    Iteration time: 0.37s
                      Time elapsed: 00:00:20
                               ETA: 00:02:49

################################################################################
                      [1m Learning iteration 55/500 [0m                       

                       Computation: 44015 steps/s (collection: 0.282s, learning 0.090s)
             Mean action noise std: 0.50
          Mean value_function loss: 0.0137
               Mean surrogate loss: -0.0068
                 Mean entropy loss: 5.7929
                       Mean reward: 6.74
               Mean episode length: 804.73
           Episode_Reward/progress: 0.3849
              Episode_Reward/alive: 0.5000
            Episode_Reward/upright: 0.0982
     Episode_Reward/move_to_target: 0.4961
          Episode_Reward/action_l2: -0.0216
             Episode_Reward/energy: -0.3640
   Episode_Reward/joint_pos_limits: -0.4233
      Episode_Termination/time_out: 0.8574
  Episode_Termination/torso_height: 0.1426
--------------------------------------------------------------------------------
                   Total timesteps: 917504
                    Iteration time: 0.37s
                      Time elapsed: 00:00:21
                               ETA: 00:02:48

################################################################################
                      [1m Learning iteration 56/500 [0m                       

                       Computation: 44354 steps/s (collection: 0.281s, learning 0.088s)
             Mean action noise std: 0.50
          Mean value_function loss: 0.0137
               Mean surrogate loss: -0.0105
                 Mean entropy loss: 5.7364
                       Mean reward: 6.99
               Mean episode length: 793.86
           Episode_Reward/progress: 0.2460
              Episode_Reward/alive: 0.3171
            Episode_Reward/upright: 0.0586
     Episode_Reward/move_to_target: 0.3115
          Episode_Reward/action_l2: -0.0138
             Episode_Reward/energy: -0.2505
   Episode_Reward/joint_pos_limits: -0.2661
      Episode_Termination/time_out: 0.8545
  Episode_Termination/torso_height: 0.1455
--------------------------------------------------------------------------------
                   Total timesteps: 933888
                    Iteration time: 0.37s
                      Time elapsed: 00:00:21
                               ETA: 00:02:48

################################################################################
                      [1m Learning iteration 57/500 [0m                       

                       Computation: 37340 steps/s (collection: 0.337s, learning 0.102s)
             Mean action noise std: 0.49
          Mean value_function loss: 0.0175
               Mean surrogate loss: -0.0100
                 Mean entropy loss: 5.6937
                       Mean reward: 7.34
               Mean episode length: 790.86
           Episode_Reward/progress: 0.4157
              Episode_Reward/alive: 0.4409
            Episode_Reward/upright: 0.0855
     Episode_Reward/move_to_target: 0.4318
          Episode_Reward/action_l2: -0.0190
             Episode_Reward/energy: -0.3445
   Episode_Reward/joint_pos_limits: -0.3718
      Episode_Termination/time_out: 0.8544
  Episode_Termination/torso_height: 0.1456
--------------------------------------------------------------------------------
                   Total timesteps: 950272
                    Iteration time: 0.44s
                      Time elapsed: 00:00:22
                               ETA: 00:02:48

################################################################################
                      [1m Learning iteration 58/500 [0m                       

                       Computation: 47981 steps/s (collection: 0.253s, learning 0.088s)
             Mean action noise std: 0.49
          Mean value_function loss: 0.0178
               Mean surrogate loss: -0.0099
                 Mean entropy loss: 5.6445
                       Mean reward: 7.64
               Mean episode length: 773.82
           Episode_Reward/progress: 0.3649
              Episode_Reward/alive: 0.3680
            Episode_Reward/upright: 0.0705
     Episode_Reward/move_to_target: 0.3571
          Episode_Reward/action_l2: -0.0159
             Episode_Reward/energy: -0.2942
   Episode_Reward/joint_pos_limits: -0.3084
      Episode_Termination/time_out: 0.8502
  Episode_Termination/torso_height: 0.1498
--------------------------------------------------------------------------------
                   Total timesteps: 966656
                    Iteration time: 0.34s
                      Time elapsed: 00:00:22
                               ETA: 00:02:47

################################################################################
                      [1m Learning iteration 59/500 [0m                       

                       Computation: 48501 steps/s (collection: 0.248s, learning 0.090s)
             Mean action noise std: 0.49
          Mean value_function loss: 0.0232
               Mean surrogate loss: -0.0113
                 Mean entropy loss: 5.5836
                       Mean reward: 8.16
               Mean episode length: 782.92
           Episode_Reward/progress: 0.4099
              Episode_Reward/alive: 0.3435
            Episode_Reward/upright: 0.0628
     Episode_Reward/move_to_target: 0.3299
          Episode_Reward/action_l2: -0.0144
             Episode_Reward/energy: -0.3009
   Episode_Reward/joint_pos_limits: -0.2719
      Episode_Termination/time_out: 0.8431
  Episode_Termination/torso_height: 0.1569
--------------------------------------------------------------------------------
                   Total timesteps: 983040
                    Iteration time: 0.34s
                      Time elapsed: 00:00:22
                               ETA: 00:02:47

################################################################################
                      [1m Learning iteration 60/500 [0m                       

                       Computation: 48251 steps/s (collection: 0.261s, learning 0.079s)
             Mean action noise std: 0.48
          Mean value_function loss: 0.0229
               Mean surrogate loss: -0.0125
                 Mean entropy loss: 5.5500
                       Mean reward: 8.44
               Mean episode length: 773.42
           Episode_Reward/progress: 0.4695
              Episode_Reward/alive: 0.3993
            Episode_Reward/upright: 0.0772
     Episode_Reward/move_to_target: 0.3889
          Episode_Reward/action_l2: -0.0166
             Episode_Reward/energy: -0.3397
   Episode_Reward/joint_pos_limits: -0.3241
      Episode_Termination/time_out: 0.8400
  Episode_Termination/torso_height: 0.1600
--------------------------------------------------------------------------------
                   Total timesteps: 999424
                    Iteration time: 0.34s
                      Time elapsed: 00:00:23
                               ETA: 00:02:46

################################################################################
                      [1m Learning iteration 61/500 [0m                       

                       Computation: 47831 steps/s (collection: 0.268s, learning 0.074s)
             Mean action noise std: 0.48
          Mean value_function loss: 0.0222
               Mean surrogate loss: -0.0098
                 Mean entropy loss: 5.4880
                       Mean reward: 9.29
               Mean episode length: 768.15
           Episode_Reward/progress: 0.6489
              Episode_Reward/alive: 0.4742
            Episode_Reward/upright: 0.0931
     Episode_Reward/move_to_target: 0.4656
          Episode_Reward/action_l2: -0.0195
             Episode_Reward/energy: -0.4260
   Episode_Reward/joint_pos_limits: -0.3686
      Episode_Termination/time_out: 0.8364
  Episode_Termination/torso_height: 0.1636
--------------------------------------------------------------------------------
                   Total timesteps: 1015808
                    Iteration time: 0.34s
                      Time elapsed: 00:00:23
                               ETA: 00:02:45

################################################################################
                      [1m Learning iteration 62/500 [0m                       

                       Computation: 46108 steps/s (collection: 0.282s, learning 0.073s)
             Mean action noise std: 0.48
          Mean value_function loss: 0.0238
               Mean surrogate loss: -0.0106
                 Mean entropy loss: 5.4202
                       Mean reward: 10.91
               Mean episode length: 825.82
           Episode_Reward/progress: 0.6159
              Episode_Reward/alive: 0.4601
            Episode_Reward/upright: 0.0874
     Episode_Reward/move_to_target: 0.4389
          Episode_Reward/action_l2: -0.0192
             Episode_Reward/energy: -0.4304
   Episode_Reward/joint_pos_limits: -0.3607
      Episode_Termination/time_out: 0.8324
  Episode_Termination/torso_height: 0.1676
--------------------------------------------------------------------------------
                   Total timesteps: 1032192
                    Iteration time: 0.36s
                      Time elapsed: 00:00:23
                               ETA: 00:02:45

################################################################################
                      [1m Learning iteration 63/500 [0m                       

                       Computation: 47536 steps/s (collection: 0.276s, learning 0.068s)
             Mean action noise std: 0.47
          Mean value_function loss: 0.0260
               Mean surrogate loss: -0.0098
                 Mean entropy loss: 5.3736
                       Mean reward: 12.96
               Mean episode length: 870.21
           Episode_Reward/progress: 0.6933
              Episode_Reward/alive: 0.4847
            Episode_Reward/upright: 0.0946
     Episode_Reward/move_to_target: 0.4778
          Episode_Reward/action_l2: -0.0196
             Episode_Reward/energy: -0.4556
   Episode_Reward/joint_pos_limits: -0.3731
      Episode_Termination/time_out: 0.8274
  Episode_Termination/torso_height: 0.1726
--------------------------------------------------------------------------------
                   Total timesteps: 1048576
                    Iteration time: 0.34s
                      Time elapsed: 00:00:24
                               ETA: 00:02:44

################################################################################
                      [1m Learning iteration 64/500 [0m                       

                       Computation: 46837 steps/s (collection: 0.278s, learning 0.072s)
             Mean action noise std: 0.47
          Mean value_function loss: 0.0288
               Mean surrogate loss: -0.0097
                 Mean entropy loss: 5.3178
                       Mean reward: 13.47
               Mean episode length: 876.09
           Episode_Reward/progress: 0.6654
              Episode_Reward/alive: 0.4442
            Episode_Reward/upright: 0.0855
     Episode_Reward/move_to_target: 0.4337
          Episode_Reward/action_l2: -0.0185
             Episode_Reward/energy: -0.4156
   Episode_Reward/joint_pos_limits: -0.3504
      Episode_Termination/time_out: 0.8259
  Episode_Termination/torso_height: 0.1741
--------------------------------------------------------------------------------
                   Total timesteps: 1064960
                    Iteration time: 0.35s
                      Time elapsed: 00:00:24
                               ETA: 00:02:44

################################################################################
                      [1m Learning iteration 65/500 [0m                       

                       Computation: 42894 steps/s (collection: 0.299s, learning 0.083s)
             Mean action noise std: 0.47
          Mean value_function loss: 0.0267
               Mean surrogate loss: -0.0100
                 Mean entropy loss: 5.2792
                       Mean reward: 13.44
               Mean episode length: 848.56
           Episode_Reward/progress: 0.6836
              Episode_Reward/alive: 0.4332
            Episode_Reward/upright: 0.0834
     Episode_Reward/move_to_target: 0.4241
          Episode_Reward/action_l2: -0.0178
             Episode_Reward/energy: -0.4409
   Episode_Reward/joint_pos_limits: -0.3274
      Episode_Termination/time_out: 0.8199
  Episode_Termination/torso_height: 0.1801
--------------------------------------------------------------------------------
                   Total timesteps: 1081344
                    Iteration time: 0.38s
                      Time elapsed: 00:00:24
                               ETA: 00:02:43

################################################################################
                      [1m Learning iteration 66/500 [0m                       

                       Computation: 39282 steps/s (collection: 0.332s, learning 0.086s)
             Mean action noise std: 0.46
          Mean value_function loss: 0.0321
               Mean surrogate loss: -0.0096
                 Mean entropy loss: 5.2279
                       Mean reward: 13.84
               Mean episode length: 846.63
           Episode_Reward/progress: 0.7761
              Episode_Reward/alive: 0.4631
            Episode_Reward/upright: 0.0897
     Episode_Reward/move_to_target: 0.4505
          Episode_Reward/action_l2: -0.0190
             Episode_Reward/energy: -0.4802
   Episode_Reward/joint_pos_limits: -0.3485
      Episode_Termination/time_out: 0.8167
  Episode_Termination/torso_height: 0.1833
--------------------------------------------------------------------------------
                   Total timesteps: 1097728
                    Iteration time: 0.42s
                      Time elapsed: 00:00:25
                               ETA: 00:02:43

################################################################################
                      [1m Learning iteration 67/500 [0m                       

                       Computation: 40898 steps/s (collection: 0.307s, learning 0.094s)
             Mean action noise std: 0.46
          Mean value_function loss: 0.0280
               Mean surrogate loss: -0.0105
                 Mean entropy loss: 5.1826
                       Mean reward: 13.60
               Mean episode length: 814.78
           Episode_Reward/progress: 0.6776
              Episode_Reward/alive: 0.3916
            Episode_Reward/upright: 0.0744
     Episode_Reward/move_to_target: 0.3779
          Episode_Reward/action_l2: -0.0163
             Episode_Reward/energy: -0.4240
   Episode_Reward/joint_pos_limits: -0.2918
      Episode_Termination/time_out: 0.8127
  Episode_Termination/torso_height: 0.1873
--------------------------------------------------------------------------------
                   Total timesteps: 1114112
                    Iteration time: 0.40s
                      Time elapsed: 00:00:25
                               ETA: 00:02:43

################################################################################
                      [1m Learning iteration 68/500 [0m                       

                       Computation: 43730 steps/s (collection: 0.281s, learning 0.093s)
             Mean action noise std: 0.46
          Mean value_function loss: 0.0291
               Mean surrogate loss: -0.0102
                 Mean entropy loss: 5.1525
                       Mean reward: 14.22
               Mean episode length: 818.00
           Episode_Reward/progress: 0.7946
              Episode_Reward/alive: 0.4165
            Episode_Reward/upright: 0.0798
     Episode_Reward/move_to_target: 0.4021
          Episode_Reward/action_l2: -0.0173
             Episode_Reward/energy: -0.4552
   Episode_Reward/joint_pos_limits: -0.3110
      Episode_Termination/time_out: 0.8014
  Episode_Termination/torso_height: 0.1986
--------------------------------------------------------------------------------
                   Total timesteps: 1130496
                    Iteration time: 0.37s
                      Time elapsed: 00:00:26
                               ETA: 00:02:43

################################################################################
                      [1m Learning iteration 69/500 [0m                       

                       Computation: 40953 steps/s (collection: 0.308s, learning 0.092s)
             Mean action noise std: 0.46
          Mean value_function loss: 0.0321
               Mean surrogate loss: -0.0102
                 Mean entropy loss: 5.1040
                       Mean reward: 15.41
               Mean episode length: 854.49
           Episode_Reward/progress: 0.8507
              Episode_Reward/alive: 0.4486
            Episode_Reward/upright: 0.0869
     Episode_Reward/move_to_target: 0.4402
          Episode_Reward/action_l2: -0.0184
             Episode_Reward/energy: -0.4990
   Episode_Reward/joint_pos_limits: -0.3303
      Episode_Termination/time_out: 0.8031
  Episode_Termination/torso_height: 0.1969
--------------------------------------------------------------------------------
                   Total timesteps: 1146880
                    Iteration time: 0.40s
                      Time elapsed: 00:00:26
                               ETA: 00:02:42

################################################################################
                      [1m Learning iteration 70/500 [0m                       

                       Computation: 38441 steps/s (collection: 0.336s, learning 0.090s)
             Mean action noise std: 0.45
          Mean value_function loss: 0.0309
               Mean surrogate loss: -0.0092
                 Mean entropy loss: 5.0726
                       Mean reward: 16.02
               Mean episode length: 855.02
           Episode_Reward/progress: 0.8761
              Episode_Reward/alive: 0.4251
            Episode_Reward/upright: 0.0806
     Episode_Reward/move_to_target: 0.4030
          Episode_Reward/action_l2: -0.0179
             Episode_Reward/energy: -0.4888
   Episode_Reward/joint_pos_limits: -0.3126
      Episode_Termination/time_out: 0.8054
  Episode_Termination/torso_height: 0.1946
--------------------------------------------------------------------------------
                   Total timesteps: 1163264
                    Iteration time: 0.43s
                      Time elapsed: 00:00:26
                               ETA: 00:02:42

################################################################################
                      [1m Learning iteration 71/500 [0m                       

                       Computation: 41719 steps/s (collection: 0.286s, learning 0.106s)
             Mean action noise std: 0.45
          Mean value_function loss: 0.0283
               Mean surrogate loss: -0.0096
                 Mean entropy loss: 4.9879
                       Mean reward: 16.44
               Mean episode length: 853.50
           Episode_Reward/progress: 0.9388
              Episode_Reward/alive: 0.4426
            Episode_Reward/upright: 0.0842
     Episode_Reward/move_to_target: 0.4277
          Episode_Reward/action_l2: -0.0182
             Episode_Reward/energy: -0.5178
   Episode_Reward/joint_pos_limits: -0.3206
      Episode_Termination/time_out: 0.8073
  Episode_Termination/torso_height: 0.1927
--------------------------------------------------------------------------------
                   Total timesteps: 1179648
                    Iteration time: 0.39s
                      Time elapsed: 00:00:27
                               ETA: 00:02:42

################################################################################
                      [1m Learning iteration 72/500 [0m                       

                       Computation: 40077 steps/s (collection: 0.319s, learning 0.090s)
             Mean action noise std: 0.45
          Mean value_function loss: 0.0260
               Mean surrogate loss: -0.0072
                 Mean entropy loss: 4.9629
                       Mean reward: 16.00
               Mean episode length: 811.39
           Episode_Reward/progress: 0.9393
              Episode_Reward/alive: 0.4377
            Episode_Reward/upright: 0.0843
     Episode_Reward/move_to_target: 0.4243
          Episode_Reward/action_l2: -0.0182
             Episode_Reward/energy: -0.5127
   Episode_Reward/joint_pos_limits: -0.3184
      Episode_Termination/time_out: 0.8073
  Episode_Termination/torso_height: 0.1927
--------------------------------------------------------------------------------
                   Total timesteps: 1196032
                    Iteration time: 0.41s
                      Time elapsed: 00:00:27
                               ETA: 00:02:42

################################################################################
                      [1m Learning iteration 73/500 [0m                       

                       Computation: 40945 steps/s (collection: 0.301s, learning 0.099s)
             Mean action noise std: 0.45
          Mean value_function loss: 0.0243
               Mean surrogate loss: -0.0084
                 Mean entropy loss: 4.9076
                       Mean reward: 16.46
               Mean episode length: 811.67
           Episode_Reward/progress: 1.0390
              Episode_Reward/alive: 0.4552
            Episode_Reward/upright: 0.0870
     Episode_Reward/move_to_target: 0.4436
          Episode_Reward/action_l2: -0.0185
             Episode_Reward/energy: -0.5463
   Episode_Reward/joint_pos_limits: -0.3243
      Episode_Termination/time_out: 0.7978
  Episode_Termination/torso_height: 0.2022
--------------------------------------------------------------------------------
                   Total timesteps: 1212416
                    Iteration time: 0.40s
                      Time elapsed: 00:00:28
                               ETA: 00:02:41

################################################################################
                      [1m Learning iteration 74/500 [0m                       

                       Computation: 48627 steps/s (collection: 0.267s, learning 0.070s)
             Mean action noise std: 0.44
          Mean value_function loss: 0.0250
               Mean surrogate loss: -0.0088
                 Mean entropy loss: 4.8521
                       Mean reward: 17.13
               Mean episode length: 824.47
           Episode_Reward/progress: 1.0830
              Episode_Reward/alive: 0.4476
            Episode_Reward/upright: 0.0860
     Episode_Reward/move_to_target: 0.4379
          Episode_Reward/action_l2: -0.0182
             Episode_Reward/energy: -0.5509
   Episode_Reward/joint_pos_limits: -0.3204
      Episode_Termination/time_out: 0.7958
  Episode_Termination/torso_height: 0.2042
--------------------------------------------------------------------------------
                   Total timesteps: 1228800
                    Iteration time: 0.34s
                      Time elapsed: 00:00:28
                               ETA: 00:02:41

################################################################################
                      [1m Learning iteration 75/500 [0m                       

                       Computation: 44095 steps/s (collection: 0.292s, learning 0.080s)
             Mean action noise std: 0.44
          Mean value_function loss: 0.0227
               Mean surrogate loss: -0.0093
                 Mean entropy loss: 4.7989
                       Mean reward: 16.71
               Mean episode length: 786.94
           Episode_Reward/progress: 0.8587
              Episode_Reward/alive: 0.3378
            Episode_Reward/upright: 0.0635
     Episode_Reward/move_to_target: 0.3276
          Episode_Reward/action_l2: -0.0139
             Episode_Reward/energy: -0.4061
   Episode_Reward/joint_pos_limits: -0.2480
      Episode_Termination/time_out: 0.7924
  Episode_Termination/torso_height: 0.2076
--------------------------------------------------------------------------------
                   Total timesteps: 1245184
                    Iteration time: 0.37s
                      Time elapsed: 00:00:28
                               ETA: 00:02:40

################################################################################
                      [1m Learning iteration 76/500 [0m                       

                       Computation: 41694 steps/s (collection: 0.294s, learning 0.099s)
             Mean action noise std: 0.44
          Mean value_function loss: 0.0218
               Mean surrogate loss: -0.0095
                 Mean entropy loss: 4.7397
                       Mean reward: 16.91
               Mean episode length: 785.22
           Episode_Reward/progress: 1.1404
              Episode_Reward/alive: 0.4470
            Episode_Reward/upright: 0.0857
     Episode_Reward/move_to_target: 0.4398
          Episode_Reward/action_l2: -0.0178
             Episode_Reward/energy: -0.5550
   Episode_Reward/joint_pos_limits: -0.3142
      Episode_Termination/time_out: 0.7891
  Episode_Termination/torso_height: 0.2109
--------------------------------------------------------------------------------
                   Total timesteps: 1261568
                    Iteration time: 0.39s
                      Time elapsed: 00:00:29
                               ETA: 00:02:40

################################################################################
                      [1m Learning iteration 77/500 [0m                       

                       Computation: 45214 steps/s (collection: 0.271s, learning 0.091s)
             Mean action noise std: 0.44
          Mean value_function loss: 0.0356
               Mean surrogate loss: -0.0088
                 Mean entropy loss: 4.6926
                       Mean reward: 17.31
               Mean episode length: 789.37
           Episode_Reward/progress: 1.2196
              Episode_Reward/alive: 0.4377
            Episode_Reward/upright: 0.0841
     Episode_Reward/move_to_target: 0.4259
          Episode_Reward/action_l2: -0.0177
             Episode_Reward/energy: -0.5708
   Episode_Reward/joint_pos_limits: -0.3065
      Episode_Termination/time_out: 0.7893
  Episode_Termination/torso_height: 0.2107
--------------------------------------------------------------------------------
                   Total timesteps: 1277952
                    Iteration time: 0.36s
                      Time elapsed: 00:00:29
                               ETA: 00:02:40

################################################################################
                      [1m Learning iteration 78/500 [0m                       

                       Computation: 49877 steps/s (collection: 0.240s, learning 0.089s)
             Mean action noise std: 0.43
          Mean value_function loss: 0.0305
               Mean surrogate loss: -0.0092
                 Mean entropy loss: 4.6583
                       Mean reward: 17.03
               Mean episode length: 768.75
           Episode_Reward/progress: 1.1313
              Episode_Reward/alive: 0.4262
            Episode_Reward/upright: 0.0783
     Episode_Reward/move_to_target: 0.4104
          Episode_Reward/action_l2: -0.0177
             Episode_Reward/energy: -0.5675
   Episode_Reward/joint_pos_limits: -0.2993
      Episode_Termination/time_out: 0.7914
  Episode_Termination/torso_height: 0.2086
--------------------------------------------------------------------------------
                   Total timesteps: 1294336
                    Iteration time: 0.33s
                      Time elapsed: 00:00:29
                               ETA: 00:02:39

################################################################################
                      [1m Learning iteration 79/500 [0m                       

                       Computation: 52356 steps/s (collection: 0.240s, learning 0.073s)
             Mean action noise std: 0.43
          Mean value_function loss: 0.0325
               Mean surrogate loss: -0.0086
                 Mean entropy loss: 4.6208
                       Mean reward: 16.66
               Mean episode length: 743.47
           Episode_Reward/progress: 0.7010
              Episode_Reward/alive: 0.2380
            Episode_Reward/upright: 0.0391
     Episode_Reward/move_to_target: 0.2099
          Episode_Reward/action_l2: -0.0105
             Episode_Reward/energy: -0.3248
   Episode_Reward/joint_pos_limits: -0.1742
      Episode_Termination/time_out: 0.7790
  Episode_Termination/torso_height: 0.2210
--------------------------------------------------------------------------------
                   Total timesteps: 1310720
                    Iteration time: 0.31s
                      Time elapsed: 00:00:30
                               ETA: 00:02:38

################################################################################
                      [1m Learning iteration 80/500 [0m                       

                       Computation: 50269 steps/s (collection: 0.232s, learning 0.093s)
             Mean action noise std: 0.43
          Mean value_function loss: 0.0314
               Mean surrogate loss: -0.0077
                 Mean entropy loss: 4.5674
                       Mean reward: 17.03
               Mean episode length: 751.60
           Episode_Reward/progress: 0.9516
              Episode_Reward/alive: 0.3415
            Episode_Reward/upright: 0.0640
     Episode_Reward/move_to_target: 0.3290
          Episode_Reward/action_l2: -0.0140
             Episode_Reward/energy: -0.4384
   Episode_Reward/joint_pos_limits: -0.2438
      Episode_Termination/time_out: 0.7728
  Episode_Termination/torso_height: 0.2272
--------------------------------------------------------------------------------
                   Total timesteps: 1327104
                    Iteration time: 0.33s
                      Time elapsed: 00:00:30
                               ETA: 00:02:38

################################################################################
                      [1m Learning iteration 81/500 [0m                       

                       Computation: 52477 steps/s (collection: 0.245s, learning 0.068s)
             Mean action noise std: 0.43
          Mean value_function loss: 0.0314
               Mean surrogate loss: -0.0098
                 Mean entropy loss: 4.5326
                       Mean reward: 16.65
               Mean episode length: 719.36
           Episode_Reward/progress: 1.2010
              Episode_Reward/alive: 0.4173
            Episode_Reward/upright: 0.0759
     Episode_Reward/move_to_target: 0.3741
          Episode_Reward/action_l2: -0.0177
             Episode_Reward/energy: -0.5206
   Episode_Reward/joint_pos_limits: -0.3038
      Episode_Termination/time_out: 0.7693
  Episode_Termination/torso_height: 0.2307
--------------------------------------------------------------------------------
                   Total timesteps: 1343488
                    Iteration time: 0.31s
                      Time elapsed: 00:00:30
                               ETA: 00:02:37

################################################################################
                      [1m Learning iteration 82/500 [0m                       

                       Computation: 50285 steps/s (collection: 0.234s, learning 0.091s)
             Mean action noise std: 0.42
          Mean value_function loss: 0.0312
               Mean surrogate loss: -0.0090
                 Mean entropy loss: 4.4945
                       Mean reward: 16.65
               Mean episode length: 708.31
           Episode_Reward/progress: 1.1655
              Episode_Reward/alive: 0.3695
            Episode_Reward/upright: 0.0687
     Episode_Reward/move_to_target: 0.3561
          Episode_Reward/action_l2: -0.0152
             Episode_Reward/energy: -0.4677
   Episode_Reward/joint_pos_limits: -0.2681
      Episode_Termination/time_out: 0.7621
  Episode_Termination/torso_height: 0.2379
--------------------------------------------------------------------------------
                   Total timesteps: 1359872
                    Iteration time: 0.33s
                      Time elapsed: 00:00:31
                               ETA: 00:02:36

################################################################################
                      [1m Learning iteration 83/500 [0m                       

                       Computation: 54082 steps/s (collection: 0.234s, learning 0.069s)
             Mean action noise std: 0.42
          Mean value_function loss: 0.0360
               Mean surrogate loss: -0.0099
                 Mean entropy loss: 4.4440
                       Mean reward: 15.84
               Mean episode length: 667.54
           Episode_Reward/progress: 0.7414
              Episode_Reward/alive: 0.2410
            Episode_Reward/upright: 0.0398
     Episode_Reward/move_to_target: 0.2110
          Episode_Reward/action_l2: -0.0101
             Episode_Reward/energy: -0.3074
   Episode_Reward/joint_pos_limits: -0.1744
      Episode_Termination/time_out: 0.7554
  Episode_Termination/torso_height: 0.2446
--------------------------------------------------------------------------------
                   Total timesteps: 1376256
                    Iteration time: 0.30s
                      Time elapsed: 00:00:31
                               ETA: 00:02:36

################################################################################
                      [1m Learning iteration 84/500 [0m                       

                       Computation: 48808 steps/s (collection: 0.247s, learning 0.089s)
             Mean action noise std: 0.42
          Mean value_function loss: 0.0317
               Mean surrogate loss: -0.0073
                 Mean entropy loss: 4.4281
                       Mean reward: 16.29
               Mean episode length: 672.35
           Episode_Reward/progress: 1.1154
              Episode_Reward/alive: 0.3140
            Episode_Reward/upright: 0.0563
     Episode_Reward/move_to_target: 0.2857
          Episode_Reward/action_l2: -0.0132
             Episode_Reward/energy: -0.4181
   Episode_Reward/joint_pos_limits: -0.2252
      Episode_Termination/time_out: 0.7485
  Episode_Termination/torso_height: 0.2515
--------------------------------------------------------------------------------
                   Total timesteps: 1392640
                    Iteration time: 0.34s
                      Time elapsed: 00:00:31
                               ETA: 00:02:35

################################################################################
                      [1m Learning iteration 85/500 [0m                       

                       Computation: 52370 steps/s (collection: 0.244s, learning 0.069s)
             Mean action noise std: 0.42
          Mean value_function loss: 0.0378
               Mean surrogate loss: -0.0092
                 Mean entropy loss: 4.3881
                       Mean reward: 16.46
               Mean episode length: 658.89
           Episode_Reward/progress: 1.1170
              Episode_Reward/alive: 0.3277
            Episode_Reward/upright: 0.0582
     Episode_Reward/move_to_target: 0.3005
          Episode_Reward/action_l2: -0.0137
             Episode_Reward/energy: -0.4262
   Episode_Reward/joint_pos_limits: -0.2371
      Episode_Termination/time_out: 0.7344
  Episode_Termination/torso_height: 0.2656
--------------------------------------------------------------------------------
                   Total timesteps: 1409024
                    Iteration time: 0.31s
                      Time elapsed: 00:00:32
                               ETA: 00:02:34

################################################################################
                      [1m Learning iteration 86/500 [0m                       

                       Computation: 51355 steps/s (collection: 0.247s, learning 0.072s)
             Mean action noise std: 0.42
          Mean value_function loss: 0.0484
               Mean surrogate loss: -0.0087
                 Mean entropy loss: 4.3520
                       Mean reward: 16.89
               Mean episode length: 649.65
           Episode_Reward/progress: 1.2481
              Episode_Reward/alive: 0.3530
            Episode_Reward/upright: 0.0650
     Episode_Reward/move_to_target: 0.3307
          Episode_Reward/action_l2: -0.0144
             Episode_Reward/energy: -0.4744
   Episode_Reward/joint_pos_limits: -0.2505
      Episode_Termination/time_out: 0.7271
  Episode_Termination/torso_height: 0.2729
--------------------------------------------------------------------------------
                   Total timesteps: 1425408
                    Iteration time: 0.32s
                      Time elapsed: 00:00:32
                               ETA: 00:02:34

################################################################################
                      [1m Learning iteration 87/500 [0m                       

                       Computation: 44771 steps/s (collection: 0.275s, learning 0.091s)
             Mean action noise std: 0.42
          Mean value_function loss: 0.0505
               Mean surrogate loss: -0.0073
                 Mean entropy loss: 4.3245
                       Mean reward: 16.79
               Mean episode length: 627.68
           Episode_Reward/progress: 1.4469
              Episode_Reward/alive: 0.4302
            Episode_Reward/upright: 0.0804
     Episode_Reward/move_to_target: 0.4200
          Episode_Reward/action_l2: -0.0176
             Episode_Reward/energy: -0.5695
   Episode_Reward/joint_pos_limits: -0.3078
      Episode_Termination/time_out: 0.7244
  Episode_Termination/torso_height: 0.2756
--------------------------------------------------------------------------------
                   Total timesteps: 1441792
                    Iteration time: 0.37s
                      Time elapsed: 00:00:32
                               ETA: 00:02:33

################################################################################
                      [1m Learning iteration 88/500 [0m                       

                       Computation: 43672 steps/s (collection: 0.297s, learning 0.078s)
             Mean action noise std: 0.41
          Mean value_function loss: 0.0531
               Mean surrogate loss: -0.0100
                 Mean entropy loss: 4.2804
                       Mean reward: 18.34
               Mean episode length: 662.38
           Episode_Reward/progress: 1.2043
              Episode_Reward/alive: 0.3495
            Episode_Reward/upright: 0.0635
     Episode_Reward/move_to_target: 0.3362
          Episode_Reward/action_l2: -0.0145
             Episode_Reward/energy: -0.4672
   Episode_Reward/joint_pos_limits: -0.2518
      Episode_Termination/time_out: 0.7195
  Episode_Termination/torso_height: 0.2805
--------------------------------------------------------------------------------
                   Total timesteps: 1458176
                    Iteration time: 0.38s
                      Time elapsed: 00:00:33
                               ETA: 00:02:33

################################################################################
                      [1m Learning iteration 89/500 [0m                       

                       Computation: 47770 steps/s (collection: 0.271s, learning 0.072s)
             Mean action noise std: 0.41
          Mean value_function loss: 0.0587
               Mean surrogate loss: -0.0107
                 Mean entropy loss: 4.2471
                       Mean reward: 18.21
               Mean episode length: 646.50
           Episode_Reward/progress: 0.8769
              Episode_Reward/alive: 0.2519
            Episode_Reward/upright: 0.0447
     Episode_Reward/move_to_target: 0.2304
          Episode_Reward/action_l2: -0.0107
             Episode_Reward/energy: -0.3470
   Episode_Reward/joint_pos_limits: -0.1810
      Episode_Termination/time_out: 0.7112
  Episode_Termination/torso_height: 0.2888
--------------------------------------------------------------------------------
                   Total timesteps: 1474560
                    Iteration time: 0.34s
                      Time elapsed: 00:00:33
                               ETA: 00:02:32

################################################################################
                      [1m Learning iteration 90/500 [0m                       

                       Computation: 50677 steps/s (collection: 0.256s, learning 0.067s)
             Mean action noise std: 0.41
          Mean value_function loss: 0.0508
               Mean surrogate loss: -0.0086
                 Mean entropy loss: 4.2191
                       Mean reward: 19.89
               Mean episode length: 684.41
           Episode_Reward/progress: 1.3122
              Episode_Reward/alive: 0.3578
            Episode_Reward/upright: 0.0653
     Episode_Reward/move_to_target: 0.3379
          Episode_Reward/action_l2: -0.0148
             Episode_Reward/energy: -0.4974
   Episode_Reward/joint_pos_limits: -0.2571
      Episode_Termination/time_out: 0.6964
  Episode_Termination/torso_height: 0.3036
--------------------------------------------------------------------------------
                   Total timesteps: 1490944
                    Iteration time: 0.32s
                      Time elapsed: 00:00:33
                               ETA: 00:02:32

################################################################################
                      [1m Learning iteration 91/500 [0m                       

                       Computation: 47581 steps/s (collection: 0.256s, learning 0.088s)
             Mean action noise std: 0.41
          Mean value_function loss: 0.0508
               Mean surrogate loss: -0.0100
                 Mean entropy loss: 4.1935
                       Mean reward: 21.35
               Mean episode length: 712.32
           Episode_Reward/progress: 1.4635
              Episode_Reward/alive: 0.3744
            Episode_Reward/upright: 0.0697
     Episode_Reward/move_to_target: 0.3560
          Episode_Reward/action_l2: -0.0155
             Episode_Reward/energy: -0.5156
   Episode_Reward/joint_pos_limits: -0.2612
      Episode_Termination/time_out: 0.6860
  Episode_Termination/torso_height: 0.3140
--------------------------------------------------------------------------------
                   Total timesteps: 1507328
                    Iteration time: 0.34s
                      Time elapsed: 00:00:34
                               ETA: 00:02:31

################################################################################
                      [1m Learning iteration 92/500 [0m                       

                       Computation: 46751 steps/s (collection: 0.261s, learning 0.090s)
             Mean action noise std: 0.41
          Mean value_function loss: 0.0637
               Mean surrogate loss: -0.0082
                 Mean entropy loss: 4.1821
                       Mean reward: 21.78
               Mean episode length: 717.85
           Episode_Reward/progress: 1.5120
              Episode_Reward/alive: 0.4057
            Episode_Reward/upright: 0.0757
     Episode_Reward/move_to_target: 0.3868
          Episode_Reward/action_l2: -0.0166
             Episode_Reward/energy: -0.5474
   Episode_Reward/joint_pos_limits: -0.2887
      Episode_Termination/time_out: 0.6818
  Episode_Termination/torso_height: 0.3182
--------------------------------------------------------------------------------
                   Total timesteps: 1523712
                    Iteration time: 0.35s
                      Time elapsed: 00:00:34
                               ETA: 00:02:31

################################################################################
                      [1m Learning iteration 93/500 [0m                       

                       Computation: 45529 steps/s (collection: 0.271s, learning 0.089s)
             Mean action noise std: 0.41
          Mean value_function loss: 0.0556
               Mean surrogate loss: -0.0094
                 Mean entropy loss: 4.1617
                       Mean reward: 24.96
               Mean episode length: 790.14
           Episode_Reward/progress: 1.6224
              Episode_Reward/alive: 0.4300
            Episode_Reward/upright: 0.0818
     Episode_Reward/move_to_target: 0.4223
          Episode_Reward/action_l2: -0.0173
             Episode_Reward/energy: -0.5950
   Episode_Reward/joint_pos_limits: -0.3021
      Episode_Termination/time_out: 0.6724
  Episode_Termination/torso_height: 0.3276
--------------------------------------------------------------------------------
                   Total timesteps: 1540096
                    Iteration time: 0.36s
                      Time elapsed: 00:00:34
                               ETA: 00:02:31

################################################################################
                      [1m Learning iteration 94/500 [0m                       

                       Computation: 45274 steps/s (collection: 0.273s, learning 0.088s)
             Mean action noise std: 0.41
          Mean value_function loss: 0.0526
               Mean surrogate loss: -0.0085
                 Mean entropy loss: 4.1234
                       Mean reward: 24.17
               Mean episode length: 764.67
           Episode_Reward/progress: 1.2658
              Episode_Reward/alive: 0.3395
            Episode_Reward/upright: 0.0628
     Episode_Reward/move_to_target: 0.3232
          Episode_Reward/action_l2: -0.0139
             Episode_Reward/energy: -0.4578
   Episode_Reward/joint_pos_limits: -0.2416
      Episode_Termination/time_out: 0.6578
  Episode_Termination/torso_height: 0.3422
--------------------------------------------------------------------------------
                   Total timesteps: 1556480
                    Iteration time: 0.36s
                      Time elapsed: 00:00:35
                               ETA: 00:02:30

################################################################################
                      [1m Learning iteration 95/500 [0m                       

                       Computation: 40261 steps/s (collection: 0.290s, learning 0.117s)
             Mean action noise std: 0.40
          Mean value_function loss: 0.0403
               Mean surrogate loss: -0.0084
                 Mean entropy loss: 4.0888
                       Mean reward: 25.93
               Mean episode length: 809.88
           Episode_Reward/progress: 1.7659
              Episode_Reward/alive: 0.4558
            Episode_Reward/upright: 0.0861
     Episode_Reward/move_to_target: 0.4380
          Episode_Reward/action_l2: -0.0185
             Episode_Reward/energy: -0.6212
   Episode_Reward/joint_pos_limits: -0.3203
      Episode_Termination/time_out: 0.6534
  Episode_Termination/torso_height: 0.3466
--------------------------------------------------------------------------------
                   Total timesteps: 1572864
                    Iteration time: 0.41s
                      Time elapsed: 00:00:35
                               ETA: 00:02:30

################################################################################
                      [1m Learning iteration 96/500 [0m                       

                       Computation: 45147 steps/s (collection: 0.275s, learning 0.087s)
             Mean action noise std: 0.40
          Mean value_function loss: 0.0580
               Mean surrogate loss: -0.0087
                 Mean entropy loss: 4.0481
                       Mean reward: 24.78
               Mean episode length: 764.49
           Episode_Reward/progress: 1.4601
              Episode_Reward/alive: 0.3656
            Episode_Reward/upright: 0.0689
     Episode_Reward/move_to_target: 0.3532
          Episode_Reward/action_l2: -0.0152
             Episode_Reward/energy: -0.5160
   Episode_Reward/joint_pos_limits: -0.2572
      Episode_Termination/time_out: 0.6591
  Episode_Termination/torso_height: 0.3409
--------------------------------------------------------------------------------
                   Total timesteps: 1589248
                    Iteration time: 0.36s
                      Time elapsed: 00:00:36
                               ETA: 00:02:29

################################################################################
                      [1m Learning iteration 97/500 [0m                       

                       Computation: 40372 steps/s (collection: 0.314s, learning 0.092s)
             Mean action noise std: 0.40
          Mean value_function loss: 0.0545
               Mean surrogate loss: -0.0078
                 Mean entropy loss: 4.0116
                       Mean reward: 26.64
               Mean episode length: 803.03
           Episode_Reward/progress: 1.7845
              Episode_Reward/alive: 0.4402
            Episode_Reward/upright: 0.0839
     Episode_Reward/move_to_target: 0.4319
          Episode_Reward/action_l2: -0.0179
             Episode_Reward/energy: -0.6175
   Episode_Reward/joint_pos_limits: -0.3076
      Episode_Termination/time_out: 0.6623
  Episode_Termination/torso_height: 0.3377
--------------------------------------------------------------------------------
                   Total timesteps: 1605632
                    Iteration time: 0.41s
                      Time elapsed: 00:00:36
                               ETA: 00:02:29

################################################################################
                      [1m Learning iteration 98/500 [0m                       

                       Computation: 42256 steps/s (collection: 0.290s, learning 0.098s)
             Mean action noise std: 0.40
          Mean value_function loss: 0.0596
               Mean surrogate loss: -0.0073
                 Mean entropy loss: 3.9848
                       Mean reward: 27.58
               Mean episode length: 822.96
           Episode_Reward/progress: 1.6603
              Episode_Reward/alive: 0.4162
            Episode_Reward/upright: 0.0784
     Episode_Reward/move_to_target: 0.4064
          Episode_Reward/action_l2: -0.0169
             Episode_Reward/energy: -0.5848
   Episode_Reward/joint_pos_limits: -0.2890
      Episode_Termination/time_out: 0.6586
  Episode_Termination/torso_height: 0.3414
--------------------------------------------------------------------------------
                   Total timesteps: 1622016
                    Iteration time: 0.39s
                      Time elapsed: 00:00:36
                               ETA: 00:02:29

################################################################################
                      [1m Learning iteration 99/500 [0m                       

                       Computation: 39598 steps/s (collection: 0.318s, learning 0.096s)
             Mean action noise std: 0.40
          Mean value_function loss: 0.0596
               Mean surrogate loss: -0.0094
                 Mean entropy loss: 3.9455
                       Mean reward: 26.00
               Mean episode length: 766.31
           Episode_Reward/progress: 1.5764
              Episode_Reward/alive: 0.3862
            Episode_Reward/upright: 0.0723
     Episode_Reward/move_to_target: 0.3760
          Episode_Reward/action_l2: -0.0158
             Episode_Reward/energy: -0.5388
   Episode_Reward/joint_pos_limits: -0.2725
      Episode_Termination/time_out: 0.6389
  Episode_Termination/torso_height: 0.3611
--------------------------------------------------------------------------------
                   Total timesteps: 1638400
                    Iteration time: 0.41s
                      Time elapsed: 00:00:37
                               ETA: 00:02:29

################################################################################
                      [1m Learning iteration 100/500 [0m                      

                       Computation: 40224 steps/s (collection: 0.314s, learning 0.094s)
             Mean action noise std: 0.39
          Mean value_function loss: 0.0559
               Mean surrogate loss: -0.0069
                 Mean entropy loss: 3.8952
                       Mean reward: 25.14
               Mean episode length: 741.45
           Episode_Reward/progress: 1.6333
              Episode_Reward/alive: 0.3988
            Episode_Reward/upright: 0.0749
     Episode_Reward/move_to_target: 0.3853
          Episode_Reward/action_l2: -0.0165
             Episode_Reward/energy: -0.5681
   Episode_Reward/joint_pos_limits: -0.2798
      Episode_Termination/time_out: 0.6351
  Episode_Termination/torso_height: 0.3649
--------------------------------------------------------------------------------
                   Total timesteps: 1654784
                    Iteration time: 0.41s
                      Time elapsed: 00:00:37
                               ETA: 00:02:28

################################################################################
                      [1m Learning iteration 101/500 [0m                      

                       Computation: 46076 steps/s (collection: 0.267s, learning 0.089s)
             Mean action noise std: 0.39
          Mean value_function loss: 0.0708
               Mean surrogate loss: -0.0082
                 Mean entropy loss: 3.8650
                       Mean reward: 26.47
               Mean episode length: 770.71
           Episode_Reward/progress: 1.8951
              Episode_Reward/alive: 0.4494
            Episode_Reward/upright: 0.0857
     Episode_Reward/move_to_target: 0.4392
          Episode_Reward/action_l2: -0.0183
             Episode_Reward/energy: -0.6215
   Episode_Reward/joint_pos_limits: -0.3187
      Episode_Termination/time_out: 0.6337
  Episode_Termination/torso_height: 0.3663
--------------------------------------------------------------------------------
                   Total timesteps: 1671168
                    Iteration time: 0.36s
                      Time elapsed: 00:00:37
                               ETA: 00:02:28

################################################################################
                      [1m Learning iteration 102/500 [0m                      

                       Computation: 46454 steps/s (collection: 0.262s, learning 0.091s)
             Mean action noise std: 0.39
          Mean value_function loss: 0.0811
               Mean surrogate loss: -0.0076
                 Mean entropy loss: 3.8518
                       Mean reward: 27.26
               Mean episode length: 781.02
           Episode_Reward/progress: 1.3377
              Episode_Reward/alive: 0.3132
            Episode_Reward/upright: 0.0575
     Episode_Reward/move_to_target: 0.3018
          Episode_Reward/action_l2: -0.0128
             Episode_Reward/energy: -0.4542
   Episode_Reward/joint_pos_limits: -0.2177
      Episode_Termination/time_out: 0.6353
  Episode_Termination/torso_height: 0.3647
--------------------------------------------------------------------------------
                   Total timesteps: 1687552
                    Iteration time: 0.35s
                      Time elapsed: 00:00:38
                               ETA: 00:02:28

################################################################################
                      [1m Learning iteration 103/500 [0m                      

                       Computation: 42289 steps/s (collection: 0.298s, learning 0.090s)
             Mean action noise std: 0.39
          Mean value_function loss: 0.0837
               Mean surrogate loss: -0.0092
                 Mean entropy loss: 3.8301
                       Mean reward: 25.93
               Mean episode length: 744.90
           Episode_Reward/progress: 1.0890
              Episode_Reward/alive: 0.2688
            Episode_Reward/upright: 0.0457
     Episode_Reward/move_to_target: 0.2365
          Episode_Reward/action_l2: -0.0117
             Episode_Reward/energy: -0.3810
   Episode_Reward/joint_pos_limits: -0.1941
      Episode_Termination/time_out: 0.6293
  Episode_Termination/torso_height: 0.3707
--------------------------------------------------------------------------------
                   Total timesteps: 1703936
                    Iteration time: 0.39s
                      Time elapsed: 00:00:38
                               ETA: 00:02:27

################################################################################
                      [1m Learning iteration 104/500 [0m                      

                       Computation: 46377 steps/s (collection: 0.263s, learning 0.091s)
             Mean action noise std: 0.39
          Mean value_function loss: 0.0648
               Mean surrogate loss: -0.0078
                 Mean entropy loss: 3.8153
                       Mean reward: 24.93
               Mean episode length: 713.19
           Episode_Reward/progress: 1.5068
              Episode_Reward/alive: 0.3563
            Episode_Reward/upright: 0.0622
     Episode_Reward/move_to_target: 0.3244
          Episode_Reward/action_l2: -0.0154
             Episode_Reward/energy: -0.5141
   Episode_Reward/joint_pos_limits: -0.2550
      Episode_Termination/time_out: 0.6204
  Episode_Termination/torso_height: 0.3796
--------------------------------------------------------------------------------
                   Total timesteps: 1720320
                    Iteration time: 0.35s
                      Time elapsed: 00:00:39
                               ETA: 00:02:27

################################################################################
                      [1m Learning iteration 105/500 [0m                      

                       Computation: 48446 steps/s (collection: 0.251s, learning 0.087s)
             Mean action noise std: 0.39
          Mean value_function loss: 0.0828
               Mean surrogate loss: -0.0092
                 Mean entropy loss: 3.7938
                       Mean reward: 23.30
               Mean episode length: 665.89
           Episode_Reward/progress: 1.5032
              Episode_Reward/alive: 0.3556
            Episode_Reward/upright: 0.0639
     Episode_Reward/move_to_target: 0.3288
          Episode_Reward/action_l2: -0.0149
             Episode_Reward/energy: -0.5130
   Episode_Reward/joint_pos_limits: -0.2534
      Episode_Termination/time_out: 0.6103
  Episode_Termination/torso_height: 0.3897
--------------------------------------------------------------------------------
                   Total timesteps: 1736704
                    Iteration time: 0.34s
                      Time elapsed: 00:00:39
                               ETA: 00:02:26

################################################################################
                      [1m Learning iteration 106/500 [0m                      

                       Computation: 48319 steps/s (collection: 0.250s, learning 0.089s)
             Mean action noise std: 0.39
          Mean value_function loss: 0.0858
               Mean surrogate loss: -0.0101
                 Mean entropy loss: 3.7720
                       Mean reward: 22.52
               Mean episode length: 646.21
           Episode_Reward/progress: 1.8035
              Episode_Reward/alive: 0.4007
            Episode_Reward/upright: 0.0754
     Episode_Reward/move_to_target: 0.3928
          Episode_Reward/action_l2: -0.0164
             Episode_Reward/energy: -0.5918
   Episode_Reward/joint_pos_limits: -0.2812
      Episode_Termination/time_out: 0.5958
  Episode_Termination/torso_height: 0.4042
--------------------------------------------------------------------------------
                   Total timesteps: 1753088
                    Iteration time: 0.34s
                      Time elapsed: 00:00:39
                               ETA: 00:02:26

################################################################################
                      [1m Learning iteration 107/500 [0m                      

                       Computation: 46860 steps/s (collection: 0.262s, learning 0.088s)
             Mean action noise std: 0.39
          Mean value_function loss: 0.0810
               Mean surrogate loss: -0.0074
                 Mean entropy loss: 3.7328
                       Mean reward: 22.09
               Mean episode length: 626.35
           Episode_Reward/progress: 1.1599
              Episode_Reward/alive: 0.2698
            Episode_Reward/upright: 0.0465
     Episode_Reward/move_to_target: 0.2382
          Episode_Reward/action_l2: -0.0118
             Episode_Reward/energy: -0.3987
   Episode_Reward/joint_pos_limits: -0.1917
      Episode_Termination/time_out: 0.5856
  Episode_Termination/torso_height: 0.4144
--------------------------------------------------------------------------------
                   Total timesteps: 1769472
                    Iteration time: 0.35s
                      Time elapsed: 00:00:40
                               ETA: 00:02:25

################################################################################
                      [1m Learning iteration 108/500 [0m                      

                       Computation: 45689 steps/s (collection: 0.262s, learning 0.097s)
             Mean action noise std: 0.38
          Mean value_function loss: 0.0633
               Mean surrogate loss: -0.0090
                 Mean entropy loss: 3.6957
                       Mean reward: 21.09
               Mean episode length: 595.44
           Episode_Reward/progress: 1.2037
              Episode_Reward/alive: 0.2751
            Episode_Reward/upright: 0.0473
     Episode_Reward/move_to_target: 0.2435
          Episode_Reward/action_l2: -0.0119
             Episode_Reward/energy: -0.4013
   Episode_Reward/joint_pos_limits: -0.1956
      Episode_Termination/time_out: 0.5668
  Episode_Termination/torso_height: 0.4332
--------------------------------------------------------------------------------
                   Total timesteps: 1785856
                    Iteration time: 0.36s
                      Time elapsed: 00:00:40
                               ETA: 00:02:25

################################################################################
                      [1m Learning iteration 109/500 [0m                      

                       Computation: 43007 steps/s (collection: 0.285s, learning 0.096s)
             Mean action noise std: 0.38
          Mean value_function loss: 0.0568
               Mean surrogate loss: -0.0053
                 Mean entropy loss: 3.6560
                       Mean reward: 19.98
               Mean episode length: 569.17
           Episode_Reward/progress: 1.0901
              Episode_Reward/alive: 0.2560
            Episode_Reward/upright: 0.0436
     Episode_Reward/move_to_target: 0.2007
          Episode_Reward/action_l2: -0.0115
             Episode_Reward/energy: -0.3685
   Episode_Reward/joint_pos_limits: -0.1858
      Episode_Termination/time_out: 0.5594
  Episode_Termination/torso_height: 0.4406
--------------------------------------------------------------------------------
                   Total timesteps: 1802240
                    Iteration time: 0.38s
                      Time elapsed: 00:00:40
                               ETA: 00:02:25

################################################################################
                      [1m Learning iteration 110/500 [0m                      

                       Computation: 43244 steps/s (collection: 0.286s, learning 0.092s)
             Mean action noise std: 0.38
          Mean value_function loss: 0.0560
               Mean surrogate loss: -0.0092
                 Mean entropy loss: 3.6272
                       Mean reward: 19.65
               Mean episode length: 559.26
           Episode_Reward/progress: 0.9215
              Episode_Reward/alive: 0.2129
            Episode_Reward/upright: 0.0349
     Episode_Reward/move_to_target: 0.1760
          Episode_Reward/action_l2: -0.0097
             Episode_Reward/energy: -0.3105
   Episode_Reward/joint_pos_limits: -0.1548
      Episode_Termination/time_out: 0.5534
  Episode_Termination/torso_height: 0.4466
--------------------------------------------------------------------------------
                   Total timesteps: 1818624
                    Iteration time: 0.38s
                      Time elapsed: 00:00:41
                               ETA: 00:02:24

################################################################################
                      [1m Learning iteration 111/500 [0m                      

                       Computation: 43793 steps/s (collection: 0.280s, learning 0.094s)
             Mean action noise std: 0.38
          Mean value_function loss: 0.0631
               Mean surrogate loss: -0.0075
                 Mean entropy loss: 3.6020
                       Mean reward: 19.67
               Mean episode length: 565.73
           Episode_Reward/progress: 1.4602
              Episode_Reward/alive: 0.3700
            Episode_Reward/upright: 0.0691
     Episode_Reward/move_to_target: 0.2481
          Episode_Reward/action_l2: -0.0173
             Episode_Reward/energy: -0.4681
   Episode_Reward/joint_pos_limits: -0.2939
      Episode_Termination/time_out: 0.5471
  Episode_Termination/torso_height: 0.4529
--------------------------------------------------------------------------------
                   Total timesteps: 1835008
                    Iteration time: 0.37s
                      Time elapsed: 00:00:41
                               ETA: 00:02:24

################################################################################
                      [1m Learning iteration 112/500 [0m                      

                       Computation: 48787 steps/s (collection: 0.244s, learning 0.092s)
             Mean action noise std: 0.38
          Mean value_function loss: 0.0506
               Mean surrogate loss: -0.0066
                 Mean entropy loss: 3.5801
                       Mean reward: 20.49
               Mean episode length: 585.75
           Episode_Reward/progress: 1.6201
              Episode_Reward/alive: 0.3470
            Episode_Reward/upright: 0.0610
     Episode_Reward/move_to_target: 0.3267
          Episode_Reward/action_l2: -0.0143
             Episode_Reward/energy: -0.5336
   Episode_Reward/joint_pos_limits: -0.2384
      Episode_Termination/time_out: 0.5496
  Episode_Termination/torso_height: 0.4504
--------------------------------------------------------------------------------
                   Total timesteps: 1851392
                    Iteration time: 0.34s
                      Time elapsed: 00:00:41
                               ETA: 00:02:23

################################################################################
                      [1m Learning iteration 113/500 [0m                      

                       Computation: 48760 steps/s (collection: 0.248s, learning 0.088s)
             Mean action noise std: 0.38
          Mean value_function loss: 0.0551
               Mean surrogate loss: -0.0081
                 Mean entropy loss: 3.5515
                       Mean reward: 20.20
               Mean episode length: 579.09
           Episode_Reward/progress: 1.3349
              Episode_Reward/alive: 0.3010
            Episode_Reward/upright: 0.0526
     Episode_Reward/move_to_target: 0.2763
          Episode_Reward/action_l2: -0.0128
             Episode_Reward/energy: -0.4381
   Episode_Reward/joint_pos_limits: -0.2124
      Episode_Termination/time_out: 0.5496
  Episode_Termination/torso_height: 0.4504
--------------------------------------------------------------------------------
                   Total timesteps: 1867776
                    Iteration time: 0.34s
                      Time elapsed: 00:00:42
                               ETA: 00:02:23

################################################################################
                      [1m Learning iteration 114/500 [0m                      

                       Computation: 48171 steps/s (collection: 0.252s, learning 0.088s)
             Mean action noise std: 0.38
          Mean value_function loss: 0.0564
               Mean surrogate loss: -0.0072
                 Mean entropy loss: 3.5190
                       Mean reward: 21.42
               Mean episode length: 597.37
           Episode_Reward/progress: 1.4687
              Episode_Reward/alive: 0.3002
            Episode_Reward/upright: 0.0532
     Episode_Reward/move_to_target: 0.2656
          Episode_Reward/action_l2: -0.0130
             Episode_Reward/energy: -0.4729
   Episode_Reward/joint_pos_limits: -0.2074
      Episode_Termination/time_out: 0.5416
  Episode_Termination/torso_height: 0.4584
--------------------------------------------------------------------------------
                   Total timesteps: 1884160
                    Iteration time: 0.34s
                      Time elapsed: 00:00:42
                               ETA: 00:02:22

################################################################################
                      [1m Learning iteration 115/500 [0m                      

                       Computation: 47841 steps/s (collection: 0.249s, learning 0.094s)
             Mean action noise std: 0.38
          Mean value_function loss: 0.0489
               Mean surrogate loss: -0.0085
                 Mean entropy loss: 3.4904
                       Mean reward: 23.22
               Mean episode length: 635.35
           Episode_Reward/progress: 1.8822
              Episode_Reward/alive: 0.3846
            Episode_Reward/upright: 0.0726
     Episode_Reward/move_to_target: 0.3708
          Episode_Reward/action_l2: -0.0159
             Episode_Reward/energy: -0.5934
   Episode_Reward/joint_pos_limits: -0.2616
      Episode_Termination/time_out: 0.5421
  Episode_Termination/torso_height: 0.4579
--------------------------------------------------------------------------------
                   Total timesteps: 1900544
                    Iteration time: 0.34s
                      Time elapsed: 00:00:42
                               ETA: 00:02:22

################################################################################
                      [1m Learning iteration 116/500 [0m                      

                       Computation: 53037 steps/s (collection: 0.241s, learning 0.068s)
             Mean action noise std: 0.37
          Mean value_function loss: 0.0584
               Mean surrogate loss: -0.0071
                 Mean entropy loss: 3.4426
                       Mean reward: 23.64
               Mean episode length: 649.80
           Episode_Reward/progress: 1.5630
              Episode_Reward/alive: 0.3542
            Episode_Reward/upright: 0.0638
     Episode_Reward/move_to_target: 0.2849
          Episode_Reward/action_l2: -0.0158
             Episode_Reward/energy: -0.5100
   Episode_Reward/joint_pos_limits: -0.2603
      Episode_Termination/time_out: 0.5439
  Episode_Termination/torso_height: 0.4561
--------------------------------------------------------------------------------
                   Total timesteps: 1916928
                    Iteration time: 0.31s
                      Time elapsed: 00:00:43
                               ETA: 00:02:21

################################################################################
                      [1m Learning iteration 117/500 [0m                      

                       Computation: 51896 steps/s (collection: 0.245s, learning 0.071s)
             Mean action noise std: 0.37
          Mean value_function loss: 0.0728
               Mean surrogate loss: -0.0093
                 Mean entropy loss: 3.4333
                       Mean reward: 24.62
               Mean episode length: 657.36
           Episode_Reward/progress: 1.4164
              Episode_Reward/alive: 0.2990
            Episode_Reward/upright: 0.0520
     Episode_Reward/move_to_target: 0.2816
          Episode_Reward/action_l2: -0.0124
             Episode_Reward/energy: -0.4254
   Episode_Reward/joint_pos_limits: -0.2121
      Episode_Termination/time_out: 0.5438
  Episode_Termination/torso_height: 0.4562
--------------------------------------------------------------------------------
                   Total timesteps: 1933312
                    Iteration time: 0.32s
                      Time elapsed: 00:00:43
                               ETA: 00:02:21

################################################################################
                      [1m Learning iteration 118/500 [0m                      

                       Computation: 51668 steps/s (collection: 0.246s, learning 0.071s)
             Mean action noise std: 0.37
          Mean value_function loss: 0.0737
               Mean surrogate loss: -0.0076
                 Mean entropy loss: 3.4071
                       Mean reward: 26.65
               Mean episode length: 694.36
           Episode_Reward/progress: 1.5724
              Episode_Reward/alive: 0.3333
            Episode_Reward/upright: 0.0588
     Episode_Reward/move_to_target: 0.3120
          Episode_Reward/action_l2: -0.0140
             Episode_Reward/energy: -0.4924
   Episode_Reward/joint_pos_limits: -0.2318
      Episode_Termination/time_out: 0.5397
  Episode_Termination/torso_height: 0.4603
--------------------------------------------------------------------------------
                   Total timesteps: 1949696
                    Iteration time: 0.32s
                      Time elapsed: 00:00:43
                               ETA: 00:02:20

################################################################################
                      [1m Learning iteration 119/500 [0m                      

                       Computation: 51741 steps/s (collection: 0.248s, learning 0.068s)
             Mean action noise std: 0.37
          Mean value_function loss: 0.0528
               Mean surrogate loss: -0.0079
                 Mean entropy loss: 3.3743
                       Mean reward: 25.53
               Mean episode length: 668.32
           Episode_Reward/progress: 1.7569
              Episode_Reward/alive: 0.3633
            Episode_Reward/upright: 0.0664
     Episode_Reward/move_to_target: 0.3212
          Episode_Reward/action_l2: -0.0155
             Episode_Reward/energy: -0.5220
   Episode_Reward/joint_pos_limits: -0.2621
      Episode_Termination/time_out: 0.5427
  Episode_Termination/torso_height: 0.4573
--------------------------------------------------------------------------------
                   Total timesteps: 1966080
                    Iteration time: 0.32s
                      Time elapsed: 00:00:44
                               ETA: 00:02:20

################################################################################
                      [1m Learning iteration 120/500 [0m                      

                       Computation: 46815 steps/s (collection: 0.261s, learning 0.089s)
             Mean action noise std: 0.37
          Mean value_function loss: 0.0645
               Mean surrogate loss: -0.0080
                 Mean entropy loss: 3.3308
                       Mean reward: 26.87
               Mean episode length: 689.68
           Episode_Reward/progress: 1.8646
              Episode_Reward/alive: 0.3694
            Episode_Reward/upright: 0.0693
     Episode_Reward/move_to_target: 0.3508
          Episode_Reward/action_l2: -0.0153
             Episode_Reward/energy: -0.5657
   Episode_Reward/joint_pos_limits: -0.2500
      Episode_Termination/time_out: 0.5441
  Episode_Termination/torso_height: 0.4559
--------------------------------------------------------------------------------
                   Total timesteps: 1982464
                    Iteration time: 0.35s
                      Time elapsed: 00:00:44
                               ETA: 00:02:19

################################################################################
                      [1m Learning iteration 121/500 [0m                      

                       Computation: 43962 steps/s (collection: 0.291s, learning 0.082s)
             Mean action noise std: 0.37
          Mean value_function loss: 0.0506
               Mean surrogate loss: -0.0090
                 Mean entropy loss: 3.2823
                       Mean reward: 27.12
               Mean episode length: 694.78
           Episode_Reward/progress: 1.8587
              Episode_Reward/alive: 0.3776
            Episode_Reward/upright: 0.0689
     Episode_Reward/move_to_target: 0.3515
          Episode_Reward/action_l2: -0.0159
             Episode_Reward/energy: -0.5820
   Episode_Reward/joint_pos_limits: -0.2607
      Episode_Termination/time_out: 0.5478
  Episode_Termination/torso_height: 0.4522
--------------------------------------------------------------------------------
                   Total timesteps: 1998848
                    Iteration time: 0.37s
                      Time elapsed: 00:00:44
                               ETA: 00:02:19

################################################################################
                      [1m Learning iteration 122/500 [0m                      

                       Computation: 42626 steps/s (collection: 0.290s, learning 0.094s)
             Mean action noise std: 0.36
          Mean value_function loss: 0.0639
               Mean surrogate loss: -0.0096
                 Mean entropy loss: 3.2528
                       Mean reward: 28.41
               Mean episode length: 710.56
           Episode_Reward/progress: 2.0604
              Episode_Reward/alive: 0.4013
            Episode_Reward/upright: 0.0744
     Episode_Reward/move_to_target: 0.3875
          Episode_Reward/action_l2: -0.0168
             Episode_Reward/energy: -0.6206
   Episode_Reward/joint_pos_limits: -0.2741
      Episode_Termination/time_out: 0.5521
  Episode_Termination/torso_height: 0.4479
--------------------------------------------------------------------------------
                   Total timesteps: 2015232
                    Iteration time: 0.38s
                      Time elapsed: 00:00:45
                               ETA: 00:02:19

################################################################################
                      [1m Learning iteration 123/500 [0m                      

                       Computation: 43451 steps/s (collection: 0.289s, learning 0.088s)
             Mean action noise std: 0.36
          Mean value_function loss: 0.0584
               Mean surrogate loss: -0.0090
                 Mean entropy loss: 3.2304
                       Mean reward: 30.23
               Mean episode length: 738.56
           Episode_Reward/progress: 2.1909
              Episode_Reward/alive: 0.4383
            Episode_Reward/upright: 0.0835
     Episode_Reward/move_to_target: 0.4133
          Episode_Reward/action_l2: -0.0180
             Episode_Reward/energy: -0.6457
   Episode_Reward/joint_pos_limits: -0.3021
      Episode_Termination/time_out: 0.5526
  Episode_Termination/torso_height: 0.4474
--------------------------------------------------------------------------------
                   Total timesteps: 2031616
                    Iteration time: 0.38s
                      Time elapsed: 00:00:45
                               ETA: 00:02:18

################################################################################
                      [1m Learning iteration 124/500 [0m                      

                       Computation: 46635 steps/s (collection: 0.262s, learning 0.089s)
             Mean action noise std: 0.36
          Mean value_function loss: 0.0597
               Mean surrogate loss: -0.0068
                 Mean entropy loss: 3.1968
                       Mean reward: 31.67
               Mean episode length: 767.91
           Episode_Reward/progress: 1.8263
              Episode_Reward/alive: 0.3558
            Episode_Reward/upright: 0.0663
     Episode_Reward/move_to_target: 0.3391
          Episode_Reward/action_l2: -0.0149
             Episode_Reward/energy: -0.5472
   Episode_Reward/joint_pos_limits: -0.2419
      Episode_Termination/time_out: 0.5562
  Episode_Termination/torso_height: 0.4438
--------------------------------------------------------------------------------
                   Total timesteps: 2048000
                    Iteration time: 0.35s
                      Time elapsed: 00:00:46
                               ETA: 00:02:18

################################################################################
                      [1m Learning iteration 125/500 [0m                      

                       Computation: 44988 steps/s (collection: 0.274s, learning 0.090s)
             Mean action noise std: 0.36
          Mean value_function loss: 0.0664
               Mean surrogate loss: -0.0081
                 Mean entropy loss: 3.1748
                       Mean reward: 31.65
               Mean episode length: 772.15
           Episode_Reward/progress: 2.0740
              Episode_Reward/alive: 0.4128
            Episode_Reward/upright: 0.0784
     Episode_Reward/move_to_target: 0.3586
          Episode_Reward/action_l2: -0.0180
             Episode_Reward/energy: -0.6031
   Episode_Reward/joint_pos_limits: -0.2962
      Episode_Termination/time_out: 0.5556
  Episode_Termination/torso_height: 0.4444
--------------------------------------------------------------------------------
                   Total timesteps: 2064384
                    Iteration time: 0.36s
                      Time elapsed: 00:00:46
                               ETA: 00:02:18

################################################################################
                      [1m Learning iteration 126/500 [0m                      

                       Computation: 46914 steps/s (collection: 0.261s, learning 0.088s)
             Mean action noise std: 0.36
          Mean value_function loss: 0.0695
               Mean surrogate loss: -0.0093
                 Mean entropy loss: 3.1544
                       Mean reward: 32.73
               Mean episode length: 786.94
           Episode_Reward/progress: 2.1834
              Episode_Reward/alive: 0.4156
            Episode_Reward/upright: 0.0778
     Episode_Reward/move_to_target: 0.4016
          Episode_Reward/action_l2: -0.0171
             Episode_Reward/energy: -0.6373
   Episode_Reward/joint_pos_limits: -0.2832
      Episode_Termination/time_out: 0.5645
  Episode_Termination/torso_height: 0.4355
--------------------------------------------------------------------------------
                   Total timesteps: 2080768
                    Iteration time: 0.35s
                      Time elapsed: 00:00:46
                               ETA: 00:02:17

################################################################################
                      [1m Learning iteration 127/500 [0m                      

                       Computation: 45497 steps/s (collection: 0.273s, learning 0.087s)
             Mean action noise std: 0.36
          Mean value_function loss: 0.0673
               Mean surrogate loss: -0.0073
                 Mean entropy loss: 3.1316
                       Mean reward: 34.81
               Mean episode length: 825.02
           Episode_Reward/progress: 2.4106
              Episode_Reward/alive: 0.4566
            Episode_Reward/upright: 0.0868
     Episode_Reward/move_to_target: 0.4471
          Episode_Reward/action_l2: -0.0185
             Episode_Reward/energy: -0.7006
   Episode_Reward/joint_pos_limits: -0.3057
      Episode_Termination/time_out: 0.5705
  Episode_Termination/torso_height: 0.4295
--------------------------------------------------------------------------------
                   Total timesteps: 2097152
                    Iteration time: 0.36s
                      Time elapsed: 00:00:47
                               ETA: 00:02:17

################################################################################
                      [1m Learning iteration 128/500 [0m                      

                       Computation: 45343 steps/s (collection: 0.268s, learning 0.093s)
             Mean action noise std: 0.36
          Mean value_function loss: 0.0672
               Mean surrogate loss: -0.0097
                 Mean entropy loss: 3.1088
                       Mean reward: 37.26
               Mean episode length: 856.04
           Episode_Reward/progress: 2.4735
              Episode_Reward/alive: 0.4560
            Episode_Reward/upright: 0.0869
     Episode_Reward/move_to_target: 0.4442
          Episode_Reward/action_l2: -0.0185
             Episode_Reward/energy: -0.7001
   Episode_Reward/joint_pos_limits: -0.3040
      Episode_Termination/time_out: 0.5757
  Episode_Termination/torso_height: 0.4243
--------------------------------------------------------------------------------
                   Total timesteps: 2113536
                    Iteration time: 0.36s
                      Time elapsed: 00:00:47
                               ETA: 00:02:16

################################################################################
                      [1m Learning iteration 129/500 [0m                      

                       Computation: 46810 steps/s (collection: 0.260s, learning 0.090s)
             Mean action noise std: 0.36
          Mean value_function loss: 0.0525
               Mean surrogate loss: -0.0077
                 Mean entropy loss: 3.0860
                       Mean reward: 37.40
               Mean episode length: 853.75
           Episode_Reward/progress: 2.3187
              Episode_Reward/alive: 0.4307
            Episode_Reward/upright: 0.0813
     Episode_Reward/move_to_target: 0.4226
          Episode_Reward/action_l2: -0.0175
             Episode_Reward/energy: -0.6694
   Episode_Reward/joint_pos_limits: -0.2872
      Episode_Termination/time_out: 0.5900
  Episode_Termination/torso_height: 0.4100
--------------------------------------------------------------------------------
                   Total timesteps: 2129920
                    Iteration time: 0.35s
                      Time elapsed: 00:00:47
                               ETA: 00:02:16

################################################################################
                      [1m Learning iteration 130/500 [0m                      

                       Computation: 45420 steps/s (collection: 0.271s, learning 0.089s)
             Mean action noise std: 0.36
          Mean value_function loss: 0.0785
               Mean surrogate loss: -0.0084
                 Mean entropy loss: 3.0819
                       Mean reward: 33.80
               Mean episode length: 781.86
           Episode_Reward/progress: 2.0264
              Episode_Reward/alive: 0.3941
            Episode_Reward/upright: 0.0733
     Episode_Reward/move_to_target: 0.3792
          Episode_Reward/action_l2: -0.0161
             Episode_Reward/energy: -0.5956
   Episode_Reward/joint_pos_limits: -0.2667
      Episode_Termination/time_out: 0.5922
  Episode_Termination/torso_height: 0.4078
--------------------------------------------------------------------------------
                   Total timesteps: 2146304
                    Iteration time: 0.36s
                      Time elapsed: 00:00:48
                               ETA: 00:02:16

################################################################################
                      [1m Learning iteration 131/500 [0m                      

                       Computation: 48285 steps/s (collection: 0.254s, learning 0.086s)
             Mean action noise std: 0.36
          Mean value_function loss: 0.0763
               Mean surrogate loss: -0.0081
                 Mean entropy loss: 3.0807
                       Mean reward: 32.98
               Mean episode length: 761.86
           Episode_Reward/progress: 2.2777
              Episode_Reward/alive: 0.4186
            Episode_Reward/upright: 0.0782
     Episode_Reward/move_to_target: 0.4034
          Episode_Reward/action_l2: -0.0171
             Episode_Reward/energy: -0.6456
   Episode_Reward/joint_pos_limits: -0.2846
      Episode_Termination/time_out: 0.5931
  Episode_Termination/torso_height: 0.4069
--------------------------------------------------------------------------------
                   Total timesteps: 2162688
                    Iteration time: 0.34s
                      Time elapsed: 00:00:48
                               ETA: 00:02:15

################################################################################
                      [1m Learning iteration 132/500 [0m                      

                       Computation: 40170 steps/s (collection: 0.309s, learning 0.098s)
             Mean action noise std: 0.36
          Mean value_function loss: 0.0694
               Mean surrogate loss: -0.0087
                 Mean entropy loss: 3.0660
                       Mean reward: 30.12
               Mean episode length: 711.42
           Episode_Reward/progress: 1.6510
              Episode_Reward/alive: 0.3266
            Episode_Reward/upright: 0.0583
     Episode_Reward/move_to_target: 0.3113
          Episode_Reward/action_l2: -0.0136
             Episode_Reward/energy: -0.4869
   Episode_Reward/joint_pos_limits: -0.2242
      Episode_Termination/time_out: 0.5844
  Episode_Termination/torso_height: 0.4156
--------------------------------------------------------------------------------
                   Total timesteps: 2179072
                    Iteration time: 0.41s
                      Time elapsed: 00:00:48
                               ETA: 00:02:15

################################################################################
                      [1m Learning iteration 133/500 [0m                      

                       Computation: 41736 steps/s (collection: 0.309s, learning 0.084s)
             Mean action noise std: 0.36
          Mean value_function loss: 0.0620
               Mean surrogate loss: -0.0079
                 Mean entropy loss: 3.0669
                       Mean reward: 30.91
               Mean episode length: 714.23
           Episode_Reward/progress: 2.2257
              Episode_Reward/alive: 0.4056
            Episode_Reward/upright: 0.0770
     Episode_Reward/move_to_target: 0.3991
          Episode_Reward/action_l2: -0.0164
             Episode_Reward/energy: -0.6256
   Episode_Reward/joint_pos_limits: -0.2712
      Episode_Termination/time_out: 0.5900
  Episode_Termination/torso_height: 0.4100
--------------------------------------------------------------------------------
                   Total timesteps: 2195456
                    Iteration time: 0.39s
                      Time elapsed: 00:00:49
                               ETA: 00:02:15

################################################################################
                      [1m Learning iteration 134/500 [0m                      

                       Computation: 44738 steps/s (collection: 0.277s, learning 0.089s)
             Mean action noise std: 0.35
          Mean value_function loss: 0.0548
               Mean surrogate loss: -0.0079
                 Mean entropy loss: 3.0242
                       Mean reward: 29.55
               Mean episode length: 698.05
           Episode_Reward/progress: 1.6285
              Episode_Reward/alive: 0.3729
            Episode_Reward/upright: 0.0680
     Episode_Reward/move_to_target: 0.2055
          Episode_Reward/action_l2: -0.0194
             Episode_Reward/energy: -0.4815
   Episode_Reward/joint_pos_limits: -0.3048
      Episode_Termination/time_out: 0.5933
  Episode_Termination/torso_height: 0.4067
--------------------------------------------------------------------------------
                   Total timesteps: 2211840
                    Iteration time: 0.37s
                      Time elapsed: 00:00:49
                               ETA: 00:02:14

################################################################################
                      [1m Learning iteration 135/500 [0m                      

                       Computation: 47481 steps/s (collection: 0.256s, learning 0.089s)
             Mean action noise std: 0.35
          Mean value_function loss: 0.0502
               Mean surrogate loss: -0.0090
                 Mean entropy loss: 2.9764
                       Mean reward: 30.43
               Mean episode length: 706.14
           Episode_Reward/progress: 2.2407
              Episode_Reward/alive: 0.4090
            Episode_Reward/upright: 0.0787
     Episode_Reward/move_to_target: 0.4013
          Episode_Reward/action_l2: -0.0165
             Episode_Reward/energy: -0.6274
   Episode_Reward/joint_pos_limits: -0.2722
      Episode_Termination/time_out: 0.5936
  Episode_Termination/torso_height: 0.4064
--------------------------------------------------------------------------------
                   Total timesteps: 2228224
                    Iteration time: 0.35s
                      Time elapsed: 00:00:50
                               ETA: 00:02:14

################################################################################
                      [1m Learning iteration 136/500 [0m                      

                       Computation: 48943 steps/s (collection: 0.247s, learning 0.088s)
             Mean action noise std: 0.35
          Mean value_function loss: 0.0567
               Mean surrogate loss: -0.0085
                 Mean entropy loss: 2.9347
                       Mean reward: 30.04
               Mean episode length: 694.82
           Episode_Reward/progress: 1.5512
              Episode_Reward/alive: 0.3042
            Episode_Reward/upright: 0.0542
     Episode_Reward/move_to_target: 0.2881
          Episode_Reward/action_l2: -0.0127
             Episode_Reward/energy: -0.4430
   Episode_Reward/joint_pos_limits: -0.2106
      Episode_Termination/time_out: 0.5915
  Episode_Termination/torso_height: 0.4085
--------------------------------------------------------------------------------
                   Total timesteps: 2244608
                    Iteration time: 0.33s
                      Time elapsed: 00:00:50
                               ETA: 00:02:13

################################################################################
                      [1m Learning iteration 137/500 [0m                      

                       Computation: 48002 steps/s (collection: 0.255s, learning 0.087s)
             Mean action noise std: 0.35
          Mean value_function loss: 0.0595
               Mean surrogate loss: -0.0088
                 Mean entropy loss: 2.9140
                       Mean reward: 30.49
               Mean episode length: 703.03
           Episode_Reward/progress: 2.0756
              Episode_Reward/alive: 0.3863
            Episode_Reward/upright: 0.0736
     Episode_Reward/move_to_target: 0.3731
          Episode_Reward/action_l2: -0.0155
             Episode_Reward/energy: -0.5820
   Episode_Reward/joint_pos_limits: -0.2575
      Episode_Termination/time_out: 0.5969
  Episode_Termination/torso_height: 0.4031
--------------------------------------------------------------------------------
                   Total timesteps: 2260992
                    Iteration time: 0.34s
                      Time elapsed: 00:00:50
                               ETA: 00:02:13

################################################################################
                      [1m Learning iteration 138/500 [0m                      

                       Computation: 46951 steps/s (collection: 0.262s, learning 0.087s)
             Mean action noise std: 0.35
          Mean value_function loss: 0.0596
               Mean surrogate loss: -0.0085
                 Mean entropy loss: 2.9103
                       Mean reward: 30.03
               Mean episode length: 689.35
           Episode_Reward/progress: 1.9089
              Episode_Reward/alive: 0.3518
            Episode_Reward/upright: 0.0651
     Episode_Reward/move_to_target: 0.3403
          Episode_Reward/action_l2: -0.0143
             Episode_Reward/energy: -0.5279
   Episode_Reward/joint_pos_limits: -0.2349
      Episode_Termination/time_out: 0.6003
  Episode_Termination/torso_height: 0.3997
--------------------------------------------------------------------------------
                   Total timesteps: 2277376
                    Iteration time: 0.35s
                      Time elapsed: 00:00:51
                               ETA: 00:02:12

################################################################################
                      [1m Learning iteration 139/500 [0m                      

                       Computation: 46699 steps/s (collection: 0.261s, learning 0.090s)
             Mean action noise std: 0.35
          Mean value_function loss: 0.0524
               Mean surrogate loss: -0.0083
                 Mean entropy loss: 2.8993
                       Mean reward: 31.73
               Mean episode length: 711.27
           Episode_Reward/progress: 2.3227
              Episode_Reward/alive: 0.4160
            Episode_Reward/upright: 0.0790
     Episode_Reward/move_to_target: 0.4060
          Episode_Reward/action_l2: -0.0167
             Episode_Reward/energy: -0.6256
   Episode_Reward/joint_pos_limits: -0.2762
      Episode_Termination/time_out: 0.6116
  Episode_Termination/torso_height: 0.3884
--------------------------------------------------------------------------------
                   Total timesteps: 2293760
                    Iteration time: 0.35s
                      Time elapsed: 00:00:51
                               ETA: 00:02:12

################################################################################
                      [1m Learning iteration 140/500 [0m                      

                       Computation: 43689 steps/s (collection: 0.286s, learning 0.089s)
             Mean action noise std: 0.35
          Mean value_function loss: 0.0507
               Mean surrogate loss: -0.0059
                 Mean entropy loss: 2.8748
                       Mean reward: 31.14
               Mean episode length: 699.31
           Episode_Reward/progress: 1.9672
              Episode_Reward/alive: 0.3614
            Episode_Reward/upright: 0.0669
     Episode_Reward/move_to_target: 0.3440
          Episode_Reward/action_l2: -0.0148
             Episode_Reward/energy: -0.5424
   Episode_Reward/joint_pos_limits: -0.2435
      Episode_Termination/time_out: 0.6152
  Episode_Termination/torso_height: 0.3848
--------------------------------------------------------------------------------
                   Total timesteps: 2310144
                    Iteration time: 0.38s
                      Time elapsed: 00:00:51
                               ETA: 00:02:12

################################################################################
                      [1m Learning iteration 141/500 [0m                      

                       Computation: 46498 steps/s (collection: 0.277s, learning 0.075s)
             Mean action noise std: 0.35
          Mean value_function loss: 0.0463
               Mean surrogate loss: -0.0081
                 Mean entropy loss: 2.8491
                       Mean reward: 31.18
               Mean episode length: 698.17
           Episode_Reward/progress: 2.0782
              Episode_Reward/alive: 0.3771
            Episode_Reward/upright: 0.0706
     Episode_Reward/move_to_target: 0.3666
          Episode_Reward/action_l2: -0.0152
             Episode_Reward/energy: -0.5646
   Episode_Reward/joint_pos_limits: -0.2518
      Episode_Termination/time_out: 0.6171
  Episode_Termination/torso_height: 0.3829
--------------------------------------------------------------------------------
                   Total timesteps: 2326528
                    Iteration time: 0.35s
                      Time elapsed: 00:00:52
                               ETA: 00:02:11

################################################################################
                      [1m Learning iteration 142/500 [0m                      

                       Computation: 43282 steps/s (collection: 0.300s, learning 0.078s)
             Mean action noise std: 0.35
          Mean value_function loss: 0.0586
               Mean surrogate loss: -0.0085
                 Mean entropy loss: 2.8232
                       Mean reward: 30.09
               Mean episode length: 679.36
           Episode_Reward/progress: 1.4592
              Episode_Reward/alive: 0.2749
            Episode_Reward/upright: 0.0493
     Episode_Reward/move_to_target: 0.2416
          Episode_Reward/action_l2: -0.0117
             Episode_Reward/energy: -0.3975
   Episode_Reward/joint_pos_limits: -0.1951
      Episode_Termination/time_out: 0.6078
  Episode_Termination/torso_height: 0.3922
--------------------------------------------------------------------------------
                   Total timesteps: 2342912
                    Iteration time: 0.38s
                      Time elapsed: 00:00:52
                               ETA: 00:02:11

################################################################################
                      [1m Learning iteration 143/500 [0m                      

                       Computation: 40876 steps/s (collection: 0.311s, learning 0.090s)
             Mean action noise std: 0.35
          Mean value_function loss: 0.0445
               Mean surrogate loss: -0.0087
                 Mean entropy loss: 2.8042
                       Mean reward: 30.56
               Mean episode length: 687.20
           Episode_Reward/progress: 2.3434
              Episode_Reward/alive: 0.4271
            Episode_Reward/upright: 0.0809
     Episode_Reward/move_to_target: 0.3911
          Episode_Reward/action_l2: -0.0177
             Episode_Reward/energy: -0.6252
   Episode_Reward/joint_pos_limits: -0.2891
      Episode_Termination/time_out: 0.6138
  Episode_Termination/torso_height: 0.3862
--------------------------------------------------------------------------------
                   Total timesteps: 2359296
                    Iteration time: 0.40s
                      Time elapsed: 00:00:52
                               ETA: 00:02:11

################################################################################
                      [1m Learning iteration 144/500 [0m                      

                       Computation: 41937 steps/s (collection: 0.302s, learning 0.089s)
             Mean action noise std: 0.34
          Mean value_function loss: 0.0469
               Mean surrogate loss: -0.0095
                 Mean entropy loss: 2.7672
                       Mean reward: 31.38
               Mean episode length: 704.44
           Episode_Reward/progress: 1.6794
              Episode_Reward/alive: 0.3334
            Episode_Reward/upright: 0.0616
     Episode_Reward/move_to_target: 0.2963
          Episode_Reward/action_l2: -0.0138
             Episode_Reward/energy: -0.4857
   Episode_Reward/joint_pos_limits: -0.2305
      Episode_Termination/time_out: 0.6168
  Episode_Termination/torso_height: 0.3832
--------------------------------------------------------------------------------
                   Total timesteps: 2375680
                    Iteration time: 0.39s
                      Time elapsed: 00:00:53
                               ETA: 00:02:10

################################################################################
                      [1m Learning iteration 145/500 [0m                      

                       Computation: 42747 steps/s (collection: 0.297s, learning 0.086s)
             Mean action noise std: 0.34
          Mean value_function loss: 0.0649
               Mean surrogate loss: -0.0072
                 Mean entropy loss: 2.7527
                       Mean reward: 30.45
               Mean episode length: 681.88
           Episode_Reward/progress: 2.4336
              Episode_Reward/alive: 0.4234
            Episode_Reward/upright: 0.0818
     Episode_Reward/move_to_target: 0.4164
          Episode_Reward/action_l2: -0.0168
             Episode_Reward/energy: -0.6334
   Episode_Reward/joint_pos_limits: -0.2828
      Episode_Termination/time_out: 0.6205
  Episode_Termination/torso_height: 0.3795
--------------------------------------------------------------------------------
                   Total timesteps: 2392064
                    Iteration time: 0.38s
                      Time elapsed: 00:00:53
                               ETA: 00:02:10

################################################################################
                      [1m Learning iteration 146/500 [0m                      

                       Computation: 44992 steps/s (collection: 0.269s, learning 0.095s)
             Mean action noise std: 0.34
          Mean value_function loss: 0.0538
               Mean surrogate loss: -0.0086
                 Mean entropy loss: 2.7462
                       Mean reward: 29.77
               Mean episode length: 670.02
           Episode_Reward/progress: 2.1289
              Episode_Reward/alive: 0.3936
            Episode_Reward/upright: 0.0717
     Episode_Reward/move_to_target: 0.3688
          Episode_Reward/action_l2: -0.0164
             Episode_Reward/energy: -0.5939
   Episode_Reward/joint_pos_limits: -0.2657
      Episode_Termination/time_out: 0.6184
  Episode_Termination/torso_height: 0.3816
--------------------------------------------------------------------------------
                   Total timesteps: 2408448
                    Iteration time: 0.36s
                      Time elapsed: 00:00:54
                               ETA: 00:02:10

################################################################################
                      [1m Learning iteration 147/500 [0m                      

                       Computation: 47730 steps/s (collection: 0.248s, learning 0.095s)
             Mean action noise std: 0.34
          Mean value_function loss: 0.0509
               Mean surrogate loss: -0.0081
                 Mean entropy loss: 2.7129
                       Mean reward: 30.69
               Mean episode length: 683.37
           Episode_Reward/progress: 2.0530
              Episode_Reward/alive: 0.3501
            Episode_Reward/upright: 0.0660
     Episode_Reward/move_to_target: 0.3419
          Episode_Reward/action_l2: -0.0141
             Episode_Reward/energy: -0.5237
   Episode_Reward/joint_pos_limits: -0.2337
      Episode_Termination/time_out: 0.6159
  Episode_Termination/torso_height: 0.3841
--------------------------------------------------------------------------------
                   Total timesteps: 2424832
                    Iteration time: 0.34s
                      Time elapsed: 00:00:54
                               ETA: 00:02:09

################################################################################
                      [1m Learning iteration 148/500 [0m                      

                       Computation: 48403 steps/s (collection: 0.246s, learning 0.092s)
             Mean action noise std: 0.34
          Mean value_function loss: 0.0547
               Mean surrogate loss: -0.0080
                 Mean entropy loss: 2.6933
                       Mean reward: 30.60
               Mean episode length: 678.59
           Episode_Reward/progress: 2.4192
              Episode_Reward/alive: 0.4094
            Episode_Reward/upright: 0.0783
     Episode_Reward/move_to_target: 0.4014
          Episode_Reward/action_l2: -0.0165
             Episode_Reward/energy: -0.6295
   Episode_Reward/joint_pos_limits: -0.2712
      Episode_Termination/time_out: 0.6184
  Episode_Termination/torso_height: 0.3816
--------------------------------------------------------------------------------
                   Total timesteps: 2441216
                    Iteration time: 0.34s
                      Time elapsed: 00:00:54
                               ETA: 00:02:09

################################################################################
                      [1m Learning iteration 149/500 [0m                      

                       Computation: 47424 steps/s (collection: 0.255s, learning 0.090s)
             Mean action noise std: 0.34
          Mean value_function loss: 0.0762
               Mean surrogate loss: -0.0087
                 Mean entropy loss: 2.6583
                       Mean reward: 31.38
               Mean episode length: 691.27
           Episode_Reward/progress: 1.6982
              Episode_Reward/alive: 0.3072
            Episode_Reward/upright: 0.0561
     Episode_Reward/move_to_target: 0.2961
          Episode_Reward/action_l2: -0.0122
             Episode_Reward/energy: -0.4521
   Episode_Reward/joint_pos_limits: -0.2045
      Episode_Termination/time_out: 0.6221
  Episode_Termination/torso_height: 0.3779
--------------------------------------------------------------------------------
                   Total timesteps: 2457600
                    Iteration time: 0.35s
                      Time elapsed: 00:00:55
                               ETA: 00:02:08

################################################################################
                      [1m Learning iteration 150/500 [0m                      

                       Computation: 47414 steps/s (collection: 0.257s, learning 0.088s)
             Mean action noise std: 0.34
          Mean value_function loss: 0.0613
               Mean surrogate loss: -0.0074
                 Mean entropy loss: 2.6405
                       Mean reward: 33.59
               Mean episode length: 729.15
           Episode_Reward/progress: 2.4869
              Episode_Reward/alive: 0.4424
            Episode_Reward/upright: 0.0839
     Episode_Reward/move_to_target: 0.4314
          Episode_Reward/action_l2: -0.0174
             Episode_Reward/energy: -0.6641
   Episode_Reward/joint_pos_limits: -0.2924
      Episode_Termination/time_out: 0.6304
  Episode_Termination/torso_height: 0.3696
--------------------------------------------------------------------------------
                   Total timesteps: 2473984
                    Iteration time: 0.35s
                      Time elapsed: 00:00:55
                               ETA: 00:02:08

################################################################################
                      [1m Learning iteration 151/500 [0m                      

                       Computation: 46391 steps/s (collection: 0.262s, learning 0.092s)
             Mean action noise std: 0.34
          Mean value_function loss: 0.0679
               Mean surrogate loss: -0.0092
                 Mean entropy loss: 2.6198
                       Mean reward: 34.66
               Mean episode length: 739.71
           Episode_Reward/progress: 2.4953
              Episode_Reward/alive: 0.4199
            Episode_Reward/upright: 0.0798
     Episode_Reward/move_to_target: 0.4044
          Episode_Reward/action_l2: -0.0171
             Episode_Reward/energy: -0.6324
   Episode_Reward/joint_pos_limits: -0.2772
      Episode_Termination/time_out: 0.6385
  Episode_Termination/torso_height: 0.3615
--------------------------------------------------------------------------------
                   Total timesteps: 2490368
                    Iteration time: 0.35s
                      Time elapsed: 00:00:55
                               ETA: 00:02:08

################################################################################
                      [1m Learning iteration 152/500 [0m                      

                       Computation: 46731 steps/s (collection: 0.261s, learning 0.089s)
             Mean action noise std: 0.34
          Mean value_function loss: 0.0584
               Mean surrogate loss: -0.0067
                 Mean entropy loss: 2.5929
                       Mean reward: 35.62
               Mean episode length: 756.33
           Episode_Reward/progress: 2.3369
              Episode_Reward/alive: 0.4083
            Episode_Reward/upright: 0.0753
     Episode_Reward/move_to_target: 0.3842
          Episode_Reward/action_l2: -0.0169
             Episode_Reward/energy: -0.6127
   Episode_Reward/joint_pos_limits: -0.2680
      Episode_Termination/time_out: 0.6391
  Episode_Termination/torso_height: 0.3609
--------------------------------------------------------------------------------
                   Total timesteps: 2506752
                    Iteration time: 0.35s
                      Time elapsed: 00:00:56
                               ETA: 00:02:07

################################################################################
                      [1m Learning iteration 153/500 [0m                      

                       Computation: 43454 steps/s (collection: 0.273s, learning 0.105s)
             Mean action noise std: 0.34
          Mean value_function loss: 0.0593
               Mean surrogate loss: -0.0076
                 Mean entropy loss: 2.5614
                       Mean reward: 38.24
               Mean episode length: 806.95
           Episode_Reward/progress: 2.6326
              Episode_Reward/alive: 0.4532
            Episode_Reward/upright: 0.0862
     Episode_Reward/move_to_target: 0.4442
          Episode_Reward/action_l2: -0.0181
             Episode_Reward/energy: -0.6898
   Episode_Reward/joint_pos_limits: -0.2983
      Episode_Termination/time_out: 0.6396
  Episode_Termination/torso_height: 0.3604
--------------------------------------------------------------------------------
                   Total timesteps: 2523136
                    Iteration time: 0.38s
                      Time elapsed: 00:00:56
                               ETA: 00:02:07

################################################################################
                      [1m Learning iteration 154/500 [0m                      

                       Computation: 42098 steps/s (collection: 0.294s, learning 0.095s)
             Mean action noise std: 0.33
          Mean value_function loss: 0.0854
               Mean surrogate loss: -0.0075
                 Mean entropy loss: 2.5379
                       Mean reward: 38.83
               Mean episode length: 807.75
           Episode_Reward/progress: 2.7823
              Episode_Reward/alive: 0.4558
            Episode_Reward/upright: 0.0883
     Episode_Reward/move_to_target: 0.4522
          Episode_Reward/action_l2: -0.0178
             Episode_Reward/energy: -0.6979
   Episode_Reward/joint_pos_limits: -0.2991
      Episode_Termination/time_out: 0.6391
  Episode_Termination/torso_height: 0.3609
--------------------------------------------------------------------------------
                   Total timesteps: 2539520
                    Iteration time: 0.39s
                      Time elapsed: 00:00:56
                               ETA: 00:02:07

################################################################################
                      [1m Learning iteration 155/500 [0m                      

                       Computation: 40772 steps/s (collection: 0.307s, learning 0.095s)
             Mean action noise std: 0.33
          Mean value_function loss: 0.0909
               Mean surrogate loss: -0.0084
                 Mean entropy loss: 2.5051
                       Mean reward: 39.25
               Mean episode length: 816.31
           Episode_Reward/progress: 2.5858
              Episode_Reward/alive: 0.4457
            Episode_Reward/upright: 0.0849
     Episode_Reward/move_to_target: 0.4355
          Episode_Reward/action_l2: -0.0178
             Episode_Reward/energy: -0.6779
   Episode_Reward/joint_pos_limits: -0.2936
      Episode_Termination/time_out: 0.6481
  Episode_Termination/torso_height: 0.3519
--------------------------------------------------------------------------------
                   Total timesteps: 2555904
                    Iteration time: 0.40s
                      Time elapsed: 00:00:57
                               ETA: 00:02:06

################################################################################
                      [1m Learning iteration 156/500 [0m                      

                       Computation: 43274 steps/s (collection: 0.281s, learning 0.098s)
             Mean action noise std: 0.33
          Mean value_function loss: 0.0714
               Mean surrogate loss: -0.0090
                 Mean entropy loss: 2.4829
                       Mean reward: 39.68
               Mean episode length: 816.63
           Episode_Reward/progress: 2.4506
              Episode_Reward/alive: 0.4132
            Episode_Reward/upright: 0.0780
     Episode_Reward/move_to_target: 0.4028
          Episode_Reward/action_l2: -0.0167
             Episode_Reward/energy: -0.6251
   Episode_Reward/joint_pos_limits: -0.2715
      Episode_Termination/time_out: 0.6539
  Episode_Termination/torso_height: 0.3461
--------------------------------------------------------------------------------
                   Total timesteps: 2572288
                    Iteration time: 0.38s
                      Time elapsed: 00:00:57
                               ETA: 00:02:06

################################################################################
                      [1m Learning iteration 157/500 [0m                      

                       Computation: 45191 steps/s (collection: 0.267s, learning 0.095s)
             Mean action noise std: 0.33
          Mean value_function loss: 0.0650
               Mean surrogate loss: -0.0085
                 Mean entropy loss: 2.4496
                       Mean reward: 40.37
               Mean episode length: 822.66
           Episode_Reward/progress: 2.5605
              Episode_Reward/alive: 0.4308
            Episode_Reward/upright: 0.0821
     Episode_Reward/move_to_target: 0.4248
          Episode_Reward/action_l2: -0.0169
             Episode_Reward/energy: -0.6546
   Episode_Reward/joint_pos_limits: -0.2795
      Episode_Termination/time_out: 0.6511
  Episode_Termination/torso_height: 0.3489
--------------------------------------------------------------------------------
                   Total timesteps: 2588672
                    Iteration time: 0.36s
                      Time elapsed: 00:00:58
                               ETA: 00:02:06

################################################################################
                      [1m Learning iteration 158/500 [0m                      

                       Computation: 46048 steps/s (collection: 0.266s, learning 0.090s)
             Mean action noise std: 0.33
          Mean value_function loss: 0.0711
               Mean surrogate loss: -0.0074
                 Mean entropy loss: 2.4053
                       Mean reward: 40.70
               Mean episode length: 829.94
           Episode_Reward/progress: 2.6225
              Episode_Reward/alive: 0.4558
            Episode_Reward/upright: 0.0875
     Episode_Reward/move_to_target: 0.4446
          Episode_Reward/action_l2: -0.0181
             Episode_Reward/energy: -0.6976
   Episode_Reward/joint_pos_limits: -0.2965
      Episode_Termination/time_out: 0.6506
  Episode_Termination/torso_height: 0.3494
--------------------------------------------------------------------------------
                   Total timesteps: 2605056
                    Iteration time: 0.36s
                      Time elapsed: 00:00:58
                               ETA: 00:02:05

################################################################################
                      [1m Learning iteration 159/500 [0m                      

                       Computation: 44984 steps/s (collection: 0.275s, learning 0.089s)
             Mean action noise std: 0.33
          Mean value_function loss: 0.0718
               Mean surrogate loss: -0.0059
                 Mean entropy loss: 2.3950
                       Mean reward: 39.71
               Mean episode length: 814.63
           Episode_Reward/progress: 2.1017
              Episode_Reward/alive: 0.3632
            Episode_Reward/upright: 0.0665
     Episode_Reward/move_to_target: 0.3429
          Episode_Reward/action_l2: -0.0149
             Episode_Reward/energy: -0.5481
   Episode_Reward/joint_pos_limits: -0.2429
      Episode_Termination/time_out: 0.6531
  Episode_Termination/torso_height: 0.3469
--------------------------------------------------------------------------------
                   Total timesteps: 2621440
                    Iteration time: 0.36s
                      Time elapsed: 00:00:58
                               ETA: 00:02:05

################################################################################
                      [1m Learning iteration 160/500 [0m                      

                       Computation: 46986 steps/s (collection: 0.262s, learning 0.087s)
             Mean action noise std: 0.33
          Mean value_function loss: 0.0553
               Mean surrogate loss: -0.0076
                 Mean entropy loss: 2.3826
                       Mean reward: 39.00
               Mean episode length: 807.60
           Episode_Reward/progress: 2.3254
              Episode_Reward/alive: 0.3980
            Episode_Reward/upright: 0.0748
     Episode_Reward/move_to_target: 0.3694
          Episode_Reward/action_l2: -0.0163
             Episode_Reward/energy: -0.5950
   Episode_Reward/joint_pos_limits: -0.2673
      Episode_Termination/time_out: 0.6555
  Episode_Termination/torso_height: 0.3445
--------------------------------------------------------------------------------
                   Total timesteps: 2637824
                    Iteration time: 0.35s
                      Time elapsed: 00:00:59
                               ETA: 00:02:04

################################################################################
                      [1m Learning iteration 161/500 [0m                      

                       Computation: 47956 steps/s (collection: 0.253s, learning 0.088s)
             Mean action noise std: 0.33
          Mean value_function loss: 0.0599
               Mean surrogate loss: -0.0081
                 Mean entropy loss: 2.3582
                       Mean reward: 38.43
               Mean episode length: 797.19
           Episode_Reward/progress: 1.5761
              Episode_Reward/alive: 0.2854
            Episode_Reward/upright: 0.0519
     Episode_Reward/move_to_target: 0.2635
          Episode_Reward/action_l2: -0.0118
             Episode_Reward/energy: -0.4179
   Episode_Reward/joint_pos_limits: -0.1942
      Episode_Termination/time_out: 0.6551
  Episode_Termination/torso_height: 0.3449
--------------------------------------------------------------------------------
                   Total timesteps: 2654208
                    Iteration time: 0.34s
                      Time elapsed: 00:00:59
                               ETA: 00:02:04

################################################################################
                      [1m Learning iteration 162/500 [0m                      

                       Computation: 46632 steps/s (collection: 0.264s, learning 0.088s)
             Mean action noise std: 0.33
          Mean value_function loss: 0.1001
               Mean surrogate loss: -0.0076
                 Mean entropy loss: 2.3460
                       Mean reward: 40.34
               Mean episode length: 820.07
           Episode_Reward/progress: 2.9375
              Episode_Reward/alive: 0.4663
            Episode_Reward/upright: 0.0903
     Episode_Reward/move_to_target: 0.4633
          Episode_Reward/action_l2: -0.0182
             Episode_Reward/energy: -0.7292
   Episode_Reward/joint_pos_limits: -0.2986
      Episode_Termination/time_out: 0.6753
  Episode_Termination/torso_height: 0.3247
--------------------------------------------------------------------------------
                   Total timesteps: 2670592
                    Iteration time: 0.35s
                      Time elapsed: 00:00:59
                               ETA: 00:02:04

################################################################################
                      [1m Learning iteration 163/500 [0m                      

                       Computation: 46158 steps/s (collection: 0.267s, learning 0.088s)
             Mean action noise std: 0.33
          Mean value_function loss: 0.0792
               Mean surrogate loss: -0.0100
                 Mean entropy loss: 2.3296
                       Mean reward: 40.36
               Mean episode length: 827.36
           Episode_Reward/progress: 2.6417
              Episode_Reward/alive: 0.4433
            Episode_Reward/upright: 0.0847
     Episode_Reward/move_to_target: 0.4066
          Episode_Reward/action_l2: -0.0184
             Episode_Reward/energy: -0.6577
   Episode_Reward/joint_pos_limits: -0.3002
      Episode_Termination/time_out: 0.6859
  Episode_Termination/torso_height: 0.3141
--------------------------------------------------------------------------------
                   Total timesteps: 2686976
                    Iteration time: 0.35s
                      Time elapsed: 00:01:00
                               ETA: 00:02:03

################################################################################
                      [1m Learning iteration 164/500 [0m                      

                       Computation: 43355 steps/s (collection: 0.277s, learning 0.101s)
             Mean action noise std: 0.33
          Mean value_function loss: 0.0824
               Mean surrogate loss: -0.0069
                 Mean entropy loss: 2.3135
                       Mean reward: 42.22
               Mean episode length: 847.17
           Episode_Reward/progress: 2.3938
              Episode_Reward/alive: 0.4005
            Episode_Reward/upright: 0.0756
     Episode_Reward/move_to_target: 0.3627
          Episode_Reward/action_l2: -0.0169
             Episode_Reward/energy: -0.6029
   Episode_Reward/joint_pos_limits: -0.2728
      Episode_Termination/time_out: 0.6941
  Episode_Termination/torso_height: 0.3059
--------------------------------------------------------------------------------
                   Total timesteps: 2703360
                    Iteration time: 0.38s
                      Time elapsed: 00:01:00
                               ETA: 00:02:03

################################################################################
                      [1m Learning iteration 165/500 [0m                      

                       Computation: 43410 steps/s (collection: 0.300s, learning 0.078s)
             Mean action noise std: 0.32
          Mean value_function loss: 0.0994
               Mean surrogate loss: -0.0090
                 Mean entropy loss: 2.2877
                       Mean reward: 39.32
               Mean episode length: 787.91
           Episode_Reward/progress: 1.9867
              Episode_Reward/alive: 0.3267
            Episode_Reward/upright: 0.0608
     Episode_Reward/move_to_target: 0.3145
          Episode_Reward/action_l2: -0.0134
             Episode_Reward/energy: -0.5026
   Episode_Reward/joint_pos_limits: -0.2147
      Episode_Termination/time_out: 0.6927
  Episode_Termination/torso_height: 0.3073
--------------------------------------------------------------------------------
                   Total timesteps: 2719744
                    Iteration time: 0.38s
                      Time elapsed: 00:01:00
                               ETA: 00:02:02

################################################################################
                      [1m Learning iteration 166/500 [0m                      

                       Computation: 43291 steps/s (collection: 0.287s, learning 0.092s)
             Mean action noise std: 0.32
          Mean value_function loss: 0.0839
               Mean surrogate loss: -0.0074
                 Mean entropy loss: 2.2651
                       Mean reward: 36.50
               Mean episode length: 736.42
           Episode_Reward/progress: 1.6986
              Episode_Reward/alive: 0.2805
            Episode_Reward/upright: 0.0517
     Episode_Reward/move_to_target: 0.2680
          Episode_Reward/action_l2: -0.0116
             Episode_Reward/energy: -0.4312
   Episode_Reward/joint_pos_limits: -0.1847
      Episode_Termination/time_out: 0.6852
  Episode_Termination/torso_height: 0.3148
--------------------------------------------------------------------------------
                   Total timesteps: 2736128
                    Iteration time: 0.38s
                      Time elapsed: 00:01:01
                               ETA: 00:02:02

################################################################################
                      [1m Learning iteration 167/500 [0m                      

                       Computation: 49323 steps/s (collection: 0.257s, learning 0.075s)
             Mean action noise std: 0.32
          Mean value_function loss: 0.0682
               Mean surrogate loss: -0.0096
                 Mean entropy loss: 2.2279
                       Mean reward: 34.51
               Mean episode length: 701.17
           Episode_Reward/progress: 2.1619
              Episode_Reward/alive: 0.3601
            Episode_Reward/upright: 0.0671
     Episode_Reward/move_to_target: 0.3499
          Episode_Reward/action_l2: -0.0145
             Episode_Reward/energy: -0.5429
   Episode_Reward/joint_pos_limits: -0.2414
      Episode_Termination/time_out: 0.6765
  Episode_Termination/torso_height: 0.3235
--------------------------------------------------------------------------------
                   Total timesteps: 2752512
                    Iteration time: 0.33s
                      Time elapsed: 00:01:01
                               ETA: 00:02:02

################################################################################
                      [1m Learning iteration 168/500 [0m                      

                       Computation: 48911 steps/s (collection: 0.254s, learning 0.081s)
             Mean action noise std: 0.32
          Mean value_function loss: 0.0843
               Mean surrogate loss: -0.0106
                 Mean entropy loss: 2.1922
                       Mean reward: 34.30
               Mean episode length: 687.74
           Episode_Reward/progress: 2.6401
              Episode_Reward/alive: 0.4312
            Episode_Reward/upright: 0.0815
     Episode_Reward/move_to_target: 0.3881
          Episode_Reward/action_l2: -0.0181
             Episode_Reward/energy: -0.6441
   Episode_Reward/joint_pos_limits: -0.2958
      Episode_Termination/time_out: 0.6819
  Episode_Termination/torso_height: 0.3181
--------------------------------------------------------------------------------
                   Total timesteps: 2768896
                    Iteration time: 0.33s
                      Time elapsed: 00:01:01
                               ETA: 00:02:01

################################################################################
                      [1m Learning iteration 169/500 [0m                      

                       Computation: 50797 steps/s (collection: 0.255s, learning 0.067s)
             Mean action noise std: 0.32
          Mean value_function loss: 0.0800
               Mean surrogate loss: -0.0077
                 Mean entropy loss: 2.1564
                       Mean reward: 35.02
               Mean episode length: 704.44
           Episode_Reward/progress: 2.5932
              Episode_Reward/alive: 0.4218
            Episode_Reward/upright: 0.0798
     Episode_Reward/move_to_target: 0.4086
          Episode_Reward/action_l2: -0.0171
             Episode_Reward/energy: -0.6644
   Episode_Reward/joint_pos_limits: -0.2748
      Episode_Termination/time_out: 0.6807
  Episode_Termination/torso_height: 0.3193
--------------------------------------------------------------------------------
                   Total timesteps: 2785280
                    Iteration time: 0.32s
                      Time elapsed: 00:01:02
                               ETA: 00:02:01

################################################################################
                      [1m Learning iteration 170/500 [0m                      

                       Computation: 50656 steps/s (collection: 0.252s, learning 0.072s)
             Mean action noise std: 0.32
          Mean value_function loss: 0.0813
               Mean surrogate loss: -0.0056
                 Mean entropy loss: 2.1196
                       Mean reward: 36.36
               Mean episode length: 731.80
           Episode_Reward/progress: 2.2954
              Episode_Reward/alive: 0.3731
            Episode_Reward/upright: 0.0702
     Episode_Reward/move_to_target: 0.3507
          Episode_Reward/action_l2: -0.0153
             Episode_Reward/energy: -0.5665
   Episode_Reward/joint_pos_limits: -0.2519
      Episode_Termination/time_out: 0.6852
  Episode_Termination/torso_height: 0.3148
--------------------------------------------------------------------------------
                   Total timesteps: 2801664
                    Iteration time: 0.32s
                      Time elapsed: 00:01:02
                               ETA: 00:02:00

################################################################################
                      [1m Learning iteration 171/500 [0m                      

                       Computation: 48640 steps/s (collection: 0.249s, learning 0.088s)
             Mean action noise std: 0.32
          Mean value_function loss: 0.0767
               Mean surrogate loss: -0.0076
                 Mean entropy loss: 2.1104
                       Mean reward: 36.30
               Mean episode length: 733.14
           Episode_Reward/progress: 1.7613
              Episode_Reward/alive: 0.3112
            Episode_Reward/upright: 0.0557
     Episode_Reward/move_to_target: 0.2976
          Episode_Reward/action_l2: -0.0127
             Episode_Reward/energy: -0.4696
   Episode_Reward/joint_pos_limits: -0.2064
      Episode_Termination/time_out: 0.6766
  Episode_Termination/torso_height: 0.3234
--------------------------------------------------------------------------------
                   Total timesteps: 2818048
                    Iteration time: 0.34s
                      Time elapsed: 00:01:02
                               ETA: 00:02:00

################################################################################
                      [1m Learning iteration 172/500 [0m                      

                       Computation: 51501 steps/s (collection: 0.251s, learning 0.067s)
             Mean action noise std: 0.32
          Mean value_function loss: 0.0704
               Mean surrogate loss: -0.0067
                 Mean entropy loss: 2.0948
                       Mean reward: 36.30
               Mean episode length: 728.75
           Episode_Reward/progress: 2.0065
              Episode_Reward/alive: 0.3179
            Episode_Reward/upright: 0.0581
     Episode_Reward/move_to_target: 0.3012
          Episode_Reward/action_l2: -0.0131
             Episode_Reward/energy: -0.4868
   Episode_Reward/joint_pos_limits: -0.2097
      Episode_Termination/time_out: 0.6700
  Episode_Termination/torso_height: 0.3300
--------------------------------------------------------------------------------
                   Total timesteps: 2834432
                    Iteration time: 0.32s
                      Time elapsed: 00:01:03
                               ETA: 00:01:59

################################################################################
                      [1m Learning iteration 173/500 [0m                      

                       Computation: 48484 steps/s (collection: 0.248s, learning 0.090s)
             Mean action noise std: 0.32
          Mean value_function loss: 0.0640
               Mean surrogate loss: -0.0077
                 Mean entropy loss: 2.0701
                       Mean reward: 34.94
               Mean episode length: 703.56
           Episode_Reward/progress: 2.3136
              Episode_Reward/alive: 0.3647
            Episode_Reward/upright: 0.0660
     Episode_Reward/move_to_target: 0.3490
          Episode_Reward/action_l2: -0.0148
             Episode_Reward/energy: -0.5713
   Episode_Reward/joint_pos_limits: -0.2362
      Episode_Termination/time_out: 0.6633
  Episode_Termination/torso_height: 0.3367
--------------------------------------------------------------------------------
                   Total timesteps: 2850816
                    Iteration time: 0.34s
                      Time elapsed: 00:01:03
                               ETA: 00:01:59

################################################################################
                      [1m Learning iteration 174/500 [0m                      

                       Computation: 50693 steps/s (collection: 0.253s, learning 0.070s)
             Mean action noise std: 0.32
          Mean value_function loss: 0.0691
               Mean surrogate loss: -0.0077
                 Mean entropy loss: 2.0469
                       Mean reward: 34.68
               Mean episode length: 688.57
           Episode_Reward/progress: 2.6280
              Episode_Reward/alive: 0.4049
            Episode_Reward/upright: 0.0772
     Episode_Reward/move_to_target: 0.3953
          Episode_Reward/action_l2: -0.0165
             Episode_Reward/energy: -0.6356
   Episode_Reward/joint_pos_limits: -0.2642
      Episode_Termination/time_out: 0.6597
  Episode_Termination/torso_height: 0.3403
--------------------------------------------------------------------------------
                   Total timesteps: 2867200
                    Iteration time: 0.32s
                      Time elapsed: 00:01:03
                               ETA: 00:01:59

################################################################################
                      [1m Learning iteration 175/500 [0m                      

                       Computation: 53686 steps/s (collection: 0.236s, learning 0.069s)
             Mean action noise std: 0.31
          Mean value_function loss: 0.0727
               Mean surrogate loss: -0.0075
                 Mean entropy loss: 2.0293
                       Mean reward: 36.48
               Mean episode length: 715.66
           Episode_Reward/progress: 2.7504
              Episode_Reward/alive: 0.4087
            Episode_Reward/upright: 0.0777
     Episode_Reward/move_to_target: 0.3976
          Episode_Reward/action_l2: -0.0167
             Episode_Reward/energy: -0.6483
   Episode_Reward/joint_pos_limits: -0.2665
      Episode_Termination/time_out: 0.6592
  Episode_Termination/torso_height: 0.3408
--------------------------------------------------------------------------------
                   Total timesteps: 2883584
                    Iteration time: 0.31s
                      Time elapsed: 00:01:04
                               ETA: 00:01:58

################################################################################
                      [1m Learning iteration 176/500 [0m                      

                       Computation: 41859 steps/s (collection: 0.292s, learning 0.099s)
             Mean action noise std: 0.31
          Mean value_function loss: 0.0837
               Mean surrogate loss: -0.0078
                 Mean entropy loss: 2.0061
                       Mean reward: 36.33
               Mean episode length: 716.29
           Episode_Reward/progress: 2.4696
              Episode_Reward/alive: 0.4100
            Episode_Reward/upright: 0.0752
     Episode_Reward/move_to_target: 0.3644
          Episode_Reward/action_l2: -0.0169
             Episode_Reward/energy: -0.6130
   Episode_Reward/joint_pos_limits: -0.2781
      Episode_Termination/time_out: 0.6625
  Episode_Termination/torso_height: 0.3375
--------------------------------------------------------------------------------
                   Total timesteps: 2899968
                    Iteration time: 0.39s
                      Time elapsed: 00:01:04
                               ETA: 00:01:58

################################################################################
                      [1m Learning iteration 177/500 [0m                      

                       Computation: 42400 steps/s (collection: 0.285s, learning 0.101s)
             Mean action noise std: 0.31
          Mean value_function loss: 0.0690
               Mean surrogate loss: -0.0065
                 Mean entropy loss: 1.9817
                       Mean reward: 36.20
               Mean episode length: 706.06
           Episode_Reward/progress: 2.0642
              Episode_Reward/alive: 0.3223
            Episode_Reward/upright: 0.0571
     Episode_Reward/move_to_target: 0.2961
          Episode_Reward/action_l2: -0.0140
             Episode_Reward/energy: -0.5021
   Episode_Reward/joint_pos_limits: -0.2127
      Episode_Termination/time_out: 0.6634
  Episode_Termination/torso_height: 0.3366
--------------------------------------------------------------------------------
                   Total timesteps: 2916352
                    Iteration time: 0.39s
                      Time elapsed: 00:01:05
                               ETA: 00:01:57

################################################################################
                      [1m Learning iteration 178/500 [0m                      

                       Computation: 45014 steps/s (collection: 0.274s, learning 0.090s)
             Mean action noise std: 0.31
          Mean value_function loss: 0.0784
               Mean surrogate loss: -0.0079
                 Mean entropy loss: 1.9594
                       Mean reward: 37.62
               Mean episode length: 727.06
           Episode_Reward/progress: 2.4423
              Episode_Reward/alive: 0.3887
            Episode_Reward/upright: 0.0718
     Episode_Reward/move_to_target: 0.3773
          Episode_Reward/action_l2: -0.0156
             Episode_Reward/energy: -0.5956
   Episode_Reward/joint_pos_limits: -0.2568
      Episode_Termination/time_out: 0.6627
  Episode_Termination/torso_height: 0.3373
--------------------------------------------------------------------------------
                   Total timesteps: 2932736
                    Iteration time: 0.36s
                      Time elapsed: 00:01:05
                               ETA: 00:01:57

################################################################################
                      [1m Learning iteration 179/500 [0m                      

                       Computation: 47660 steps/s (collection: 0.251s, learning 0.093s)
             Mean action noise std: 0.31
          Mean value_function loss: 0.0844
               Mean surrogate loss: -0.0049
                 Mean entropy loss: 1.9382
                       Mean reward: 38.04
               Mean episode length: 742.29
           Episode_Reward/progress: 2.4412
              Episode_Reward/alive: 0.3991
            Episode_Reward/upright: 0.0730
     Episode_Reward/move_to_target: 0.3406
          Episode_Reward/action_l2: -0.0174
             Episode_Reward/energy: -0.5903
   Episode_Reward/joint_pos_limits: -0.2806
      Episode_Termination/time_out: 0.6636
  Episode_Termination/torso_height: 0.3364
--------------------------------------------------------------------------------
                   Total timesteps: 2949120
                    Iteration time: 0.34s
                      Time elapsed: 00:01:05
                               ETA: 00:01:57

################################################################################
                      [1m Learning iteration 180/500 [0m                      

                       Computation: 46274 steps/s (collection: 0.261s, learning 0.093s)
             Mean action noise std: 0.31
          Mean value_function loss: 0.0757
               Mean surrogate loss: -0.0071
                 Mean entropy loss: 1.9008
                       Mean reward: 39.65
               Mean episode length: 765.71
           Episode_Reward/progress: 2.6961
              Episode_Reward/alive: 0.4112
            Episode_Reward/upright: 0.0784
     Episode_Reward/move_to_target: 0.3894
          Episode_Reward/action_l2: -0.0170
             Episode_Reward/energy: -0.6285
   Episode_Reward/joint_pos_limits: -0.2747
      Episode_Termination/time_out: 0.6566
  Episode_Termination/torso_height: 0.3434
--------------------------------------------------------------------------------
                   Total timesteps: 2965504
                    Iteration time: 0.35s
                      Time elapsed: 00:01:06
                               ETA: 00:01:56

################################################################################
                      [1m Learning iteration 181/500 [0m                      

                       Computation: 45205 steps/s (collection: 0.272s, learning 0.090s)
             Mean action noise std: 0.31
          Mean value_function loss: 0.1100
               Mean surrogate loss: -0.0081
                 Mean entropy loss: 1.8720
                       Mean reward: 41.17
               Mean episode length: 792.07
           Episode_Reward/progress: 3.1075
              Episode_Reward/alive: 0.4666
            Episode_Reward/upright: 0.0890
     Episode_Reward/move_to_target: 0.4582
          Episode_Reward/action_l2: -0.0187
             Episode_Reward/energy: -0.7253
   Episode_Reward/joint_pos_limits: -0.3016
      Episode_Termination/time_out: 0.6556
  Episode_Termination/torso_height: 0.3444
--------------------------------------------------------------------------------
                   Total timesteps: 2981888
                    Iteration time: 0.36s
                      Time elapsed: 00:01:06
                               ETA: 00:01:56

################################################################################
                      [1m Learning iteration 182/500 [0m                      

                       Computation: 46959 steps/s (collection: 0.261s, learning 0.087s)
             Mean action noise std: 0.31
          Mean value_function loss: 0.0970
               Mean surrogate loss: -0.0069
                 Mean entropy loss: 1.8498
                       Mean reward: 42.54
               Mean episode length: 801.74
           Episode_Reward/progress: 3.1800
              Episode_Reward/alive: 0.4814
            Episode_Reward/upright: 0.0927
     Episode_Reward/move_to_target: 0.4748
          Episode_Reward/action_l2: -0.0195
             Episode_Reward/energy: -0.7611
   Episode_Reward/joint_pos_limits: -0.3190
      Episode_Termination/time_out: 0.6594
  Episode_Termination/torso_height: 0.3406
--------------------------------------------------------------------------------
                   Total timesteps: 2998272
                    Iteration time: 0.35s
                      Time elapsed: 00:01:06
                               ETA: 00:01:56

################################################################################
                      [1m Learning iteration 183/500 [0m                      

                       Computation: 45771 steps/s (collection: 0.270s, learning 0.088s)
             Mean action noise std: 0.31
          Mean value_function loss: 0.0862
               Mean surrogate loss: -0.0043
                 Mean entropy loss: 1.8452
                       Mean reward: 43.43
               Mean episode length: 810.06
           Episode_Reward/progress: 2.5576
              Episode_Reward/alive: 0.3883
            Episode_Reward/upright: 0.0732
     Episode_Reward/move_to_target: 0.3743
          Episode_Reward/action_l2: -0.0159
             Episode_Reward/energy: -0.6068
   Episode_Reward/joint_pos_limits: -0.2569
      Episode_Termination/time_out: 0.6595
  Episode_Termination/torso_height: 0.3405
--------------------------------------------------------------------------------
                   Total timesteps: 3014656
                    Iteration time: 0.36s
                      Time elapsed: 00:01:07
                               ETA: 00:01:55

################################################################################
                      [1m Learning iteration 184/500 [0m                      

                       Computation: 47243 steps/s (collection: 0.253s, learning 0.094s)
             Mean action noise std: 0.31
          Mean value_function loss: 0.0925
               Mean surrogate loss: -0.0064
                 Mean entropy loss: 1.8269
                       Mean reward: 42.91
               Mean episode length: 799.42
           Episode_Reward/progress: 2.4019
              Episode_Reward/alive: 0.3821
            Episode_Reward/upright: 0.0700
     Episode_Reward/move_to_target: 0.3558
          Episode_Reward/action_l2: -0.0160
             Episode_Reward/energy: -0.5865
   Episode_Reward/joint_pos_limits: -0.2576
      Episode_Termination/time_out: 0.6554
  Episode_Termination/torso_height: 0.3446
--------------------------------------------------------------------------------
                   Total timesteps: 3031040
                    Iteration time: 0.35s
                      Time elapsed: 00:01:07
                               ETA: 00:01:55

################################################################################
                      [1m Learning iteration 185/500 [0m                      

                       Computation: 46173 steps/s (collection: 0.266s, learning 0.089s)
             Mean action noise std: 0.31
          Mean value_function loss: 0.0873
               Mean surrogate loss: -0.0087
                 Mean entropy loss: 1.8102
                       Mean reward: 43.41
               Mean episode length: 814.04
           Episode_Reward/progress: 2.9692
              Episode_Reward/alive: 0.4602
            Episode_Reward/upright: 0.0874
     Episode_Reward/move_to_target: 0.4507
          Episode_Reward/action_l2: -0.0185
             Episode_Reward/energy: -0.7170
   Episode_Reward/joint_pos_limits: -0.2988
      Episode_Termination/time_out: 0.6462
  Episode_Termination/torso_height: 0.3538
--------------------------------------------------------------------------------
                   Total timesteps: 3047424
                    Iteration time: 0.35s
                      Time elapsed: 00:01:07
                               ETA: 00:01:54

################################################################################
                      [1m Learning iteration 186/500 [0m                      

                       Computation: 46661 steps/s (collection: 0.258s, learning 0.093s)
             Mean action noise std: 0.31
          Mean value_function loss: 0.0795
               Mean surrogate loss: -0.0072
                 Mean entropy loss: 1.7840
                       Mean reward: 43.60
               Mean episode length: 813.74
           Episode_Reward/progress: 3.0992
              Episode_Reward/alive: 0.4634
            Episode_Reward/upright: 0.0891
     Episode_Reward/move_to_target: 0.4564
          Episode_Reward/action_l2: -0.0186
             Episode_Reward/energy: -0.7217
   Episode_Reward/joint_pos_limits: -0.3030
      Episode_Termination/time_out: 0.6466
  Episode_Termination/torso_height: 0.3534
--------------------------------------------------------------------------------
                   Total timesteps: 3063808
                    Iteration time: 0.35s
                      Time elapsed: 00:01:08
                               ETA: 00:01:54

################################################################################
                      [1m Learning iteration 187/500 [0m                      

                       Computation: 42285 steps/s (collection: 0.292s, learning 0.096s)
             Mean action noise std: 0.30
          Mean value_function loss: 0.0739
               Mean surrogate loss: -0.0082
                 Mean entropy loss: 1.7351
                       Mean reward: 45.53
               Mean episode length: 847.39
           Episode_Reward/progress: 3.1907
              Episode_Reward/alive: 0.4863
            Episode_Reward/upright: 0.0910
     Episode_Reward/move_to_target: 0.4740
          Episode_Reward/action_l2: -0.0196
             Episode_Reward/energy: -0.7508
   Episode_Reward/joint_pos_limits: -0.3180
      Episode_Termination/time_out: 0.6551
  Episode_Termination/torso_height: 0.3449
--------------------------------------------------------------------------------
                   Total timesteps: 3080192
                    Iteration time: 0.39s
                      Time elapsed: 00:01:08
                               ETA: 00:01:54

################################################################################
                      [1m Learning iteration 188/500 [0m                      

                       Computation: 42287 steps/s (collection: 0.293s, learning 0.094s)
             Mean action noise std: 0.30
          Mean value_function loss: 0.0739
               Mean surrogate loss: -0.0082
                 Mean entropy loss: 1.7092
                       Mean reward: 46.51
               Mean episode length: 858.30
           Episode_Reward/progress: 2.7953
              Episode_Reward/alive: 0.4271
            Episode_Reward/upright: 0.0805
     Episode_Reward/move_to_target: 0.4105
          Episode_Reward/action_l2: -0.0175
             Episode_Reward/energy: -0.6734
   Episode_Reward/joint_pos_limits: -0.2774
      Episode_Termination/time_out: 0.6669
  Episode_Termination/torso_height: 0.3331
--------------------------------------------------------------------------------
                   Total timesteps: 3096576
                    Iteration time: 0.39s
                      Time elapsed: 00:01:08
                               ETA: 00:01:53

################################################################################
                      [1m Learning iteration 189/500 [0m                      

                       Computation: 45363 steps/s (collection: 0.273s, learning 0.088s)
             Mean action noise std: 0.30
          Mean value_function loss: 0.0671
               Mean surrogate loss: -0.0077
                 Mean entropy loss: 1.6768
                       Mean reward: 47.85
               Mean episode length: 874.51
           Episode_Reward/progress: 3.1960
              Episode_Reward/alive: 0.4732
            Episode_Reward/upright: 0.0920
     Episode_Reward/move_to_target: 0.4686
          Episode_Reward/action_l2: -0.0188
             Episode_Reward/energy: -0.7426
   Episode_Reward/joint_pos_limits: -0.3052
      Episode_Termination/time_out: 0.6677
  Episode_Termination/torso_height: 0.3323
--------------------------------------------------------------------------------
                   Total timesteps: 3112960
                    Iteration time: 0.36s
                      Time elapsed: 00:01:09
                               ETA: 00:01:53

################################################################################
                      [1m Learning iteration 190/500 [0m                      

                       Computation: 47981 steps/s (collection: 0.265s, learning 0.077s)
             Mean action noise std: 0.30
          Mean value_function loss: 0.0451
               Mean surrogate loss: -0.0067
                 Mean entropy loss: 1.6308
                       Mean reward: 47.57
               Mean episode length: 862.28
           Episode_Reward/progress: 3.2203
              Episode_Reward/alive: 0.4627
            Episode_Reward/upright: 0.0897
     Episode_Reward/move_to_target: 0.4549
          Episode_Reward/action_l2: -0.0188
             Episode_Reward/energy: -0.7441
   Episode_Reward/joint_pos_limits: -0.2961
      Episode_Termination/time_out: 0.6741
  Episode_Termination/torso_height: 0.3259
--------------------------------------------------------------------------------
                   Total timesteps: 3129344
                    Iteration time: 0.34s
                      Time elapsed: 00:01:09
                               ETA: 00:01:53

################################################################################
                      [1m Learning iteration 191/500 [0m                      

                       Computation: 49708 steps/s (collection: 0.260s, learning 0.070s)
             Mean action noise std: 0.30
          Mean value_function loss: 0.0535
               Mean surrogate loss: -0.0052
                 Mean entropy loss: 1.5996
                       Mean reward: 48.36
               Mean episode length: 867.98
           Episode_Reward/progress: 3.4047
              Episode_Reward/alive: 0.4785
            Episode_Reward/upright: 0.0935
     Episode_Reward/move_to_target: 0.4714
          Episode_Reward/action_l2: -0.0194
             Episode_Reward/energy: -0.7594
   Episode_Reward/joint_pos_limits: -0.3097
      Episode_Termination/time_out: 0.6777
  Episode_Termination/torso_height: 0.3223
--------------------------------------------------------------------------------
                   Total timesteps: 3145728
                    Iteration time: 0.33s
                      Time elapsed: 00:01:09
                               ETA: 00:01:52

################################################################################
                      [1m Learning iteration 192/500 [0m                      

                       Computation: 51468 steps/s (collection: 0.249s, learning 0.070s)
             Mean action noise std: 0.30
          Mean value_function loss: 0.0522
               Mean surrogate loss: -0.0032
                 Mean entropy loss: 1.5755
                       Mean reward: 48.42
               Mean episode length: 863.52
           Episode_Reward/progress: 3.3259
              Episode_Reward/alive: 0.4951
            Episode_Reward/upright: 0.0950
     Episode_Reward/move_to_target: 0.4857
          Episode_Reward/action_l2: -0.0200
             Episode_Reward/energy: -0.7700
   Episode_Reward/joint_pos_limits: -0.3237
      Episode_Termination/time_out: 0.6810
  Episode_Termination/torso_height: 0.3190
--------------------------------------------------------------------------------
                   Total timesteps: 3162112
                    Iteration time: 0.32s
                      Time elapsed: 00:01:10
                               ETA: 00:01:52

################################################################################
                      [1m Learning iteration 193/500 [0m                      

                       Computation: 48231 steps/s (collection: 0.271s, learning 0.068s)
             Mean action noise std: 0.30
          Mean value_function loss: 0.0512
               Mean surrogate loss: -0.0073
                 Mean entropy loss: 1.5518
                       Mean reward: 48.79
               Mean episode length: 866.45
           Episode_Reward/progress: 3.0978
              Episode_Reward/alive: 0.4470
            Episode_Reward/upright: 0.0857
     Episode_Reward/move_to_target: 0.4428
          Episode_Reward/action_l2: -0.0180
             Episode_Reward/energy: -0.6998
   Episode_Reward/joint_pos_limits: -0.2911
      Episode_Termination/time_out: 0.6879
  Episode_Termination/torso_height: 0.3121
--------------------------------------------------------------------------------
                   Total timesteps: 3178496
                    Iteration time: 0.34s
                      Time elapsed: 00:01:10
                               ETA: 00:01:51

################################################################################
                      [1m Learning iteration 194/500 [0m                      

                       Computation: 48915 steps/s (collection: 0.258s, learning 0.077s)
             Mean action noise std: 0.30
          Mean value_function loss: 0.0748
               Mean surrogate loss: -0.0060
                 Mean entropy loss: 1.5247
                       Mean reward: 45.52
               Mean episode length: 819.31
           Episode_Reward/progress: 2.3109
              Episode_Reward/alive: 0.3531
            Episode_Reward/upright: 0.0651
     Episode_Reward/move_to_target: 0.3339
          Episode_Reward/action_l2: -0.0146
             Episode_Reward/energy: -0.5429
   Episode_Reward/joint_pos_limits: -0.2310
      Episode_Termination/time_out: 0.6849
  Episode_Termination/torso_height: 0.3151
--------------------------------------------------------------------------------
                   Total timesteps: 3194880
                    Iteration time: 0.33s
                      Time elapsed: 00:01:10
                               ETA: 00:01:51

################################################################################
                      [1m Learning iteration 195/500 [0m                      

                       Computation: 44195 steps/s (collection: 0.298s, learning 0.073s)
             Mean action noise std: 0.30
          Mean value_function loss: 0.0884
               Mean surrogate loss: -0.0083
                 Mean entropy loss: 1.5110
                       Mean reward: 45.65
               Mean episode length: 822.90
           Episode_Reward/progress: 2.8703
              Episode_Reward/alive: 0.4264
            Episode_Reward/upright: 0.0819
     Episode_Reward/move_to_target: 0.4185
          Episode_Reward/action_l2: -0.0171
             Episode_Reward/energy: -0.6544
   Episode_Reward/joint_pos_limits: -0.2781
      Episode_Termination/time_out: 0.6931
  Episode_Termination/torso_height: 0.3069
--------------------------------------------------------------------------------
                   Total timesteps: 3211264
                    Iteration time: 0.37s
                      Time elapsed: 00:01:11
                               ETA: 00:01:51

################################################################################
                      [1m Learning iteration 196/500 [0m                      

                       Computation: 44205 steps/s (collection: 0.292s, learning 0.079s)
             Mean action noise std: 0.30
          Mean value_function loss: 0.0621
               Mean surrogate loss: -0.0083
                 Mean entropy loss: 1.4991
                       Mean reward: 43.61
               Mean episode length: 787.61
           Episode_Reward/progress: 2.8164
              Episode_Reward/alive: 0.4059
            Episode_Reward/upright: 0.0773
     Episode_Reward/move_to_target: 0.3952
          Episode_Reward/action_l2: -0.0164
             Episode_Reward/energy: -0.6263
   Episode_Reward/joint_pos_limits: -0.2635
      Episode_Termination/time_out: 0.7020
  Episode_Termination/torso_height: 0.2980
--------------------------------------------------------------------------------
                   Total timesteps: 3227648
                    Iteration time: 0.37s
                      Time elapsed: 00:01:11
                               ETA: 00:01:50

################################################################################
                      [1m Learning iteration 197/500 [0m                      

                       Computation: 37635 steps/s (collection: 0.336s, learning 0.100s)
             Mean action noise std: 0.29
          Mean value_function loss: 0.0495
               Mean surrogate loss: -0.0067
                 Mean entropy loss: 1.4788
                       Mean reward: 42.48
               Mean episode length: 762.13
           Episode_Reward/progress: 3.1108
              Episode_Reward/alive: 0.4372
            Episode_Reward/upright: 0.0847
     Episode_Reward/move_to_target: 0.4320
          Episode_Reward/action_l2: -0.0174
             Episode_Reward/energy: -0.6765
   Episode_Reward/joint_pos_limits: -0.2826
      Episode_Termination/time_out: 0.7036
  Episode_Termination/torso_height: 0.2964
--------------------------------------------------------------------------------
                   Total timesteps: 3244032
                    Iteration time: 0.44s
                      Time elapsed: 00:01:12
                               ETA: 00:01:50

################################################################################
                      [1m Learning iteration 198/500 [0m                      

                       Computation: 38237 steps/s (collection: 0.325s, learning 0.103s)
             Mean action noise std: 0.29
          Mean value_function loss: 0.0721
               Mean surrogate loss: -0.0079
                 Mean entropy loss: 1.4500
                       Mean reward: 44.15
               Mean episode length: 785.28
           Episode_Reward/progress: 3.1139
              Episode_Reward/alive: 0.4493
            Episode_Reward/upright: 0.0868
     Episode_Reward/move_to_target: 0.4445
          Episode_Reward/action_l2: -0.0180
             Episode_Reward/energy: -0.7093
   Episode_Reward/joint_pos_limits: -0.2894
      Episode_Termination/time_out: 0.7006
  Episode_Termination/torso_height: 0.2994
--------------------------------------------------------------------------------
                   Total timesteps: 3260416
                    Iteration time: 0.43s
                      Time elapsed: 00:01:12
                               ETA: 00:01:50

################################################################################
                      [1m Learning iteration 199/500 [0m                      

                       Computation: 39808 steps/s (collection: 0.314s, learning 0.097s)
             Mean action noise std: 0.29
          Mean value_function loss: 0.1039
               Mean surrogate loss: -0.0088
                 Mean entropy loss: 1.4413
                       Mean reward: 44.35
               Mean episode length: 792.20
           Episode_Reward/progress: 2.9378
              Episode_Reward/alive: 0.4411
            Episode_Reward/upright: 0.0846
     Episode_Reward/move_to_target: 0.4326
          Episode_Reward/action_l2: -0.0176
             Episode_Reward/energy: -0.6868
   Episode_Reward/joint_pos_limits: -0.2825
      Episode_Termination/time_out: 0.7131
  Episode_Termination/torso_height: 0.2869
--------------------------------------------------------------------------------
                   Total timesteps: 3276800
                    Iteration time: 0.41s
                      Time elapsed: 00:01:13
                               ETA: 00:01:49

################################################################################
                      [1m Learning iteration 200/500 [0m                      

                       Computation: 46988 steps/s (collection: 0.256s, learning 0.092s)
             Mean action noise std: 0.29
          Mean value_function loss: 0.0631
               Mean surrogate loss: -0.0078
                 Mean entropy loss: 1.4253
                       Mean reward: 43.14
               Mean episode length: 772.24
           Episode_Reward/progress: 2.1443
              Episode_Reward/alive: 0.3324
            Episode_Reward/upright: 0.0607
     Episode_Reward/move_to_target: 0.3197
          Episode_Reward/action_l2: -0.0130
             Episode_Reward/energy: -0.4913
   Episode_Reward/joint_pos_limits: -0.2205
      Episode_Termination/time_out: 0.7175
  Episode_Termination/torso_height: 0.2825
--------------------------------------------------------------------------------
                   Total timesteps: 3293184
                    Iteration time: 0.35s
                      Time elapsed: 00:01:13
                               ETA: 00:01:49

################################################################################
                      [1m Learning iteration 201/500 [0m                      

                       Computation: 50042 steps/s (collection: 0.253s, learning 0.074s)
             Mean action noise std: 0.29
          Mean value_function loss: 0.0779
               Mean surrogate loss: -0.0068
                 Mean entropy loss: 1.4086
                       Mean reward: 41.72
               Mean episode length: 754.91
           Episode_Reward/progress: 2.2403
              Episode_Reward/alive: 0.3383
            Episode_Reward/upright: 0.0631
     Episode_Reward/move_to_target: 0.3218
          Episode_Reward/action_l2: -0.0138
             Episode_Reward/energy: -0.5093
   Episode_Reward/joint_pos_limits: -0.2234
      Episode_Termination/time_out: 0.7145
  Episode_Termination/torso_height: 0.2855
--------------------------------------------------------------------------------
                   Total timesteps: 3309568
                    Iteration time: 0.33s
                      Time elapsed: 00:01:13
                               ETA: 00:01:49

################################################################################
                      [1m Learning iteration 202/500 [0m                      

                       Computation: 46388 steps/s (collection: 0.264s, learning 0.089s)
             Mean action noise std: 0.29
          Mean value_function loss: 0.0823
               Mean surrogate loss: -0.0073
                 Mean entropy loss: 1.3749
                       Mean reward: 40.00
               Mean episode length: 728.31
           Episode_Reward/progress: 2.0425
              Episode_Reward/alive: 0.3297
            Episode_Reward/upright: 0.0610
     Episode_Reward/move_to_target: 0.2939
          Episode_Reward/action_l2: -0.0138
             Episode_Reward/energy: -0.4743
   Episode_Reward/joint_pos_limits: -0.2218
      Episode_Termination/time_out: 0.7143
  Episode_Termination/torso_height: 0.2857
--------------------------------------------------------------------------------
                   Total timesteps: 3325952
                    Iteration time: 0.35s
                      Time elapsed: 00:01:14
                               ETA: 00:01:48

################################################################################
                      [1m Learning iteration 203/500 [0m                      

                       Computation: 48171 steps/s (collection: 0.250s, learning 0.090s)
             Mean action noise std: 0.29
          Mean value_function loss: 0.0679
               Mean surrogate loss: -0.0093
                 Mean entropy loss: 1.3479
                       Mean reward: 40.04
               Mean episode length: 736.45
           Episode_Reward/progress: 2.5021
              Episode_Reward/alive: 0.3759
            Episode_Reward/upright: 0.0707
     Episode_Reward/move_to_target: 0.3223
          Episode_Reward/action_l2: -0.0163
             Episode_Reward/energy: -0.5564
   Episode_Reward/joint_pos_limits: -0.2635
      Episode_Termination/time_out: 0.7156
  Episode_Termination/torso_height: 0.2844
--------------------------------------------------------------------------------
                   Total timesteps: 3342336
                    Iteration time: 0.34s
                      Time elapsed: 00:01:14
                               ETA: 00:01:48

################################################################################
                      [1m Learning iteration 204/500 [0m                      

                       Computation: 48298 steps/s (collection: 0.250s, learning 0.089s)
             Mean action noise std: 0.29
          Mean value_function loss: 0.0710
               Mean surrogate loss: -0.0073
                 Mean entropy loss: 1.3314
                       Mean reward: 38.52
               Mean episode length: 709.43
           Episode_Reward/progress: 2.9191
              Episode_Reward/alive: 0.4168
            Episode_Reward/upright: 0.0788
     Episode_Reward/move_to_target: 0.4061
          Episode_Reward/action_l2: -0.0172
             Episode_Reward/energy: -0.6406
   Episode_Reward/joint_pos_limits: -0.2730
      Episode_Termination/time_out: 0.7185
  Episode_Termination/torso_height: 0.2815
--------------------------------------------------------------------------------
                   Total timesteps: 3358720
                    Iteration time: 0.34s
                      Time elapsed: 00:01:14
                               ETA: 00:01:47

################################################################################
                      [1m Learning iteration 205/500 [0m                      

                       Computation: 50099 steps/s (collection: 0.241s, learning 0.086s)
             Mean action noise std: 0.29
          Mean value_function loss: 0.0593
               Mean surrogate loss: -0.0039
                 Mean entropy loss: 1.3155
                       Mean reward: 36.81
               Mean episode length: 675.73
           Episode_Reward/progress: 1.9467
              Episode_Reward/alive: 0.2894
            Episode_Reward/upright: 0.0522
     Episode_Reward/move_to_target: 0.2662
          Episode_Reward/action_l2: -0.0119
             Episode_Reward/energy: -0.4289
   Episode_Reward/joint_pos_limits: -0.1933
      Episode_Termination/time_out: 0.7154
  Episode_Termination/torso_height: 0.2846
--------------------------------------------------------------------------------
                   Total timesteps: 3375104
                    Iteration time: 0.33s
                      Time elapsed: 00:01:15
                               ETA: 00:01:47

################################################################################
                      [1m Learning iteration 206/500 [0m                      

                       Computation: 48568 steps/s (collection: 0.247s, learning 0.091s)
             Mean action noise std: 0.29
          Mean value_function loss: 0.0560
               Mean surrogate loss: -0.0070
                 Mean entropy loss: 1.2901
                       Mean reward: 36.59
               Mean episode length: 666.38
           Episode_Reward/progress: 2.3774
              Episode_Reward/alive: 0.3457
            Episode_Reward/upright: 0.0641
     Episode_Reward/move_to_target: 0.3288
          Episode_Reward/action_l2: -0.0141
             Episode_Reward/energy: -0.5238
   Episode_Reward/joint_pos_limits: -0.2252
      Episode_Termination/time_out: 0.7125
  Episode_Termination/torso_height: 0.2875
--------------------------------------------------------------------------------
                   Total timesteps: 3391488
                    Iteration time: 0.34s
                      Time elapsed: 00:01:15
                               ETA: 00:01:47

################################################################################
                      [1m Learning iteration 207/500 [0m                      

                       Computation: 48400 steps/s (collection: 0.250s, learning 0.088s)
             Mean action noise std: 0.29
          Mean value_function loss: 0.0847
               Mean surrogate loss: -0.0057
                 Mean entropy loss: 1.2595
                       Mean reward: 38.06
               Mean episode length: 689.93
           Episode_Reward/progress: 3.3016
              Episode_Reward/alive: 0.4686
            Episode_Reward/upright: 0.0887
     Episode_Reward/move_to_target: 0.4569
          Episode_Reward/action_l2: -0.0190
             Episode_Reward/energy: -0.7287
   Episode_Reward/joint_pos_limits: -0.3015
      Episode_Termination/time_out: 0.7178
  Episode_Termination/torso_height: 0.2822
--------------------------------------------------------------------------------
                   Total timesteps: 3407872
                    Iteration time: 0.34s
                      Time elapsed: 00:01:15
                               ETA: 00:01:46

################################################################################
                      [1m Learning iteration 208/500 [0m                      

                       Computation: 48852 steps/s (collection: 0.249s, learning 0.086s)
             Mean action noise std: 0.29
          Mean value_function loss: 0.0629
               Mean surrogate loss: -0.0073
                 Mean entropy loss: 1.2437
                       Mean reward: 40.83
               Mean episode length: 729.87
           Episode_Reward/progress: 2.9865
              Episode_Reward/alive: 0.4329
            Episode_Reward/upright: 0.0824
     Episode_Reward/move_to_target: 0.4214
          Episode_Reward/action_l2: -0.0173
             Episode_Reward/energy: -0.6584
   Episode_Reward/joint_pos_limits: -0.2813
      Episode_Termination/time_out: 0.7209
  Episode_Termination/torso_height: 0.2791
--------------------------------------------------------------------------------
                   Total timesteps: 3424256
                    Iteration time: 0.34s
                      Time elapsed: 00:01:16
                               ETA: 00:01:46

################################################################################
                      [1m Learning iteration 209/500 [0m                      

                       Computation: 41735 steps/s (collection: 0.295s, learning 0.097s)
             Mean action noise std: 0.29
          Mean value_function loss: 0.0754
               Mean surrogate loss: -0.0075
                 Mean entropy loss: 1.2040
                       Mean reward: 42.63
               Mean episode length: 756.78
           Episode_Reward/progress: 2.8076
              Episode_Reward/alive: 0.4027
            Episode_Reward/upright: 0.0769
     Episode_Reward/move_to_target: 0.3937
          Episode_Reward/action_l2: -0.0162
             Episode_Reward/energy: -0.6080
   Episode_Reward/joint_pos_limits: -0.2635
      Episode_Termination/time_out: 0.7199
  Episode_Termination/torso_height: 0.2801
--------------------------------------------------------------------------------
                   Total timesteps: 3440640
                    Iteration time: 0.39s
                      Time elapsed: 00:01:16
                               ETA: 00:01:45

################################################################################
                      [1m Learning iteration 210/500 [0m                      

                       Computation: 41705 steps/s (collection: 0.297s, learning 0.096s)
             Mean action noise std: 0.28
          Mean value_function loss: 0.0893
               Mean surrogate loss: -0.0059
                 Mean entropy loss: 1.1827
                       Mean reward: 45.18
               Mean episode length: 787.57
           Episode_Reward/progress: 3.2823
              Episode_Reward/alive: 0.4730
            Episode_Reward/upright: 0.0911
     Episode_Reward/move_to_target: 0.4490
          Episode_Reward/action_l2: -0.0191
             Episode_Reward/energy: -0.7200
   Episode_Reward/joint_pos_limits: -0.3099
      Episode_Termination/time_out: 0.7284
  Episode_Termination/torso_height: 0.2716
--------------------------------------------------------------------------------
                   Total timesteps: 3457024
                    Iteration time: 0.39s
                      Time elapsed: 00:01:16
                               ETA: 00:01:45

################################################################################
                      [1m Learning iteration 211/500 [0m                      

                       Computation: 45149 steps/s (collection: 0.273s, learning 0.090s)
             Mean action noise std: 0.28
          Mean value_function loss: 0.0716
               Mean surrogate loss: -0.0077
                 Mean entropy loss: 1.1814
                       Mean reward: 47.36
               Mean episode length: 820.35
           Episode_Reward/progress: 2.5379
              Episode_Reward/alive: 0.3636
            Episode_Reward/upright: 0.0690
     Episode_Reward/move_to_target: 0.3531
          Episode_Reward/action_l2: -0.0149
             Episode_Reward/energy: -0.5508
   Episode_Reward/joint_pos_limits: -0.2380
      Episode_Termination/time_out: 0.7299
  Episode_Termination/torso_height: 0.2701
--------------------------------------------------------------------------------
                   Total timesteps: 3473408
                    Iteration time: 0.36s
                      Time elapsed: 00:01:17
                               ETA: 00:01:45

################################################################################
                      [1m Learning iteration 212/500 [0m                      

                       Computation: 47767 steps/s (collection: 0.255s, learning 0.088s)
             Mean action noise std: 0.28
          Mean value_function loss: 0.0797
               Mean surrogate loss: -0.0092
                 Mean entropy loss: 1.1581
                       Mean reward: 46.64
               Mean episode length: 810.47
           Episode_Reward/progress: 2.4326
              Episode_Reward/alive: 0.3498
            Episode_Reward/upright: 0.0652
     Episode_Reward/move_to_target: 0.3371
          Episode_Reward/action_l2: -0.0144
             Episode_Reward/energy: -0.5319
   Episode_Reward/joint_pos_limits: -0.2279
      Episode_Termination/time_out: 0.7276
  Episode_Termination/torso_height: 0.2724
--------------------------------------------------------------------------------
                   Total timesteps: 3489792
                    Iteration time: 0.34s
                      Time elapsed: 00:01:17
                               ETA: 00:01:44

################################################################################
                      [1m Learning iteration 213/500 [0m                      

                       Computation: 44665 steps/s (collection: 0.275s, learning 0.092s)
             Mean action noise std: 0.28
          Mean value_function loss: 0.0949
               Mean surrogate loss: -0.0083
                 Mean entropy loss: 1.1241
                       Mean reward: 46.54
               Mean episode length: 810.80
           Episode_Reward/progress: 2.6242
              Episode_Reward/alive: 0.3839
            Episode_Reward/upright: 0.0725
     Episode_Reward/move_to_target: 0.3766
          Episode_Reward/action_l2: -0.0154
             Episode_Reward/energy: -0.5822
   Episode_Reward/joint_pos_limits: -0.2515
      Episode_Termination/time_out: 0.7312
  Episode_Termination/torso_height: 0.2688
--------------------------------------------------------------------------------
                   Total timesteps: 3506176
                    Iteration time: 0.37s
                      Time elapsed: 00:01:17
                               ETA: 00:01:44

################################################################################
                      [1m Learning iteration 214/500 [0m                      

                       Computation: 47631 steps/s (collection: 0.261s, learning 0.083s)
             Mean action noise std: 0.28
          Mean value_function loss: 0.0786
               Mean surrogate loss: -0.0070
                 Mean entropy loss: 1.1079
                       Mean reward: 45.87
               Mean episode length: 797.15
           Episode_Reward/progress: 2.6680
              Episode_Reward/alive: 0.4015
            Episode_Reward/upright: 0.0745
     Episode_Reward/move_to_target: 0.3623
          Episode_Reward/action_l2: -0.0164
             Episode_Reward/energy: -0.5866
   Episode_Reward/joint_pos_limits: -0.2705
      Episode_Termination/time_out: 0.7398
  Episode_Termination/torso_height: 0.2602
--------------------------------------------------------------------------------
                   Total timesteps: 3522560
                    Iteration time: 0.34s
                      Time elapsed: 00:01:18
                               ETA: 00:01:44

################################################################################
                      [1m Learning iteration 215/500 [0m                      

                       Computation: 46927 steps/s (collection: 0.278s, learning 0.071s)
             Mean action noise std: 0.28
          Mean value_function loss: 0.0761
               Mean surrogate loss: -0.0092
                 Mean entropy loss: 1.0860
                       Mean reward: 47.31
               Mean episode length: 814.00
           Episode_Reward/progress: 3.1117
              Episode_Reward/alive: 0.4384
            Episode_Reward/upright: 0.0832
     Episode_Reward/move_to_target: 0.4254
          Episode_Reward/action_l2: -0.0180
             Episode_Reward/energy: -0.6691
   Episode_Reward/joint_pos_limits: -0.2862
      Episode_Termination/time_out: 0.7471
  Episode_Termination/torso_height: 0.2529
--------------------------------------------------------------------------------
                   Total timesteps: 3538944
                    Iteration time: 0.35s
                      Time elapsed: 00:01:18
                               ETA: 00:01:43

################################################################################
                      [1m Learning iteration 216/500 [0m                      

                       Computation: 48679 steps/s (collection: 0.267s, learning 0.070s)
             Mean action noise std: 0.28
          Mean value_function loss: 0.0707
               Mean surrogate loss: -0.0069
                 Mean entropy loss: 1.0530
                       Mean reward: 49.99
               Mean episode length: 854.18
           Episode_Reward/progress: 3.2402
              Episode_Reward/alive: 0.4556
            Episode_Reward/upright: 0.0872
     Episode_Reward/move_to_target: 0.4517
          Episode_Reward/action_l2: -0.0183
             Episode_Reward/energy: -0.6975
   Episode_Reward/joint_pos_limits: -0.2978
      Episode_Termination/time_out: 0.7481
  Episode_Termination/torso_height: 0.2519
--------------------------------------------------------------------------------
                   Total timesteps: 3555328
                    Iteration time: 0.34s
                      Time elapsed: 00:01:18
                               ETA: 00:01:43

################################################################################
                      [1m Learning iteration 217/500 [0m                      

                       Computation: 50215 steps/s (collection: 0.254s, learning 0.072s)
             Mean action noise std: 0.28
          Mean value_function loss: 0.0679
               Mean surrogate loss: -0.0084
                 Mean entropy loss: 1.0284
                       Mean reward: 50.41
               Mean episode length: 852.55
           Episode_Reward/progress: 3.4810
              Episode_Reward/alive: 0.4856
            Episode_Reward/upright: 0.0935
     Episode_Reward/move_to_target: 0.4829
          Episode_Reward/action_l2: -0.0194
             Episode_Reward/energy: -0.7395
   Episode_Reward/joint_pos_limits: -0.3129
      Episode_Termination/time_out: 0.7529
  Episode_Termination/torso_height: 0.2471
--------------------------------------------------------------------------------
                   Total timesteps: 3571712
                    Iteration time: 0.33s
                      Time elapsed: 00:01:19
                               ETA: 00:01:42

################################################################################
                      [1m Learning iteration 218/500 [0m                      

                       Computation: 46386 steps/s (collection: 0.264s, learning 0.089s)
             Mean action noise std: 0.28
          Mean value_function loss: 0.0631
               Mean surrogate loss: -0.0079
                 Mean entropy loss: 1.0050
                       Mean reward: 49.84
               Mean episode length: 840.37
           Episode_Reward/progress: 2.3622
              Episode_Reward/alive: 0.3384
            Episode_Reward/upright: 0.0627
     Episode_Reward/move_to_target: 0.3231
          Episode_Reward/action_l2: -0.0140
             Episode_Reward/energy: -0.5134
   Episode_Reward/joint_pos_limits: -0.2238
      Episode_Termination/time_out: 0.7487
  Episode_Termination/torso_height: 0.2513
--------------------------------------------------------------------------------
                   Total timesteps: 3588096
                    Iteration time: 0.35s
                      Time elapsed: 00:01:19
                               ETA: 00:01:42

################################################################################
                      [1m Learning iteration 219/500 [0m                      

                       Computation: 46433 steps/s (collection: 0.257s, learning 0.096s)
             Mean action noise std: 0.28
          Mean value_function loss: 0.0590
               Mean surrogate loss: -0.0073
                 Mean entropy loss: 0.9806
                       Mean reward: 48.24
               Mean episode length: 822.00
           Episode_Reward/progress: 2.7662
              Episode_Reward/alive: 0.3997
            Episode_Reward/upright: 0.0736
     Episode_Reward/move_to_target: 0.3721
          Episode_Reward/action_l2: -0.0166
             Episode_Reward/energy: -0.6077
   Episode_Reward/joint_pos_limits: -0.2620
      Episode_Termination/time_out: 0.7476
  Episode_Termination/torso_height: 0.2524
--------------------------------------------------------------------------------
                   Total timesteps: 3604480
                    Iteration time: 0.35s
                      Time elapsed: 00:01:19
                               ETA: 00:01:42

################################################################################
                      [1m Learning iteration 220/500 [0m                      

                       Computation: 40815 steps/s (collection: 0.303s, learning 0.098s)
             Mean action noise std: 0.28
          Mean value_function loss: 0.0660
               Mean surrogate loss: -0.0086
                 Mean entropy loss: 0.9599
                       Mean reward: 47.70
               Mean episode length: 807.72
           Episode_Reward/progress: 2.7225
              Episode_Reward/alive: 0.3853
            Episode_Reward/upright: 0.0731
     Episode_Reward/move_to_target: 0.3756
          Episode_Reward/action_l2: -0.0155
             Episode_Reward/energy: -0.5818
   Episode_Reward/joint_pos_limits: -0.2525
      Episode_Termination/time_out: 0.7423
  Episode_Termination/torso_height: 0.2577
--------------------------------------------------------------------------------
                   Total timesteps: 3620864
                    Iteration time: 0.40s
                      Time elapsed: 00:01:20
                               ETA: 00:01:41

################################################################################
                      [1m Learning iteration 221/500 [0m                      

                       Computation: 43004 steps/s (collection: 0.304s, learning 0.077s)
             Mean action noise std: 0.28
          Mean value_function loss: 0.0629
               Mean surrogate loss: -0.0070
                 Mean entropy loss: 0.9134
                       Mean reward: 48.04
               Mean episode length: 812.53
           Episode_Reward/progress: 3.4317
              Episode_Reward/alive: 0.4682
            Episode_Reward/upright: 0.0896
     Episode_Reward/move_to_target: 0.4517
          Episode_Reward/action_l2: -0.0192
             Episode_Reward/energy: -0.7294
   Episode_Reward/joint_pos_limits: -0.3019
      Episode_Termination/time_out: 0.7443
  Episode_Termination/torso_height: 0.2557
--------------------------------------------------------------------------------
                   Total timesteps: 3637248
                    Iteration time: 0.38s
                      Time elapsed: 00:01:20
                               ETA: 00:01:41

################################################################################
                      [1m Learning iteration 222/500 [0m                      

                       Computation: 47890 steps/s (collection: 0.272s, learning 0.070s)
             Mean action noise std: 0.27
          Mean value_function loss: 0.0580
               Mean surrogate loss: -0.0078
                 Mean entropy loss: 0.8689
                       Mean reward: 48.40
               Mean episode length: 813.41
           Episode_Reward/progress: 2.4423
              Episode_Reward/alive: 0.3496
            Episode_Reward/upright: 0.0665
     Episode_Reward/move_to_target: 0.3418
          Episode_Reward/action_l2: -0.0139
             Episode_Reward/energy: -0.5211
   Episode_Reward/joint_pos_limits: -0.2282
      Episode_Termination/time_out: 0.7409
  Episode_Termination/torso_height: 0.2591
--------------------------------------------------------------------------------
                   Total timesteps: 3653632
                    Iteration time: 0.34s
                      Time elapsed: 00:01:21
                               ETA: 00:01:41

################################################################################
                      [1m Learning iteration 223/500 [0m                      

                       Computation: 48233 steps/s (collection: 0.269s, learning 0.071s)
             Mean action noise std: 0.27
          Mean value_function loss: 0.0576
               Mean surrogate loss: -0.0077
                 Mean entropy loss: 0.8380
                       Mean reward: 48.54
               Mean episode length: 812.93
           Episode_Reward/progress: 3.5072
              Episode_Reward/alive: 0.4720
            Episode_Reward/upright: 0.0925
     Episode_Reward/move_to_target: 0.4686
          Episode_Reward/action_l2: -0.0188
             Episode_Reward/energy: -0.7352
   Episode_Reward/joint_pos_limits: -0.3033
      Episode_Termination/time_out: 0.7424
  Episode_Termination/torso_height: 0.2576
--------------------------------------------------------------------------------
                   Total timesteps: 3670016
                    Iteration time: 0.34s
                      Time elapsed: 00:01:21
                               ETA: 00:01:40

################################################################################
                      [1m Learning iteration 224/500 [0m                      

                       Computation: 49493 steps/s (collection: 0.262s, learning 0.069s)
             Mean action noise std: 0.27
          Mean value_function loss: 0.0503
               Mean surrogate loss: -0.0075
                 Mean entropy loss: 0.8196
                       Mean reward: 47.84
               Mean episode length: 805.51
           Episode_Reward/progress: 2.6832
              Episode_Reward/alive: 0.3842
            Episode_Reward/upright: 0.0721
     Episode_Reward/move_to_target: 0.3617
          Episode_Reward/action_l2: -0.0158
             Episode_Reward/energy: -0.5743
   Episode_Reward/joint_pos_limits: -0.2556
      Episode_Termination/time_out: 0.7479
  Episode_Termination/torso_height: 0.2521
--------------------------------------------------------------------------------
                   Total timesteps: 3686400
                    Iteration time: 0.33s
                      Time elapsed: 00:01:21
                               ETA: 00:01:40

################################################################################
                      [1m Learning iteration 225/500 [0m                      

                       Computation: 51043 steps/s (collection: 0.254s, learning 0.067s)
             Mean action noise std: 0.27
          Mean value_function loss: 0.0567
               Mean surrogate loss: -0.0060
                 Mean entropy loss: 0.7989
                       Mean reward: 48.45
               Mean episode length: 813.23
           Episode_Reward/progress: 3.2349
              Episode_Reward/alive: 0.4398
            Episode_Reward/upright: 0.0846
     Episode_Reward/move_to_target: 0.4312
          Episode_Reward/action_l2: -0.0179
             Episode_Reward/energy: -0.6815
   Episode_Reward/joint_pos_limits: -0.2834
      Episode_Termination/time_out: 0.7419
  Episode_Termination/torso_height: 0.2581
--------------------------------------------------------------------------------
                   Total timesteps: 3702784
                    Iteration time: 0.32s
                      Time elapsed: 00:01:22
                               ETA: 00:01:39

################################################################################
                      [1m Learning iteration 226/500 [0m                      

                       Computation: 49883 steps/s (collection: 0.255s, learning 0.074s)
             Mean action noise std: 0.27
          Mean value_function loss: 0.0526
               Mean surrogate loss: -0.0065
                 Mean entropy loss: 0.7723
                       Mean reward: 48.46
               Mean episode length: 813.23
           Episode_Reward/progress: 3.7018
              Episode_Reward/alive: 0.5000
            Episode_Reward/upright: 0.0974
     Episode_Reward/move_to_target: 0.4970
          Episode_Reward/action_l2: -0.0198
             Episode_Reward/energy: -0.7730
   Episode_Reward/joint_pos_limits: -0.3229
      Episode_Termination/time_out: 0.7491
  Episode_Termination/torso_height: 0.2509
--------------------------------------------------------------------------------
                   Total timesteps: 3719168
                    Iteration time: 0.33s
                      Time elapsed: 00:01:22
                               ETA: 00:01:39

################################################################################
                      [1m Learning iteration 227/500 [0m                      

                       Computation: 48353 steps/s (collection: 0.270s, learning 0.068s)
             Mean action noise std: 0.27
          Mean value_function loss: 0.0763
               Mean surrogate loss: -0.0066
                 Mean entropy loss: 0.7416
                       Mean reward: 50.08
               Mean episode length: 846.00
           Episode_Reward/progress: 2.8167
              Episode_Reward/alive: 0.4176
            Episode_Reward/upright: 0.0794
     Episode_Reward/move_to_target: 0.3701
          Episode_Reward/action_l2: -0.0175
             Episode_Reward/energy: -0.6130
   Episode_Reward/joint_pos_limits: -0.2835
      Episode_Termination/time_out: 0.7617
  Episode_Termination/torso_height: 0.2383
--------------------------------------------------------------------------------
                   Total timesteps: 3735552
                    Iteration time: 0.34s
                      Time elapsed: 00:01:22
                               ETA: 00:01:39

################################################################################
                      [1m Learning iteration 228/500 [0m                      

                       Computation: 47090 steps/s (collection: 0.259s, learning 0.089s)
             Mean action noise std: 0.27
          Mean value_function loss: 0.0592
               Mean surrogate loss: -0.0066
                 Mean entropy loss: 0.7419
                       Mean reward: 49.77
               Mean episode length: 832.48
           Episode_Reward/progress: 2.8308
              Episode_Reward/alive: 0.3913
            Episode_Reward/upright: 0.0734
     Episode_Reward/move_to_target: 0.3839
          Episode_Reward/action_l2: -0.0159
             Episode_Reward/energy: -0.5783
   Episode_Reward/joint_pos_limits: -0.2614
      Episode_Termination/time_out: 0.7645
  Episode_Termination/torso_height: 0.2355
--------------------------------------------------------------------------------
                   Total timesteps: 3751936
                    Iteration time: 0.35s
                      Time elapsed: 00:01:23
                               ETA: 00:01:38

################################################################################
                      [1m Learning iteration 229/500 [0m                      

                       Computation: 47744 steps/s (collection: 0.252s, learning 0.091s)
             Mean action noise std: 0.27
          Mean value_function loss: 0.1066
               Mean surrogate loss: -0.0086
                 Mean entropy loss: 0.7225
                       Mean reward: 51.43
               Mean episode length: 854.16
           Episode_Reward/progress: 3.4038
              Episode_Reward/alive: 0.4541
            Episode_Reward/upright: 0.0882
     Episode_Reward/move_to_target: 0.4488
          Episode_Reward/action_l2: -0.0184
             Episode_Reward/energy: -0.7013
   Episode_Reward/joint_pos_limits: -0.2919
      Episode_Termination/time_out: 0.7681
  Episode_Termination/torso_height: 0.2319
--------------------------------------------------------------------------------
                   Total timesteps: 3768320
                    Iteration time: 0.34s
                      Time elapsed: 00:01:23
                               ETA: 00:01:38

################################################################################
                      [1m Learning iteration 230/500 [0m                      

                       Computation: 48167 steps/s (collection: 0.248s, learning 0.093s)
             Mean action noise std: 0.27
          Mean value_function loss: 0.0833
               Mean surrogate loss: -0.0064
                 Mean entropy loss: 0.6970
                       Mean reward: 50.28
               Mean episode length: 838.91
           Episode_Reward/progress: 3.0523
              Episode_Reward/alive: 0.4100
            Episode_Reward/upright: 0.0780
     Episode_Reward/move_to_target: 0.4030
          Episode_Reward/action_l2: -0.0166
             Episode_Reward/energy: -0.6354
   Episode_Reward/joint_pos_limits: -0.2682
      Episode_Termination/time_out: 0.7695
  Episode_Termination/torso_height: 0.2305
--------------------------------------------------------------------------------
                   Total timesteps: 3784704
                    Iteration time: 0.34s
                      Time elapsed: 00:01:23
                               ETA: 00:01:37

################################################################################
                      [1m Learning iteration 231/500 [0m                      

                       Computation: 45121 steps/s (collection: 0.285s, learning 0.078s)
             Mean action noise std: 0.27
          Mean value_function loss: 0.1022
               Mean surrogate loss: -0.0071
                 Mean entropy loss: 0.6768
                       Mean reward: 49.18
               Mean episode length: 822.91
           Episode_Reward/progress: 3.3033
              Episode_Reward/alive: 0.4499
            Episode_Reward/upright: 0.0863
     Episode_Reward/move_to_target: 0.4416
          Episode_Reward/action_l2: -0.0182
             Episode_Reward/energy: -0.6878
   Episode_Reward/joint_pos_limits: -0.2947
      Episode_Termination/time_out: 0.7689
  Episode_Termination/torso_height: 0.2311
--------------------------------------------------------------------------------
                   Total timesteps: 3801088
                    Iteration time: 0.36s
                      Time elapsed: 00:01:24
                               ETA: 00:01:37

################################################################################
                      [1m Learning iteration 232/500 [0m                      

                       Computation: 41630 steps/s (collection: 0.290s, learning 0.104s)
             Mean action noise std: 0.27
          Mean value_function loss: 0.0922
               Mean surrogate loss: -0.0061
                 Mean entropy loss: 0.6673
                       Mean reward: 47.73
               Mean episode length: 809.14
           Episode_Reward/progress: 2.7411
              Episode_Reward/alive: 0.4392
            Episode_Reward/upright: 0.0834
     Episode_Reward/move_to_target: 0.3283
          Episode_Reward/action_l2: -0.0201
             Episode_Reward/energy: -0.5888
   Episode_Reward/joint_pos_limits: -0.3105
      Episode_Termination/time_out: 0.7724
  Episode_Termination/torso_height: 0.2276
--------------------------------------------------------------------------------
                   Total timesteps: 3817472
                    Iteration time: 0.39s
                      Time elapsed: 00:01:24
                               ETA: 00:01:37

################################################################################
                      [1m Learning iteration 233/500 [0m                      

                       Computation: 44514 steps/s (collection: 0.269s, learning 0.100s)
             Mean action noise std: 0.27
          Mean value_function loss: 0.1089
               Mean surrogate loss: -0.0085
                 Mean entropy loss: 0.6612
                       Mean reward: 49.11
               Mean episode length: 829.66
           Episode_Reward/progress: 3.4581
              Episode_Reward/alive: 0.4751
            Episode_Reward/upright: 0.0910
     Episode_Reward/move_to_target: 0.4559
          Episode_Reward/action_l2: -0.0193
             Episode_Reward/energy: -0.7300
   Episode_Reward/joint_pos_limits: -0.3081
      Episode_Termination/time_out: 0.7784
  Episode_Termination/torso_height: 0.2216
--------------------------------------------------------------------------------
                   Total timesteps: 3833856
                    Iteration time: 0.37s
                      Time elapsed: 00:01:24
                               ETA: 00:01:36

################################################################################
                      [1m Learning iteration 234/500 [0m                      

                       Computation: 42820 steps/s (collection: 0.290s, learning 0.092s)
             Mean action noise std: 0.27
          Mean value_function loss: 0.0745
               Mean surrogate loss: -0.0073
                 Mean entropy loss: 0.6560
                       Mean reward: 48.41
               Mean episode length: 818.66
           Episode_Reward/progress: 3.2083
              Episode_Reward/alive: 0.4227
            Episode_Reward/upright: 0.0812
     Episode_Reward/move_to_target: 0.4112
          Episode_Reward/action_l2: -0.0173
             Episode_Reward/energy: -0.6598
   Episode_Reward/joint_pos_limits: -0.2739
      Episode_Termination/time_out: 0.7800
  Episode_Termination/torso_height: 0.2200
--------------------------------------------------------------------------------
                   Total timesteps: 3850240
                    Iteration time: 0.38s
                      Time elapsed: 00:01:25
                               ETA: 00:01:36

################################################################################
                      [1m Learning iteration 235/500 [0m                      

                       Computation: 43952 steps/s (collection: 0.284s, learning 0.089s)
             Mean action noise std: 0.27
          Mean value_function loss: 0.0717
               Mean surrogate loss: -0.0077
                 Mean entropy loss: 0.6231
                       Mean reward: 47.81
               Mean episode length: 806.14
           Episode_Reward/progress: 3.0793
              Episode_Reward/alive: 0.4157
            Episode_Reward/upright: 0.0780
     Episode_Reward/move_to_target: 0.3990
          Episode_Reward/action_l2: -0.0174
             Episode_Reward/energy: -0.6364
   Episode_Reward/joint_pos_limits: -0.2760
      Episode_Termination/time_out: 0.7786
  Episode_Termination/torso_height: 0.2214
--------------------------------------------------------------------------------
                   Total timesteps: 3866624
                    Iteration time: 0.37s
                      Time elapsed: 00:01:25
                               ETA: 00:01:36

################################################################################
                      [1m Learning iteration 236/500 [0m                      

                       Computation: 45994 steps/s (collection: 0.285s, learning 0.072s)
             Mean action noise std: 0.27
          Mean value_function loss: 0.0698
               Mean surrogate loss: -0.0082
                 Mean entropy loss: 0.5961
                       Mean reward: 47.55
               Mean episode length: 804.36
           Episode_Reward/progress: 2.5308
              Episode_Reward/alive: 0.3535
            Episode_Reward/upright: 0.0663
     Episode_Reward/move_to_target: 0.3250
          Episode_Reward/action_l2: -0.0148
             Episode_Reward/energy: -0.5173
   Episode_Reward/joint_pos_limits: -0.2427
      Episode_Termination/time_out: 0.7788
  Episode_Termination/torso_height: 0.2212
--------------------------------------------------------------------------------
                   Total timesteps: 3883008
                    Iteration time: 0.36s
                      Time elapsed: 00:01:26
                               ETA: 00:01:35

################################################################################
                      [1m Learning iteration 237/500 [0m                      

                       Computation: 42718 steps/s (collection: 0.308s, learning 0.076s)
             Mean action noise std: 0.26
          Mean value_function loss: 0.0607
               Mean surrogate loss: -0.0088
                 Mean entropy loss: 0.5756
                       Mean reward: 48.03
               Mean episode length: 808.41
           Episode_Reward/progress: 2.9924
              Episode_Reward/alive: 0.4037
            Episode_Reward/upright: 0.0757
     Episode_Reward/move_to_target: 0.3802
          Episode_Reward/action_l2: -0.0172
             Episode_Reward/energy: -0.6185
   Episode_Reward/joint_pos_limits: -0.2658
      Episode_Termination/time_out: 0.7766
  Episode_Termination/torso_height: 0.2234
--------------------------------------------------------------------------------
                   Total timesteps: 3899392
                    Iteration time: 0.38s
                      Time elapsed: 00:01:26
                               ETA: 00:01:35

################################################################################
                      [1m Learning iteration 238/500 [0m                      

                       Computation: 39550 steps/s (collection: 0.325s, learning 0.090s)
             Mean action noise std: 0.26
          Mean value_function loss: 0.1106
               Mean surrogate loss: -0.0074
                 Mean entropy loss: 0.5341
                       Mean reward: 49.85
               Mean episode length: 831.07
           Episode_Reward/progress: 3.7047
              Episode_Reward/alive: 0.4856
            Episode_Reward/upright: 0.0948
     Episode_Reward/move_to_target: 0.4831
          Episode_Reward/action_l2: -0.0196
             Episode_Reward/energy: -0.7682
   Episode_Reward/joint_pos_limits: -0.3104
      Episode_Termination/time_out: 0.7776
  Episode_Termination/torso_height: 0.2224
--------------------------------------------------------------------------------
                   Total timesteps: 3915776
                    Iteration time: 0.41s
                      Time elapsed: 00:01:26
                               ETA: 00:01:35

################################################################################
                      [1m Learning iteration 239/500 [0m                      

                       Computation: 47050 steps/s (collection: 0.260s, learning 0.088s)
             Mean action noise std: 0.26
          Mean value_function loss: 0.0822
               Mean surrogate loss: -0.0092
                 Mean entropy loss: 0.5259
                       Mean reward: 49.45
               Mean episode length: 799.62
           Episode_Reward/progress: 3.2717
              Episode_Reward/alive: 0.4259
            Episode_Reward/upright: 0.0813
     Episode_Reward/move_to_target: 0.4185
          Episode_Reward/action_l2: -0.0172
             Episode_Reward/energy: -0.6576
   Episode_Reward/joint_pos_limits: -0.2781
      Episode_Termination/time_out: 0.7798
  Episode_Termination/torso_height: 0.2202
--------------------------------------------------------------------------------
                   Total timesteps: 3932160
                    Iteration time: 0.35s
                      Time elapsed: 00:01:27
                               ETA: 00:01:34

################################################################################
                      [1m Learning iteration 240/500 [0m                      

                       Computation: 49093 steps/s (collection: 0.245s, learning 0.089s)
             Mean action noise std: 0.26
          Mean value_function loss: 0.0712
               Mean surrogate loss: -0.0092
                 Mean entropy loss: 0.5163
                       Mean reward: 50.11
               Mean episode length: 808.63
           Episode_Reward/progress: 3.6395
              Episode_Reward/alive: 0.4774
            Episode_Reward/upright: 0.0919
     Episode_Reward/move_to_target: 0.4713
          Episode_Reward/action_l2: -0.0194
             Episode_Reward/energy: -0.7452
   Episode_Reward/joint_pos_limits: -0.3116
      Episode_Termination/time_out: 0.7737
  Episode_Termination/torso_height: 0.2263
--------------------------------------------------------------------------------
                   Total timesteps: 3948544
                    Iteration time: 0.33s
                      Time elapsed: 00:01:27
                               ETA: 00:01:34

################################################################################
                      [1m Learning iteration 241/500 [0m                      

                       Computation: 47645 steps/s (collection: 0.247s, learning 0.097s)
             Mean action noise std: 0.26
          Mean value_function loss: 0.0820
               Mean surrogate loss: -0.0085
                 Mean entropy loss: 0.4998
                       Mean reward: 50.00
               Mean episode length: 802.19
           Episode_Reward/progress: 3.2749
              Episode_Reward/alive: 0.4263
            Episode_Reward/upright: 0.0831
     Episode_Reward/move_to_target: 0.4233
          Episode_Reward/action_l2: -0.0171
             Episode_Reward/energy: -0.6630
   Episode_Reward/joint_pos_limits: -0.2776
      Episode_Termination/time_out: 0.7754
  Episode_Termination/torso_height: 0.2246
--------------------------------------------------------------------------------
                   Total timesteps: 3964928
                    Iteration time: 0.34s
                      Time elapsed: 00:01:27
                               ETA: 00:01:34

################################################################################
                      [1m Learning iteration 242/500 [0m                      

                       Computation: 42532 steps/s (collection: 0.293s, learning 0.092s)
             Mean action noise std: 0.26
          Mean value_function loss: 0.0601
               Mean surrogate loss: -0.0064
                 Mean entropy loss: 0.4895
                       Mean reward: 51.42
               Mean episode length: 818.24
           Episode_Reward/progress: 3.3689
              Episode_Reward/alive: 0.4331
            Episode_Reward/upright: 0.0839
     Episode_Reward/move_to_target: 0.4276
          Episode_Reward/action_l2: -0.0177
             Episode_Reward/energy: -0.6746
   Episode_Reward/joint_pos_limits: -0.2825
      Episode_Termination/time_out: 0.7808
  Episode_Termination/torso_height: 0.2192
--------------------------------------------------------------------------------
                   Total timesteps: 3981312
                    Iteration time: 0.39s
                      Time elapsed: 00:01:28
                               ETA: 00:01:33

################################################################################
                      [1m Learning iteration 243/500 [0m                      

                       Computation: 40632 steps/s (collection: 0.310s, learning 0.094s)
             Mean action noise std: 0.26
          Mean value_function loss: 0.0869
               Mean surrogate loss: -0.0080
                 Mean entropy loss: 0.4775
                       Mean reward: 52.06
               Mean episode length: 824.14
           Episode_Reward/progress: 3.6502
              Episode_Reward/alive: 0.4727
            Episode_Reward/upright: 0.0898
     Episode_Reward/move_to_target: 0.4520
          Episode_Reward/action_l2: -0.0195
             Episode_Reward/energy: -0.7256
   Episode_Reward/joint_pos_limits: -0.3128
      Episode_Termination/time_out: 0.7818
  Episode_Termination/torso_height: 0.2182
--------------------------------------------------------------------------------
                   Total timesteps: 3997696
                    Iteration time: 0.40s
                      Time elapsed: 00:01:28
                               ETA: 00:01:33

################################################################################
                      [1m Learning iteration 244/500 [0m                      

                       Computation: 44101 steps/s (collection: 0.284s, learning 0.088s)
             Mean action noise std: 0.26
          Mean value_function loss: 0.0645
               Mean surrogate loss: -0.0097
                 Mean entropy loss: 0.4589
                       Mean reward: 53.09
               Mean episode length: 841.78
           Episode_Reward/progress: 2.8354
              Episode_Reward/alive: 0.3724
            Episode_Reward/upright: 0.0706
     Episode_Reward/move_to_target: 0.3542
          Episode_Reward/action_l2: -0.0155
             Episode_Reward/energy: -0.5714
   Episode_Reward/joint_pos_limits: -0.2473
      Episode_Termination/time_out: 0.7833
  Episode_Termination/torso_height: 0.2167
--------------------------------------------------------------------------------
                   Total timesteps: 4014080
                    Iteration time: 0.37s
                      Time elapsed: 00:01:29
                               ETA: 00:01:33

################################################################################
                      [1m Learning iteration 245/500 [0m                      

                       Computation: 46121 steps/s (collection: 0.285s, learning 0.071s)
             Mean action noise std: 0.26
          Mean value_function loss: 0.0635
               Mean surrogate loss: -0.0056
                 Mean entropy loss: 0.4259
                       Mean reward: 53.66
               Mean episode length: 847.45
           Episode_Reward/progress: 3.0882
              Episode_Reward/alive: 0.4024
            Episode_Reward/upright: 0.0773
     Episode_Reward/move_to_target: 0.3984
          Episode_Reward/action_l2: -0.0163
             Episode_Reward/energy: -0.6238
   Episode_Reward/joint_pos_limits: -0.2615
      Episode_Termination/time_out: 0.7840
  Episode_Termination/torso_height: 0.2160
--------------------------------------------------------------------------------
                   Total timesteps: 4030464
                    Iteration time: 0.36s
                      Time elapsed: 00:01:29
                               ETA: 00:01:32

################################################################################
                      [1m Learning iteration 246/500 [0m                      

                       Computation: 48908 steps/s (collection: 0.263s, learning 0.072s)
             Mean action noise std: 0.26
          Mean value_function loss: 0.0699
               Mean surrogate loss: -0.0070
                 Mean entropy loss: 0.4097
                       Mean reward: 52.97
               Mean episode length: 839.31
           Episode_Reward/progress: 2.4119
              Episode_Reward/alive: 0.3365
            Episode_Reward/upright: 0.0615
     Episode_Reward/move_to_target: 0.3130
          Episode_Reward/action_l2: -0.0145
             Episode_Reward/energy: -0.5056
   Episode_Reward/joint_pos_limits: -0.2252
      Episode_Termination/time_out: 0.7850
  Episode_Termination/torso_height: 0.2150
--------------------------------------------------------------------------------
                   Total timesteps: 4046848
                    Iteration time: 0.33s
                      Time elapsed: 00:01:29
                               ETA: 00:01:32

################################################################################
                      [1m Learning iteration 247/500 [0m                      

                       Computation: 48852 steps/s (collection: 0.261s, learning 0.074s)
             Mean action noise std: 0.26
          Mean value_function loss: 0.0792
               Mean surrogate loss: -0.0083
                 Mean entropy loss: 0.3992
                       Mean reward: 50.39
               Mean episode length: 811.07
           Episode_Reward/progress: 2.8880
              Episode_Reward/alive: 0.3977
            Episode_Reward/upright: 0.0756
     Episode_Reward/move_to_target: 0.3697
          Episode_Reward/action_l2: -0.0166
             Episode_Reward/energy: -0.5999
   Episode_Reward/joint_pos_limits: -0.2648
      Episode_Termination/time_out: 0.7825
  Episode_Termination/torso_height: 0.2175
--------------------------------------------------------------------------------
                   Total timesteps: 4063232
                    Iteration time: 0.34s
                      Time elapsed: 00:01:30
                               ETA: 00:01:31

################################################################################
                      [1m Learning iteration 248/500 [0m                      

                       Computation: 46259 steps/s (collection: 0.260s, learning 0.094s)
             Mean action noise std: 0.26
          Mean value_function loss: 0.0639
               Mean surrogate loss: -0.0066
                 Mean entropy loss: 0.3852
                       Mean reward: 51.44
               Mean episode length: 827.13
           Episode_Reward/progress: 3.1647
              Episode_Reward/alive: 0.4272
            Episode_Reward/upright: 0.0811
     Episode_Reward/move_to_target: 0.3944
          Episode_Reward/action_l2: -0.0179
             Episode_Reward/energy: -0.6416
   Episode_Reward/joint_pos_limits: -0.2874
      Episode_Termination/time_out: 0.7767
  Episode_Termination/torso_height: 0.2233
--------------------------------------------------------------------------------
                   Total timesteps: 4079616
                    Iteration time: 0.35s
                      Time elapsed: 00:01:30
                               ETA: 00:01:31

################################################################################
                      [1m Learning iteration 249/500 [0m                      

                       Computation: 46421 steps/s (collection: 0.263s, learning 0.090s)
             Mean action noise std: 0.26
          Mean value_function loss: 0.0892
               Mean surrogate loss: -0.0047
                 Mean entropy loss: 0.3502
                       Mean reward: 49.94
               Mean episode length: 806.39
           Episode_Reward/progress: 3.1065
              Episode_Reward/alive: 0.4020
            Episode_Reward/upright: 0.0767
     Episode_Reward/move_to_target: 0.3897
          Episode_Reward/action_l2: -0.0166
             Episode_Reward/energy: -0.6214
   Episode_Reward/joint_pos_limits: -0.2634
      Episode_Termination/time_out: 0.7784
  Episode_Termination/torso_height: 0.2216
--------------------------------------------------------------------------------
                   Total timesteps: 4096000
                    Iteration time: 0.35s
                      Time elapsed: 00:01:30
                               ETA: 00:01:31

################################################################################
                      [1m Learning iteration 250/500 [0m                      

                       Computation: 47001 steps/s (collection: 0.255s, learning 0.094s)
             Mean action noise std: 0.26
          Mean value_function loss: 0.0741
               Mean surrogate loss: -0.0088
                 Mean entropy loss: 0.3239
                       Mean reward: 53.32
               Mean episode length: 847.04
           Episode_Reward/progress: 3.9462
              Episode_Reward/alive: 0.5000
            Episode_Reward/upright: 0.0973
     Episode_Reward/move_to_target: 0.4960
          Episode_Reward/action_l2: -0.0201
             Episode_Reward/energy: -0.7817
   Episode_Reward/joint_pos_limits: -0.3233
      Episode_Termination/time_out: 0.7833
  Episode_Termination/torso_height: 0.2167
--------------------------------------------------------------------------------
                   Total timesteps: 4112384
                    Iteration time: 0.35s
                      Time elapsed: 00:01:31
                               ETA: 00:01:30

################################################################################
                      [1m Learning iteration 251/500 [0m                      

                       Computation: 47330 steps/s (collection: 0.257s, learning 0.089s)
             Mean action noise std: 0.26
          Mean value_function loss: 0.1023
               Mean surrogate loss: -0.0091
                 Mean entropy loss: 0.3045
                       Mean reward: 54.12
               Mean episode length: 845.30
           Episode_Reward/progress: 3.7141
              Episode_Reward/alive: 0.4579
            Episode_Reward/upright: 0.0890
     Episode_Reward/move_to_target: 0.4515
          Episode_Reward/action_l2: -0.0186
             Episode_Reward/energy: -0.7253
   Episode_Reward/joint_pos_limits: -0.2953
      Episode_Termination/time_out: 0.7860
  Episode_Termination/torso_height: 0.2140
--------------------------------------------------------------------------------
                   Total timesteps: 4128768
                    Iteration time: 0.35s
                      Time elapsed: 00:01:31
                               ETA: 00:01:30

################################################################################
                      [1m Learning iteration 252/500 [0m                      

                       Computation: 49826 steps/s (collection: 0.245s, learning 0.083s)
             Mean action noise std: 0.26
          Mean value_function loss: 0.1290
               Mean surrogate loss: -0.0074
                 Mean entropy loss: 0.2808
                       Mean reward: 55.76
               Mean episode length: 859.89
           Episode_Reward/progress: 2.7923
              Episode_Reward/alive: 0.3561
            Episode_Reward/upright: 0.0672
     Episode_Reward/move_to_target: 0.3500
          Episode_Reward/action_l2: -0.0145
             Episode_Reward/energy: -0.5469
   Episode_Reward/joint_pos_limits: -0.2313
      Episode_Termination/time_out: 0.7865
  Episode_Termination/torso_height: 0.2135
--------------------------------------------------------------------------------
                   Total timesteps: 4145152
                    Iteration time: 0.33s
                      Time elapsed: 00:01:31
                               ETA: 00:01:29

################################################################################
                      [1m Learning iteration 253/500 [0m                      

                       Computation: 42608 steps/s (collection: 0.287s, learning 0.097s)
             Mean action noise std: 0.26
          Mean value_function loss: 0.0949
               Mean surrogate loss: -0.0058
                 Mean entropy loss: 0.2768
                       Mean reward: 53.85
               Mean episode length: 824.89
           Episode_Reward/progress: 2.0780
              Episode_Reward/alive: 0.2880
            Episode_Reward/upright: 0.0522
     Episode_Reward/move_to_target: 0.2657
          Episode_Reward/action_l2: -0.0125
             Episode_Reward/energy: -0.4293
   Episode_Reward/joint_pos_limits: -0.1982
      Episode_Termination/time_out: 0.7781
  Episode_Termination/torso_height: 0.2219
--------------------------------------------------------------------------------
                   Total timesteps: 4161536
                    Iteration time: 0.38s
                      Time elapsed: 00:01:32
                               ETA: 00:01:29

################################################################################
                      [1m Learning iteration 254/500 [0m                      

                       Computation: 42631 steps/s (collection: 0.288s, learning 0.097s)
             Mean action noise std: 0.26
          Mean value_function loss: 0.0627
               Mean surrogate loss: -0.0076
                 Mean entropy loss: 0.2694
                       Mean reward: 54.26
               Mean episode length: 824.36
           Episode_Reward/progress: 3.3978
              Episode_Reward/alive: 0.4304
            Episode_Reward/upright: 0.0824
     Episode_Reward/move_to_target: 0.4215
          Episode_Reward/action_l2: -0.0176
             Episode_Reward/energy: -0.6653
   Episode_Reward/joint_pos_limits: -0.2821
      Episode_Termination/time_out: 0.7832
  Episode_Termination/torso_height: 0.2168
--------------------------------------------------------------------------------
                   Total timesteps: 4177920
                    Iteration time: 0.38s
                      Time elapsed: 00:01:32
                               ETA: 00:01:29

################################################################################
                      [1m Learning iteration 255/500 [0m                      

                       Computation: 44872 steps/s (collection: 0.277s, learning 0.088s)
             Mean action noise std: 0.25
          Mean value_function loss: 0.0800
               Mean surrogate loss: -0.0083
                 Mean entropy loss: 0.2424
                       Mean reward: 52.90
               Mean episode length: 811.29
           Episode_Reward/progress: 3.6756
              Episode_Reward/alive: 0.4645
            Episode_Reward/upright: 0.0883
     Episode_Reward/move_to_target: 0.4383
          Episode_Reward/action_l2: -0.0193
             Episode_Reward/energy: -0.7206
   Episode_Reward/joint_pos_limits: -0.3099
      Episode_Termination/time_out: 0.7886
  Episode_Termination/torso_height: 0.2114
--------------------------------------------------------------------------------
                   Total timesteps: 4194304
                    Iteration time: 0.37s
                      Time elapsed: 00:01:32
                               ETA: 00:01:28

################################################################################
                      [1m Learning iteration 256/500 [0m                      

                       Computation: 46984 steps/s (collection: 0.259s, learning 0.089s)
             Mean action noise std: 0.25
          Mean value_function loss: 0.0821
               Mean surrogate loss: -0.0074
                 Mean entropy loss: 0.2120
                       Mean reward: 50.55
               Mean episode length: 787.23
           Episode_Reward/progress: 3.0006
              Episode_Reward/alive: 0.3935
            Episode_Reward/upright: 0.0723
     Episode_Reward/move_to_target: 0.3812
          Episode_Reward/action_l2: -0.0164
             Episode_Reward/energy: -0.6184
   Episode_Reward/joint_pos_limits: -0.2590
      Episode_Termination/time_out: 0.7849
  Episode_Termination/torso_height: 0.2151
--------------------------------------------------------------------------------
                   Total timesteps: 4210688
                    Iteration time: 0.35s
                      Time elapsed: 00:01:33
                               ETA: 00:01:28

################################################################################
                      [1m Learning iteration 257/500 [0m                      

                       Computation: 47767 steps/s (collection: 0.255s, learning 0.088s)
             Mean action noise std: 0.25
          Mean value_function loss: 0.0886
               Mean surrogate loss: -0.0079
                 Mean entropy loss: 0.1743
                       Mean reward: 50.81
               Mean episode length: 789.79
           Episode_Reward/progress: 3.1890
              Episode_Reward/alive: 0.4065
            Episode_Reward/upright: 0.0784
     Episode_Reward/move_to_target: 0.3985
          Episode_Reward/action_l2: -0.0164
             Episode_Reward/energy: -0.6284
   Episode_Reward/joint_pos_limits: -0.2672
      Episode_Termination/time_out: 0.7772
  Episode_Termination/torso_height: 0.2228
--------------------------------------------------------------------------------
                   Total timesteps: 4227072
                    Iteration time: 0.34s
                      Time elapsed: 00:01:33
                               ETA: 00:01:28

################################################################################
                      [1m Learning iteration 258/500 [0m                      

                       Computation: 47830 steps/s (collection: 0.253s, learning 0.090s)
             Mean action noise std: 0.25
          Mean value_function loss: 0.0656
               Mean surrogate loss: -0.0056
                 Mean entropy loss: 0.1320
                       Mean reward: 53.46
               Mean episode length: 823.90
           Episode_Reward/progress: 3.6947
              Episode_Reward/alive: 0.4514
            Episode_Reward/upright: 0.0880
     Episode_Reward/move_to_target: 0.4451
          Episode_Reward/action_l2: -0.0185
             Episode_Reward/energy: -0.7195
   Episode_Reward/joint_pos_limits: -0.2935
      Episode_Termination/time_out: 0.7763
  Episode_Termination/torso_height: 0.2237
--------------------------------------------------------------------------------
                   Total timesteps: 4243456
                    Iteration time: 0.34s
                      Time elapsed: 00:01:33
                               ETA: 00:01:27

################################################################################
                      [1m Learning iteration 259/500 [0m                      

                       Computation: 47575 steps/s (collection: 0.257s, learning 0.087s)
             Mean action noise std: 0.25
          Mean value_function loss: 0.0545
               Mean surrogate loss: -0.0059
                 Mean entropy loss: 0.1103
                       Mean reward: 54.57
               Mean episode length: 832.89
           Episode_Reward/progress: 3.9681
              Episode_Reward/alive: 0.4950
            Episode_Reward/upright: 0.0971
     Episode_Reward/move_to_target: 0.4909
          Episode_Reward/action_l2: -0.0199
             Episode_Reward/energy: -0.7844
   Episode_Reward/joint_pos_limits: -0.3168
      Episode_Termination/time_out: 0.7776
  Episode_Termination/torso_height: 0.2224
--------------------------------------------------------------------------------
                   Total timesteps: 4259840
                    Iteration time: 0.34s
                      Time elapsed: 00:01:34
                               ETA: 00:01:27

################################################################################
                      [1m Learning iteration 260/500 [0m                      

                       Computation: 47675 steps/s (collection: 0.254s, learning 0.090s)
             Mean action noise std: 0.25
          Mean value_function loss: 0.0704
               Mean surrogate loss: -0.0074
                 Mean entropy loss: 0.0899
                       Mean reward: 53.50
               Mean episode length: 814.73
           Episode_Reward/progress: 3.5774
              Episode_Reward/alive: 0.4466
            Episode_Reward/upright: 0.0854
     Episode_Reward/move_to_target: 0.4356
          Episode_Reward/action_l2: -0.0183
             Episode_Reward/energy: -0.6936
   Episode_Reward/joint_pos_limits: -0.2950
      Episode_Termination/time_out: 0.7810
  Episode_Termination/torso_height: 0.2190
--------------------------------------------------------------------------------
                   Total timesteps: 4276224
                    Iteration time: 0.34s
                      Time elapsed: 00:01:34
                               ETA: 00:01:27

################################################################################
                      [1m Learning iteration 261/500 [0m                      

                       Computation: 46747 steps/s (collection: 0.260s, learning 0.091s)
             Mean action noise std: 0.25
          Mean value_function loss: 0.1012
               Mean surrogate loss: -0.0076
                 Mean entropy loss: 0.0505
                       Mean reward: 54.38
               Mean episode length: 824.53
           Episode_Reward/progress: 3.8280
              Episode_Reward/alive: 0.4700
            Episode_Reward/upright: 0.0917
     Episode_Reward/move_to_target: 0.4658
          Episode_Reward/action_l2: -0.0191
             Episode_Reward/energy: -0.7538
   Episode_Reward/joint_pos_limits: -0.3035
      Episode_Termination/time_out: 0.7811
  Episode_Termination/torso_height: 0.2189
--------------------------------------------------------------------------------
                   Total timesteps: 4292608
                    Iteration time: 0.35s
                      Time elapsed: 00:01:34
                               ETA: 00:01:26

################################################################################
                      [1m Learning iteration 262/500 [0m                      

                       Computation: 48005 steps/s (collection: 0.250s, learning 0.091s)
             Mean action noise std: 0.25
          Mean value_function loss: 0.0935
               Mean surrogate loss: -0.0074
                 Mean entropy loss: 0.0278
                       Mean reward: 56.52
               Mean episode length: 850.32
           Episode_Reward/progress: 4.1916
              Episode_Reward/alive: 0.5000
            Episode_Reward/upright: 0.0985
     Episode_Reward/move_to_target: 0.4967
          Episode_Reward/action_l2: -0.0203
             Episode_Reward/energy: -0.8100
   Episode_Reward/joint_pos_limits: -0.3217
      Episode_Termination/time_out: 0.7858
  Episode_Termination/torso_height: 0.2142
--------------------------------------------------------------------------------
                   Total timesteps: 4308992
                    Iteration time: 0.34s
                      Time elapsed: 00:01:35
                               ETA: 00:01:26

################################################################################
                      [1m Learning iteration 263/500 [0m                      

                       Computation: 47095 steps/s (collection: 0.250s, learning 0.097s)
             Mean action noise std: 0.25
          Mean value_function loss: 0.0777
               Mean surrogate loss: -0.0065
                 Mean entropy loss: 0.0234
                       Mean reward: 56.87
               Mean episode length: 853.67
           Episode_Reward/progress: 3.5876
              Episode_Reward/alive: 0.4481
            Episode_Reward/upright: 0.0844
     Episode_Reward/move_to_target: 0.4315
          Episode_Reward/action_l2: -0.0187
             Episode_Reward/energy: -0.7038
   Episode_Reward/joint_pos_limits: -0.2926
      Episode_Termination/time_out: 0.7863
  Episode_Termination/torso_height: 0.2137
--------------------------------------------------------------------------------
                   Total timesteps: 4325376
                    Iteration time: 0.35s
                      Time elapsed: 00:01:35
                               ETA: 00:01:25

################################################################################
                      [1m Learning iteration 264/500 [0m                      

                       Computation: 41705 steps/s (collection: 0.295s, learning 0.098s)
             Mean action noise std: 0.25
          Mean value_function loss: 0.0909
               Mean surrogate loss: -0.0076
                 Mean entropy loss: 0.0129
                       Mean reward: 57.72
               Mean episode length: 862.36
           Episode_Reward/progress: 3.9571
              Episode_Reward/alive: 0.4726
            Episode_Reward/upright: 0.0924
     Episode_Reward/move_to_target: 0.4684
          Episode_Reward/action_l2: -0.0193
             Episode_Reward/energy: -0.7546
   Episode_Reward/joint_pos_limits: -0.3056
      Episode_Termination/time_out: 0.7837
  Episode_Termination/torso_height: 0.2163
--------------------------------------------------------------------------------
                   Total timesteps: 4341760
                    Iteration time: 0.39s
                      Time elapsed: 00:01:36
                               ETA: 00:01:25

################################################################################
                      [1m Learning iteration 265/500 [0m                      

                       Computation: 43550 steps/s (collection: 0.281s, learning 0.095s)
             Mean action noise std: 0.25
          Mean value_function loss: 0.0598
               Mean surrogate loss: -0.0089
                 Mean entropy loss: -0.0094
                       Mean reward: 55.56
               Mean episode length: 830.18
           Episode_Reward/progress: 2.5531
              Episode_Reward/alive: 0.3156
            Episode_Reward/upright: 0.0591
     Episode_Reward/move_to_target: 0.3045
          Episode_Reward/action_l2: -0.0131
             Episode_Reward/energy: -0.4874
   Episode_Reward/joint_pos_limits: -0.2081
      Episode_Termination/time_out: 0.7876
  Episode_Termination/torso_height: 0.2124
--------------------------------------------------------------------------------
                   Total timesteps: 4358144
                    Iteration time: 0.38s
                      Time elapsed: 00:01:36
                               ETA: 00:01:25

################################################################################
                      [1m Learning iteration 266/500 [0m                      

                       Computation: 45743 steps/s (collection: 0.268s, learning 0.091s)
             Mean action noise std: 0.25
          Mean value_function loss: 0.0612
               Mean surrogate loss: -0.0073
                 Mean entropy loss: -0.0373
                       Mean reward: 55.83
               Mean episode length: 832.77
           Episode_Reward/progress: 3.6640
              Episode_Reward/alive: 0.4478
            Episode_Reward/upright: 0.0851
     Episode_Reward/move_to_target: 0.4372
          Episode_Reward/action_l2: -0.0185
             Episode_Reward/energy: -0.6974
   Episode_Reward/joint_pos_limits: -0.2918
      Episode_Termination/time_out: 0.7864
  Episode_Termination/torso_height: 0.2136
--------------------------------------------------------------------------------
                   Total timesteps: 4374528
                    Iteration time: 0.36s
                      Time elapsed: 00:01:36
                               ETA: 00:01:24

################################################################################
                      [1m Learning iteration 267/500 [0m                      

                       Computation: 48836 steps/s (collection: 0.245s, learning 0.091s)
             Mean action noise std: 0.25
          Mean value_function loss: 0.0673
               Mean surrogate loss: -0.0079
                 Mean entropy loss: -0.0580
                       Mean reward: 56.19
               Mean episode length: 836.55
           Episode_Reward/progress: 3.4227
              Episode_Reward/alive: 0.4223
            Episode_Reward/upright: 0.0820
     Episode_Reward/move_to_target: 0.4068
          Episode_Reward/action_l2: -0.0172
             Episode_Reward/energy: -0.6516
   Episode_Reward/joint_pos_limits: -0.2787
      Episode_Termination/time_out: 0.7910
  Episode_Termination/torso_height: 0.2090
--------------------------------------------------------------------------------
                   Total timesteps: 4390912
                    Iteration time: 0.34s
                      Time elapsed: 00:01:37
                               ETA: 00:01:24

################################################################################
                      [1m Learning iteration 268/500 [0m                      

                       Computation: 49231 steps/s (collection: 0.245s, learning 0.088s)
             Mean action noise std: 0.25
          Mean value_function loss: 0.0545
               Mean surrogate loss: -0.0050
                 Mean entropy loss: -0.0804
                       Mean reward: 55.64
               Mean episode length: 828.63
           Episode_Reward/progress: 2.6063
              Episode_Reward/alive: 0.3349
            Episode_Reward/upright: 0.0636
     Episode_Reward/move_to_target: 0.3325
          Episode_Reward/action_l2: -0.0137
             Episode_Reward/energy: -0.5165
   Episode_Reward/joint_pos_limits: -0.2203
      Episode_Termination/time_out: 0.7918
  Episode_Termination/torso_height: 0.2082
--------------------------------------------------------------------------------
                   Total timesteps: 4407296
                    Iteration time: 0.33s
                      Time elapsed: 00:01:37
                               ETA: 00:01:24

################################################################################
                      [1m Learning iteration 269/500 [0m                      

                       Computation: 48079 steps/s (collection: 0.251s, learning 0.090s)
             Mean action noise std: 0.24
          Mean value_function loss: 0.0799
               Mean surrogate loss: -0.0070
                 Mean entropy loss: -0.1117
                       Mean reward: 53.47
               Mean episode length: 794.44
           Episode_Reward/progress: 3.6274
              Episode_Reward/alive: 0.4347
            Episode_Reward/upright: 0.0846
     Episode_Reward/move_to_target: 0.4307
          Episode_Reward/action_l2: -0.0175
             Episode_Reward/energy: -0.6768
   Episode_Reward/joint_pos_limits: -0.2835
      Episode_Termination/time_out: 0.7939
  Episode_Termination/torso_height: 0.2061
--------------------------------------------------------------------------------
                   Total timesteps: 4423680
                    Iteration time: 0.34s
                      Time elapsed: 00:01:37
                               ETA: 00:01:23

################################################################################
                      [1m Learning iteration 270/500 [0m                      

                       Computation: 47351 steps/s (collection: 0.258s, learning 0.088s)
             Mean action noise std: 0.24
          Mean value_function loss: 0.0419
               Mean surrogate loss: -0.0076
                 Mean entropy loss: -0.1364
                       Mean reward: 56.04
               Mean episode length: 827.91
           Episode_Reward/progress: 4.0319
              Episode_Reward/alive: 0.4850
            Episode_Reward/upright: 0.0943
     Episode_Reward/move_to_target: 0.4725
          Episode_Reward/action_l2: -0.0199
             Episode_Reward/energy: -0.7696
   Episode_Reward/joint_pos_limits: -0.3143
      Episode_Termination/time_out: 0.8043
  Episode_Termination/torso_height: 0.1957
--------------------------------------------------------------------------------
                   Total timesteps: 4440064
                    Iteration time: 0.35s
                      Time elapsed: 00:01:38
                               ETA: 00:01:23

################################################################################
                      [1m Learning iteration 271/500 [0m                      

                       Computation: 49790 steps/s (collection: 0.242s, learning 0.087s)
             Mean action noise std: 0.24
          Mean value_function loss: 0.0568
               Mean surrogate loss: -0.0068
                 Mean entropy loss: -0.1588
                       Mean reward: 56.42
               Mean episode length: 827.90
           Episode_Reward/progress: 4.3393
              Episode_Reward/alive: 0.4927
            Episode_Reward/upright: 0.0976
     Episode_Reward/move_to_target: 0.4866
          Episode_Reward/action_l2: -0.0200
             Episode_Reward/energy: -0.7726
   Episode_Reward/joint_pos_limits: -0.3194
      Episode_Termination/time_out: 0.8091
  Episode_Termination/torso_height: 0.1909
--------------------------------------------------------------------------------
                   Total timesteps: 4456448
                    Iteration time: 0.33s
                      Time elapsed: 00:01:38
                               ETA: 00:01:22

################################################################################
                      [1m Learning iteration 272/500 [0m                      

                       Computation: 48390 steps/s (collection: 0.244s, learning 0.095s)
             Mean action noise std: 0.24
          Mean value_function loss: 0.0493
               Mean surrogate loss: -0.0062
                 Mean entropy loss: -0.1863
                       Mean reward: 59.49
               Mean episode length: 868.23
           Episode_Reward/progress: 4.0305
              Episode_Reward/alive: 0.4831
            Episode_Reward/upright: 0.0944
     Episode_Reward/move_to_target: 0.4774
          Episode_Reward/action_l2: -0.0197
             Episode_Reward/energy: -0.7544
   Episode_Reward/joint_pos_limits: -0.3149
      Episode_Termination/time_out: 0.8094
  Episode_Termination/torso_height: 0.1906
--------------------------------------------------------------------------------
                   Total timesteps: 4472832
                    Iteration time: 0.34s
                      Time elapsed: 00:01:38
                               ETA: 00:01:22

################################################################################
                      [1m Learning iteration 273/500 [0m                      

                       Computation: 46632 steps/s (collection: 0.260s, learning 0.091s)
             Mean action noise std: 0.24
          Mean value_function loss: 0.0574
               Mean surrogate loss: -0.0057
                 Mean entropy loss: -0.2007
                       Mean reward: 60.99
               Mean episode length: 886.19
           Episode_Reward/progress: 4.0732
              Episode_Reward/alive: 0.4942
            Episode_Reward/upright: 0.0963
     Episode_Reward/move_to_target: 0.4882
          Episode_Reward/action_l2: -0.0201
             Episode_Reward/energy: -0.7860
   Episode_Reward/joint_pos_limits: -0.3229
      Episode_Termination/time_out: 0.8126
  Episode_Termination/torso_height: 0.1874
--------------------------------------------------------------------------------
                   Total timesteps: 4489216
                    Iteration time: 0.35s
                      Time elapsed: 00:01:39
                               ETA: 00:01:22

################################################################################
                      [1m Learning iteration 274/500 [0m                      

                       Computation: 47720 steps/s (collection: 0.257s, learning 0.086s)
             Mean action noise std: 0.24
          Mean value_function loss: 0.0712
               Mean surrogate loss: -0.0060
                 Mean entropy loss: -0.2093
                       Mean reward: 64.67
               Mean episode length: 929.90
           Episode_Reward/progress: 4.2161
              Episode_Reward/alive: 0.4991
            Episode_Reward/upright: 0.0982
     Episode_Reward/move_to_target: 0.4972
          Episode_Reward/action_l2: -0.0202
             Episode_Reward/energy: -0.7872
   Episode_Reward/joint_pos_limits: -0.3256
      Episode_Termination/time_out: 0.8183
  Episode_Termination/torso_height: 0.1817
--------------------------------------------------------------------------------
                   Total timesteps: 4505600
                    Iteration time: 0.34s
                      Time elapsed: 00:01:39
                               ETA: 00:01:21

################################################################################
                      [1m Learning iteration 275/500 [0m                      

                       Computation: 41311 steps/s (collection: 0.298s, learning 0.099s)
             Mean action noise std: 0.24
          Mean value_function loss: 0.0716
               Mean surrogate loss: -0.0070
                 Mean entropy loss: -0.2253
                       Mean reward: 65.27
               Mean episode length: 936.53
           Episode_Reward/progress: 4.2559
              Episode_Reward/alive: 0.4975
            Episode_Reward/upright: 0.0975
     Episode_Reward/move_to_target: 0.4914
          Episode_Reward/action_l2: -0.0203
             Episode_Reward/energy: -0.7860
   Episode_Reward/joint_pos_limits: -0.3225
      Episode_Termination/time_out: 0.8250
  Episode_Termination/torso_height: 0.1750
--------------------------------------------------------------------------------
                   Total timesteps: 4521984
                    Iteration time: 0.40s
                      Time elapsed: 00:01:39
                               ETA: 00:01:21

################################################################################
                      [1m Learning iteration 276/500 [0m                      

                       Computation: 42881 steps/s (collection: 0.294s, learning 0.088s)
             Mean action noise std: 0.24
          Mean value_function loss: 0.0602
               Mean surrogate loss: -0.0060
                 Mean entropy loss: -0.2400
                       Mean reward: 65.09
               Mean episode length: 937.37
           Episode_Reward/progress: 4.1114
              Episode_Reward/alive: 0.4866
            Episode_Reward/upright: 0.0943
     Episode_Reward/move_to_target: 0.4796
          Episode_Reward/action_l2: -0.0201
             Episode_Reward/energy: -0.7712
   Episode_Reward/joint_pos_limits: -0.3153
      Episode_Termination/time_out: 0.8292
  Episode_Termination/torso_height: 0.1708
--------------------------------------------------------------------------------
                   Total timesteps: 4538368
                    Iteration time: 0.38s
                      Time elapsed: 00:01:40
                               ETA: 00:01:21

################################################################################
                      [1m Learning iteration 277/500 [0m                      

                       Computation: 47463 steps/s (collection: 0.272s, learning 0.073s)
             Mean action noise std: 0.24
          Mean value_function loss: 0.0731
               Mean surrogate loss: -0.0074
                 Mean entropy loss: -0.2640
                       Mean reward: 64.66
               Mean episode length: 925.01
           Episode_Reward/progress: 3.9872
              Episode_Reward/alive: 0.4627
            Episode_Reward/upright: 0.0911
     Episode_Reward/move_to_target: 0.4581
          Episode_Reward/action_l2: -0.0189
             Episode_Reward/energy: -0.7448
   Episode_Reward/joint_pos_limits: -0.2979
      Episode_Termination/time_out: 0.8300
  Episode_Termination/torso_height: 0.1700
--------------------------------------------------------------------------------
                   Total timesteps: 4554752
                    Iteration time: 0.35s
                      Time elapsed: 00:01:40
                               ETA: 00:01:20

################################################################################
                      [1m Learning iteration 278/500 [0m                      

                       Computation: 45880 steps/s (collection: 0.269s, learning 0.088s)
             Mean action noise std: 0.24
          Mean value_function loss: 0.0645
               Mean surrogate loss: -0.0069
                 Mean entropy loss: -0.2788
                       Mean reward: 63.20
               Mean episode length: 907.13
           Episode_Reward/progress: 3.9155
              Episode_Reward/alive: 0.4679
            Episode_Reward/upright: 0.0899
     Episode_Reward/move_to_target: 0.4584
          Episode_Reward/action_l2: -0.0192
             Episode_Reward/energy: -0.7253
   Episode_Reward/joint_pos_limits: -0.3055
      Episode_Termination/time_out: 0.8394
  Episode_Termination/torso_height: 0.1606
--------------------------------------------------------------------------------
                   Total timesteps: 4571136
                    Iteration time: 0.36s
                      Time elapsed: 00:01:40
                               ETA: 00:01:20

################################################################################
                      [1m Learning iteration 279/500 [0m                      

                       Computation: 46549 steps/s (collection: 0.261s, learning 0.091s)
             Mean action noise std: 0.24
          Mean value_function loss: 0.0650
               Mean surrogate loss: -0.0074
                 Mean entropy loss: -0.2868
                       Mean reward: 59.12
               Mean episode length: 864.55
           Episode_Reward/progress: 3.2714
              Episode_Reward/alive: 0.4079
            Episode_Reward/upright: 0.0782
     Episode_Reward/move_to_target: 0.3756
          Episode_Reward/action_l2: -0.0175
             Episode_Reward/energy: -0.6123
   Episode_Reward/joint_pos_limits: -0.2721
      Episode_Termination/time_out: 0.8364
  Episode_Termination/torso_height: 0.1636
--------------------------------------------------------------------------------
                   Total timesteps: 4587520
                    Iteration time: 0.35s
                      Time elapsed: 00:01:41
                               ETA: 00:01:19

################################################################################
                      [1m Learning iteration 280/500 [0m                      

                       Computation: 49266 steps/s (collection: 0.245s, learning 0.088s)
             Mean action noise std: 0.24
          Mean value_function loss: 0.0640
               Mean surrogate loss: -0.0073
                 Mean entropy loss: -0.2900
                       Mean reward: 58.08
               Mean episode length: 849.46
           Episode_Reward/progress: 3.6703
              Episode_Reward/alive: 0.4330
            Episode_Reward/upright: 0.0835
     Episode_Reward/move_to_target: 0.4233
          Episode_Reward/action_l2: -0.0179
             Episode_Reward/energy: -0.6774
   Episode_Reward/joint_pos_limits: -0.2823
      Episode_Termination/time_out: 0.8326
  Episode_Termination/torso_height: 0.1674
--------------------------------------------------------------------------------
                   Total timesteps: 4603904
                    Iteration time: 0.33s
                      Time elapsed: 00:01:41
                               ETA: 00:01:19

################################################################################
                      [1m Learning iteration 281/500 [0m                      

                       Computation: 47337 steps/s (collection: 0.255s, learning 0.091s)
             Mean action noise std: 0.24
          Mean value_function loss: 0.0676
               Mean surrogate loss: -0.0059
                 Mean entropy loss: -0.3122
                       Mean reward: 56.09
               Mean episode length: 823.43
           Episode_Reward/progress: 2.6213
              Episode_Reward/alive: 0.3270
            Episode_Reward/upright: 0.0614
     Episode_Reward/move_to_target: 0.3188
          Episode_Reward/action_l2: -0.0136
             Episode_Reward/energy: -0.4987
   Episode_Reward/joint_pos_limits: -0.2190
      Episode_Termination/time_out: 0.8284
  Episode_Termination/torso_height: 0.1716
--------------------------------------------------------------------------------
                   Total timesteps: 4620288
                    Iteration time: 0.35s
                      Time elapsed: 00:01:42
                               ETA: 00:01:19

################################################################################
                      [1m Learning iteration 282/500 [0m                      

                       Computation: 47941 steps/s (collection: 0.253s, learning 0.088s)
             Mean action noise std: 0.24
          Mean value_function loss: 0.0605
               Mean surrogate loss: -0.0073
                 Mean entropy loss: -0.3210
                       Mean reward: 55.10
               Mean episode length: 808.13
           Episode_Reward/progress: 3.9350
              Episode_Reward/alive: 0.4636
            Episode_Reward/upright: 0.0902
     Episode_Reward/move_to_target: 0.4612
          Episode_Reward/action_l2: -0.0188
             Episode_Reward/energy: -0.7224
   Episode_Reward/joint_pos_limits: -0.3029
      Episode_Termination/time_out: 0.8290
  Episode_Termination/torso_height: 0.1710
--------------------------------------------------------------------------------
                   Total timesteps: 4636672
                    Iteration time: 0.34s
                      Time elapsed: 00:01:42
                               ETA: 00:01:18

################################################################################
                      [1m Learning iteration 283/500 [0m                      

                       Computation: 47591 steps/s (collection: 0.254s, learning 0.091s)
             Mean action noise std: 0.24
          Mean value_function loss: 0.0610
               Mean surrogate loss: -0.0077
                 Mean entropy loss: -0.3316
                       Mean reward: 54.89
               Mean episode length: 808.38
           Episode_Reward/progress: 2.6982
              Episode_Reward/alive: 0.3420
            Episode_Reward/upright: 0.0642
     Episode_Reward/move_to_target: 0.3321
          Episode_Reward/action_l2: -0.0142
             Episode_Reward/energy: -0.5155
   Episode_Reward/joint_pos_limits: -0.2278
      Episode_Termination/time_out: 0.8386
  Episode_Termination/torso_height: 0.1614
--------------------------------------------------------------------------------
                   Total timesteps: 4653056
                    Iteration time: 0.34s
                      Time elapsed: 00:01:42
                               ETA: 00:01:18

################################################################################
                      [1m Learning iteration 284/500 [0m                      

                       Computation: 46405 steps/s (collection: 0.262s, learning 0.091s)
             Mean action noise std: 0.24
          Mean value_function loss: 0.1034
               Mean surrogate loss: -0.0092
                 Mean entropy loss: -0.3349
                       Mean reward: 54.46
               Mean episode length: 802.14
           Episode_Reward/progress: 3.2855
              Episode_Reward/alive: 0.4149
            Episode_Reward/upright: 0.0796
     Episode_Reward/move_to_target: 0.3805
          Episode_Reward/action_l2: -0.0177
             Episode_Reward/energy: -0.6242
   Episode_Reward/joint_pos_limits: -0.2833
      Episode_Termination/time_out: 0.8423
  Episode_Termination/torso_height: 0.1577
--------------------------------------------------------------------------------
                   Total timesteps: 4669440
                    Iteration time: 0.35s
                      Time elapsed: 00:01:43
                               ETA: 00:01:18

################################################################################
                      [1m Learning iteration 285/500 [0m                      

                       Computation: 48045 steps/s (collection: 0.253s, learning 0.088s)
             Mean action noise std: 0.24
          Mean value_function loss: 0.0784
               Mean surrogate loss: -0.0081
                 Mean entropy loss: -0.3268
                       Mean reward: 57.02
               Mean episode length: 834.70
           Episode_Reward/progress: 4.0365
              Episode_Reward/alive: 0.4736
            Episode_Reward/upright: 0.0924
     Episode_Reward/move_to_target: 0.4643
          Episode_Reward/action_l2: -0.0195
             Episode_Reward/energy: -0.7391
   Episode_Reward/joint_pos_limits: -0.3115
      Episode_Termination/time_out: 0.8469
  Episode_Termination/torso_height: 0.1531
--------------------------------------------------------------------------------
                   Total timesteps: 4685824
                    Iteration time: 0.34s
                      Time elapsed: 00:01:43
                               ETA: 00:01:17

################################################################################
                      [1m Learning iteration 286/500 [0m                      

                       Computation: 43178 steps/s (collection: 0.283s, learning 0.096s)
             Mean action noise std: 0.24
          Mean value_function loss: 0.1000
               Mean surrogate loss: -0.0088
                 Mean entropy loss: -0.3172
                       Mean reward: 55.24
               Mean episode length: 808.41
           Episode_Reward/progress: 3.7958
              Episode_Reward/alive: 0.4388
            Episode_Reward/upright: 0.0853
     Episode_Reward/move_to_target: 0.4353
          Episode_Reward/action_l2: -0.0177
             Episode_Reward/energy: -0.6815
   Episode_Reward/joint_pos_limits: -0.2859
      Episode_Termination/time_out: 0.8435
  Episode_Termination/torso_height: 0.1565
--------------------------------------------------------------------------------
                   Total timesteps: 4702208
                    Iteration time: 0.38s
                      Time elapsed: 00:01:43
                               ETA: 00:01:17

################################################################################
                      [1m Learning iteration 287/500 [0m                      

                       Computation: 43228 steps/s (collection: 0.296s, learning 0.083s)
             Mean action noise std: 0.24
          Mean value_function loss: 0.0689
               Mean surrogate loss: -0.0085
                 Mean entropy loss: -0.3190
                       Mean reward: 55.80
               Mean episode length: 813.30
           Episode_Reward/progress: 4.0347
              Episode_Reward/alive: 0.4707
            Episode_Reward/upright: 0.0923
     Episode_Reward/move_to_target: 0.4654
          Episode_Reward/action_l2: -0.0194
             Episode_Reward/energy: -0.7535
   Episode_Reward/joint_pos_limits: -0.3056
      Episode_Termination/time_out: 0.8431
  Episode_Termination/torso_height: 0.1569
--------------------------------------------------------------------------------
                   Total timesteps: 4718592
                    Iteration time: 0.38s
                      Time elapsed: 00:01:44
                               ETA: 00:01:17

################################################################################
                      [1m Learning iteration 288/500 [0m                      

                       Computation: 44079 steps/s (collection: 0.277s, learning 0.094s)
             Mean action noise std: 0.24
          Mean value_function loss: 0.0745
               Mean surrogate loss: -0.0072
                 Mean entropy loss: -0.3405
                       Mean reward: 56.96
               Mean episode length: 820.61
           Episode_Reward/progress: 3.5462
              Episode_Reward/alive: 0.4100
            Episode_Reward/upright: 0.0797
     Episode_Reward/move_to_target: 0.4058
          Episode_Reward/action_l2: -0.0168
             Episode_Reward/energy: -0.6496
   Episode_Reward/joint_pos_limits: -0.2677
      Episode_Termination/time_out: 0.8404
  Episode_Termination/torso_height: 0.1596
--------------------------------------------------------------------------------
                   Total timesteps: 4734976
                    Iteration time: 0.37s
                      Time elapsed: 00:01:44
                               ETA: 00:01:16

################################################################################
                      [1m Learning iteration 289/500 [0m                      

                       Computation: 48136 steps/s (collection: 0.249s, learning 0.091s)
             Mean action noise std: 0.24
          Mean value_function loss: 0.0471
               Mean surrogate loss: -0.0060
                 Mean entropy loss: -0.3613
                       Mean reward: 57.69
               Mean episode length: 814.08
           Episode_Reward/progress: 3.4960
              Episode_Reward/alive: 0.4005
            Episode_Reward/upright: 0.0777
     Episode_Reward/move_to_target: 0.3944
          Episode_Reward/action_l2: -0.0165
             Episode_Reward/energy: -0.6193
   Episode_Reward/joint_pos_limits: -0.2633
      Episode_Termination/time_out: 0.8420
  Episode_Termination/torso_height: 0.1580
--------------------------------------------------------------------------------
                   Total timesteps: 4751360
                    Iteration time: 0.34s
                      Time elapsed: 00:01:44
                               ETA: 00:01:16

################################################################################
                      [1m Learning iteration 290/500 [0m                      

                       Computation: 48826 steps/s (collection: 0.249s, learning 0.087s)
             Mean action noise std: 0.24
          Mean value_function loss: 0.0411
               Mean surrogate loss: -0.0052
                 Mean entropy loss: -0.3986
                       Mean reward: 56.89
               Mean episode length: 802.54
           Episode_Reward/progress: 2.8632
              Episode_Reward/alive: 0.3486
            Episode_Reward/upright: 0.0652
     Episode_Reward/move_to_target: 0.3334
          Episode_Reward/action_l2: -0.0154
             Episode_Reward/energy: -0.5515
   Episode_Reward/joint_pos_limits: -0.2295
      Episode_Termination/time_out: 0.8452
  Episode_Termination/torso_height: 0.1548
--------------------------------------------------------------------------------
                   Total timesteps: 4767744
                    Iteration time: 0.34s
                      Time elapsed: 00:01:45
                               ETA: 00:01:15

################################################################################
                      [1m Learning iteration 291/500 [0m                      

                       Computation: 48642 steps/s (collection: 0.249s, learning 0.088s)
             Mean action noise std: 0.24
          Mean value_function loss: 0.0684
               Mean surrogate loss: -0.0053
                 Mean entropy loss: -0.4292
                       Mean reward: 58.33
               Mean episode length: 825.23
           Episode_Reward/progress: 3.7899
              Episode_Reward/alive: 0.4494
            Episode_Reward/upright: 0.0865
     Episode_Reward/move_to_target: 0.4450
          Episode_Reward/action_l2: -0.0186
             Episode_Reward/energy: -0.7053
   Episode_Reward/joint_pos_limits: -0.2939
      Episode_Termination/time_out: 0.8444
  Episode_Termination/torso_height: 0.1556
--------------------------------------------------------------------------------
                   Total timesteps: 4784128
                    Iteration time: 0.34s
                      Time elapsed: 00:01:45
                               ETA: 00:01:15

################################################################################
                      [1m Learning iteration 292/500 [0m                      

                       Computation: 48923 steps/s (collection: 0.246s, learning 0.089s)
             Mean action noise std: 0.24
          Mean value_function loss: 0.0434
               Mean surrogate loss: -0.0066
                 Mean entropy loss: -0.4480
                       Mean reward: 59.31
               Mean episode length: 835.74
           Episode_Reward/progress: 4.1074
              Episode_Reward/alive: 0.4710
            Episode_Reward/upright: 0.0927
     Episode_Reward/move_to_target: 0.4676
          Episode_Reward/action_l2: -0.0195
             Episode_Reward/energy: -0.7476
   Episode_Reward/joint_pos_limits: -0.3084
      Episode_Termination/time_out: 0.8438
  Episode_Termination/torso_height: 0.1562
--------------------------------------------------------------------------------
                   Total timesteps: 4800512
                    Iteration time: 0.33s
                      Time elapsed: 00:01:45
                               ETA: 00:01:15

################################################################################
                      [1m Learning iteration 293/500 [0m                      

                       Computation: 49719 steps/s (collection: 0.240s, learning 0.089s)
             Mean action noise std: 0.23
          Mean value_function loss: 0.0629
               Mean surrogate loss: -0.0071
                 Mean entropy loss: -0.4636
                       Mean reward: 58.81
               Mean episode length: 837.09
           Episode_Reward/progress: 3.7961
              Episode_Reward/alive: 0.4489
            Episode_Reward/upright: 0.0856
     Episode_Reward/move_to_target: 0.4071
          Episode_Reward/action_l2: -0.0195
             Episode_Reward/energy: -0.6687
   Episode_Reward/joint_pos_limits: -0.3025
      Episode_Termination/time_out: 0.8458
  Episode_Termination/torso_height: 0.1542
--------------------------------------------------------------------------------
                   Total timesteps: 4816896
                    Iteration time: 0.33s
                      Time elapsed: 00:01:46
                               ETA: 00:01:14

################################################################################
                      [1m Learning iteration 294/500 [0m                      

                       Computation: 47799 steps/s (collection: 0.254s, learning 0.089s)
             Mean action noise std: 0.23
          Mean value_function loss: 0.0822
               Mean surrogate loss: -0.0079
                 Mean entropy loss: -0.4825
                       Mean reward: 56.44
               Mean episode length: 805.80
           Episode_Reward/progress: 3.2432
              Episode_Reward/alive: 0.3841
            Episode_Reward/upright: 0.0727
     Episode_Reward/move_to_target: 0.3738
          Episode_Reward/action_l2: -0.0160
             Episode_Reward/energy: -0.6013
   Episode_Reward/joint_pos_limits: -0.2519
      Episode_Termination/time_out: 0.8452
  Episode_Termination/torso_height: 0.1548
--------------------------------------------------------------------------------
                   Total timesteps: 4833280
                    Iteration time: 0.34s
                      Time elapsed: 00:01:46
                               ETA: 00:01:14

################################################################################
                      [1m Learning iteration 295/500 [0m                      

                       Computation: 48121 steps/s (collection: 0.253s, learning 0.088s)
             Mean action noise std: 0.23
          Mean value_function loss: 0.0601
               Mean surrogate loss: -0.0067
                 Mean entropy loss: -0.4898
                       Mean reward: 55.19
               Mean episode length: 793.56
           Episode_Reward/progress: 3.8372
              Episode_Reward/alive: 0.4396
            Episode_Reward/upright: 0.0854
     Episode_Reward/move_to_target: 0.4256
          Episode_Reward/action_l2: -0.0185
             Episode_Reward/energy: -0.6874
   Episode_Reward/joint_pos_limits: -0.2864
      Episode_Termination/time_out: 0.8408
  Episode_Termination/torso_height: 0.1592
--------------------------------------------------------------------------------
                   Total timesteps: 4849664
                    Iteration time: 0.34s
                      Time elapsed: 00:01:46
                               ETA: 00:01:14

################################################################################
                      [1m Learning iteration 296/500 [0m                      

                       Computation: 48345 steps/s (collection: 0.249s, learning 0.090s)
             Mean action noise std: 0.23
          Mean value_function loss: 0.0433
               Mean surrogate loss: -0.0079
                 Mean entropy loss: -0.5080
                       Mean reward: 57.03
               Mean episode length: 814.91
           Episode_Reward/progress: 4.2360
              Episode_Reward/alive: 0.4839
            Episode_Reward/upright: 0.0940
     Episode_Reward/move_to_target: 0.4761
          Episode_Reward/action_l2: -0.0201
             Episode_Reward/energy: -0.7585
   Episode_Reward/joint_pos_limits: -0.3154
      Episode_Termination/time_out: 0.8465
  Episode_Termination/torso_height: 0.1535
--------------------------------------------------------------------------------
                   Total timesteps: 4866048
                    Iteration time: 0.34s
                      Time elapsed: 00:01:47
                               ETA: 00:01:13

################################################################################
                      [1m Learning iteration 297/500 [0m                      

                       Computation: 47390 steps/s (collection: 0.248s, learning 0.098s)
             Mean action noise std: 0.23
          Mean value_function loss: 0.0477
               Mean surrogate loss: -0.0066
                 Mean entropy loss: -0.5387
                       Mean reward: 57.70
               Mean episode length: 819.19
           Episode_Reward/progress: 3.7184
              Episode_Reward/alive: 0.4251
            Episode_Reward/upright: 0.0803
     Episode_Reward/move_to_target: 0.4109
          Episode_Reward/action_l2: -0.0177
             Episode_Reward/energy: -0.6500
   Episode_Reward/joint_pos_limits: -0.2754
      Episode_Termination/time_out: 0.8481
  Episode_Termination/torso_height: 0.1519
--------------------------------------------------------------------------------
                   Total timesteps: 4882432
                    Iteration time: 0.35s
                      Time elapsed: 00:01:47
                               ETA: 00:01:13

################################################################################
                      [1m Learning iteration 298/500 [0m                      

                       Computation: 43625 steps/s (collection: 0.282s, learning 0.093s)
             Mean action noise std: 0.23
          Mean value_function loss: 0.0611
               Mean surrogate loss: -0.0041
                 Mean entropy loss: -0.5810
                       Mean reward: 57.39
               Mean episode length: 811.91
           Episode_Reward/progress: 2.6193
              Episode_Reward/alive: 0.3178
            Episode_Reward/upright: 0.0586
     Episode_Reward/move_to_target: 0.2905
          Episode_Reward/action_l2: -0.0146
             Episode_Reward/energy: -0.4931
   Episode_Reward/joint_pos_limits: -0.2120
      Episode_Termination/time_out: 0.8499
  Episode_Termination/torso_height: 0.1501
--------------------------------------------------------------------------------
                   Total timesteps: 4898816
                    Iteration time: 0.38s
                      Time elapsed: 00:01:47
                               ETA: 00:01:12

################################################################################
                      [1m Learning iteration 299/500 [0m                      

                       Computation: 42784 steps/s (collection: 0.292s, learning 0.091s)
             Mean action noise std: 0.23
          Mean value_function loss: 0.0431
               Mean surrogate loss: -0.0075
                 Mean entropy loss: -0.6027
                       Mean reward: 58.15
               Mean episode length: 815.15
           Episode_Reward/progress: 3.9979
              Episode_Reward/alive: 0.4612
            Episode_Reward/upright: 0.0900
     Episode_Reward/move_to_target: 0.4427
          Episode_Reward/action_l2: -0.0192
             Episode_Reward/energy: -0.6982
   Episode_Reward/joint_pos_limits: -0.3106
      Episode_Termination/time_out: 0.8545
  Episode_Termination/torso_height: 0.1455
--------------------------------------------------------------------------------
                   Total timesteps: 4915200
                    Iteration time: 0.38s
                      Time elapsed: 00:01:48
                               ETA: 00:01:12

################################################################################
                      [1m Learning iteration 300/500 [0m                      

                       Computation: 47278 steps/s (collection: 0.253s, learning 0.093s)
             Mean action noise std: 0.23
          Mean value_function loss: 0.0656
               Mean surrogate loss: -0.0061
                 Mean entropy loss: -0.6104
                       Mean reward: 60.28
               Mean episode length: 836.12
           Episode_Reward/progress: 3.4062
              Episode_Reward/alive: 0.3853
            Episode_Reward/upright: 0.0744
     Episode_Reward/move_to_target: 0.3769
          Episode_Reward/action_l2: -0.0160
             Episode_Reward/energy: -0.6025
   Episode_Reward/joint_pos_limits: -0.2539
      Episode_Termination/time_out: 0.8555
  Episode_Termination/torso_height: 0.1445
--------------------------------------------------------------------------------
                   Total timesteps: 4931584
                    Iteration time: 0.35s
                      Time elapsed: 00:01:48
                               ETA: 00:01:12

################################################################################
                      [1m Learning iteration 301/500 [0m                      

                       Computation: 47827 steps/s (collection: 0.253s, learning 0.090s)
             Mean action noise std: 0.23
          Mean value_function loss: 0.0518
               Mean surrogate loss: -0.0055
                 Mean entropy loss: -0.6265
                       Mean reward: 61.13
               Mean episode length: 848.23
           Episode_Reward/progress: 2.6535
              Episode_Reward/alive: 0.3212
            Episode_Reward/upright: 0.0607
     Episode_Reward/move_to_target: 0.3107
          Episode_Reward/action_l2: -0.0137
             Episode_Reward/energy: -0.4829
   Episode_Reward/joint_pos_limits: -0.2194
      Episode_Termination/time_out: 0.8486
  Episode_Termination/torso_height: 0.1514
--------------------------------------------------------------------------------
                   Total timesteps: 4947968
                    Iteration time: 0.34s
                      Time elapsed: 00:01:49
                               ETA: 00:01:11

################################################################################
                      [1m Learning iteration 302/500 [0m                      

                       Computation: 48566 steps/s (collection: 0.249s, learning 0.088s)
             Mean action noise std: 0.23
          Mean value_function loss: 0.0607
               Mean surrogate loss: -0.0067
                 Mean entropy loss: -0.6628
                       Mean reward: 61.76
               Mean episode length: 851.91
           Episode_Reward/progress: 4.3166
              Episode_Reward/alive: 0.4755
            Episode_Reward/upright: 0.0934
     Episode_Reward/move_to_target: 0.4713
          Episode_Reward/action_l2: -0.0198
             Episode_Reward/energy: -0.7580
   Episode_Reward/joint_pos_limits: -0.3107
      Episode_Termination/time_out: 0.8473
  Episode_Termination/torso_height: 0.1527
--------------------------------------------------------------------------------
                   Total timesteps: 4964352
                    Iteration time: 0.34s
                      Time elapsed: 00:01:49
                               ETA: 00:01:11

################################################################################
                      [1m Learning iteration 303/500 [0m                      

                       Computation: 47094 steps/s (collection: 0.257s, learning 0.091s)
             Mean action noise std: 0.23
          Mean value_function loss: 0.0604
               Mean surrogate loss: -0.0058
                 Mean entropy loss: -0.7133
                       Mean reward: 63.33
               Mean episode length: 871.92
           Episode_Reward/progress: 4.4929
              Episode_Reward/alive: 0.4965
            Episode_Reward/upright: 0.0980
     Episode_Reward/move_to_target: 0.4913
          Episode_Reward/action_l2: -0.0206
             Episode_Reward/energy: -0.7867
   Episode_Reward/joint_pos_limits: -0.3246
      Episode_Termination/time_out: 0.8453
  Episode_Termination/torso_height: 0.1547
--------------------------------------------------------------------------------
                   Total timesteps: 4980736
                    Iteration time: 0.35s
                      Time elapsed: 00:01:49
                               ETA: 00:01:11

################################################################################
                      [1m Learning iteration 304/500 [0m                      

                       Computation: 46981 steps/s (collection: 0.259s, learning 0.090s)
             Mean action noise std: 0.23
          Mean value_function loss: 0.0526
               Mean surrogate loss: -0.0065
                 Mean entropy loss: -0.7508
                       Mean reward: 65.05
               Mean episode length: 882.11
           Episode_Reward/progress: 4.5471
              Episode_Reward/alive: 0.4937
            Episode_Reward/upright: 0.0974
     Episode_Reward/move_to_target: 0.4904
          Episode_Reward/action_l2: -0.0207
             Episode_Reward/energy: -0.7896
   Episode_Reward/joint_pos_limits: -0.3231
      Episode_Termination/time_out: 0.8438
  Episode_Termination/torso_height: 0.1562
--------------------------------------------------------------------------------
                   Total timesteps: 4997120
                    Iteration time: 0.35s
                      Time elapsed: 00:01:50
                               ETA: 00:01:10

################################################################################
                      [1m Learning iteration 305/500 [0m                      

                       Computation: 46430 steps/s (collection: 0.262s, learning 0.091s)
             Mean action noise std: 0.23
          Mean value_function loss: 0.0758
               Mean surrogate loss: -0.0058
                 Mean entropy loss: -0.7635
                       Mean reward: 67.11
               Mean episode length: 903.20
           Episode_Reward/progress: 4.5570
              Episode_Reward/alive: 0.4937
            Episode_Reward/upright: 0.0974
     Episode_Reward/move_to_target: 0.4911
          Episode_Reward/action_l2: -0.0206
             Episode_Reward/energy: -0.7811
   Episode_Reward/joint_pos_limits: -0.3249
      Episode_Termination/time_out: 0.8441
  Episode_Termination/torso_height: 0.1559
--------------------------------------------------------------------------------
                   Total timesteps: 5013504
                    Iteration time: 0.35s
                      Time elapsed: 00:01:50
                               ETA: 00:01:10

################################################################################
                      [1m Learning iteration 306/500 [0m                      

                       Computation: 47292 steps/s (collection: 0.256s, learning 0.090s)
             Mean action noise std: 0.23
          Mean value_function loss: 0.0450
               Mean surrogate loss: -0.0055
                 Mean entropy loss: -0.7770
                       Mean reward: 67.46
               Mean episode length: 902.37
           Episode_Reward/progress: 3.9430
              Episode_Reward/alive: 0.4262
            Episode_Reward/upright: 0.0835
     Episode_Reward/move_to_target: 0.4228
          Episode_Reward/action_l2: -0.0178
             Episode_Reward/energy: -0.6652
   Episode_Reward/joint_pos_limits: -0.2803
      Episode_Termination/time_out: 0.8423
  Episode_Termination/torso_height: 0.1577
--------------------------------------------------------------------------------
                   Total timesteps: 5029888
                    Iteration time: 0.35s
                      Time elapsed: 00:01:50
                               ETA: 00:01:09

################################################################################
                      [1m Learning iteration 307/500 [0m                      

                       Computation: 48436 steps/s (collection: 0.248s, learning 0.091s)
             Mean action noise std: 0.23
          Mean value_function loss: 0.0561
               Mean surrogate loss: -0.0062
                 Mean entropy loss: -0.8014
                       Mean reward: 66.70
               Mean episode length: 893.15
           Episode_Reward/progress: 4.5543
              Episode_Reward/alive: 0.4883
            Episode_Reward/upright: 0.0961
     Episode_Reward/move_to_target: 0.4845
          Episode_Reward/action_l2: -0.0206
             Episode_Reward/energy: -0.7769
   Episode_Reward/joint_pos_limits: -0.3193
      Episode_Termination/time_out: 0.8377
  Episode_Termination/torso_height: 0.1623
--------------------------------------------------------------------------------
                   Total timesteps: 5046272
                    Iteration time: 0.34s
                      Time elapsed: 00:01:51
                               ETA: 00:01:09

################################################################################
                      [1m Learning iteration 308/500 [0m                      

                       Computation: 47171 steps/s (collection: 0.251s, learning 0.096s)
             Mean action noise std: 0.23
          Mean value_function loss: 0.0697
               Mean surrogate loss: -0.0056
                 Mean entropy loss: -0.8295
                       Mean reward: 66.51
               Mean episode length: 883.50
           Episode_Reward/progress: 4.6148
              Episode_Reward/alive: 0.4902
            Episode_Reward/upright: 0.0973
     Episode_Reward/move_to_target: 0.4882
          Episode_Reward/action_l2: -0.0205
             Episode_Reward/energy: -0.7791
   Episode_Reward/joint_pos_limits: -0.3233
      Episode_Termination/time_out: 0.8361
  Episode_Termination/torso_height: 0.1639
--------------------------------------------------------------------------------
                   Total timesteps: 5062656
                    Iteration time: 0.35s
                      Time elapsed: 00:01:51
                               ETA: 00:01:09

################################################################################
                      [1m Learning iteration 309/500 [0m                      

                       Computation: 41249 steps/s (collection: 0.302s, learning 0.095s)
             Mean action noise std: 0.22
          Mean value_function loss: 0.0589
               Mean surrogate loss: -0.0084
                 Mean entropy loss: -0.8616
                       Mean reward: 63.50
               Mean episode length: 849.90
           Episode_Reward/progress: 3.6893
              Episode_Reward/alive: 0.4335
            Episode_Reward/upright: 0.0848
     Episode_Reward/move_to_target: 0.3763
          Episode_Reward/action_l2: -0.0187
             Episode_Reward/energy: -0.6404
   Episode_Reward/joint_pos_limits: -0.3096
      Episode_Termination/time_out: 0.8372
  Episode_Termination/torso_height: 0.1628
--------------------------------------------------------------------------------
                   Total timesteps: 5079040
                    Iteration time: 0.40s
                      Time elapsed: 00:01:51
                               ETA: 00:01:08

################################################################################
                      [1m Learning iteration 310/500 [0m                      

                       Computation: 44065 steps/s (collection: 0.295s, learning 0.077s)
             Mean action noise std: 0.22
          Mean value_function loss: 0.0566
               Mean surrogate loss: -0.0064
                 Mean entropy loss: -0.8649
                       Mean reward: 61.98
               Mean episode length: 832.46
           Episode_Reward/progress: 4.2692
              Episode_Reward/alive: 0.4652
            Episode_Reward/upright: 0.0905
     Episode_Reward/move_to_target: 0.4608
          Episode_Reward/action_l2: -0.0196
             Episode_Reward/energy: -0.7288
   Episode_Reward/joint_pos_limits: -0.3092
      Episode_Termination/time_out: 0.8351
  Episode_Termination/torso_height: 0.1649
--------------------------------------------------------------------------------
                   Total timesteps: 5095424
                    Iteration time: 0.37s
                      Time elapsed: 00:01:52
                               ETA: 00:01:08

################################################################################
                      [1m Learning iteration 311/500 [0m                      

                       Computation: 47281 steps/s (collection: 0.257s, learning 0.089s)
             Mean action noise std: 0.22
          Mean value_function loss: 0.0727
               Mean surrogate loss: -0.0076
                 Mean entropy loss: -0.8697
                       Mean reward: 61.98
               Mean episode length: 841.45
           Episode_Reward/progress: 4.3003
              Episode_Reward/alive: 0.4789
            Episode_Reward/upright: 0.0941
     Episode_Reward/move_to_target: 0.4610
          Episode_Reward/action_l2: -0.0207
             Episode_Reward/energy: -0.7694
   Episode_Reward/joint_pos_limits: -0.3196
      Episode_Termination/time_out: 0.8428
  Episode_Termination/torso_height: 0.1572
--------------------------------------------------------------------------------
                   Total timesteps: 5111808
                    Iteration time: 0.35s
                      Time elapsed: 00:01:52
                               ETA: 00:01:08

################################################################################
                      [1m Learning iteration 312/500 [0m                      

                       Computation: 47869 steps/s (collection: 0.256s, learning 0.086s)
             Mean action noise std: 0.22
          Mean value_function loss: 0.0495
               Mean surrogate loss: -0.0078
                 Mean entropy loss: -0.8784
                       Mean reward: 62.39
               Mean episode length: 843.28
           Episode_Reward/progress: 4.3568
              Episode_Reward/alive: 0.4705
            Episode_Reward/upright: 0.0931
     Episode_Reward/move_to_target: 0.4676
          Episode_Reward/action_l2: -0.0202
             Episode_Reward/energy: -0.7522
   Episode_Reward/joint_pos_limits: -0.3117
      Episode_Termination/time_out: 0.8441
  Episode_Termination/torso_height: 0.1559
--------------------------------------------------------------------------------
                   Total timesteps: 5128192
                    Iteration time: 0.34s
                      Time elapsed: 00:01:52
                               ETA: 00:01:07

################################################################################
                      [1m Learning iteration 313/500 [0m                      

                       Computation: 47033 steps/s (collection: 0.259s, learning 0.089s)
             Mean action noise std: 0.22
          Mean value_function loss: 0.0639
               Mean surrogate loss: -0.0067
                 Mean entropy loss: -0.8964
                       Mean reward: 61.94
               Mean episode length: 840.44
           Episode_Reward/progress: 4.1872
              Episode_Reward/alive: 0.4566
            Episode_Reward/upright: 0.0894
     Episode_Reward/move_to_target: 0.4499
          Episode_Reward/action_l2: -0.0195
             Episode_Reward/energy: -0.7296
   Episode_Reward/joint_pos_limits: -0.3004
      Episode_Termination/time_out: 0.8447
  Episode_Termination/torso_height: 0.1553
--------------------------------------------------------------------------------
                   Total timesteps: 5144576
                    Iteration time: 0.35s
                      Time elapsed: 00:01:53
                               ETA: 00:01:07

################################################################################
                      [1m Learning iteration 314/500 [0m                      

                       Computation: 46785 steps/s (collection: 0.258s, learning 0.092s)
             Mean action noise std: 0.22
          Mean value_function loss: 0.0476
               Mean surrogate loss: -0.0065
                 Mean entropy loss: -0.9369
                       Mean reward: 63.46
               Mean episode length: 850.54
           Episode_Reward/progress: 4.0577
              Episode_Reward/alive: 0.4468
            Episode_Reward/upright: 0.0864
     Episode_Reward/move_to_target: 0.4415
          Episode_Reward/action_l2: -0.0189
             Episode_Reward/energy: -0.7063
   Episode_Reward/joint_pos_limits: -0.2968
      Episode_Termination/time_out: 0.8453
  Episode_Termination/torso_height: 0.1547
--------------------------------------------------------------------------------
                   Total timesteps: 5160960
                    Iteration time: 0.35s
                      Time elapsed: 00:01:53
                               ETA: 00:01:07

################################################################################
                      [1m Learning iteration 315/500 [0m                      

                       Computation: 48512 steps/s (collection: 0.249s, learning 0.088s)
             Mean action noise std: 0.22
          Mean value_function loss: 0.0743
               Mean surrogate loss: -0.0003
                 Mean entropy loss: -0.9699
                       Mean reward: 66.56
               Mean episode length: 884.44
           Episode_Reward/progress: 4.6198
              Episode_Reward/alive: 0.5000
            Episode_Reward/upright: 0.0979
     Episode_Reward/move_to_target: 0.4903
          Episode_Reward/action_l2: -0.0215
             Episode_Reward/energy: -0.7879
   Episode_Reward/joint_pos_limits: -0.3314
      Episode_Termination/time_out: 0.8500
  Episode_Termination/torso_height: 0.1500
--------------------------------------------------------------------------------
                   Total timesteps: 5177344
                    Iteration time: 0.34s
                      Time elapsed: 00:01:53
                               ETA: 00:01:06

################################################################################
                      [1m Learning iteration 316/500 [0m                      

                       Computation: 48686 steps/s (collection: 0.249s, learning 0.088s)
             Mean action noise std: 0.22
          Mean value_function loss: 0.0575
               Mean surrogate loss: -0.0059
                 Mean entropy loss: -0.9764
                       Mean reward: 66.26
               Mean episode length: 869.43
           Episode_Reward/progress: 4.1808
              Episode_Reward/alive: 0.4423
            Episode_Reward/upright: 0.0862
     Episode_Reward/move_to_target: 0.4363
          Episode_Reward/action_l2: -0.0190
             Episode_Reward/energy: -0.6915
   Episode_Reward/joint_pos_limits: -0.2975
      Episode_Termination/time_out: 0.8589
  Episode_Termination/torso_height: 0.1411
--------------------------------------------------------------------------------
                   Total timesteps: 5193728
                    Iteration time: 0.34s
                      Time elapsed: 00:01:54
                               ETA: 00:01:06

################################################################################
                      [1m Learning iteration 317/500 [0m                      

                       Computation: 46911 steps/s (collection: 0.256s, learning 0.093s)
             Mean action noise std: 0.22
          Mean value_function loss: 0.0832
               Mean surrogate loss: -0.0076
                 Mean entropy loss: -0.9837
                       Mean reward: 66.99
               Mean episode length: 876.02
           Episode_Reward/progress: 4.5426
              Episode_Reward/alive: 0.4872
            Episode_Reward/upright: 0.0961
     Episode_Reward/move_to_target: 0.4825
          Episode_Reward/action_l2: -0.0208
             Episode_Reward/energy: -0.7795
   Episode_Reward/joint_pos_limits: -0.3213
      Episode_Termination/time_out: 0.8613
  Episode_Termination/torso_height: 0.1387
--------------------------------------------------------------------------------
                   Total timesteps: 5210112
                    Iteration time: 0.35s
                      Time elapsed: 00:01:54
                               ETA: 00:01:05

################################################################################
                      [1m Learning iteration 318/500 [0m                      

                       Computation: 49517 steps/s (collection: 0.262s, learning 0.069s)
             Mean action noise std: 0.22
          Mean value_function loss: 0.0499
               Mean surrogate loss: -0.0044
                 Mean entropy loss: -0.9988
                       Mean reward: 66.42
               Mean episode length: 860.38
           Episode_Reward/progress: 3.7679
              Episode_Reward/alive: 0.4053
            Episode_Reward/upright: 0.0771
     Episode_Reward/move_to_target: 0.3944
          Episode_Reward/action_l2: -0.0175
             Episode_Reward/energy: -0.6349
   Episode_Reward/joint_pos_limits: -0.2719
      Episode_Termination/time_out: 0.8629
  Episode_Termination/torso_height: 0.1371
--------------------------------------------------------------------------------
                   Total timesteps: 5226496
                    Iteration time: 0.33s
                      Time elapsed: 00:01:54
                               ETA: 00:01:05

################################################################################
                      [1m Learning iteration 319/500 [0m                      

                       Computation: 51656 steps/s (collection: 0.249s, learning 0.068s)
             Mean action noise std: 0.22
          Mean value_function loss: 0.0628
               Mean surrogate loss: -0.0078
                 Mean entropy loss: -1.0232
                       Mean reward: 65.61
               Mean episode length: 851.40
           Episode_Reward/progress: 4.4194
              Episode_Reward/alive: 0.4494
            Episode_Reward/upright: 0.0887
     Episode_Reward/move_to_target: 0.4445
          Episode_Reward/action_l2: -0.0195
             Episode_Reward/energy: -0.7232
   Episode_Reward/joint_pos_limits: -0.3000
      Episode_Termination/time_out: 0.8579
  Episode_Termination/torso_height: 0.1421
--------------------------------------------------------------------------------
                   Total timesteps: 5242880
                    Iteration time: 0.32s
                      Time elapsed: 00:01:55
                               ETA: 00:01:05

################################################################################
                      [1m Learning iteration 320/500 [0m                      

                       Computation: 42339 steps/s (collection: 0.309s, learning 0.078s)
             Mean action noise std: 0.22
          Mean value_function loss: 0.0722
               Mean surrogate loss: -0.0076
                 Mean entropy loss: -1.0443
                       Mean reward: 63.72
               Mean episode length: 824.49
           Episode_Reward/progress: 3.6820
              Episode_Reward/alive: 0.3901
            Episode_Reward/upright: 0.0758
     Episode_Reward/move_to_target: 0.3855
          Episode_Reward/action_l2: -0.0168
             Episode_Reward/energy: -0.6137
   Episode_Reward/joint_pos_limits: -0.2623
      Episode_Termination/time_out: 0.8599
  Episode_Termination/torso_height: 0.1401
--------------------------------------------------------------------------------
                   Total timesteps: 5259264
                    Iteration time: 0.39s
                      Time elapsed: 00:01:55
                               ETA: 00:01:04

################################################################################
                      [1m Learning iteration 321/500 [0m                      

                       Computation: 42840 steps/s (collection: 0.287s, learning 0.095s)
             Mean action noise std: 0.22
          Mean value_function loss: 0.0512
               Mean surrogate loss: -0.0020
                 Mean entropy loss: -1.0430
                       Mean reward: 64.95
               Mean episode length: 838.57
           Episode_Reward/progress: 3.8688
              Episode_Reward/alive: 0.4085
            Episode_Reward/upright: 0.0786
     Episode_Reward/move_to_target: 0.3974
          Episode_Reward/action_l2: -0.0179
             Episode_Reward/energy: -0.6444
   Episode_Reward/joint_pos_limits: -0.2750
      Episode_Termination/time_out: 0.8579
  Episode_Termination/torso_height: 0.1421
--------------------------------------------------------------------------------
                   Total timesteps: 5275648
                    Iteration time: 0.38s
                      Time elapsed: 00:01:56
                               ETA: 00:01:04

################################################################################
                      [1m Learning iteration 322/500 [0m                      

                       Computation: 45968 steps/s (collection: 0.267s, learning 0.089s)
             Mean action noise std: 0.22
          Mean value_function loss: 0.0723
               Mean surrogate loss: -0.0063
                 Mean entropy loss: -1.0494
                       Mean reward: 65.03
               Mean episode length: 837.20
           Episode_Reward/progress: 4.5170
              Episode_Reward/alive: 0.4699
            Episode_Reward/upright: 0.0923
     Episode_Reward/move_to_target: 0.4630
          Episode_Reward/action_l2: -0.0203
             Episode_Reward/energy: -0.7549
   Episode_Reward/joint_pos_limits: -0.3129
      Episode_Termination/time_out: 0.8557
  Episode_Termination/torso_height: 0.1443
--------------------------------------------------------------------------------
                   Total timesteps: 5292032
                    Iteration time: 0.36s
                      Time elapsed: 00:01:56
                               ETA: 00:01:04

################################################################################
                      [1m Learning iteration 323/500 [0m                      

                       Computation: 48408 steps/s (collection: 0.250s, learning 0.089s)
             Mean action noise std: 0.22
          Mean value_function loss: 0.0532
               Mean surrogate loss: -0.0049
                 Mean entropy loss: -1.0745
                       Mean reward: 64.44
               Mean episode length: 828.47
           Episode_Reward/progress: 4.0806
              Episode_Reward/alive: 0.4354
            Episode_Reward/upright: 0.0832
     Episode_Reward/move_to_target: 0.4228
          Episode_Reward/action_l2: -0.0191
             Episode_Reward/energy: -0.6657
   Episode_Reward/joint_pos_limits: -0.2973
      Episode_Termination/time_out: 0.8515
  Episode_Termination/torso_height: 0.1485
--------------------------------------------------------------------------------
                   Total timesteps: 5308416
                    Iteration time: 0.34s
                      Time elapsed: 00:01:56
                               ETA: 00:01:03

################################################################################
                      [1m Learning iteration 324/500 [0m                      

                       Computation: 48099 steps/s (collection: 0.252s, learning 0.088s)
             Mean action noise std: 0.22
          Mean value_function loss: 0.0602
               Mean surrogate loss: -0.0054
                 Mean entropy loss: -1.1123
                       Mean reward: 68.38
               Mean episode length: 871.92
           Episode_Reward/progress: 4.9496
              Episode_Reward/alive: 0.5000
            Episode_Reward/upright: 0.0994
     Episode_Reward/move_to_target: 0.4965
          Episode_Reward/action_l2: -0.0217
             Episode_Reward/energy: -0.7981
   Episode_Reward/joint_pos_limits: -0.3338
      Episode_Termination/time_out: 0.8578
  Episode_Termination/torso_height: 0.1422
--------------------------------------------------------------------------------
                   Total timesteps: 5324800
                    Iteration time: 0.34s
                      Time elapsed: 00:01:57
                               ETA: 00:01:03

################################################################################
                      [1m Learning iteration 325/500 [0m                      

                       Computation: 49662 steps/s (collection: 0.241s, learning 0.089s)
             Mean action noise std: 0.22
          Mean value_function loss: 0.0506
               Mean surrogate loss: -0.0072
                 Mean entropy loss: -1.1364
                       Mean reward: 69.10
               Mean episode length: 885.16
           Episode_Reward/progress: 4.8719
              Episode_Reward/alive: 0.4949
            Episode_Reward/upright: 0.0982
     Episode_Reward/move_to_target: 0.4793
          Episode_Reward/action_l2: -0.0217
             Episode_Reward/energy: -0.7938
   Episode_Reward/joint_pos_limits: -0.3349
      Episode_Termination/time_out: 0.8681
  Episode_Termination/torso_height: 0.1319
--------------------------------------------------------------------------------
                   Total timesteps: 5341184
                    Iteration time: 0.33s
                      Time elapsed: 00:01:57
                               ETA: 00:01:03

################################################################################
                      [1m Learning iteration 326/500 [0m                      

                       Computation: 48562 steps/s (collection: 0.249s, learning 0.088s)
             Mean action noise std: 0.22
          Mean value_function loss: 0.0453
               Mean surrogate loss: -0.0061
                 Mean entropy loss: -1.1632
                       Mean reward: 69.03
               Mean episode length: 886.65
           Episode_Reward/progress: 4.6361
              Episode_Reward/alive: 0.4816
            Episode_Reward/upright: 0.0935
     Episode_Reward/move_to_target: 0.4764
          Episode_Reward/action_l2: -0.0208
             Episode_Reward/energy: -0.7506
   Episode_Reward/joint_pos_limits: -0.3273
      Episode_Termination/time_out: 0.8723
  Episode_Termination/torso_height: 0.1277
--------------------------------------------------------------------------------
                   Total timesteps: 5357568
                    Iteration time: 0.34s
                      Time elapsed: 00:01:57
                               ETA: 00:01:02

################################################################################
                      [1m Learning iteration 327/500 [0m                      

                       Computation: 50290 steps/s (collection: 0.237s, learning 0.088s)
             Mean action noise std: 0.22
          Mean value_function loss: 0.0342
               Mean surrogate loss: -0.0075
                 Mean entropy loss: -1.1946
                       Mean reward: 69.89
               Mean episode length: 895.49
           Episode_Reward/progress: 3.9684
              Episode_Reward/alive: 0.4113
            Episode_Reward/upright: 0.0808
     Episode_Reward/move_to_target: 0.4095
          Episode_Reward/action_l2: -0.0180
             Episode_Reward/energy: -0.6608
   Episode_Reward/joint_pos_limits: -0.2767
      Episode_Termination/time_out: 0.8727
  Episode_Termination/torso_height: 0.1273
--------------------------------------------------------------------------------
                   Total timesteps: 5373952
                    Iteration time: 0.33s
                      Time elapsed: 00:01:58
                               ETA: 00:01:02

################################################################################
                      [1m Learning iteration 328/500 [0m                      

                       Computation: 50662 steps/s (collection: 0.232s, learning 0.091s)
             Mean action noise std: 0.22
          Mean value_function loss: 0.0401
               Mean surrogate loss: -0.0066
                 Mean entropy loss: -1.2300
                       Mean reward: 71.02
               Mean episode length: 906.80
           Episode_Reward/progress: 4.5777
              Episode_Reward/alive: 0.4717
            Episode_Reward/upright: 0.0902
     Episode_Reward/move_to_target: 0.4688
          Episode_Reward/action_l2: -0.0204
             Episode_Reward/energy: -0.7421
   Episode_Reward/joint_pos_limits: -0.3179
      Episode_Termination/time_out: 0.8723
  Episode_Termination/torso_height: 0.1277
--------------------------------------------------------------------------------
                   Total timesteps: 5390336
                    Iteration time: 0.32s
                      Time elapsed: 00:01:58
                               ETA: 00:01:01

################################################################################
                      [1m Learning iteration 329/500 [0m                      

                       Computation: 47133 steps/s (collection: 0.256s, learning 0.091s)
             Mean action noise std: 0.22
          Mean value_function loss: 0.0626
               Mean surrogate loss: -0.0052
                 Mean entropy loss: -1.2420
                       Mean reward: 72.36
               Mean episode length: 920.06
           Episode_Reward/progress: 4.7828
              Episode_Reward/alive: 0.4926
            Episode_Reward/upright: 0.0969
     Episode_Reward/move_to_target: 0.4891
          Episode_Reward/action_l2: -0.0215
             Episode_Reward/energy: -0.7830
   Episode_Reward/joint_pos_limits: -0.3309
      Episode_Termination/time_out: 0.8726
  Episode_Termination/torso_height: 0.1274
--------------------------------------------------------------------------------
                   Total timesteps: 5406720
                    Iteration time: 0.35s
                      Time elapsed: 00:01:58
                               ETA: 00:01:01

################################################################################
                      [1m Learning iteration 330/500 [0m                      

                       Computation: 48971 steps/s (collection: 0.247s, learning 0.088s)
             Mean action noise std: 0.21
          Mean value_function loss: 0.0428
               Mean surrogate loss: -0.0067
                 Mean entropy loss: -1.2545
                       Mean reward: 72.48
               Mean episode length: 919.06
           Episode_Reward/progress: 4.3436
              Episode_Reward/alive: 0.4551
            Episode_Reward/upright: 0.0893
     Episode_Reward/move_to_target: 0.4530
          Episode_Reward/action_l2: -0.0197
             Episode_Reward/energy: -0.7140
   Episode_Reward/joint_pos_limits: -0.3085
      Episode_Termination/time_out: 0.8729
  Episode_Termination/torso_height: 0.1271
--------------------------------------------------------------------------------
                   Total timesteps: 5423104
                    Iteration time: 0.33s
                      Time elapsed: 00:01:59
                               ETA: 00:01:01

################################################################################
                      [1m Learning iteration 331/500 [0m                      

                       Computation: 43442 steps/s (collection: 0.277s, learning 0.100s)
             Mean action noise std: 0.21
          Mean value_function loss: 0.0341
               Mean surrogate loss: -0.0055
                 Mean entropy loss: -1.2844
                       Mean reward: 71.24
               Mean episode length: 901.25
           Episode_Reward/progress: 4.3976
              Episode_Reward/alive: 0.4564
            Episode_Reward/upright: 0.0894
     Episode_Reward/move_to_target: 0.4533
          Episode_Reward/action_l2: -0.0201
             Episode_Reward/energy: -0.7264
   Episode_Reward/joint_pos_limits: -0.3082
      Episode_Termination/time_out: 0.8774
  Episode_Termination/torso_height: 0.1226
--------------------------------------------------------------------------------
                   Total timesteps: 5439488
                    Iteration time: 0.38s
                      Time elapsed: 00:01:59
                               ETA: 00:01:00

################################################################################
                      [1m Learning iteration 332/500 [0m                      

                       Computation: 41894 steps/s (collection: 0.295s, learning 0.096s)
             Mean action noise std: 0.21
          Mean value_function loss: 0.0328
               Mean surrogate loss: -0.0062
                 Mean entropy loss: -1.3004
                       Mean reward: 70.85
               Mean episode length: 890.10
           Episode_Reward/progress: 4.3181
              Episode_Reward/alive: 0.4449
            Episode_Reward/upright: 0.0868
     Episode_Reward/move_to_target: 0.4377
          Episode_Reward/action_l2: -0.0197
             Episode_Reward/energy: -0.7093
   Episode_Reward/joint_pos_limits: -0.3009
      Episode_Termination/time_out: 0.8765
  Episode_Termination/torso_height: 0.1235
--------------------------------------------------------------------------------
                   Total timesteps: 5455872
                    Iteration time: 0.39s
                      Time elapsed: 00:01:59
                               ETA: 00:01:00

################################################################################
                      [1m Learning iteration 333/500 [0m                      

                       Computation: 42744 steps/s (collection: 0.288s, learning 0.095s)
             Mean action noise std: 0.21
          Mean value_function loss: 0.0377
               Mean surrogate loss: -0.0071
                 Mean entropy loss: -1.3286
                       Mean reward: 71.40
               Mean episode length: 886.95
           Episode_Reward/progress: 4.7603
              Episode_Reward/alive: 0.4801
            Episode_Reward/upright: 0.0946
     Episode_Reward/move_to_target: 0.4765
          Episode_Reward/action_l2: -0.0212
             Episode_Reward/energy: -0.7584
   Episode_Reward/joint_pos_limits: -0.3252
      Episode_Termination/time_out: 0.8753
  Episode_Termination/torso_height: 0.1247
--------------------------------------------------------------------------------
                   Total timesteps: 5472256
                    Iteration time: 0.38s
                      Time elapsed: 00:02:00
                               ETA: 00:01:00

################################################################################
                      [1m Learning iteration 334/500 [0m                      

                       Computation: 46986 steps/s (collection: 0.261s, learning 0.088s)
             Mean action noise std: 0.21
          Mean value_function loss: 0.0384
               Mean surrogate loss: -0.0069
                 Mean entropy loss: -1.3511
                       Mean reward: 71.21
               Mean episode length: 879.49
           Episode_Reward/progress: 4.7120
              Episode_Reward/alive: 0.4781
            Episode_Reward/upright: 0.0940
     Episode_Reward/move_to_target: 0.4763
          Episode_Reward/action_l2: -0.0211
             Episode_Reward/energy: -0.7542
   Episode_Reward/joint_pos_limits: -0.3260
      Episode_Termination/time_out: 0.8740
  Episode_Termination/torso_height: 0.1260
--------------------------------------------------------------------------------
                   Total timesteps: 5488640
                    Iteration time: 0.35s
                      Time elapsed: 00:02:00
                               ETA: 00:00:59

################################################################################
                      [1m Learning iteration 335/500 [0m                      

                       Computation: 46080 steps/s (collection: 0.268s, learning 0.087s)
             Mean action noise std: 0.21
          Mean value_function loss: 0.0411
               Mean surrogate loss: -0.0050
                 Mean entropy loss: -1.3705
                       Mean reward: 71.30
               Mean episode length: 881.05
           Episode_Reward/progress: 4.4942
              Episode_Reward/alive: 0.4585
            Episode_Reward/upright: 0.0897
     Episode_Reward/move_to_target: 0.4521
          Episode_Reward/action_l2: -0.0202
             Episode_Reward/energy: -0.7196
   Episode_Reward/joint_pos_limits: -0.3129
      Episode_Termination/time_out: 0.8733
  Episode_Termination/torso_height: 0.1267
--------------------------------------------------------------------------------
                   Total timesteps: 5505024
                    Iteration time: 0.36s
                      Time elapsed: 00:02:00
                               ETA: 00:00:59

################################################################################
                      [1m Learning iteration 336/500 [0m                      

                       Computation: 48545 steps/s (collection: 0.252s, learning 0.086s)
             Mean action noise std: 0.21
          Mean value_function loss: 0.0301
               Mean surrogate loss: -0.0055
                 Mean entropy loss: -1.4003
                       Mean reward: 70.30
               Mean episode length: 868.72
           Episode_Reward/progress: 4.6977
              Episode_Reward/alive: 0.4707
            Episode_Reward/upright: 0.0929
     Episode_Reward/move_to_target: 0.4669
          Episode_Reward/action_l2: -0.0210
             Episode_Reward/energy: -0.7557
   Episode_Reward/joint_pos_limits: -0.3199
      Episode_Termination/time_out: 0.8734
  Episode_Termination/torso_height: 0.1266
--------------------------------------------------------------------------------
                   Total timesteps: 5521408
                    Iteration time: 0.34s
                      Time elapsed: 00:02:01
                               ETA: 00:00:59

################################################################################
                      [1m Learning iteration 337/500 [0m                      

                       Computation: 49824 steps/s (collection: 0.238s, learning 0.090s)
             Mean action noise std: 0.21
          Mean value_function loss: 0.0533
               Mean surrogate loss: -0.0056
                 Mean entropy loss: -1.4406
                       Mean reward: 69.58
               Mean episode length: 868.48
           Episode_Reward/progress: 3.8510
              Episode_Reward/alive: 0.4125
            Episode_Reward/upright: 0.0799
     Episode_Reward/move_to_target: 0.3578
          Episode_Reward/action_l2: -0.0191
             Episode_Reward/energy: -0.6031
   Episode_Reward/joint_pos_limits: -0.3062
      Episode_Termination/time_out: 0.8753
  Episode_Termination/torso_height: 0.1247
--------------------------------------------------------------------------------
                   Total timesteps: 5537792
                    Iteration time: 0.33s
                      Time elapsed: 00:02:01
                               ETA: 00:00:58

################################################################################
                      [1m Learning iteration 338/500 [0m                      

                       Computation: 46972 steps/s (collection: 0.259s, learning 0.090s)
             Mean action noise std: 0.21
          Mean value_function loss: 0.0358
               Mean surrogate loss: -0.0065
                 Mean entropy loss: -1.4560
                       Mean reward: 69.96
               Mean episode length: 871.68
           Episode_Reward/progress: 4.1804
              Episode_Reward/alive: 0.4275
            Episode_Reward/upright: 0.0830
     Episode_Reward/move_to_target: 0.4246
          Episode_Reward/action_l2: -0.0190
             Episode_Reward/energy: -0.6716
   Episode_Reward/joint_pos_limits: -0.2912
      Episode_Termination/time_out: 0.8734
  Episode_Termination/torso_height: 0.1266
--------------------------------------------------------------------------------
                   Total timesteps: 5554176
                    Iteration time: 0.35s
                      Time elapsed: 00:02:01
                               ETA: 00:00:58

################################################################################
                      [1m Learning iteration 339/500 [0m                      

                       Computation: 46610 steps/s (collection: 0.264s, learning 0.088s)
             Mean action noise std: 0.21
          Mean value_function loss: 0.0401
               Mean surrogate loss: -0.0056
                 Mean entropy loss: -1.4874
                       Mean reward: 70.70
               Mean episode length: 881.20
           Episode_Reward/progress: 4.8752
              Episode_Reward/alive: 0.4863
            Episode_Reward/upright: 0.0954
     Episode_Reward/move_to_target: 0.4839
          Episode_Reward/action_l2: -0.0218
             Episode_Reward/energy: -0.7776
   Episode_Reward/joint_pos_limits: -0.3304
      Episode_Termination/time_out: 0.8770
  Episode_Termination/torso_height: 0.1230
--------------------------------------------------------------------------------
                   Total timesteps: 5570560
                    Iteration time: 0.35s
                      Time elapsed: 00:02:02
                               ETA: 00:00:57

################################################################################
                      [1m Learning iteration 340/500 [0m                      

                       Computation: 47447 steps/s (collection: 0.248s, learning 0.097s)
             Mean action noise std: 0.21
          Mean value_function loss: 0.0406
               Mean surrogate loss: -0.0057
                 Mean entropy loss: -1.5188
                       Mean reward: 72.13
               Mean episode length: 888.37
           Episode_Reward/progress: 4.1202
              Episode_Reward/alive: 0.4038
            Episode_Reward/upright: 0.0796
     Episode_Reward/move_to_target: 0.4001
          Episode_Reward/action_l2: -0.0184
             Episode_Reward/energy: -0.6424
   Episode_Reward/joint_pos_limits: -0.2793
      Episode_Termination/time_out: 0.8828
  Episode_Termination/torso_height: 0.1172
--------------------------------------------------------------------------------
                   Total timesteps: 5586944
                    Iteration time: 0.35s
                      Time elapsed: 00:02:02
                               ETA: 00:00:57

################################################################################
                      [1m Learning iteration 341/500 [0m                      

                       Computation: 48100 steps/s (collection: 0.252s, learning 0.089s)
             Mean action noise std: 0.21
          Mean value_function loss: 0.0436
               Mean surrogate loss: -0.0046
                 Mean entropy loss: -1.5488
                       Mean reward: 71.00
               Mean episode length: 870.42
           Episode_Reward/progress: 3.8113
              Episode_Reward/alive: 0.3826
            Episode_Reward/upright: 0.0741
     Episode_Reward/move_to_target: 0.3804
          Episode_Reward/action_l2: -0.0172
             Episode_Reward/energy: -0.5932
   Episode_Reward/joint_pos_limits: -0.2641
      Episode_Termination/time_out: 0.8806
  Episode_Termination/torso_height: 0.1194
--------------------------------------------------------------------------------
                   Total timesteps: 5603328
                    Iteration time: 0.34s
                      Time elapsed: 00:02:02
                               ETA: 00:00:57

################################################################################
                      [1m Learning iteration 342/500 [0m                      

                       Computation: 45298 steps/s (collection: 0.266s, learning 0.096s)
             Mean action noise std: 0.21
          Mean value_function loss: 0.0550
               Mean surrogate loss: -0.0046
                 Mean entropy loss: -1.5818
                       Mean reward: 74.40
               Mean episode length: 897.39
           Episode_Reward/progress: 5.0879
              Episode_Reward/alive: 0.5000
            Episode_Reward/upright: 0.0995
     Episode_Reward/move_to_target: 0.4980
          Episode_Reward/action_l2: -0.0227
             Episode_Reward/energy: -0.8119
   Episode_Reward/joint_pos_limits: -0.3398
      Episode_Termination/time_out: 0.8837
  Episode_Termination/torso_height: 0.1163
--------------------------------------------------------------------------------
                   Total timesteps: 5619712
                    Iteration time: 0.36s
                      Time elapsed: 00:02:03
                               ETA: 00:00:56

################################################################################
                      [1m Learning iteration 343/500 [0m                      

                       Computation: 41171 steps/s (collection: 0.299s, learning 0.099s)
             Mean action noise std: 0.21
          Mean value_function loss: 0.0601
               Mean surrogate loss: -0.0054
                 Mean entropy loss: -1.5905
                       Mean reward: 73.35
               Mean episode length: 878.27
           Episode_Reward/progress: 4.4146
              Episode_Reward/alive: 0.4348
            Episode_Reward/upright: 0.0843
     Episode_Reward/move_to_target: 0.4315
          Episode_Reward/action_l2: -0.0198
             Episode_Reward/energy: -0.6897
   Episode_Reward/joint_pos_limits: -0.3006
      Episode_Termination/time_out: 0.8826
  Episode_Termination/torso_height: 0.1174
--------------------------------------------------------------------------------
                   Total timesteps: 5636096
                    Iteration time: 0.40s
                      Time elapsed: 00:02:03
                               ETA: 00:00:56

################################################################################
                      [1m Learning iteration 344/500 [0m                      

                       Computation: 43150 steps/s (collection: 0.285s, learning 0.095s)
             Mean action noise std: 0.21
          Mean value_function loss: 0.0567
               Mean surrogate loss: -0.0029
                 Mean entropy loss: -1.5932
                       Mean reward: 73.90
               Mean episode length: 877.77
           Episode_Reward/progress: 5.0733
              Episode_Reward/alive: 0.4901
            Episode_Reward/upright: 0.0970
     Episode_Reward/move_to_target: 0.4862
          Episode_Reward/action_l2: -0.0224
             Episode_Reward/energy: -0.7753
   Episode_Reward/joint_pos_limits: -0.3370
      Episode_Termination/time_out: 0.8788
  Episode_Termination/torso_height: 0.1212
--------------------------------------------------------------------------------
                   Total timesteps: 5652480
                    Iteration time: 0.38s
                      Time elapsed: 00:02:04
                               ETA: 00:00:56

################################################################################
                      [1m Learning iteration 345/500 [0m                      

                       Computation: 48300 steps/s (collection: 0.251s, learning 0.088s)
             Mean action noise std: 0.21
          Mean value_function loss: 0.0456
               Mean surrogate loss: -0.0075
                 Mean entropy loss: -1.5904
                       Mean reward: 73.62
               Mean episode length: 877.68
           Episode_Reward/progress: 4.7665
              Episode_Reward/alive: 0.4677
            Episode_Reward/upright: 0.0923
     Episode_Reward/move_to_target: 0.4643
          Episode_Reward/action_l2: -0.0213
             Episode_Reward/energy: -0.7491
   Episode_Reward/joint_pos_limits: -0.3205
      Episode_Termination/time_out: 0.8784
  Episode_Termination/torso_height: 0.1216
--------------------------------------------------------------------------------
                   Total timesteps: 5668864
                    Iteration time: 0.34s
                      Time elapsed: 00:02:04
                               ETA: 00:00:55

################################################################################
                      [1m Learning iteration 346/500 [0m                      

                       Computation: 48080 steps/s (collection: 0.251s, learning 0.090s)
             Mean action noise std: 0.21
          Mean value_function loss: 0.0606
               Mean surrogate loss: -0.0070
                 Mean entropy loss: -1.6019
                       Mean reward: 73.87
               Mean episode length: 877.99
           Episode_Reward/progress: 4.9446
              Episode_Reward/alive: 0.4785
            Episode_Reward/upright: 0.0947
     Episode_Reward/move_to_target: 0.4764
          Episode_Reward/action_l2: -0.0221
             Episode_Reward/energy: -0.7716
   Episode_Reward/joint_pos_limits: -0.3291
      Episode_Termination/time_out: 0.8785
  Episode_Termination/torso_height: 0.1215
--------------------------------------------------------------------------------
                   Total timesteps: 5685248
                    Iteration time: 0.34s
                      Time elapsed: 00:02:04
                               ETA: 00:00:55

################################################################################
                      [1m Learning iteration 347/500 [0m                      

                       Computation: 47737 steps/s (collection: 0.256s, learning 0.088s)
             Mean action noise std: 0.21
          Mean value_function loss: 0.0544
               Mean surrogate loss: -0.0045
                 Mean entropy loss: -1.6350
                       Mean reward: 73.80
               Mean episode length: 878.88
           Episode_Reward/progress: 4.4202
              Episode_Reward/alive: 0.4358
            Episode_Reward/upright: 0.0848
     Episode_Reward/move_to_target: 0.4289
          Episode_Reward/action_l2: -0.0202
             Episode_Reward/energy: -0.6877
   Episode_Reward/joint_pos_limits: -0.3015
      Episode_Termination/time_out: 0.8827
  Episode_Termination/torso_height: 0.1173
--------------------------------------------------------------------------------
                   Total timesteps: 5701632
                    Iteration time: 0.34s
                      Time elapsed: 00:02:05
                               ETA: 00:00:55

################################################################################
                      [1m Learning iteration 348/500 [0m                      

                       Computation: 46980 steps/s (collection: 0.259s, learning 0.089s)
             Mean action noise std: 0.21
          Mean value_function loss: 0.0546
               Mean surrogate loss: -0.0070
                 Mean entropy loss: -1.6659
                       Mean reward: 74.73
               Mean episode length: 886.73
           Episode_Reward/progress: 4.7169
              Episode_Reward/alive: 0.4515
            Episode_Reward/upright: 0.0892
     Episode_Reward/move_to_target: 0.4492
          Episode_Reward/action_l2: -0.0208
             Episode_Reward/energy: -0.7205
   Episode_Reward/joint_pos_limits: -0.3108
      Episode_Termination/time_out: 0.8812
  Episode_Termination/torso_height: 0.1188
--------------------------------------------------------------------------------
                   Total timesteps: 5718016
                    Iteration time: 0.35s
                      Time elapsed: 00:02:05
                               ETA: 00:00:54

################################################################################
                      [1m Learning iteration 349/500 [0m                      

                       Computation: 47254 steps/s (collection: 0.255s, learning 0.092s)
             Mean action noise std: 0.20
          Mean value_function loss: 0.0613
               Mean surrogate loss: -0.0055
                 Mean entropy loss: -1.6783
                       Mean reward: 72.94
               Mean episode length: 864.06
           Episode_Reward/progress: 3.8644
              Episode_Reward/alive: 0.3840
            Episode_Reward/upright: 0.0738
     Episode_Reward/move_to_target: 0.3784
          Episode_Reward/action_l2: -0.0178
             Episode_Reward/energy: -0.6058
   Episode_Reward/joint_pos_limits: -0.2695
      Episode_Termination/time_out: 0.8857
  Episode_Termination/torso_height: 0.1143
--------------------------------------------------------------------------------
                   Total timesteps: 5734400
                    Iteration time: 0.35s
                      Time elapsed: 00:02:05
                               ETA: 00:00:54

################################################################################
                      [1m Learning iteration 350/500 [0m                      

                       Computation: 48825 steps/s (collection: 0.248s, learning 0.087s)
             Mean action noise std: 0.20
          Mean value_function loss: 0.0416
               Mean surrogate loss: -0.0034
                 Mean entropy loss: -1.6988
                       Mean reward: 72.52
               Mean episode length: 855.37
           Episode_Reward/progress: 4.4710
              Episode_Reward/alive: 0.4273
            Episode_Reward/upright: 0.0839
     Episode_Reward/move_to_target: 0.4219
          Episode_Reward/action_l2: -0.0198
             Episode_Reward/energy: -0.6837
   Episode_Reward/joint_pos_limits: -0.2948
      Episode_Termination/time_out: 0.8854
  Episode_Termination/torso_height: 0.1146
--------------------------------------------------------------------------------
                   Total timesteps: 5750784
                    Iteration time: 0.34s
                      Time elapsed: 00:02:06
                               ETA: 00:00:53

################################################################################
                      [1m Learning iteration 351/500 [0m                      

                       Computation: 47476 steps/s (collection: 0.255s, learning 0.090s)
             Mean action noise std: 0.20
          Mean value_function loss: 0.0673
               Mean surrogate loss: -0.0075
                 Mean entropy loss: -1.7012
                       Mean reward: 74.05
               Mean episode length: 868.95
           Episode_Reward/progress: 5.2783
              Episode_Reward/alive: 0.4956
            Episode_Reward/upright: 0.0983
     Episode_Reward/move_to_target: 0.4937
          Episode_Reward/action_l2: -0.0229
             Episode_Reward/energy: -0.7931
   Episode_Reward/joint_pos_limits: -0.3419
      Episode_Termination/time_out: 0.8864
  Episode_Termination/torso_height: 0.1136
--------------------------------------------------------------------------------
                   Total timesteps: 5767168
                    Iteration time: 0.35s
                      Time elapsed: 00:02:06
                               ETA: 00:00:53

################################################################################
                      [1m Learning iteration 352/500 [0m                      

                       Computation: 47919 steps/s (collection: 0.251s, learning 0.091s)
             Mean action noise std: 0.20
          Mean value_function loss: 0.0493
               Mean surrogate loss: -0.0048
                 Mean entropy loss: -1.7165
                       Mean reward: 72.56
               Mean episode length: 853.54
           Episode_Reward/progress: 4.7620
              Episode_Reward/alive: 0.4603
            Episode_Reward/upright: 0.0896
     Episode_Reward/move_to_target: 0.4538
          Episode_Reward/action_l2: -0.0216
             Episode_Reward/energy: -0.7342
   Episode_Reward/joint_pos_limits: -0.3195
      Episode_Termination/time_out: 0.8887
  Episode_Termination/torso_height: 0.1113
--------------------------------------------------------------------------------
                   Total timesteps: 5783552
                    Iteration time: 0.34s
                      Time elapsed: 00:02:06
                               ETA: 00:00:53

################################################################################
                      [1m Learning iteration 353/500 [0m                      

                       Computation: 45480 steps/s (collection: 0.265s, learning 0.095s)
             Mean action noise std: 0.20
          Mean value_function loss: 0.0450
               Mean surrogate loss: -0.0054
                 Mean entropy loss: -1.7568
                       Mean reward: 73.37
               Mean episode length: 859.35
           Episode_Reward/progress: 4.9186
              Episode_Reward/alive: 0.4781
            Episode_Reward/upright: 0.0937
     Episode_Reward/move_to_target: 0.4755
          Episode_Reward/action_l2: -0.0221
             Episode_Reward/energy: -0.7659
   Episode_Reward/joint_pos_limits: -0.3301
      Episode_Termination/time_out: 0.8911
  Episode_Termination/torso_height: 0.1089
--------------------------------------------------------------------------------
                   Total timesteps: 5799936
                    Iteration time: 0.36s
                      Time elapsed: 00:02:07
                               ETA: 00:00:52

################################################################################
                      [1m Learning iteration 354/500 [0m                      

                       Computation: 43273 steps/s (collection: 0.300s, learning 0.079s)
             Mean action noise std: 0.20
          Mean value_function loss: 0.0357
               Mean surrogate loss: -0.0058
                 Mean entropy loss: -1.7675
                       Mean reward: 75.03
               Mean episode length: 875.24
           Episode_Reward/progress: 4.2927
              Episode_Reward/alive: 0.4219
            Episode_Reward/upright: 0.0819
     Episode_Reward/move_to_target: 0.4107
          Episode_Reward/action_l2: -0.0198
             Episode_Reward/energy: -0.6777
   Episode_Reward/joint_pos_limits: -0.2910
      Episode_Termination/time_out: 0.8856
  Episode_Termination/torso_height: 0.1144
--------------------------------------------------------------------------------
                   Total timesteps: 5816320
                    Iteration time: 0.38s
                      Time elapsed: 00:02:07
                               ETA: 00:00:52

################################################################################
                      [1m Learning iteration 355/500 [0m                      

                       Computation: 42991 steps/s (collection: 0.291s, learning 0.090s)
             Mean action noise std: 0.20
          Mean value_function loss: 0.0570
               Mean surrogate loss: -0.0064
                 Mean entropy loss: -1.7807
                       Mean reward: 74.06
               Mean episode length: 863.65
           Episode_Reward/progress: 3.6045
              Episode_Reward/alive: 0.3458
            Episode_Reward/upright: 0.0661
     Episode_Reward/move_to_target: 0.3437
          Episode_Reward/action_l2: -0.0159
             Episode_Reward/energy: -0.5439
   Episode_Reward/joint_pos_limits: -0.2413
      Episode_Termination/time_out: 0.8829
  Episode_Termination/torso_height: 0.1171
--------------------------------------------------------------------------------
                   Total timesteps: 5832704
                    Iteration time: 0.38s
                      Time elapsed: 00:02:07
                               ETA: 00:00:52

################################################################################
                      [1m Learning iteration 356/500 [0m                      

                       Computation: 46687 steps/s (collection: 0.258s, learning 0.093s)
             Mean action noise std: 0.20
          Mean value_function loss: 0.0582
               Mean surrogate loss: -0.0073
                 Mean entropy loss: -1.7900
                       Mean reward: 73.48
               Mean episode length: 854.44
           Episode_Reward/progress: 4.1575
              Episode_Reward/alive: 0.3896
            Episode_Reward/upright: 0.0764
     Episode_Reward/move_to_target: 0.3864
          Episode_Reward/action_l2: -0.0183
             Episode_Reward/energy: -0.6169
   Episode_Reward/joint_pos_limits: -0.2745
      Episode_Termination/time_out: 0.8822
  Episode_Termination/torso_height: 0.1178
--------------------------------------------------------------------------------
                   Total timesteps: 5849088
                    Iteration time: 0.35s
                      Time elapsed: 00:02:08
                               ETA: 00:00:51

################################################################################
                      [1m Learning iteration 357/500 [0m                      

                       Computation: 49567 steps/s (collection: 0.241s, learning 0.090s)
             Mean action noise std: 0.20
          Mean value_function loss: 0.0521
               Mean surrogate loss: -0.0066
                 Mean entropy loss: -1.8083
                       Mean reward: 72.38
               Mean episode length: 842.29
           Episode_Reward/progress: 3.8727
              Episode_Reward/alive: 0.3797
            Episode_Reward/upright: 0.0737
     Episode_Reward/move_to_target: 0.3753
          Episode_Reward/action_l2: -0.0176
             Episode_Reward/energy: -0.5936
   Episode_Reward/joint_pos_limits: -0.2670
      Episode_Termination/time_out: 0.8790
  Episode_Termination/torso_height: 0.1210
--------------------------------------------------------------------------------
                   Total timesteps: 5865472
                    Iteration time: 0.33s
                      Time elapsed: 00:02:08
                               ETA: 00:00:51

################################################################################
                      [1m Learning iteration 358/500 [0m                      

                       Computation: 50163 steps/s (collection: 0.238s, learning 0.088s)
             Mean action noise std: 0.20
          Mean value_function loss: 0.0497
               Mean surrogate loss: -0.0065
                 Mean entropy loss: -1.8212
                       Mean reward: 73.31
               Mean episode length: 849.43
           Episode_Reward/progress: 4.7654
              Episode_Reward/alive: 0.4455
            Episode_Reward/upright: 0.0879
     Episode_Reward/move_to_target: 0.4429
          Episode_Reward/action_l2: -0.0211
             Episode_Reward/energy: -0.7246
   Episode_Reward/joint_pos_limits: -0.3095
      Episode_Termination/time_out: 0.8764
  Episode_Termination/torso_height: 0.1236
--------------------------------------------------------------------------------
                   Total timesteps: 5881856
                    Iteration time: 0.33s
                      Time elapsed: 00:02:08
                               ETA: 00:00:51

################################################################################
                      [1m Learning iteration 359/500 [0m                      

                       Computation: 48535 steps/s (collection: 0.249s, learning 0.089s)
             Mean action noise std: 0.20
          Mean value_function loss: 0.0451
               Mean surrogate loss: -0.0038
                 Mean entropy loss: -1.8244
                       Mean reward: 74.62
               Mean episode length: 860.85
           Episode_Reward/progress: 5.0745
              Episode_Reward/alive: 0.4853
            Episode_Reward/upright: 0.0959
     Episode_Reward/move_to_target: 0.4824
          Episode_Reward/action_l2: -0.0228
             Episode_Reward/energy: -0.7872
   Episode_Reward/joint_pos_limits: -0.3363
      Episode_Termination/time_out: 0.8766
  Episode_Termination/torso_height: 0.1234
--------------------------------------------------------------------------------
                   Total timesteps: 5898240
                    Iteration time: 0.34s
                      Time elapsed: 00:02:09
                               ETA: 00:00:50

################################################################################
                      [1m Learning iteration 360/500 [0m                      

                       Computation: 49204 steps/s (collection: 0.244s, learning 0.089s)
             Mean action noise std: 0.20
          Mean value_function loss: 0.0739
               Mean surrogate loss: -0.0062
                 Mean entropy loss: -1.8365
                       Mean reward: 75.03
               Mean episode length: 860.36
           Episode_Reward/progress: 4.9734
              Episode_Reward/alive: 0.4626
            Episode_Reward/upright: 0.0920
     Episode_Reward/move_to_target: 0.4580
          Episode_Reward/action_l2: -0.0221
             Episode_Reward/energy: -0.7698
   Episode_Reward/joint_pos_limits: -0.3203
      Episode_Termination/time_out: 0.8763
  Episode_Termination/torso_height: 0.1237
--------------------------------------------------------------------------------
                   Total timesteps: 5914624
                    Iteration time: 0.33s
                      Time elapsed: 00:02:09
                               ETA: 00:00:50

################################################################################
                      [1m Learning iteration 361/500 [0m                      

                       Computation: 48591 steps/s (collection: 0.249s, learning 0.088s)
             Mean action noise std: 0.20
          Mean value_function loss: 0.0422
               Mean surrogate loss: -0.0018
                 Mean entropy loss: -1.8520
                       Mean reward: 74.33
               Mean episode length: 854.96
           Episode_Reward/progress: 4.6343
              Episode_Reward/alive: 0.4460
            Episode_Reward/upright: 0.0873
     Episode_Reward/move_to_target: 0.4420
          Episode_Reward/action_l2: -0.0209
             Episode_Reward/energy: -0.7217
   Episode_Reward/joint_pos_limits: -0.3116
      Episode_Termination/time_out: 0.8745
  Episode_Termination/torso_height: 0.1255
--------------------------------------------------------------------------------
                   Total timesteps: 5931008
                    Iteration time: 0.34s
                      Time elapsed: 00:02:09
                               ETA: 00:00:49

################################################################################
                      [1m Learning iteration 362/500 [0m                      

                       Computation: 47546 steps/s (collection: 0.256s, learning 0.089s)
             Mean action noise std: 0.20
          Mean value_function loss: 0.0550
               Mean surrogate loss: -0.0059
                 Mean entropy loss: -1.8769
                       Mean reward: 73.96
               Mean episode length: 857.15
           Episode_Reward/progress: 4.9633
              Episode_Reward/alive: 0.4643
            Episode_Reward/upright: 0.0912
     Episode_Reward/move_to_target: 0.4562
          Episode_Reward/action_l2: -0.0221
             Episode_Reward/energy: -0.7416
   Episode_Reward/joint_pos_limits: -0.3264
      Episode_Termination/time_out: 0.8743
  Episode_Termination/torso_height: 0.1257
--------------------------------------------------------------------------------
                   Total timesteps: 5947392
                    Iteration time: 0.34s
                      Time elapsed: 00:02:10
                               ETA: 00:00:49

################################################################################
                      [1m Learning iteration 363/500 [0m                      

                       Computation: 46386 steps/s (collection: 0.256s, learning 0.097s)
             Mean action noise std: 0.20
          Mean value_function loss: 0.0500
               Mean surrogate loss: -0.0063
                 Mean entropy loss: -1.9088
                       Mean reward: 73.45
               Mean episode length: 855.82
           Episode_Reward/progress: 4.1589
              Episode_Reward/alive: 0.4208
            Episode_Reward/upright: 0.0818
     Episode_Reward/move_to_target: 0.3758
          Episode_Reward/action_l2: -0.0209
             Episode_Reward/energy: -0.6441
   Episode_Reward/joint_pos_limits: -0.3022
      Episode_Termination/time_out: 0.8746
  Episode_Termination/torso_height: 0.1254
--------------------------------------------------------------------------------
                   Total timesteps: 5963776
                    Iteration time: 0.35s
                      Time elapsed: 00:02:10
                               ETA: 00:00:49

################################################################################
                      [1m Learning iteration 364/500 [0m                      

                       Computation: 45311 steps/s (collection: 0.263s, learning 0.099s)
             Mean action noise std: 0.20
          Mean value_function loss: 0.0600
               Mean surrogate loss: -0.0052
                 Mean entropy loss: -1.9307
                       Mean reward: 71.37
               Mean episode length: 833.63
           Episode_Reward/progress: 4.1395
              Episode_Reward/alive: 0.3990
            Episode_Reward/upright: 0.0767
     Episode_Reward/move_to_target: 0.3946
          Episode_Reward/action_l2: -0.0188
             Episode_Reward/energy: -0.6352
   Episode_Reward/joint_pos_limits: -0.2792
      Episode_Termination/time_out: 0.8715
  Episode_Termination/torso_height: 0.1285
--------------------------------------------------------------------------------
                   Total timesteps: 5980160
                    Iteration time: 0.36s
                      Time elapsed: 00:02:11
                               ETA: 00:00:48

################################################################################
                      [1m Learning iteration 365/500 [0m                      

                       Computation: 41927 steps/s (collection: 0.296s, learning 0.095s)
             Mean action noise std: 0.20
          Mean value_function loss: 0.0721
               Mean surrogate loss: -0.0058
                 Mean entropy loss: -1.9445
                       Mean reward: 74.56
               Mean episode length: 865.84
           Episode_Reward/progress: 5.4102
              Episode_Reward/alive: 0.5000
            Episode_Reward/upright: 0.0987
     Episode_Reward/move_to_target: 0.4974
          Episode_Reward/action_l2: -0.0239
             Episode_Reward/energy: -0.7987
   Episode_Reward/joint_pos_limits: -0.3521
      Episode_Termination/time_out: 0.8724
  Episode_Termination/torso_height: 0.1276
--------------------------------------------------------------------------------
                   Total timesteps: 5996544
                    Iteration time: 0.39s
                      Time elapsed: 00:02:11
                               ETA: 00:00:48

################################################################################
                      [1m Learning iteration 366/500 [0m                      

                       Computation: 42668 steps/s (collection: 0.289s, learning 0.095s)
             Mean action noise std: 0.20
          Mean value_function loss: 0.0500
               Mean surrogate loss: -0.0058
                 Mean entropy loss: -1.9621
                       Mean reward: 77.15
               Mean episode length: 885.79
           Episode_Reward/progress: 5.1901
              Episode_Reward/alive: 0.4936
            Episode_Reward/upright: 0.0970
     Episode_Reward/move_to_target: 0.4892
          Episode_Reward/action_l2: -0.0236
             Episode_Reward/energy: -0.8060
   Episode_Reward/joint_pos_limits: -0.3440
      Episode_Termination/time_out: 0.8760
  Episode_Termination/torso_height: 0.1240
--------------------------------------------------------------------------------
                   Total timesteps: 6012928
                    Iteration time: 0.38s
                      Time elapsed: 00:02:11
                               ETA: 00:00:48

################################################################################
                      [1m Learning iteration 367/500 [0m                      

                       Computation: 48520 steps/s (collection: 0.248s, learning 0.090s)
             Mean action noise std: 0.20
          Mean value_function loss: 0.0346
               Mean surrogate loss: -0.0067
                 Mean entropy loss: -1.9926
                       Mean reward: 76.27
               Mean episode length: 877.27
           Episode_Reward/progress: 5.0713
              Episode_Reward/alive: 0.4722
            Episode_Reward/upright: 0.0926
     Episode_Reward/move_to_target: 0.4651
          Episode_Reward/action_l2: -0.0226
             Episode_Reward/energy: -0.7604
   Episode_Reward/joint_pos_limits: -0.3321
      Episode_Termination/time_out: 0.8792
  Episode_Termination/torso_height: 0.1208
--------------------------------------------------------------------------------
                   Total timesteps: 6029312
                    Iteration time: 0.34s
                      Time elapsed: 00:02:12
                               ETA: 00:00:47

################################################################################
                      [1m Learning iteration 368/500 [0m                      

                       Computation: 47383 steps/s (collection: 0.269s, learning 0.077s)
             Mean action noise std: 0.20
          Mean value_function loss: 0.0704
               Mean surrogate loss: -0.0048
                 Mean entropy loss: -2.0183
                       Mean reward: 78.12
               Mean episode length: 885.87
           Episode_Reward/progress: 4.4139
              Episode_Reward/alive: 0.4071
            Episode_Reward/upright: 0.0795
     Episode_Reward/move_to_target: 0.4044
          Episode_Reward/action_l2: -0.0195
             Episode_Reward/energy: -0.6567
   Episode_Reward/joint_pos_limits: -0.2845
      Episode_Termination/time_out: 0.8785
  Episode_Termination/torso_height: 0.1215
--------------------------------------------------------------------------------
                   Total timesteps: 6045696
                    Iteration time: 0.35s
                      Time elapsed: 00:02:12
                               ETA: 00:00:47

################################################################################
                      [1m Learning iteration 369/500 [0m                      

                       Computation: 41738 steps/s (collection: 0.297s, learning 0.096s)
             Mean action noise std: 0.20
          Mean value_function loss: 0.0370
               Mean surrogate loss: -0.0042
                 Mean entropy loss: -2.0237
                       Mean reward: 81.06
               Mean episode length: 908.93
           Episode_Reward/progress: 5.2177
              Episode_Reward/alive: 0.4739
            Episode_Reward/upright: 0.0941
     Episode_Reward/move_to_target: 0.4709
          Episode_Reward/action_l2: -0.0227
             Episode_Reward/energy: -0.7664
   Episode_Reward/joint_pos_limits: -0.3321
      Episode_Termination/time_out: 0.8782
  Episode_Termination/torso_height: 0.1218
--------------------------------------------------------------------------------
                   Total timesteps: 6062080
                    Iteration time: 0.39s
                      Time elapsed: 00:02:12
                               ETA: 00:00:47

################################################################################
                      [1m Learning iteration 370/500 [0m                      

                       Computation: 47223 steps/s (collection: 0.254s, learning 0.093s)
             Mean action noise std: 0.20
          Mean value_function loss: 0.0324
               Mean surrogate loss: -0.0074
                 Mean entropy loss: -2.0475
                       Mean reward: 78.04
               Mean episode length: 874.51
           Episode_Reward/progress: 4.0047
              Episode_Reward/alive: 0.3691
            Episode_Reward/upright: 0.0718
     Episode_Reward/move_to_target: 0.3659
          Episode_Reward/action_l2: -0.0177
             Episode_Reward/energy: -0.5945
   Episode_Reward/joint_pos_limits: -0.2586
      Episode_Termination/time_out: 0.8757
  Episode_Termination/torso_height: 0.1243
--------------------------------------------------------------------------------
                   Total timesteps: 6078464
                    Iteration time: 0.35s
                      Time elapsed: 00:02:13
                               ETA: 00:00:46

################################################################################
                      [1m Learning iteration 371/500 [0m                      

                       Computation: 48882 steps/s (collection: 0.246s, learning 0.089s)
             Mean action noise std: 0.20
          Mean value_function loss: 0.0301
               Mean surrogate loss: -0.0042
                 Mean entropy loss: -2.0758
                       Mean reward: 76.55
               Mean episode length: 856.52
           Episode_Reward/progress: 4.8773
              Episode_Reward/alive: 0.4490
            Episode_Reward/upright: 0.0879
     Episode_Reward/move_to_target: 0.4437
          Episode_Reward/action_l2: -0.0219
             Episode_Reward/energy: -0.7181
   Episode_Reward/joint_pos_limits: -0.3174
      Episode_Termination/time_out: 0.8737
  Episode_Termination/torso_height: 0.1263
--------------------------------------------------------------------------------
                   Total timesteps: 6094848
                    Iteration time: 0.34s
                      Time elapsed: 00:02:13
                               ETA: 00:00:46

################################################################################
                      [1m Learning iteration 372/500 [0m                      

                       Computation: 48310 steps/s (collection: 0.251s, learning 0.088s)
             Mean action noise std: 0.20
          Mean value_function loss: 0.0372
               Mean surrogate loss: -0.0043
                 Mean entropy loss: -2.0987
                       Mean reward: 75.84
               Mean episode length: 846.42
           Episode_Reward/progress: 4.3308
              Episode_Reward/alive: 0.3990
            Episode_Reward/upright: 0.0776
     Episode_Reward/move_to_target: 0.3920
          Episode_Reward/action_l2: -0.0197
             Episode_Reward/energy: -0.6449
   Episode_Reward/joint_pos_limits: -0.2844
      Episode_Termination/time_out: 0.8705
  Episode_Termination/torso_height: 0.1295
--------------------------------------------------------------------------------
                   Total timesteps: 6111232
                    Iteration time: 0.34s
                      Time elapsed: 00:02:13
                               ETA: 00:00:45

################################################################################
                      [1m Learning iteration 373/500 [0m                      

                       Computation: 47019 steps/s (collection: 0.260s, learning 0.088s)
             Mean action noise std: 0.19
          Mean value_function loss: 0.0310
               Mean surrogate loss: -0.0090
                 Mean entropy loss: -2.1124
                       Mean reward: 77.36
               Mean episode length: 864.12
           Episode_Reward/progress: 5.4111
              Episode_Reward/alive: 0.4927
            Episode_Reward/upright: 0.0977
     Episode_Reward/move_to_target: 0.4911
          Episode_Reward/action_l2: -0.0238
             Episode_Reward/energy: -0.8043
   Episode_Reward/joint_pos_limits: -0.3448
      Episode_Termination/time_out: 0.8710
  Episode_Termination/torso_height: 0.1290
--------------------------------------------------------------------------------
                   Total timesteps: 6127616
                    Iteration time: 0.35s
                      Time elapsed: 00:02:14
                               ETA: 00:00:45

################################################################################
                      [1m Learning iteration 374/500 [0m                      

                       Computation: 47890 steps/s (collection: 0.253s, learning 0.089s)
             Mean action noise std: 0.19
          Mean value_function loss: 0.0365
               Mean surrogate loss: -0.0062
                 Mean entropy loss: -2.1329
                       Mean reward: 76.26
               Mean episode length: 854.62
           Episode_Reward/progress: 5.1437
              Episode_Reward/alive: 0.4715
            Episode_Reward/upright: 0.0935
     Episode_Reward/move_to_target: 0.4681
          Episode_Reward/action_l2: -0.0227
             Episode_Reward/energy: -0.7655
   Episode_Reward/joint_pos_limits: -0.3296
      Episode_Termination/time_out: 0.8748
  Episode_Termination/torso_height: 0.1252
--------------------------------------------------------------------------------
                   Total timesteps: 6144000
                    Iteration time: 0.34s
                      Time elapsed: 00:02:14
                               ETA: 00:00:45

################################################################################
                      [1m Learning iteration 375/500 [0m                      

                       Computation: 42235 steps/s (collection: 0.284s, learning 0.103s)
             Mean action noise std: 0.19
          Mean value_function loss: 0.0369
               Mean surrogate loss: -0.0063
                 Mean entropy loss: -2.1466
                       Mean reward: 76.99
               Mean episode length: 862.47
           Episode_Reward/progress: 4.5075
              Episode_Reward/alive: 0.4143
            Episode_Reward/upright: 0.0810
     Episode_Reward/move_to_target: 0.4083
          Episode_Reward/action_l2: -0.0201
             Episode_Reward/energy: -0.6607
   Episode_Reward/joint_pos_limits: -0.2935
      Episode_Termination/time_out: 0.8724
  Episode_Termination/torso_height: 0.1276
--------------------------------------------------------------------------------
                   Total timesteps: 6160384
                    Iteration time: 0.39s
                      Time elapsed: 00:02:15
                               ETA: 00:00:44

################################################################################
                      [1m Learning iteration 376/500 [0m                      

                       Computation: 39622 steps/s (collection: 0.312s, learning 0.101s)
             Mean action noise std: 0.19
          Mean value_function loss: 0.0308
               Mean surrogate loss: -0.0063
                 Mean entropy loss: -2.1620
                       Mean reward: 76.38
               Mean episode length: 853.52
           Episode_Reward/progress: 5.3349
              Episode_Reward/alive: 0.4792
            Episode_Reward/upright: 0.0943
     Episode_Reward/move_to_target: 0.4778
          Episode_Reward/action_l2: -0.0233
             Episode_Reward/energy: -0.7640
   Episode_Reward/joint_pos_limits: -0.3382
      Episode_Termination/time_out: 0.8692
  Episode_Termination/torso_height: 0.1308
--------------------------------------------------------------------------------
                   Total timesteps: 6176768
                    Iteration time: 0.41s
                      Time elapsed: 00:02:15
                               ETA: 00:00:44

################################################################################
                      [1m Learning iteration 377/500 [0m                      

                       Computation: 41923 steps/s (collection: 0.293s, learning 0.098s)
             Mean action noise std: 0.19
          Mean value_function loss: 0.0496
               Mean surrogate loss: -0.0066
                 Mean entropy loss: -2.1772
                       Mean reward: 77.54
               Mean episode length: 871.01
           Episode_Reward/progress: 5.3120
              Episode_Reward/alive: 0.4926
            Episode_Reward/upright: 0.0970
     Episode_Reward/move_to_target: 0.4528
          Episode_Reward/action_l2: -0.0245
             Episode_Reward/energy: -0.7692
   Episode_Reward/joint_pos_limits: -0.3597
      Episode_Termination/time_out: 0.8708
  Episode_Termination/torso_height: 0.1292
--------------------------------------------------------------------------------
                   Total timesteps: 6193152
                    Iteration time: 0.39s
                      Time elapsed: 00:02:15
                               ETA: 00:00:44

################################################################################
                      [1m Learning iteration 378/500 [0m                      

                       Computation: 39697 steps/s (collection: 0.321s, learning 0.092s)
             Mean action noise std: 0.19
          Mean value_function loss: 0.0359
               Mean surrogate loss: -0.0050
                 Mean entropy loss: -2.2092
                       Mean reward: 77.05
               Mean episode length: 862.36
           Episode_Reward/progress: 5.0948
              Episode_Reward/alive: 0.4640
            Episode_Reward/upright: 0.0913
     Episode_Reward/move_to_target: 0.4513
          Episode_Reward/action_l2: -0.0225
             Episode_Reward/energy: -0.7395
   Episode_Reward/joint_pos_limits: -0.3303
      Episode_Termination/time_out: 0.8751
  Episode_Termination/torso_height: 0.1249
--------------------------------------------------------------------------------
                   Total timesteps: 6209536
                    Iteration time: 0.41s
                      Time elapsed: 00:02:16
                               ETA: 00:00:43

################################################################################
                      [1m Learning iteration 379/500 [0m                      

                       Computation: 40669 steps/s (collection: 0.272s, learning 0.131s)
             Mean action noise std: 0.19
          Mean value_function loss: 0.0406
               Mean surrogate loss: -0.0048
                 Mean entropy loss: -2.2352
                       Mean reward: 76.70
               Mean episode length: 856.78
           Episode_Reward/progress: 4.0922
              Episode_Reward/alive: 0.3804
            Episode_Reward/upright: 0.0734
     Episode_Reward/move_to_target: 0.3724
          Episode_Reward/action_l2: -0.0187
             Episode_Reward/energy: -0.5972
   Episode_Reward/joint_pos_limits: -0.2708
      Episode_Termination/time_out: 0.8750
  Episode_Termination/torso_height: 0.1250
--------------------------------------------------------------------------------
                   Total timesteps: 6225920
                    Iteration time: 0.40s
                      Time elapsed: 00:02:16
                               ETA: 00:00:43

################################################################################
                      [1m Learning iteration 380/500 [0m                      

                       Computation: 41486 steps/s (collection: 0.293s, learning 0.102s)
             Mean action noise std: 0.19
          Mean value_function loss: 0.0327
               Mean surrogate loss: -0.0043
                 Mean entropy loss: -2.2699
                       Mean reward: 77.81
               Mean episode length: 865.21
           Episode_Reward/progress: 5.5341
              Episode_Reward/alive: 0.4850
            Episode_Reward/upright: 0.0967
     Episode_Reward/move_to_target: 0.4838
          Episode_Reward/action_l2: -0.0237
             Episode_Reward/energy: -0.7778
   Episode_Reward/joint_pos_limits: -0.3389
      Episode_Termination/time_out: 0.8747
  Episode_Termination/torso_height: 0.1253
--------------------------------------------------------------------------------
                   Total timesteps: 6242304
                    Iteration time: 0.39s
                      Time elapsed: 00:02:17
                               ETA: 00:00:43

################################################################################
                      [1m Learning iteration 381/500 [0m                      

                       Computation: 47524 steps/s (collection: 0.252s, learning 0.092s)
             Mean action noise std: 0.19
          Mean value_function loss: 0.0314
               Mean surrogate loss: -0.0050
                 Mean entropy loss: -2.3046
                       Mean reward: 78.07
               Mean episode length: 868.54
           Episode_Reward/progress: 4.7826
              Episode_Reward/alive: 0.4240
            Episode_Reward/upright: 0.0834
     Episode_Reward/move_to_target: 0.4210
          Episode_Reward/action_l2: -0.0206
             Episode_Reward/energy: -0.6677
   Episode_Reward/joint_pos_limits: -0.2978
      Episode_Termination/time_out: 0.8732
  Episode_Termination/torso_height: 0.1268
--------------------------------------------------------------------------------
                   Total timesteps: 6258688
                    Iteration time: 0.34s
                      Time elapsed: 00:02:17
                               ETA: 00:00:42

################################################################################
                      [1m Learning iteration 382/500 [0m                      

                       Computation: 47729 steps/s (collection: 0.255s, learning 0.089s)
             Mean action noise std: 0.19
          Mean value_function loss: 0.0376
               Mean surrogate loss: -0.0067
                 Mean entropy loss: -2.3173
                       Mean reward: 75.92
               Mean episode length: 841.69
           Episode_Reward/progress: 4.7605
              Episode_Reward/alive: 0.4272
            Episode_Reward/upright: 0.0842
     Episode_Reward/move_to_target: 0.4241
          Episode_Reward/action_l2: -0.0209
             Episode_Reward/energy: -0.6821
   Episode_Reward/joint_pos_limits: -0.3031
      Episode_Termination/time_out: 0.8692
  Episode_Termination/torso_height: 0.1308
--------------------------------------------------------------------------------
                   Total timesteps: 6275072
                    Iteration time: 0.34s
                      Time elapsed: 00:02:17
                               ETA: 00:00:42

################################################################################
                      [1m Learning iteration 383/500 [0m                      

                       Computation: 48103 steps/s (collection: 0.250s, learning 0.090s)
             Mean action noise std: 0.19
          Mean value_function loss: 0.0245
               Mean surrogate loss: -0.0051
                 Mean entropy loss: -2.3480
                       Mean reward: 77.61
               Mean episode length: 850.71
           Episode_Reward/progress: 5.5903
              Episode_Reward/alive: 0.5000
            Episode_Reward/upright: 0.0991
     Episode_Reward/move_to_target: 0.4989
          Episode_Reward/action_l2: -0.0242
             Episode_Reward/energy: -0.7869
   Episode_Reward/joint_pos_limits: -0.3500
      Episode_Termination/time_out: 0.8728
  Episode_Termination/torso_height: 0.1272
--------------------------------------------------------------------------------
                   Total timesteps: 6291456
                    Iteration time: 0.34s
                      Time elapsed: 00:02:18
                               ETA: 00:00:42

################################################################################
                      [1m Learning iteration 384/500 [0m                      

                       Computation: 45731 steps/s (collection: 0.266s, learning 0.092s)
             Mean action noise std: 0.19
          Mean value_function loss: 0.0259
               Mean surrogate loss: -0.0030
                 Mean entropy loss: -2.3751
                       Mean reward: 79.04
               Mean episode length: 859.30
           Episode_Reward/progress: 5.4428
              Episode_Reward/alive: 0.4758
            Episode_Reward/upright: 0.0942
     Episode_Reward/move_to_target: 0.4735
          Episode_Reward/action_l2: -0.0236
             Episode_Reward/energy: -0.7638
   Episode_Reward/joint_pos_limits: -0.3359
      Episode_Termination/time_out: 0.8798
  Episode_Termination/torso_height: 0.1202
--------------------------------------------------------------------------------
                   Total timesteps: 6307840
                    Iteration time: 0.36s
                      Time elapsed: 00:02:18
                               ETA: 00:00:41

################################################################################
                      [1m Learning iteration 385/500 [0m                      

                       Computation: 48459 steps/s (collection: 0.243s, learning 0.095s)
             Mean action noise std: 0.19
          Mean value_function loss: 0.0256
               Mean surrogate loss: -0.0054
                 Mean entropy loss: -2.4038
                       Mean reward: 81.60
               Mean episode length: 882.49
           Episode_Reward/progress: 5.7419
              Episode_Reward/alive: 0.5000
            Episode_Reward/upright: 0.0996
     Episode_Reward/move_to_target: 0.4989
          Episode_Reward/action_l2: -0.0245
             Episode_Reward/energy: -0.7924
   Episode_Reward/joint_pos_limits: -0.3506
      Episode_Termination/time_out: 0.8829
  Episode_Termination/torso_height: 0.1171
--------------------------------------------------------------------------------
                   Total timesteps: 6324224
                    Iteration time: 0.34s
                      Time elapsed: 00:02:18
                               ETA: 00:00:41

################################################################################
                      [1m Learning iteration 386/500 [0m                      

                       Computation: 41857 steps/s (collection: 0.292s, learning 0.099s)
             Mean action noise std: 0.19
          Mean value_function loss: 0.0307
               Mean surrogate loss: -0.0065
                 Mean entropy loss: -2.4394
                       Mean reward: 82.68
               Mean episode length: 891.71
           Episode_Reward/progress: 5.7115
              Episode_Reward/alive: 0.5000
            Episode_Reward/upright: 0.0990
     Episode_Reward/move_to_target: 0.4973
          Episode_Reward/action_l2: -0.0250
             Episode_Reward/energy: -0.7940
   Episode_Reward/joint_pos_limits: -0.3552
      Episode_Termination/time_out: 0.8873
  Episode_Termination/torso_height: 0.1127
--------------------------------------------------------------------------------
                   Total timesteps: 6340608
                    Iteration time: 0.39s
                      Time elapsed: 00:02:19
                               ETA: 00:00:40

################################################################################
                      [1m Learning iteration 387/500 [0m                      

                       Computation: 44844 steps/s (collection: 0.275s, learning 0.091s)
             Mean action noise std: 0.19
          Mean value_function loss: 0.0206
               Mean surrogate loss: -0.0034
                 Mean entropy loss: -2.4770
                       Mean reward: 84.62
               Mean episode length: 909.49
           Episode_Reward/progress: 5.8042
              Episode_Reward/alive: 0.5000
            Episode_Reward/upright: 0.0993
     Episode_Reward/move_to_target: 0.4983
          Episode_Reward/action_l2: -0.0249
             Episode_Reward/energy: -0.7976
   Episode_Reward/joint_pos_limits: -0.3540
      Episode_Termination/time_out: 0.8919
  Episode_Termination/torso_height: 0.1081
--------------------------------------------------------------------------------
                   Total timesteps: 6356992
                    Iteration time: 0.37s
                      Time elapsed: 00:02:19
                               ETA: 00:00:40

################################################################################
                      [1m Learning iteration 388/500 [0m                      

                       Computation: 48659 steps/s (collection: 0.248s, learning 0.089s)
             Mean action noise std: 0.19
          Mean value_function loss: 0.0250
               Mean surrogate loss: -0.0034
                 Mean entropy loss: -2.5088
                       Mean reward: 85.31
               Mean episode length: 915.89
           Episode_Reward/progress: 5.2531
              Episode_Reward/alive: 0.4576
            Episode_Reward/upright: 0.0905
     Episode_Reward/move_to_target: 0.4569
          Episode_Reward/action_l2: -0.0229
             Episode_Reward/energy: -0.7384
   Episode_Reward/joint_pos_limits: -0.3252
      Episode_Termination/time_out: 0.8927
  Episode_Termination/torso_height: 0.1073
--------------------------------------------------------------------------------
                   Total timesteps: 6373376
                    Iteration time: 0.34s
                      Time elapsed: 00:02:19
                               ETA: 00:00:40

################################################################################
                      [1m Learning iteration 389/500 [0m                      

                       Computation: 44645 steps/s (collection: 0.261s, learning 0.106s)
             Mean action noise std: 0.19
          Mean value_function loss: 0.0205
               Mean surrogate loss: -0.0038
                 Mean entropy loss: -2.5292
                       Mean reward: 85.45
               Mean episode length: 916.03
           Episode_Reward/progress: 4.8651
              Episode_Reward/alive: 0.4440
            Episode_Reward/upright: 0.0861
     Episode_Reward/move_to_target: 0.4407
          Episode_Reward/action_l2: -0.0218
             Episode_Reward/energy: -0.6818
   Episode_Reward/joint_pos_limits: -0.3182
      Episode_Termination/time_out: 0.8911
  Episode_Termination/torso_height: 0.1089
--------------------------------------------------------------------------------
                   Total timesteps: 6389760
                    Iteration time: 0.37s
                      Time elapsed: 00:02:20
                               ETA: 00:00:39

################################################################################
                      [1m Learning iteration 390/500 [0m                      

                       Computation: 40113 steps/s (collection: 0.305s, learning 0.103s)
             Mean action noise std: 0.19
          Mean value_function loss: 0.0242
               Mean surrogate loss: -0.0042
                 Mean entropy loss: -2.5493
                       Mean reward: 83.91
               Mean episode length: 907.10
           Episode_Reward/progress: 5.1493
              Episode_Reward/alive: 0.4709
            Episode_Reward/upright: 0.0932
     Episode_Reward/move_to_target: 0.4193
          Episode_Reward/action_l2: -0.0237
             Episode_Reward/energy: -0.7088
   Episode_Reward/joint_pos_limits: -0.3550
      Episode_Termination/time_out: 0.8925
  Episode_Termination/torso_height: 0.1075
--------------------------------------------------------------------------------
                   Total timesteps: 6406144
                    Iteration time: 0.41s
                      Time elapsed: 00:02:20
                               ETA: 00:00:39

################################################################################
                      [1m Learning iteration 391/500 [0m                      

                       Computation: 39332 steps/s (collection: 0.312s, learning 0.104s)
             Mean action noise std: 0.19
          Mean value_function loss: 0.0364
               Mean surrogate loss: -0.0062
                 Mean entropy loss: -2.5585
                       Mean reward: 84.99
               Mean episode length: 915.93
           Episode_Reward/progress: 5.8442
              Episode_Reward/alive: 0.5000
            Episode_Reward/upright: 0.0994
     Episode_Reward/move_to_target: 0.4954
          Episode_Reward/action_l2: -0.0248
             Episode_Reward/energy: -0.7891
   Episode_Reward/joint_pos_limits: -0.3548
      Episode_Termination/time_out: 0.8994
  Episode_Termination/torso_height: 0.1006
--------------------------------------------------------------------------------
                   Total timesteps: 6422528
                    Iteration time: 0.42s
                      Time elapsed: 00:02:21
                               ETA: 00:00:39

################################################################################
                      [1m Learning iteration 392/500 [0m                      

                       Computation: 37577 steps/s (collection: 0.331s, learning 0.105s)
             Mean action noise std: 0.19
          Mean value_function loss: 0.0398
               Mean surrogate loss: -0.0042
                 Mean entropy loss: -2.5889
                       Mean reward: 85.34
               Mean episode length: 915.93
           Episode_Reward/progress: 5.5881
              Episode_Reward/alive: 0.4853
            Episode_Reward/upright: 0.0963
     Episode_Reward/move_to_target: 0.4833
          Episode_Reward/action_l2: -0.0239
             Episode_Reward/energy: -0.7687
   Episode_Reward/joint_pos_limits: -0.3448
      Episode_Termination/time_out: 0.9051
  Episode_Termination/torso_height: 0.0949
--------------------------------------------------------------------------------
                   Total timesteps: 6438912
                    Iteration time: 0.44s
                      Time elapsed: 00:02:21
                               ETA: 00:00:38

################################################################################
                      [1m Learning iteration 393/500 [0m                      

                       Computation: 37098 steps/s (collection: 0.337s, learning 0.105s)
             Mean action noise std: 0.19
          Mean value_function loss: 0.0440
               Mean surrogate loss: -0.0070
                 Mean entropy loss: -2.5951
                       Mean reward: 85.21
               Mean episode length: 906.94
           Episode_Reward/progress: 5.6763
              Episode_Reward/alive: 0.4853
            Episode_Reward/upright: 0.0961
     Episode_Reward/move_to_target: 0.4836
          Episode_Reward/action_l2: -0.0242
             Episode_Reward/energy: -0.7577
   Episode_Reward/joint_pos_limits: -0.3456
      Episode_Termination/time_out: 0.9062
  Episode_Termination/torso_height: 0.0938
--------------------------------------------------------------------------------
                   Total timesteps: 6455296
                    Iteration time: 0.44s
                      Time elapsed: 00:02:21
                               ETA: 00:00:38

################################################################################
                      [1m Learning iteration 394/500 [0m                      

                       Computation: 35530 steps/s (collection: 0.356s, learning 0.105s)
             Mean action noise std: 0.19
          Mean value_function loss: 0.0464
               Mean surrogate loss: -0.0058
                 Mean entropy loss: -2.5932
                       Mean reward: 85.60
               Mean episode length: 912.81
           Episode_Reward/progress: 5.1870
              Episode_Reward/alive: 0.4523
            Episode_Reward/upright: 0.0879
     Episode_Reward/move_to_target: 0.4435
          Episode_Reward/action_l2: -0.0225
             Episode_Reward/energy: -0.7029
   Episode_Reward/joint_pos_limits: -0.3234
      Episode_Termination/time_out: 0.9104
  Episode_Termination/torso_height: 0.0896
--------------------------------------------------------------------------------
                   Total timesteps: 6471680
                    Iteration time: 0.46s
                      Time elapsed: 00:02:22
                               ETA: 00:00:38

################################################################################
                      [1m Learning iteration 395/500 [0m                      

                       Computation: 34355 steps/s (collection: 0.350s, learning 0.127s)
             Mean action noise std: 0.18
          Mean value_function loss: 0.0362
               Mean surrogate loss: -0.0057
                 Mean entropy loss: -2.6114
                       Mean reward: 82.73
               Mean episode length: 877.45
           Episode_Reward/progress: 4.9552
              Episode_Reward/alive: 0.4393
            Episode_Reward/upright: 0.0848
     Episode_Reward/move_to_target: 0.4320
          Episode_Reward/action_l2: -0.0218
             Episode_Reward/energy: -0.6747
   Episode_Reward/joint_pos_limits: -0.3176
      Episode_Termination/time_out: 0.9044
  Episode_Termination/torso_height: 0.0956
--------------------------------------------------------------------------------
                   Total timesteps: 6488064
                    Iteration time: 0.48s
                      Time elapsed: 00:02:22
                               ETA: 00:00:37

################################################################################
                      [1m Learning iteration 396/500 [0m                      

                       Computation: 38842 steps/s (collection: 0.321s, learning 0.101s)
             Mean action noise std: 0.18
          Mean value_function loss: 0.0342
               Mean surrogate loss: -0.0016
                 Mean entropy loss: -2.6224
                       Mean reward: 80.21
               Mean episode length: 850.74
           Episode_Reward/progress: 4.6595
              Episode_Reward/alive: 0.3981
            Episode_Reward/upright: 0.0779
     Episode_Reward/move_to_target: 0.3950
          Episode_Reward/action_l2: -0.0199
             Episode_Reward/energy: -0.6170
   Episode_Reward/joint_pos_limits: -0.2852
      Episode_Termination/time_out: 0.8987
  Episode_Termination/torso_height: 0.1013
--------------------------------------------------------------------------------
                   Total timesteps: 6504448
                    Iteration time: 0.42s
                      Time elapsed: 00:02:23
                               ETA: 00:00:37

################################################################################
                      [1m Learning iteration 397/500 [0m                      

                       Computation: 41062 steps/s (collection: 0.302s, learning 0.097s)
             Mean action noise std: 0.18
          Mean value_function loss: 0.0299
               Mean surrogate loss: -0.0064
                 Mean entropy loss: -2.6376
                       Mean reward: 81.00
               Mean episode length: 860.00
           Episode_Reward/progress: 4.9400
              Episode_Reward/alive: 0.4285
            Episode_Reward/upright: 0.0839
     Episode_Reward/move_to_target: 0.4251
          Episode_Reward/action_l2: -0.0216
             Episode_Reward/energy: -0.6706
   Episode_Reward/joint_pos_limits: -0.3073
      Episode_Termination/time_out: 0.8966
  Episode_Termination/torso_height: 0.1034
--------------------------------------------------------------------------------
                   Total timesteps: 6520832
                    Iteration time: 0.40s
                      Time elapsed: 00:02:23
                               ETA: 00:00:37

################################################################################
                      [1m Learning iteration 398/500 [0m                      

                       Computation: 41323 steps/s (collection: 0.305s, learning 0.091s)
             Mean action noise std: 0.18
          Mean value_function loss: 0.0253
               Mean surrogate loss: -0.0036
                 Mean entropy loss: -2.6639
                       Mean reward: 80.01
               Mean episode length: 851.30
           Episode_Reward/progress: 5.7024
              Episode_Reward/alive: 0.4858
            Episode_Reward/upright: 0.0963
     Episode_Reward/move_to_target: 0.4846
          Episode_Reward/action_l2: -0.0241
             Episode_Reward/energy: -0.7657
   Episode_Reward/joint_pos_limits: -0.3450
      Episode_Termination/time_out: 0.8996
  Episode_Termination/torso_height: 0.1004
--------------------------------------------------------------------------------
                   Total timesteps: 6537216
                    Iteration time: 0.40s
                      Time elapsed: 00:02:24
                               ETA: 00:00:36

################################################################################
                      [1m Learning iteration 399/500 [0m                      

                       Computation: 47806 steps/s (collection: 0.255s, learning 0.088s)
             Mean action noise std: 0.18
          Mean value_function loss: 0.0421
               Mean surrogate loss: -0.0061
                 Mean entropy loss: -2.6834
                       Mean reward: 80.47
               Mean episode length: 852.55
           Episode_Reward/progress: 5.6434
              Episode_Reward/alive: 0.4781
            Episode_Reward/upright: 0.0951
     Episode_Reward/move_to_target: 0.4771
          Episode_Reward/action_l2: -0.0239
             Episode_Reward/energy: -0.7590
   Episode_Reward/joint_pos_limits: -0.3386
      Episode_Termination/time_out: 0.9012
  Episode_Termination/torso_height: 0.0988
--------------------------------------------------------------------------------
                   Total timesteps: 6553600
                    Iteration time: 0.34s
                      Time elapsed: 00:02:24
                               ETA: 00:00:36

################################################################################
                      [1m Learning iteration 400/500 [0m                      

                       Computation: 45844 steps/s (collection: 0.264s, learning 0.093s)
             Mean action noise std: 0.18
          Mean value_function loss: 0.0281
               Mean surrogate loss: -0.0036
                 Mean entropy loss: -2.6881
                       Mean reward: 82.74
               Mean episode length: 862.93
           Episode_Reward/progress: 5.4179
              Episode_Reward/alive: 0.4570
            Episode_Reward/upright: 0.0895
     Episode_Reward/move_to_target: 0.4543
          Episode_Reward/action_l2: -0.0228
             Episode_Reward/energy: -0.7076
   Episode_Reward/joint_pos_limits: -0.3269
      Episode_Termination/time_out: 0.9009
  Episode_Termination/torso_height: 0.0991
--------------------------------------------------------------------------------
                   Total timesteps: 6569984
                    Iteration time: 0.36s
                      Time elapsed: 00:02:24
                               ETA: 00:00:36

################################################################################
                      [1m Learning iteration 401/500 [0m                      

                       Computation: 40344 steps/s (collection: 0.309s, learning 0.097s)
             Mean action noise std: 0.18
          Mean value_function loss: 0.0431
               Mean surrogate loss: -0.0025
                 Mean entropy loss: -2.6897
                       Mean reward: 81.29
               Mean episode length: 844.54
           Episode_Reward/progress: 5.0843
              Episode_Reward/alive: 0.4270
            Episode_Reward/upright: 0.0843
     Episode_Reward/move_to_target: 0.4238
          Episode_Reward/action_l2: -0.0217
             Episode_Reward/energy: -0.6730
   Episode_Reward/joint_pos_limits: -0.3066
      Episode_Termination/time_out: 0.9005
  Episode_Termination/torso_height: 0.0995
--------------------------------------------------------------------------------
                   Total timesteps: 6586368
                    Iteration time: 0.41s
                      Time elapsed: 00:02:25
                               ETA: 00:00:35

################################################################################
                      [1m Learning iteration 402/500 [0m                      

                       Computation: 42332 steps/s (collection: 0.295s, learning 0.093s)
             Mean action noise std: 0.18
          Mean value_function loss: 0.0240
               Mean surrogate loss: -0.0074
                 Mean entropy loss: -2.7015
                       Mean reward: 82.40
               Mean episode length: 854.01
           Episode_Reward/progress: 4.8049
              Episode_Reward/alive: 0.4211
            Episode_Reward/upright: 0.0810
     Episode_Reward/move_to_target: 0.4189
          Episode_Reward/action_l2: -0.0209
             Episode_Reward/energy: -0.6375
   Episode_Reward/joint_pos_limits: -0.3041
      Episode_Termination/time_out: 0.9003
  Episode_Termination/torso_height: 0.0997
--------------------------------------------------------------------------------
                   Total timesteps: 6602752
                    Iteration time: 0.39s
                      Time elapsed: 00:02:25
                               ETA: 00:00:35

################################################################################
                      [1m Learning iteration 403/500 [0m                      

                       Computation: 46177 steps/s (collection: 0.265s, learning 0.089s)
             Mean action noise std: 0.18
          Mean value_function loss: 0.0247
               Mean surrogate loss: -0.0054
                 Mean entropy loss: -2.7292
                       Mean reward: 83.16
               Mean episode length: 857.09
           Episode_Reward/progress: 5.6606
              Episode_Reward/alive: 0.4759
            Episode_Reward/upright: 0.0939
     Episode_Reward/move_to_target: 0.4731
          Episode_Reward/action_l2: -0.0241
             Episode_Reward/energy: -0.7478
   Episode_Reward/joint_pos_limits: -0.3393
      Episode_Termination/time_out: 0.8992
  Episode_Termination/torso_height: 0.1008
--------------------------------------------------------------------------------
                   Total timesteps: 6619136
                    Iteration time: 0.35s
                      Time elapsed: 00:02:25
                               ETA: 00:00:35

################################################################################
                      [1m Learning iteration 404/500 [0m                      

                       Computation: 47484 steps/s (collection: 0.256s, learning 0.089s)
             Mean action noise std: 0.18
          Mean value_function loss: 0.0195
               Mean surrogate loss: -0.0069
                 Mean entropy loss: -2.7616
                       Mean reward: 84.23
               Mean episode length: 866.54
           Episode_Reward/progress: 5.8469
              Episode_Reward/alive: 0.4899
            Episode_Reward/upright: 0.0971
     Episode_Reward/move_to_target: 0.4890
          Episode_Reward/action_l2: -0.0246
             Episode_Reward/energy: -0.7737
   Episode_Reward/joint_pos_limits: -0.3493
      Episode_Termination/time_out: 0.9000
  Episode_Termination/torso_height: 0.1000
--------------------------------------------------------------------------------
                   Total timesteps: 6635520
                    Iteration time: 0.35s
                      Time elapsed: 00:02:26
                               ETA: 00:00:34

################################################################################
                      [1m Learning iteration 405/500 [0m                      

                       Computation: 48771 steps/s (collection: 0.247s, learning 0.089s)
             Mean action noise std: 0.18
          Mean value_function loss: 0.0426
               Mean surrogate loss: -0.0065
                 Mean entropy loss: -2.7860
                       Mean reward: 86.04
               Mean episode length: 884.05
           Episode_Reward/progress: 5.9818
              Episode_Reward/alive: 0.5000
            Episode_Reward/upright: 0.0996
     Episode_Reward/move_to_target: 0.4992
          Episode_Reward/action_l2: -0.0251
             Episode_Reward/energy: -0.7932
   Episode_Reward/joint_pos_limits: -0.3544
      Episode_Termination/time_out: 0.9036
  Episode_Termination/torso_height: 0.0964
--------------------------------------------------------------------------------
                   Total timesteps: 6651904
                    Iteration time: 0.34s
                      Time elapsed: 00:02:26
                               ETA: 00:00:34

################################################################################
                      [1m Learning iteration 406/500 [0m                      

                       Computation: 48815 steps/s (collection: 0.249s, learning 0.087s)
             Mean action noise std: 0.18
          Mean value_function loss: 0.0380
               Mean surrogate loss: -0.0059
                 Mean entropy loss: -2.8093
                       Mean reward: 91.03
               Mean episode length: 929.08
           Episode_Reward/progress: 6.0123
              Episode_Reward/alive: 0.5000
            Episode_Reward/upright: 0.0998
     Episode_Reward/move_to_target: 0.4992
          Episode_Reward/action_l2: -0.0253
             Episode_Reward/energy: -0.7917
   Episode_Reward/joint_pos_limits: -0.3568
      Episode_Termination/time_out: 0.9094
  Episode_Termination/torso_height: 0.0906
--------------------------------------------------------------------------------
                   Total timesteps: 6668288
                    Iteration time: 0.34s
                      Time elapsed: 00:02:26
                               ETA: 00:00:33

################################################################################
                      [1m Learning iteration 407/500 [0m                      

                       Computation: 46396 steps/s (collection: 0.262s, learning 0.091s)
             Mean action noise std: 0.18
          Mean value_function loss: 0.0512
               Mean surrogate loss: -0.0077
                 Mean entropy loss: -2.8218
                       Mean reward: 90.76
               Mean episode length: 919.48
           Episode_Reward/progress: 5.1921
              Episode_Reward/alive: 0.4275
            Episode_Reward/upright: 0.0845
     Episode_Reward/move_to_target: 0.4251
          Episode_Reward/action_l2: -0.0216
             Episode_Reward/energy: -0.6734
   Episode_Reward/joint_pos_limits: -0.3049
      Episode_Termination/time_out: 0.9075
  Episode_Termination/torso_height: 0.0925
--------------------------------------------------------------------------------
                   Total timesteps: 6684672
                    Iteration time: 0.35s
                      Time elapsed: 00:02:27
                               ETA: 00:00:33

################################################################################
                      [1m Learning iteration 408/500 [0m                      

                       Computation: 46324 steps/s (collection: 0.263s, learning 0.091s)
             Mean action noise std: 0.18
          Mean value_function loss: 0.0299
               Mean surrogate loss: -0.0057
                 Mean entropy loss: -2.8404
                       Mean reward: 90.22
               Mean episode length: 916.23
           Episode_Reward/progress: 5.7452
              Episode_Reward/alive: 0.4855
            Episode_Reward/upright: 0.0962
     Episode_Reward/move_to_target: 0.4845
          Episode_Reward/action_l2: -0.0244
             Episode_Reward/energy: -0.7663
   Episode_Reward/joint_pos_limits: -0.3472
      Episode_Termination/time_out: 0.9061
  Episode_Termination/torso_height: 0.0939
--------------------------------------------------------------------------------
                   Total timesteps: 6701056
                    Iteration time: 0.35s
                      Time elapsed: 00:02:27
                               ETA: 00:00:33

################################################################################
                      [1m Learning iteration 409/500 [0m                      

                       Computation: 48863 steps/s (collection: 0.263s, learning 0.072s)
             Mean action noise std: 0.18
          Mean value_function loss: 0.0274
               Mean surrogate loss: -0.0046
                 Mean entropy loss: -2.8664
                       Mean reward: 88.75
               Mean episode length: 898.83
           Episode_Reward/progress: 5.4271
              Episode_Reward/alive: 0.4517
            Episode_Reward/upright: 0.0892
     Episode_Reward/move_to_target: 0.4498
          Episode_Reward/action_l2: -0.0228
             Episode_Reward/energy: -0.7080
   Episode_Reward/joint_pos_limits: -0.3223
      Episode_Termination/time_out: 0.9075
  Episode_Termination/torso_height: 0.0925
--------------------------------------------------------------------------------
                   Total timesteps: 6717440
                    Iteration time: 0.34s
                      Time elapsed: 00:02:27
                               ETA: 00:00:32

################################################################################
                      [1m Learning iteration 410/500 [0m                      

                       Computation: 47804 steps/s (collection: 0.253s, learning 0.090s)
             Mean action noise std: 0.18
          Mean value_function loss: 0.0261
               Mean surrogate loss: 0.0013
                 Mean entropy loss: -2.8791
                       Mean reward: 86.32
               Mean episode length: 872.22
           Episode_Reward/progress: 5.7290
              Episode_Reward/alive: 0.4615
            Episode_Reward/upright: 0.0914
     Episode_Reward/move_to_target: 0.4610
          Episode_Reward/action_l2: -0.0236
             Episode_Reward/energy: -0.7250
   Episode_Reward/joint_pos_limits: -0.3290
      Episode_Termination/time_out: 0.9054
  Episode_Termination/torso_height: 0.0946
--------------------------------------------------------------------------------
                   Total timesteps: 6733824
                    Iteration time: 0.34s
                      Time elapsed: 00:02:28
                               ETA: 00:00:32

################################################################################
                      [1m Learning iteration 411/500 [0m                      

                       Computation: 45669 steps/s (collection: 0.260s, learning 0.099s)
             Mean action noise std: 0.18
          Mean value_function loss: 0.0593
               Mean surrogate loss: -0.0051
                 Mean entropy loss: -2.8891
                       Mean reward: 85.14
               Mean episode length: 863.49
           Episode_Reward/progress: 5.1956
              Episode_Reward/alive: 0.4379
            Episode_Reward/upright: 0.0857
     Episode_Reward/move_to_target: 0.4359
          Episode_Reward/action_l2: -0.0221
             Episode_Reward/energy: -0.6797
   Episode_Reward/joint_pos_limits: -0.3141
      Episode_Termination/time_out: 0.9067
  Episode_Termination/torso_height: 0.0933
--------------------------------------------------------------------------------
                   Total timesteps: 6750208
                    Iteration time: 0.36s
                      Time elapsed: 00:02:28
                               ETA: 00:00:32

################################################################################
                      [1m Learning iteration 412/500 [0m                      

                       Computation: 42453 steps/s (collection: 0.291s, learning 0.095s)
             Mean action noise std: 0.18
          Mean value_function loss: 0.0380
               Mean surrogate loss: -0.0078
                 Mean entropy loss: -2.9009
                       Mean reward: 84.86
               Mean episode length: 863.92
           Episode_Reward/progress: 5.6302
              Episode_Reward/alive: 0.4717
            Episode_Reward/upright: 0.0925
     Episode_Reward/move_to_target: 0.4695
          Episode_Reward/action_l2: -0.0240
             Episode_Reward/energy: -0.7369
   Episode_Reward/joint_pos_limits: -0.3385
      Episode_Termination/time_out: 0.9070
  Episode_Termination/torso_height: 0.0930
--------------------------------------------------------------------------------
                   Total timesteps: 6766592
                    Iteration time: 0.39s
                      Time elapsed: 00:02:29
                               ETA: 00:00:31

################################################################################
                      [1m Learning iteration 413/500 [0m                      

                       Computation: 42219 steps/s (collection: 0.291s, learning 0.097s)
             Mean action noise std: 0.18
          Mean value_function loss: 0.0370
               Mean surrogate loss: -0.0040
                 Mean entropy loss: -2.9230
                       Mean reward: 84.20
               Mean episode length: 854.72
           Episode_Reward/progress: 5.8799
              Episode_Reward/alive: 0.4850
            Episode_Reward/upright: 0.0963
     Episode_Reward/move_to_target: 0.4838
          Episode_Reward/action_l2: -0.0246
             Episode_Reward/energy: -0.7572
   Episode_Reward/joint_pos_limits: -0.3448
      Episode_Termination/time_out: 0.9055
  Episode_Termination/torso_height: 0.0945
--------------------------------------------------------------------------------
                   Total timesteps: 6782976
                    Iteration time: 0.39s
                      Time elapsed: 00:02:29
                               ETA: 00:00:31

################################################################################
                      [1m Learning iteration 414/500 [0m                      

                       Computation: 46133 steps/s (collection: 0.261s, learning 0.095s)
             Mean action noise std: 0.18
          Mean value_function loss: 0.0319
               Mean surrogate loss: -0.0049
                 Mean entropy loss: -2.9588
                       Mean reward: 85.37
               Mean episode length: 862.92
           Episode_Reward/progress: 5.8227
              Episode_Reward/alive: 0.4782
            Episode_Reward/upright: 0.0948
     Episode_Reward/move_to_target: 0.4763
          Episode_Reward/action_l2: -0.0243
             Episode_Reward/energy: -0.7584
   Episode_Reward/joint_pos_limits: -0.3398
      Episode_Termination/time_out: 0.9031
  Episode_Termination/torso_height: 0.0969
--------------------------------------------------------------------------------
                   Total timesteps: 6799360
                    Iteration time: 0.36s
                      Time elapsed: 00:02:29
                               ETA: 00:00:31

################################################################################
                      [1m Learning iteration 415/500 [0m                      

                       Computation: 44014 steps/s (collection: 0.274s, learning 0.099s)
             Mean action noise std: 0.18
          Mean value_function loss: 0.0282
               Mean surrogate loss: -0.0042
                 Mean entropy loss: -2.9873
                       Mean reward: 87.06
               Mean episode length: 880.34
           Episode_Reward/progress: 5.9966
              Episode_Reward/alive: 0.5000
            Episode_Reward/upright: 0.0984
     Episode_Reward/move_to_target: 0.4963
          Episode_Reward/action_l2: -0.0254
             Episode_Reward/energy: -0.7848
   Episode_Reward/joint_pos_limits: -0.3568
      Episode_Termination/time_out: 0.9043
  Episode_Termination/torso_height: 0.0957
--------------------------------------------------------------------------------
                   Total timesteps: 6815744
                    Iteration time: 0.37s
                      Time elapsed: 00:02:30
                               ETA: 00:00:30

################################################################################
                      [1m Learning iteration 416/500 [0m                      

                       Computation: 38283 steps/s (collection: 0.314s, learning 0.114s)
             Mean action noise std: 0.18
          Mean value_function loss: 0.0262
               Mean surrogate loss: -0.0059
                 Mean entropy loss: -2.9944
                       Mean reward: 86.06
               Mean episode length: 871.57
           Episode_Reward/progress: 5.0909
              Episode_Reward/alive: 0.4284
            Episode_Reward/upright: 0.0838
     Episode_Reward/move_to_target: 0.4263
          Episode_Reward/action_l2: -0.0219
             Episode_Reward/energy: -0.6761
   Episode_Reward/joint_pos_limits: -0.3083
      Episode_Termination/time_out: 0.9012
  Episode_Termination/torso_height: 0.0988
--------------------------------------------------------------------------------
                   Total timesteps: 6832128
                    Iteration time: 0.43s
                      Time elapsed: 00:02:30
                               ETA: 00:00:30

################################################################################
                      [1m Learning iteration 417/500 [0m                      

                       Computation: 43107 steps/s (collection: 0.278s, learning 0.102s)
             Mean action noise std: 0.18
          Mean value_function loss: 0.0255
               Mean surrogate loss: -0.0043
                 Mean entropy loss: -3.0169
                       Mean reward: 84.47
               Mean episode length: 853.75
           Episode_Reward/progress: 4.5415
              Episode_Reward/alive: 0.3769
            Episode_Reward/upright: 0.0729
     Episode_Reward/move_to_target: 0.3731
          Episode_Reward/action_l2: -0.0191
             Episode_Reward/energy: -0.5794
   Episode_Reward/joint_pos_limits: -0.2715
      Episode_Termination/time_out: 0.8959
  Episode_Termination/torso_height: 0.1041
--------------------------------------------------------------------------------
                   Total timesteps: 6848512
                    Iteration time: 0.38s
                      Time elapsed: 00:02:30
                               ETA: 00:00:29

################################################################################
                      [1m Learning iteration 418/500 [0m                      

                       Computation: 43759 steps/s (collection: 0.276s, learning 0.098s)
             Mean action noise std: 0.18
          Mean value_function loss: 0.0331
               Mean surrogate loss: -0.0048
                 Mean entropy loss: -3.0341
                       Mean reward: 86.38
               Mean episode length: 871.11
           Episode_Reward/progress: 5.8367
              Episode_Reward/alive: 0.4719
            Episode_Reward/upright: 0.0937
     Episode_Reward/move_to_target: 0.4700
          Episode_Reward/action_l2: -0.0243
             Episode_Reward/energy: -0.7521
   Episode_Reward/joint_pos_limits: -0.3356
      Episode_Termination/time_out: 0.8941
  Episode_Termination/torso_height: 0.1059
--------------------------------------------------------------------------------
                   Total timesteps: 6864896
                    Iteration time: 0.37s
                      Time elapsed: 00:02:31
                               ETA: 00:00:29

################################################################################
                      [1m Learning iteration 419/500 [0m                      

                       Computation: 38141 steps/s (collection: 0.313s, learning 0.117s)
             Mean action noise std: 0.18
          Mean value_function loss: 0.0262
               Mean surrogate loss: -0.0068
                 Mean entropy loss: -3.0344
                       Mean reward: 89.02
               Mean episode length: 889.14
           Episode_Reward/progress: 6.2631
              Episode_Reward/alive: 0.5000
            Episode_Reward/upright: 0.0998
     Episode_Reward/move_to_target: 0.4995
          Episode_Reward/action_l2: -0.0257
             Episode_Reward/energy: -0.8003
   Episode_Reward/joint_pos_limits: -0.3552
      Episode_Termination/time_out: 0.8960
  Episode_Termination/torso_height: 0.1040
--------------------------------------------------------------------------------
                   Total timesteps: 6881280
                    Iteration time: 0.43s
                      Time elapsed: 00:02:31
                               ETA: 00:00:29

################################################################################
                      [1m Learning iteration 420/500 [0m                      

                       Computation: 47196 steps/s (collection: 0.251s, learning 0.096s)
             Mean action noise std: 0.18
          Mean value_function loss: 0.0301
               Mean surrogate loss: -0.0046
                 Mean entropy loss: -3.0483
                       Mean reward: 89.67
               Mean episode length: 896.07
           Episode_Reward/progress: 5.9392
              Episode_Reward/alive: 0.4972
            Episode_Reward/upright: 0.0990
     Episode_Reward/move_to_target: 0.4936
          Episode_Reward/action_l2: -0.0255
             Episode_Reward/energy: -0.7928
   Episode_Reward/joint_pos_limits: -0.3581
      Episode_Termination/time_out: 0.8965
  Episode_Termination/torso_height: 0.1035
--------------------------------------------------------------------------------
                   Total timesteps: 6897664
                    Iteration time: 0.35s
                      Time elapsed: 00:02:32
                               ETA: 00:00:28

################################################################################
                      [1m Learning iteration 421/500 [0m                      

                       Computation: 48910 steps/s (collection: 0.244s, learning 0.091s)
             Mean action noise std: 0.18
          Mean value_function loss: 0.0275
               Mean surrogate loss: -0.0028
                 Mean entropy loss: -3.0821
                       Mean reward: 88.69
               Mean episode length: 887.87
           Episode_Reward/progress: 5.0924
              Episode_Reward/alive: 0.4298
            Episode_Reward/upright: 0.0837
     Episode_Reward/move_to_target: 0.4235
          Episode_Reward/action_l2: -0.0220
             Episode_Reward/energy: -0.6737
   Episode_Reward/joint_pos_limits: -0.3114
      Episode_Termination/time_out: 0.8944
  Episode_Termination/torso_height: 0.1056
--------------------------------------------------------------------------------
                   Total timesteps: 6914048
                    Iteration time: 0.33s
                      Time elapsed: 00:02:32
                               ETA: 00:00:28

################################################################################
                      [1m Learning iteration 422/500 [0m                      

                       Computation: 48275 steps/s (collection: 0.251s, learning 0.089s)
             Mean action noise std: 0.18
          Mean value_function loss: 0.0692
               Mean surrogate loss: -0.0075
                 Mean entropy loss: -3.1051
                       Mean reward: 88.69
               Mean episode length: 887.87
           Episode_Reward/progress: 6.1059
              Episode_Reward/alive: 0.5000
            Episode_Reward/upright: 0.0988
     Episode_Reward/move_to_target: 0.4986
          Episode_Reward/action_l2: -0.0258
             Episode_Reward/energy: -0.7987
   Episode_Reward/joint_pos_limits: -0.3582
      Episode_Termination/time_out: 0.8926
  Episode_Termination/torso_height: 0.1074
--------------------------------------------------------------------------------
                   Total timesteps: 6930432
                    Iteration time: 0.34s
                      Time elapsed: 00:02:32
                               ETA: 00:00:28

################################################################################
                      [1m Learning iteration 423/500 [0m                      

                       Computation: 45577 steps/s (collection: 0.267s, learning 0.093s)
             Mean action noise std: 0.18
          Mean value_function loss: 0.0325
               Mean surrogate loss: -0.0047
                 Mean entropy loss: -3.1230
                       Mean reward: 90.84
               Mean episode length: 905.23
           Episode_Reward/progress: 5.8513
              Episode_Reward/alive: 0.4699
            Episode_Reward/upright: 0.0933
     Episode_Reward/move_to_target: 0.4684
          Episode_Reward/action_l2: -0.0243
             Episode_Reward/energy: -0.7516
   Episode_Reward/joint_pos_limits: -0.3364
      Episode_Termination/time_out: 0.8942
  Episode_Termination/torso_height: 0.1058
--------------------------------------------------------------------------------
                   Total timesteps: 6946816
                    Iteration time: 0.36s
                      Time elapsed: 00:02:33
                               ETA: 00:00:27

################################################################################
                      [1m Learning iteration 424/500 [0m                      

                       Computation: 44083 steps/s (collection: 0.283s, learning 0.088s)
             Mean action noise std: 0.17
          Mean value_function loss: 0.0328
               Mean surrogate loss: -0.0025
                 Mean entropy loss: -3.1513
                       Mean reward: 89.71
               Mean episode length: 891.53
           Episode_Reward/progress: 5.5242
              Episode_Reward/alive: 0.4431
            Episode_Reward/upright: 0.0875
     Episode_Reward/move_to_target: 0.4397
          Episode_Reward/action_l2: -0.0232
             Episode_Reward/energy: -0.7165
   Episode_Reward/joint_pos_limits: -0.3192
      Episode_Termination/time_out: 0.8905
  Episode_Termination/torso_height: 0.1095
--------------------------------------------------------------------------------
                   Total timesteps: 6963200
                    Iteration time: 0.37s
                      Time elapsed: 00:02:33
                               ETA: 00:00:27

################################################################################
                      [1m Learning iteration 425/500 [0m                      

                       Computation: 44347 steps/s (collection: 0.266s, learning 0.104s)
             Mean action noise std: 0.17
          Mean value_function loss: 0.0622
               Mean surrogate loss: -0.0051
                 Mean entropy loss: -3.1728
                       Mean reward: 89.53
               Mean episode length: 884.29
           Episode_Reward/progress: 5.8889
              Episode_Reward/alive: 0.4715
            Episode_Reward/upright: 0.0933
     Episode_Reward/move_to_target: 0.4697
          Episode_Reward/action_l2: -0.0246
             Episode_Reward/energy: -0.7545
   Episode_Reward/joint_pos_limits: -0.3394
      Episode_Termination/time_out: 0.8932
  Episode_Termination/torso_height: 0.1068
--------------------------------------------------------------------------------
                   Total timesteps: 6979584
                    Iteration time: 0.37s
                      Time elapsed: 00:02:33
                               ETA: 00:00:27

################################################################################
                      [1m Learning iteration 426/500 [0m                      

                       Computation: 41370 steps/s (collection: 0.299s, learning 0.097s)
             Mean action noise std: 0.17
          Mean value_function loss: 0.0333
               Mean surrogate loss: -0.0052
                 Mean entropy loss: -3.1683
                       Mean reward: 91.06
               Mean episode length: 892.67
           Episode_Reward/progress: 6.1080
              Episode_Reward/alive: 0.4856
            Episode_Reward/upright: 0.0966
     Episode_Reward/move_to_target: 0.4837
          Episode_Reward/action_l2: -0.0253
             Episode_Reward/energy: -0.7873
   Episode_Reward/joint_pos_limits: -0.3466
      Episode_Termination/time_out: 0.8989
  Episode_Termination/torso_height: 0.1011
--------------------------------------------------------------------------------
                   Total timesteps: 6995968
                    Iteration time: 0.40s
                      Time elapsed: 00:02:34
                               ETA: 00:00:26

################################################################################
                      [1m Learning iteration 427/500 [0m                      

                       Computation: 42955 steps/s (collection: 0.282s, learning 0.099s)
             Mean action noise std: 0.17
          Mean value_function loss: 0.0430
               Mean surrogate loss: -0.0057
                 Mean entropy loss: -3.1874
                       Mean reward: 86.97
               Mean episode length: 852.55
           Episode_Reward/progress: 5.3792
              Episode_Reward/alive: 0.4194
            Episode_Reward/upright: 0.0827
     Episode_Reward/move_to_target: 0.4153
          Episode_Reward/action_l2: -0.0224
             Episode_Reward/energy: -0.6787
   Episode_Reward/joint_pos_limits: -0.3042
      Episode_Termination/time_out: 0.8967
  Episode_Termination/torso_height: 0.1033
--------------------------------------------------------------------------------
                   Total timesteps: 7012352
                    Iteration time: 0.38s
                      Time elapsed: 00:02:34
                               ETA: 00:00:26

################################################################################
                      [1m Learning iteration 428/500 [0m                      

                       Computation: 41380 steps/s (collection: 0.305s, learning 0.091s)
             Mean action noise std: 0.17
          Mean value_function loss: 0.0340
               Mean surrogate loss: -0.0061
                 Mean entropy loss: -3.2083
                       Mean reward: 86.06
               Mean episode length: 844.35
           Episode_Reward/progress: 5.3546
              Episode_Reward/alive: 0.4340
            Episode_Reward/upright: 0.0860
     Episode_Reward/move_to_target: 0.4325
          Episode_Reward/action_l2: -0.0224
             Episode_Reward/energy: -0.6980
   Episode_Reward/joint_pos_limits: -0.3115
      Episode_Termination/time_out: 0.8939
  Episode_Termination/torso_height: 0.1061
--------------------------------------------------------------------------------
                   Total timesteps: 7028736
                    Iteration time: 0.40s
                      Time elapsed: 00:02:35
                               ETA: 00:00:26

################################################################################
                      [1m Learning iteration 429/500 [0m                      

                       Computation: 43246 steps/s (collection: 0.284s, learning 0.095s)
             Mean action noise std: 0.17
          Mean value_function loss: 0.0376
               Mean surrogate loss: -0.0053
                 Mean entropy loss: -3.2229
                       Mean reward: 88.69
               Mean episode length: 867.03
           Episode_Reward/progress: 6.0640
              Episode_Reward/alive: 0.4795
            Episode_Reward/upright: 0.0950
     Episode_Reward/move_to_target: 0.4780
          Episode_Reward/action_l2: -0.0251
             Episode_Reward/energy: -0.7647
   Episode_Reward/joint_pos_limits: -0.3457
      Episode_Termination/time_out: 0.8923
  Episode_Termination/torso_height: 0.1077
--------------------------------------------------------------------------------
                   Total timesteps: 7045120
                    Iteration time: 0.38s
                      Time elapsed: 00:02:35
                               ETA: 00:00:25

################################################################################
                      [1m Learning iteration 430/500 [0m                      

                       Computation: 43785 steps/s (collection: 0.280s, learning 0.095s)
             Mean action noise std: 0.17
          Mean value_function loss: 0.0271
               Mean surrogate loss: -0.0078
                 Mean entropy loss: -3.2441
                       Mean reward: 88.99
               Mean episode length: 866.81
           Episode_Reward/progress: 6.0043
              Episode_Reward/alive: 0.4782
            Episode_Reward/upright: 0.0952
     Episode_Reward/move_to_target: 0.4777
          Episode_Reward/action_l2: -0.0251
             Episode_Reward/energy: -0.7725
   Episode_Reward/joint_pos_limits: -0.3461
      Episode_Termination/time_out: 0.8939
  Episode_Termination/torso_height: 0.1061
--------------------------------------------------------------------------------
                   Total timesteps: 7061504
                    Iteration time: 0.37s
                      Time elapsed: 00:02:35
                               ETA: 00:00:25

################################################################################
                      [1m Learning iteration 431/500 [0m                      

                       Computation: 45256 steps/s (collection: 0.274s, learning 0.088s)
             Mean action noise std: 0.17
          Mean value_function loss: 0.0279
               Mean surrogate loss: -0.0050
                 Mean entropy loss: -3.2778
                       Mean reward: 87.62
               Mean episode length: 858.13
           Episode_Reward/progress: 5.8282
              Episode_Reward/alive: 0.4714
            Episode_Reward/upright: 0.0927
     Episode_Reward/move_to_target: 0.4659
          Episode_Reward/action_l2: -0.0248
             Episode_Reward/energy: -0.7510
   Episode_Reward/joint_pos_limits: -0.3428
      Episode_Termination/time_out: 0.9003
  Episode_Termination/torso_height: 0.0997
--------------------------------------------------------------------------------
                   Total timesteps: 7077888
                    Iteration time: 0.36s
                      Time elapsed: 00:02:36
                               ETA: 00:00:24

################################################################################
                      [1m Learning iteration 432/500 [0m                      

                       Computation: 47431 steps/s (collection: 0.256s, learning 0.089s)
             Mean action noise std: 0.17
          Mean value_function loss: 0.0441
               Mean surrogate loss: -0.0064
                 Mean entropy loss: -3.2903
                       Mean reward: 90.25
               Mean episode length: 881.29
           Episode_Reward/progress: 5.6896
              Episode_Reward/alive: 0.4577
            Episode_Reward/upright: 0.0897
     Episode_Reward/move_to_target: 0.4518
          Episode_Reward/action_l2: -0.0241
             Episode_Reward/energy: -0.7282
   Episode_Reward/joint_pos_limits: -0.3329
      Episode_Termination/time_out: 0.8997
  Episode_Termination/torso_height: 0.1003
--------------------------------------------------------------------------------
                   Total timesteps: 7094272
                    Iteration time: 0.35s
                      Time elapsed: 00:02:36
                               ETA: 00:00:24

################################################################################
                      [1m Learning iteration 433/500 [0m                      

                       Computation: 46103 steps/s (collection: 0.267s, learning 0.088s)
             Mean action noise std: 0.17
          Mean value_function loss: 0.0304
               Mean surrogate loss: -0.0056
                 Mean entropy loss: -3.3096
                       Mean reward: 90.37
               Mean episode length: 889.97
           Episode_Reward/progress: 5.5363
              Episode_Reward/alive: 0.4511
            Episode_Reward/upright: 0.0884
     Episode_Reward/move_to_target: 0.4373
          Episode_Reward/action_l2: -0.0236
             Episode_Reward/energy: -0.7079
   Episode_Reward/joint_pos_limits: -0.3324
      Episode_Termination/time_out: 0.9017
  Episode_Termination/torso_height: 0.0983
--------------------------------------------------------------------------------
                   Total timesteps: 7110656
                    Iteration time: 0.36s
                      Time elapsed: 00:02:36
                               ETA: 00:00:24

################################################################################
                      [1m Learning iteration 434/500 [0m                      

                       Computation: 48193 steps/s (collection: 0.249s, learning 0.091s)
             Mean action noise std: 0.17
          Mean value_function loss: 0.0313
               Mean surrogate loss: -0.0076
                 Mean entropy loss: -3.3291
                       Mean reward: 90.04
               Mean episode length: 889.53
           Episode_Reward/progress: 5.7116
              Episode_Reward/alive: 0.4544
            Episode_Reward/upright: 0.0893
     Episode_Reward/move_to_target: 0.4513
          Episode_Reward/action_l2: -0.0239
             Episode_Reward/energy: -0.7281
   Episode_Reward/joint_pos_limits: -0.3282
      Episode_Termination/time_out: 0.8981
  Episode_Termination/torso_height: 0.1019
--------------------------------------------------------------------------------
                   Total timesteps: 7127040
                    Iteration time: 0.34s
                      Time elapsed: 00:02:37
                               ETA: 00:00:23

################################################################################
                      [1m Learning iteration 435/500 [0m                      

                       Computation: 48439 steps/s (collection: 0.243s, learning 0.095s)
             Mean action noise std: 0.17
          Mean value_function loss: 0.0217
               Mean surrogate loss: -0.0043
                 Mean entropy loss: -3.3508
                       Mean reward: 91.06
               Mean episode length: 898.25
           Episode_Reward/progress: 6.4512
              Episode_Reward/alive: 0.5000
            Episode_Reward/upright: 0.0999
     Episode_Reward/move_to_target: 0.4997
          Episode_Reward/action_l2: -0.0266
             Episode_Reward/energy: -0.8093
   Episode_Reward/joint_pos_limits: -0.3605
      Episode_Termination/time_out: 0.8984
  Episode_Termination/torso_height: 0.1016
--------------------------------------------------------------------------------
                   Total timesteps: 7143424
                    Iteration time: 0.34s
                      Time elapsed: 00:02:37
                               ETA: 00:00:23

################################################################################
                      [1m Learning iteration 436/500 [0m                      

                       Computation: 48610 steps/s (collection: 0.249s, learning 0.088s)
             Mean action noise std: 0.17
          Mean value_function loss: 0.0213
               Mean surrogate loss: -0.0035
                 Mean entropy loss: -3.3783
                       Mean reward: 91.20
               Mean episode length: 898.03
           Episode_Reward/progress: 4.3028
              Episode_Reward/alive: 0.3552
            Episode_Reward/upright: 0.0689
     Episode_Reward/move_to_target: 0.3472
          Episode_Reward/action_l2: -0.0188
             Episode_Reward/energy: -0.5661
   Episode_Reward/joint_pos_limits: -0.2601
      Episode_Termination/time_out: 0.8956
  Episode_Termination/torso_height: 0.1044
--------------------------------------------------------------------------------
                   Total timesteps: 7159808
                    Iteration time: 0.34s
                      Time elapsed: 00:02:37
                               ETA: 00:00:23

################################################################################
                      [1m Learning iteration 437/500 [0m                      

                       Computation: 44650 steps/s (collection: 0.272s, learning 0.095s)
             Mean action noise std: 0.17
          Mean value_function loss: 0.0534
               Mean surrogate loss: -0.0039
                 Mean entropy loss: -3.4124
                       Mean reward: 91.85
               Mean episode length: 906.68
           Episode_Reward/progress: 6.1896
              Episode_Reward/alive: 0.5000
            Episode_Reward/upright: 0.0992
     Episode_Reward/move_to_target: 0.4983
          Episode_Reward/action_l2: -0.0259
             Episode_Reward/energy: -0.8047
   Episode_Reward/joint_pos_limits: -0.3587
      Episode_Termination/time_out: 0.8992
  Episode_Termination/torso_height: 0.1008
--------------------------------------------------------------------------------
                   Total timesteps: 7176192
                    Iteration time: 0.37s
                      Time elapsed: 00:02:38
                               ETA: 00:00:22

################################################################################
                      [1m Learning iteration 438/500 [0m                      

                       Computation: 41058 steps/s (collection: 0.304s, learning 0.095s)
             Mean action noise std: 0.17
          Mean value_function loss: 0.0378
               Mean surrogate loss: -0.0046
                 Mean entropy loss: -3.4336
                       Mean reward: 92.95
               Mean episode length: 906.12
           Episode_Reward/progress: 5.1953
              Episode_Reward/alive: 0.4205
            Episode_Reward/upright: 0.0821
     Episode_Reward/move_to_target: 0.4183
          Episode_Reward/action_l2: -0.0220
             Episode_Reward/energy: -0.6652
   Episode_Reward/joint_pos_limits: -0.3081
      Episode_Termination/time_out: 0.8979
  Episode_Termination/torso_height: 0.1021
--------------------------------------------------------------------------------
                   Total timesteps: 7192576
                    Iteration time: 0.40s
                      Time elapsed: 00:02:38
                               ETA: 00:00:22

################################################################################
                      [1m Learning iteration 439/500 [0m                      

                       Computation: 41214 steps/s (collection: 0.306s, learning 0.091s)
             Mean action noise std: 0.17
          Mean value_function loss: 0.0336
               Mean surrogate loss: -0.0051
                 Mean entropy loss: -3.4588
                       Mean reward: 92.43
               Mean episode length: 897.51
           Episode_Reward/progress: 5.4803
              Episode_Reward/alive: 0.4339
            Episode_Reward/upright: 0.0857
     Episode_Reward/move_to_target: 0.4309
          Episode_Reward/action_l2: -0.0229
             Episode_Reward/energy: -0.6926
   Episode_Reward/joint_pos_limits: -0.3156
      Episode_Termination/time_out: 0.8981
  Episode_Termination/torso_height: 0.1019
--------------------------------------------------------------------------------
                   Total timesteps: 7208960
                    Iteration time: 0.40s
                      Time elapsed: 00:02:39
                               ETA: 00:00:22

################################################################################
                      [1m Learning iteration 440/500 [0m                      

                       Computation: 47548 steps/s (collection: 0.257s, learning 0.087s)
             Mean action noise std: 0.17
          Mean value_function loss: 0.0404
               Mean surrogate loss: -0.0066
                 Mean entropy loss: -3.4791
                       Mean reward: 88.62
               Mean episode length: 864.51
           Episode_Reward/progress: 4.9970
              Episode_Reward/alive: 0.3995
            Episode_Reward/upright: 0.0785
     Episode_Reward/move_to_target: 0.3957
          Episode_Reward/action_l2: -0.0209
             Episode_Reward/energy: -0.6400
   Episode_Reward/joint_pos_limits: -0.2892
      Episode_Termination/time_out: 0.8979
  Episode_Termination/torso_height: 0.1021
--------------------------------------------------------------------------------
                   Total timesteps: 7225344
                    Iteration time: 0.34s
                      Time elapsed: 00:02:39
                               ETA: 00:00:21

################################################################################
                      [1m Learning iteration 441/500 [0m                      

                       Computation: 47872 steps/s (collection: 0.251s, learning 0.092s)
             Mean action noise std: 0.17
          Mean value_function loss: 0.0343
               Mean surrogate loss: -0.0012
                 Mean entropy loss: -3.4946
                       Mean reward: 88.07
               Mean episode length: 855.64
           Episode_Reward/progress: 5.8017
              Episode_Reward/alive: 0.4566
            Episode_Reward/upright: 0.0896
     Episode_Reward/move_to_target: 0.4542
          Episode_Reward/action_l2: -0.0242
             Episode_Reward/energy: -0.7315
   Episode_Reward/joint_pos_limits: -0.3324
      Episode_Termination/time_out: 0.8937
  Episode_Termination/torso_height: 0.1063
--------------------------------------------------------------------------------
                   Total timesteps: 7241728
                    Iteration time: 0.34s
                      Time elapsed: 00:02:39
                               ETA: 00:00:21

################################################################################
                      [1m Learning iteration 442/500 [0m                      

                       Computation: 48196 steps/s (collection: 0.251s, learning 0.089s)
             Mean action noise std: 0.17
          Mean value_function loss: 0.0340
               Mean surrogate loss: -0.0057
                 Mean entropy loss: -3.5241
                       Mean reward: 87.63
               Mean episode length: 846.56
           Episode_Reward/progress: 6.0139
              Episode_Reward/alive: 0.4704
            Episode_Reward/upright: 0.0931
     Episode_Reward/move_to_target: 0.4687
          Episode_Reward/action_l2: -0.0251
             Episode_Reward/energy: -0.7605
   Episode_Reward/joint_pos_limits: -0.3428
      Episode_Termination/time_out: 0.8962
  Episode_Termination/torso_height: 0.1038
--------------------------------------------------------------------------------
                   Total timesteps: 7258112
                    Iteration time: 0.34s
                      Time elapsed: 00:02:40
                               ETA: 00:00:20

################################################################################
                      [1m Learning iteration 443/500 [0m                      

                       Computation: 43474 steps/s (collection: 0.273s, learning 0.104s)
             Mean action noise std: 0.17
          Mean value_function loss: 0.0285
               Mean surrogate loss: -0.0053
                 Mean entropy loss: -3.5653
                       Mean reward: 85.71
               Mean episode length: 828.59
           Episode_Reward/progress: 5.2385
              Episode_Reward/alive: 0.4122
            Episode_Reward/upright: 0.0815
     Episode_Reward/move_to_target: 0.4079
          Episode_Reward/action_l2: -0.0219
             Episode_Reward/energy: -0.6572
   Episode_Reward/joint_pos_limits: -0.2999
      Episode_Termination/time_out: 0.8959
  Episode_Termination/torso_height: 0.1041
--------------------------------------------------------------------------------
                   Total timesteps: 7274496
                    Iteration time: 0.38s
                      Time elapsed: 00:02:40
                               ETA: 00:00:20

################################################################################
                      [1m Learning iteration 444/500 [0m                      

                       Computation: 47705 steps/s (collection: 0.256s, learning 0.088s)
             Mean action noise std: 0.17
          Mean value_function loss: 0.0549
               Mean surrogate loss: -0.0045
                 Mean entropy loss: -3.5907
                       Mean reward: 87.77
               Mean episode length: 846.47
           Episode_Reward/progress: 6.3337
              Episode_Reward/alive: 0.5000
            Episode_Reward/upright: 0.0993
     Episode_Reward/move_to_target: 0.4995
          Episode_Reward/action_l2: -0.0264
             Episode_Reward/energy: -0.8064
   Episode_Reward/joint_pos_limits: -0.3601
      Episode_Termination/time_out: 0.8951
  Episode_Termination/torso_height: 0.1049
--------------------------------------------------------------------------------
                   Total timesteps: 7290880
                    Iteration time: 0.34s
                      Time elapsed: 00:02:40
                               ETA: 00:00:20

################################################################################
                      [1m Learning iteration 445/500 [0m                      

                       Computation: 45499 steps/s (collection: 0.264s, learning 0.096s)
             Mean action noise std: 0.17
          Mean value_function loss: 0.0296
               Mean surrogate loss: -0.0040
                 Mean entropy loss: -3.6132
                       Mean reward: 87.62
               Mean episode length: 843.33
           Episode_Reward/progress: 5.1622
              Episode_Reward/alive: 0.4130
            Episode_Reward/upright: 0.0801
     Episode_Reward/move_to_target: 0.4093
          Episode_Reward/action_l2: -0.0217
             Episode_Reward/energy: -0.6553
   Episode_Reward/joint_pos_limits: -0.2994
      Episode_Termination/time_out: 0.8962
  Episode_Termination/torso_height: 0.1038
--------------------------------------------------------------------------------
                   Total timesteps: 7307264
                    Iteration time: 0.36s
                      Time elapsed: 00:02:41
                               ETA: 00:00:19

################################################################################
                      [1m Learning iteration 446/500 [0m                      

                       Computation: 43191 steps/s (collection: 0.282s, learning 0.098s)
             Mean action noise std: 0.17
          Mean value_function loss: 0.0340
               Mean surrogate loss: -0.0039
                 Mean entropy loss: -3.6289
                       Mean reward: 89.76
               Mean episode length: 865.01
           Episode_Reward/progress: 5.8086
              Episode_Reward/alive: 0.4621
            Episode_Reward/upright: 0.0914
     Episode_Reward/move_to_target: 0.4605
          Episode_Reward/action_l2: -0.0244
             Episode_Reward/energy: -0.7414
   Episode_Reward/joint_pos_limits: -0.3359
      Episode_Termination/time_out: 0.8943
  Episode_Termination/torso_height: 0.1057
--------------------------------------------------------------------------------
                   Total timesteps: 7323648
                    Iteration time: 0.38s
                      Time elapsed: 00:02:41
                               ETA: 00:00:19

################################################################################
                      [1m Learning iteration 447/500 [0m                      

                       Computation: 44734 steps/s (collection: 0.275s, learning 0.091s)
             Mean action noise std: 0.17
          Mean value_function loss: 0.0277
               Mean surrogate loss: -0.0027
                 Mean entropy loss: -3.6443
                       Mean reward: 89.94
               Mean episode length: 865.34
           Episode_Reward/progress: 5.8923
              Episode_Reward/alive: 0.4580
            Episode_Reward/upright: 0.0901
     Episode_Reward/move_to_target: 0.4570
          Episode_Reward/action_l2: -0.0245
             Episode_Reward/energy: -0.7320
   Episode_Reward/joint_pos_limits: -0.3345
      Episode_Termination/time_out: 0.8967
  Episode_Termination/torso_height: 0.1033
--------------------------------------------------------------------------------
                   Total timesteps: 7340032
                    Iteration time: 0.37s
                      Time elapsed: 00:02:41
                               ETA: 00:00:19

################################################################################
                      [1m Learning iteration 448/500 [0m                      

                       Computation: 52906 steps/s (collection: 0.242s, learning 0.068s)
             Mean action noise std: 0.17
          Mean value_function loss: 0.0509
               Mean surrogate loss: -0.0051
                 Mean entropy loss: -3.6528
                       Mean reward: 90.71
               Mean episode length: 874.42
           Episode_Reward/progress: 6.1719
              Episode_Reward/alive: 0.5000
            Episode_Reward/upright: 0.0992
     Episode_Reward/move_to_target: 0.4995
          Episode_Reward/action_l2: -0.0259
             Episode_Reward/energy: -0.8004
   Episode_Reward/joint_pos_limits: -0.3586
      Episode_Termination/time_out: 0.8984
  Episode_Termination/torso_height: 0.1016
--------------------------------------------------------------------------------
                   Total timesteps: 7356416
                    Iteration time: 0.31s
                      Time elapsed: 00:02:42
                               ETA: 00:00:18

################################################################################
                      [1m Learning iteration 449/500 [0m                      

                       Computation: 48365 steps/s (collection: 0.249s, learning 0.089s)
             Mean action noise std: 0.17
          Mean value_function loss: 0.0167
               Mean surrogate loss: -0.0060
                 Mean entropy loss: -3.6695
                       Mean reward: 91.56
               Mean episode length: 883.43
           Episode_Reward/progress: 6.0923
              Episode_Reward/alive: 0.4779
            Episode_Reward/upright: 0.0945
     Episode_Reward/move_to_target: 0.4737
          Episode_Reward/action_l2: -0.0252
             Episode_Reward/energy: -0.7534
   Episode_Reward/joint_pos_limits: -0.3445
      Episode_Termination/time_out: 0.8965
  Episode_Termination/torso_height: 0.1035
--------------------------------------------------------------------------------
                   Total timesteps: 7372800
                    Iteration time: 0.34s
                      Time elapsed: 00:02:42
                               ETA: 00:00:18

################################################################################
                      [1m Learning iteration 450/500 [0m                      

                       Computation: 47923 steps/s (collection: 0.254s, learning 0.087s)
             Mean action noise std: 0.17
          Mean value_function loss: 0.0190
               Mean surrogate loss: -0.0019
                 Mean entropy loss: -3.6957
                       Mean reward: 90.81
               Mean episode length: 878.68
           Episode_Reward/progress: 4.7974
              Episode_Reward/alive: 0.3925
            Episode_Reward/upright: 0.0756
     Episode_Reward/move_to_target: 0.3881
          Episode_Reward/action_l2: -0.0208
             Episode_Reward/energy: -0.6141
   Episode_Reward/joint_pos_limits: -0.2888
      Episode_Termination/time_out: 0.8951
  Episode_Termination/torso_height: 0.1049
--------------------------------------------------------------------------------
                   Total timesteps: 7389184
                    Iteration time: 0.34s
                      Time elapsed: 00:02:42
                               ETA: 00:00:18

################################################################################
                      [1m Learning iteration 451/500 [0m                      

                       Computation: 49323 steps/s (collection: 0.243s, learning 0.089s)
             Mean action noise std: 0.17
          Mean value_function loss: 0.0217
               Mean surrogate loss: -0.0064
                 Mean entropy loss: -3.6985
                       Mean reward: 91.09
               Mean episode length: 878.68
           Episode_Reward/progress: 6.5062
              Episode_Reward/alive: 0.5000
            Episode_Reward/upright: 0.0995
     Episode_Reward/move_to_target: 0.4996
          Episode_Reward/action_l2: -0.0267
             Episode_Reward/energy: -0.8041
   Episode_Reward/joint_pos_limits: -0.3614
      Episode_Termination/time_out: 0.8966
  Episode_Termination/torso_height: 0.1034
--------------------------------------------------------------------------------
                   Total timesteps: 7405568
                    Iteration time: 0.33s
                      Time elapsed: 00:02:43
                               ETA: 00:00:17

################################################################################
                      [1m Learning iteration 452/500 [0m                      

                       Computation: 48860 steps/s (collection: 0.246s, learning 0.089s)
             Mean action noise std: 0.17
          Mean value_function loss: 0.0254
               Mean surrogate loss: -0.0040
                 Mean entropy loss: -3.7168
                       Mean reward: 93.29
               Mean episode length: 896.61
           Episode_Reward/progress: 6.2482
              Episode_Reward/alive: 0.5000
            Episode_Reward/upright: 0.0985
     Episode_Reward/move_to_target: 0.4994
          Episode_Reward/action_l2: -0.0265
             Episode_Reward/energy: -0.7819
   Episode_Reward/joint_pos_limits: -0.3631
      Episode_Termination/time_out: 0.8984
  Episode_Termination/torso_height: 0.1016
--------------------------------------------------------------------------------
                   Total timesteps: 7421952
                    Iteration time: 0.34s
                      Time elapsed: 00:02:43
                               ETA: 00:00:17

################################################################################
                      [1m Learning iteration 453/500 [0m                      

                       Computation: 46434 steps/s (collection: 0.258s, learning 0.095s)
             Mean action noise std: 0.17
          Mean value_function loss: 0.0236
               Mean surrogate loss: -0.0042
                 Mean entropy loss: -3.7354
                       Mean reward: 95.14
               Mean episode length: 911.31
           Episode_Reward/progress: 6.1763
              Episode_Reward/alive: 0.4930
            Episode_Reward/upright: 0.0960
     Episode_Reward/move_to_target: 0.4853
          Episode_Reward/action_l2: -0.0260
             Episode_Reward/energy: -0.7703
   Episode_Reward/joint_pos_limits: -0.3581
      Episode_Termination/time_out: 0.8976
  Episode_Termination/torso_height: 0.1024
--------------------------------------------------------------------------------
                   Total timesteps: 7438336
                    Iteration time: 0.35s
                      Time elapsed: 00:02:43
                               ETA: 00:00:16

################################################################################
                      [1m Learning iteration 454/500 [0m                      

                       Computation: 46627 steps/s (collection: 0.265s, learning 0.087s)
             Mean action noise std: 0.16
          Mean value_function loss: 0.0291
               Mean surrogate loss: -0.0043
                 Mean entropy loss: -3.7527
                       Mean reward: 97.17
               Mean episode length: 928.94
           Episode_Reward/progress: 6.3447
              Episode_Reward/alive: 0.5000
            Episode_Reward/upright: 0.0990
     Episode_Reward/move_to_target: 0.4969
          Episode_Reward/action_l2: -0.0265
             Episode_Reward/energy: -0.8047
   Episode_Reward/joint_pos_limits: -0.3610
      Episode_Termination/time_out: 0.9019
  Episode_Termination/torso_height: 0.0981
--------------------------------------------------------------------------------
                   Total timesteps: 7454720
                    Iteration time: 0.35s
                      Time elapsed: 00:02:44
                               ETA: 00:00:16

################################################################################
                      [1m Learning iteration 455/500 [0m                      

                       Computation: 47496 steps/s (collection: 0.253s, learning 0.092s)
             Mean action noise std: 0.16
          Mean value_function loss: 0.0233
               Mean surrogate loss: -0.0059
                 Mean entropy loss: -3.7599
                       Mean reward: 98.42
               Mean episode length: 933.69
           Episode_Reward/progress: 6.1045
              Episode_Reward/alive: 0.4710
            Episode_Reward/upright: 0.0936
     Episode_Reward/move_to_target: 0.4697
          Episode_Reward/action_l2: -0.0252
             Episode_Reward/energy: -0.7625
   Episode_Reward/joint_pos_limits: -0.3392
      Episode_Termination/time_out: 0.9061
  Episode_Termination/torso_height: 0.0939
--------------------------------------------------------------------------------
                   Total timesteps: 7471104
                    Iteration time: 0.34s
                      Time elapsed: 00:02:44
                               ETA: 00:00:16

################################################################################
                      [1m Learning iteration 456/500 [0m                      

                       Computation: 47497 steps/s (collection: 0.251s, learning 0.094s)
             Mean action noise std: 0.16
          Mean value_function loss: 0.0218
               Mean surrogate loss: -0.0065
                 Mean entropy loss: -3.7724
                       Mean reward: 98.45
               Mean episode length: 933.75
           Episode_Reward/progress: 6.3227
              Episode_Reward/alive: 0.4929
            Episode_Reward/upright: 0.0972
     Episode_Reward/move_to_target: 0.4921
          Episode_Reward/action_l2: -0.0260
             Episode_Reward/energy: -0.7907
   Episode_Reward/joint_pos_limits: -0.3543
      Episode_Termination/time_out: 0.9078
  Episode_Termination/torso_height: 0.0922
--------------------------------------------------------------------------------
                   Total timesteps: 7487488
                    Iteration time: 0.34s
                      Time elapsed: 00:02:44
                               ETA: 00:00:15

################################################################################
                      [1m Learning iteration 457/500 [0m                      

                       Computation: 44340 steps/s (collection: 0.274s, learning 0.096s)
             Mean action noise std: 0.16
          Mean value_function loss: 0.0244
               Mean surrogate loss: -0.0057
                 Mean entropy loss: -3.8098
                       Mean reward: 96.83
               Mean episode length: 916.96
           Episode_Reward/progress: 3.5701
              Episode_Reward/alive: 0.3040
            Episode_Reward/upright: 0.0551
     Episode_Reward/move_to_target: 0.2940
          Episode_Reward/action_l2: -0.0167
             Episode_Reward/energy: -0.4515
   Episode_Reward/joint_pos_limits: -0.2290
      Episode_Termination/time_out: 0.9114
  Episode_Termination/torso_height: 0.0886
--------------------------------------------------------------------------------
                   Total timesteps: 7503872
                    Iteration time: 0.37s
                      Time elapsed: 00:02:45
                               ETA: 00:00:15

################################################################################
                      [1m Learning iteration 458/500 [0m                      

                       Computation: 40370 steps/s (collection: 0.308s, learning 0.098s)
             Mean action noise std: 0.16
          Mean value_function loss: 0.0278
               Mean surrogate loss: -0.0034
                 Mean entropy loss: -3.8284
                       Mean reward: 96.09
               Mean episode length: 908.17
           Episode_Reward/progress: 6.2294
              Episode_Reward/alive: 0.4808
            Episode_Reward/upright: 0.0950
     Episode_Reward/move_to_target: 0.4799
          Episode_Reward/action_l2: -0.0258
             Episode_Reward/energy: -0.7735
   Episode_Reward/joint_pos_limits: -0.3480
      Episode_Termination/time_out: 0.9135
  Episode_Termination/torso_height: 0.0865
--------------------------------------------------------------------------------
                   Total timesteps: 7520256
                    Iteration time: 0.41s
                      Time elapsed: 00:02:45
                               ETA: 00:00:15

################################################################################
                      [1m Learning iteration 459/500 [0m                      

                       Computation: 47077 steps/s (collection: 0.261s, learning 0.087s)
             Mean action noise std: 0.16
          Mean value_function loss: 0.0215
               Mean surrogate loss: -0.0054
                 Mean entropy loss: -3.8326
                       Mean reward: 93.53
               Mean episode length: 881.45
           Episode_Reward/progress: 6.0798
              Episode_Reward/alive: 0.4661
            Episode_Reward/upright: 0.0920
     Episode_Reward/move_to_target: 0.4643
          Episode_Reward/action_l2: -0.0251
             Episode_Reward/energy: -0.7445
   Episode_Reward/joint_pos_limits: -0.3366
      Episode_Termination/time_out: 0.9114
  Episode_Termination/torso_height: 0.0886
--------------------------------------------------------------------------------
                   Total timesteps: 7536640
                    Iteration time: 0.35s
                      Time elapsed: 00:02:46
                               ETA: 00:00:14

################################################################################
                      [1m Learning iteration 460/500 [0m                      

                       Computation: 47076 steps/s (collection: 0.256s, learning 0.092s)
             Mean action noise std: 0.16
          Mean value_function loss: 0.0276
               Mean surrogate loss: -0.0047
                 Mean entropy loss: -3.8590
                       Mean reward: 91.55
               Mean episode length: 863.54
           Episode_Reward/progress: 5.2006
              Episode_Reward/alive: 0.4057
            Episode_Reward/upright: 0.0796
     Episode_Reward/move_to_target: 0.4036
          Episode_Reward/action_l2: -0.0218
             Episode_Reward/energy: -0.6486
   Episode_Reward/joint_pos_limits: -0.2939
      Episode_Termination/time_out: 0.9067
  Episode_Termination/torso_height: 0.0933
--------------------------------------------------------------------------------
                   Total timesteps: 7553024
                    Iteration time: 0.35s
                      Time elapsed: 00:02:46
                               ETA: 00:00:14

################################################################################
                      [1m Learning iteration 461/500 [0m                      

                       Computation: 43823 steps/s (collection: 0.280s, learning 0.093s)
             Mean action noise std: 0.16
          Mean value_function loss: 0.0476
               Mean surrogate loss: -0.0053
                 Mean entropy loss: -3.8856
                       Mean reward: 89.57
               Mean episode length: 846.02
           Episode_Reward/progress: 6.1313
              Episode_Reward/alive: 0.4714
            Episode_Reward/upright: 0.0932
     Episode_Reward/move_to_target: 0.4700
          Episode_Reward/action_l2: -0.0252
             Episode_Reward/energy: -0.7613
   Episode_Reward/joint_pos_limits: -0.3375
      Episode_Termination/time_out: 0.9037
  Episode_Termination/torso_height: 0.0963
--------------------------------------------------------------------------------
                   Total timesteps: 7569408
                    Iteration time: 0.37s
                      Time elapsed: 00:02:46
                               ETA: 00:00:14

################################################################################
                      [1m Learning iteration 462/500 [0m                      

                       Computation: 43742 steps/s (collection: 0.291s, learning 0.083s)
             Mean action noise std: 0.16
          Mean value_function loss: 0.0345
               Mean surrogate loss: -0.0055
                 Mean entropy loss: -3.9021
                       Mean reward: 90.41
               Mean episode length: 852.60
           Episode_Reward/progress: 6.0895
              Episode_Reward/alive: 0.4691
            Episode_Reward/upright: 0.0924
     Episode_Reward/move_to_target: 0.4680
          Episode_Reward/action_l2: -0.0252
             Episode_Reward/energy: -0.7619
   Episode_Reward/joint_pos_limits: -0.3390
      Episode_Termination/time_out: 0.9050
  Episode_Termination/torso_height: 0.0950
--------------------------------------------------------------------------------
                   Total timesteps: 7585792
                    Iteration time: 0.37s
                      Time elapsed: 00:02:47
                               ETA: 00:00:13

################################################################################
                      [1m Learning iteration 463/500 [0m                      

                       Computation: 45187 steps/s (collection: 0.286s, learning 0.076s)
             Mean action noise std: 0.16
          Mean value_function loss: 0.0312
               Mean surrogate loss: -0.0051
                 Mean entropy loss: -3.9140
                       Mean reward: 92.51
               Mean episode length: 870.28
           Episode_Reward/progress: 6.3811
              Episode_Reward/alive: 0.4862
            Episode_Reward/upright: 0.0966
     Episode_Reward/move_to_target: 0.4859
          Episode_Reward/action_l2: -0.0262
             Episode_Reward/energy: -0.7893
   Episode_Reward/joint_pos_limits: -0.3501
      Episode_Termination/time_out: 0.9067
  Episode_Termination/torso_height: 0.0933
--------------------------------------------------------------------------------
                   Total timesteps: 7602176
                    Iteration time: 0.36s
                      Time elapsed: 00:02:47
                               ETA: 00:00:13

################################################################################
                      [1m Learning iteration 464/500 [0m                      

                       Computation: 44547 steps/s (collection: 0.295s, learning 0.072s)
             Mean action noise std: 0.16
          Mean value_function loss: 0.0306
               Mean surrogate loss: -0.0052
                 Mean entropy loss: -3.9364
                       Mean reward: 95.04
               Mean episode length: 894.05
           Episode_Reward/progress: 6.2465
              Episode_Reward/alive: 0.4828
            Episode_Reward/upright: 0.0950
     Episode_Reward/move_to_target: 0.4816
          Episode_Reward/action_l2: -0.0260
             Episode_Reward/energy: -0.7792
   Episode_Reward/joint_pos_limits: -0.3490
      Episode_Termination/time_out: 0.9104
  Episode_Termination/torso_height: 0.0896
--------------------------------------------------------------------------------
                   Total timesteps: 7618560
                    Iteration time: 0.37s
                      Time elapsed: 00:02:47
                               ETA: 00:00:13

################################################################################
                      [1m Learning iteration 465/500 [0m                      

                       Computation: 44486 steps/s (collection: 0.276s, learning 0.092s)
             Mean action noise std: 0.16
          Mean value_function loss: 0.0219
               Mean surrogate loss: -0.0060
                 Mean entropy loss: -3.9448
                       Mean reward: 96.34
               Mean episode length: 902.71
           Episode_Reward/progress: 5.9218
              Episode_Reward/alive: 0.4560
            Episode_Reward/upright: 0.0901
     Episode_Reward/move_to_target: 0.4536
          Episode_Reward/action_l2: -0.0246
             Episode_Reward/energy: -0.7442
   Episode_Reward/joint_pos_limits: -0.3278
      Episode_Termination/time_out: 0.9092
  Episode_Termination/torso_height: 0.0908
--------------------------------------------------------------------------------
                   Total timesteps: 7634944
                    Iteration time: 0.37s
                      Time elapsed: 00:02:48
                               ETA: 00:00:12

################################################################################
                      [1m Learning iteration 466/500 [0m                      

                       Computation: 46290 steps/s (collection: 0.277s, learning 0.077s)
             Mean action noise std: 0.16
          Mean value_function loss: 0.0227
               Mean surrogate loss: -0.0021
                 Mean entropy loss: -3.9560
                       Mean reward: 97.45
               Mean episode length: 911.40
           Episode_Reward/progress: 6.5553
              Episode_Reward/alive: 0.5000
            Episode_Reward/upright: 0.0998
     Episode_Reward/move_to_target: 0.4996
          Episode_Reward/action_l2: -0.0268
             Episode_Reward/energy: -0.8204
   Episode_Reward/joint_pos_limits: -0.3584
      Episode_Termination/time_out: 0.9111
  Episode_Termination/torso_height: 0.0889
--------------------------------------------------------------------------------
                   Total timesteps: 7651328
                    Iteration time: 0.35s
                      Time elapsed: 00:02:48
                               ETA: 00:00:12

################################################################################
                      [1m Learning iteration 467/500 [0m                      

                       Computation: 44113 steps/s (collection: 0.290s, learning 0.081s)
             Mean action noise std: 0.16
          Mean value_function loss: 0.0293
               Mean surrogate loss: -0.0060
                 Mean entropy loss: -3.9730
                       Mean reward: 96.83
               Mean episode length: 904.84
           Episode_Reward/progress: 6.0694
              Episode_Reward/alive: 0.4652
            Episode_Reward/upright: 0.0914
     Episode_Reward/move_to_target: 0.4622
          Episode_Reward/action_l2: -0.0252
             Episode_Reward/energy: -0.7583
   Episode_Reward/joint_pos_limits: -0.3358
      Episode_Termination/time_out: 0.9088
  Episode_Termination/torso_height: 0.0912
--------------------------------------------------------------------------------
                   Total timesteps: 7667712
                    Iteration time: 0.37s
                      Time elapsed: 00:02:49
                               ETA: 00:00:11

################################################################################
                      [1m Learning iteration 468/500 [0m                      

                       Computation: 35027 steps/s (collection: 0.368s, learning 0.100s)
             Mean action noise std: 0.16
          Mean value_function loss: 0.0254
               Mean surrogate loss: -0.0060
                 Mean entropy loss: -4.0045
                       Mean reward: 95.63
               Mean episode length: 895.39
           Episode_Reward/progress: 5.9232
              Episode_Reward/alive: 0.4562
            Episode_Reward/upright: 0.0898
     Episode_Reward/move_to_target: 0.4552
          Episode_Reward/action_l2: -0.0246
             Episode_Reward/energy: -0.7432
   Episode_Reward/joint_pos_limits: -0.3285
      Episode_Termination/time_out: 0.9078
  Episode_Termination/torso_height: 0.0922
--------------------------------------------------------------------------------
                   Total timesteps: 7684096
                    Iteration time: 0.47s
                      Time elapsed: 00:02:49
                               ETA: 00:00:11

################################################################################
                      [1m Learning iteration 469/500 [0m                      

                       Computation: 39674 steps/s (collection: 0.324s, learning 0.089s)
             Mean action noise std: 0.16
          Mean value_function loss: 0.0266
               Mean surrogate loss: -0.0051
                 Mean entropy loss: -4.0369
                       Mean reward: 95.59
               Mean episode length: 889.61
           Episode_Reward/progress: 6.4807
              Episode_Reward/alive: 0.4878
            Episode_Reward/upright: 0.0967
     Episode_Reward/move_to_target: 0.4870
          Episode_Reward/action_l2: -0.0266
             Episode_Reward/energy: -0.8071
   Episode_Reward/joint_pos_limits: -0.3496
      Episode_Termination/time_out: 0.9092
  Episode_Termination/torso_height: 0.0908
--------------------------------------------------------------------------------
                   Total timesteps: 7700480
                    Iteration time: 0.41s
                      Time elapsed: 00:02:49
                               ETA: 00:00:11

################################################################################
                      [1m Learning iteration 470/500 [0m                      

                       Computation: 42677 steps/s (collection: 0.289s, learning 0.095s)
             Mean action noise std: 0.16
          Mean value_function loss: 0.0304
               Mean surrogate loss: -0.0047
                 Mean entropy loss: -4.0525
                       Mean reward: 95.29
               Mean episode length: 889.86
           Episode_Reward/progress: 5.9604
              Episode_Reward/alive: 0.4572
            Episode_Reward/upright: 0.0900
     Episode_Reward/move_to_target: 0.4543
          Episode_Reward/action_l2: -0.0249
             Episode_Reward/energy: -0.7469
   Episode_Reward/joint_pos_limits: -0.3307
      Episode_Termination/time_out: 0.9118
  Episode_Termination/torso_height: 0.0882
--------------------------------------------------------------------------------
                   Total timesteps: 7716864
                    Iteration time: 0.38s
                      Time elapsed: 00:02:50
                               ETA: 00:00:10

################################################################################
                      [1m Learning iteration 471/500 [0m                      

                       Computation: 41991 steps/s (collection: 0.291s, learning 0.099s)
             Mean action noise std: 0.16
          Mean value_function loss: 0.0415
               Mean surrogate loss: -0.0050
                 Mean entropy loss: -4.0611
                       Mean reward: 95.13
               Mean episode length: 889.86
           Episode_Reward/progress: 6.5437
              Episode_Reward/alive: 0.5000
            Episode_Reward/upright: 0.0988
     Episode_Reward/move_to_target: 0.4991
          Episode_Reward/action_l2: -0.0271
             Episode_Reward/energy: -0.8180
   Episode_Reward/joint_pos_limits: -0.3602
      Episode_Termination/time_out: 0.9176
  Episode_Termination/torso_height: 0.0824
--------------------------------------------------------------------------------
                   Total timesteps: 7733248
                    Iteration time: 0.39s
                      Time elapsed: 00:02:50
                               ETA: 00:00:10

################################################################################
                      [1m Learning iteration 472/500 [0m                      

                       Computation: 41936 steps/s (collection: 0.300s, learning 0.090s)
             Mean action noise std: 0.16
          Mean value_function loss: 0.0462
               Mean surrogate loss: -0.0052
                 Mean entropy loss: -4.0710
                       Mean reward: 97.06
               Mean episode length: 906.31
           Episode_Reward/progress: 5.5197
              Episode_Reward/alive: 0.4259
            Episode_Reward/upright: 0.0832
     Episode_Reward/move_to_target: 0.4228
          Episode_Reward/action_l2: -0.0231
             Episode_Reward/energy: -0.6928
   Episode_Reward/joint_pos_limits: -0.3094
      Episode_Termination/time_out: 0.9203
  Episode_Termination/torso_height: 0.0797
--------------------------------------------------------------------------------
                   Total timesteps: 7749632
                    Iteration time: 0.39s
                      Time elapsed: 00:02:51
                               ETA: 00:00:10

################################################################################
                      [1m Learning iteration 473/500 [0m                      

                       Computation: 43816 steps/s (collection: 0.267s, learning 0.107s)
             Mean action noise std: 0.16
          Mean value_function loss: 0.0283
               Mean surrogate loss: -0.0050
                 Mean entropy loss: -4.0891
                       Mean reward: 96.41
               Mean episode length: 898.49
           Episode_Reward/progress: 6.5451
              Episode_Reward/alive: 0.4936
            Episode_Reward/upright: 0.0978
     Episode_Reward/move_to_target: 0.4929
          Episode_Reward/action_l2: -0.0270
             Episode_Reward/energy: -0.8134
   Episode_Reward/joint_pos_limits: -0.3566
      Episode_Termination/time_out: 0.9213
  Episode_Termination/torso_height: 0.0787
--------------------------------------------------------------------------------
                   Total timesteps: 7766016
                    Iteration time: 0.37s
                      Time elapsed: 00:02:51
                               ETA: 00:00:09

################################################################################
                      [1m Learning iteration 474/500 [0m                      

                       Computation: 41654 steps/s (collection: 0.297s, learning 0.096s)
             Mean action noise std: 0.16
          Mean value_function loss: 0.0337
               Mean surrogate loss: -0.0038
                 Mean entropy loss: -4.0991
                       Mean reward: 98.53
               Mean episode length: 916.40
           Episode_Reward/progress: 6.7118
              Episode_Reward/alive: 0.5000
            Episode_Reward/upright: 0.0996
     Episode_Reward/move_to_target: 0.4993
          Episode_Reward/action_l2: -0.0275
             Episode_Reward/energy: -0.8358
   Episode_Reward/joint_pos_limits: -0.3598
      Episode_Termination/time_out: 0.9238
  Episode_Termination/torso_height: 0.0762
--------------------------------------------------------------------------------
                   Total timesteps: 7782400
                    Iteration time: 0.39s
                      Time elapsed: 00:02:51
                               ETA: 00:00:09

################################################################################
                      [1m Learning iteration 475/500 [0m                      

                       Computation: 42630 steps/s (collection: 0.279s, learning 0.105s)
             Mean action noise std: 0.16
          Mean value_function loss: 0.0304
               Mean surrogate loss: -0.0035
                 Mean entropy loss: -4.1121
                       Mean reward: 100.49
               Mean episode length: 934.33
           Episode_Reward/progress: 6.6365
              Episode_Reward/alive: 0.5000
            Episode_Reward/upright: 0.0985
     Episode_Reward/move_to_target: 0.4980
          Episode_Reward/action_l2: -0.0274
             Episode_Reward/energy: -0.8229
   Episode_Reward/joint_pos_limits: -0.3606
      Episode_Termination/time_out: 0.9247
  Episode_Termination/torso_height: 0.0753
--------------------------------------------------------------------------------
                   Total timesteps: 7798784
                    Iteration time: 0.38s
                      Time elapsed: 00:02:52
                               ETA: 00:00:09

################################################################################
                      [1m Learning iteration 476/500 [0m                      

                       Computation: 40187 steps/s (collection: 0.312s, learning 0.096s)
             Mean action noise std: 0.16
          Mean value_function loss: 0.0280
               Mean surrogate loss: -0.0046
                 Mean entropy loss: -4.1282
                       Mean reward: 99.93
               Mean episode length: 925.43
           Episode_Reward/progress: 6.2824
              Episode_Reward/alive: 0.4733
            Episode_Reward/upright: 0.0942
     Episode_Reward/move_to_target: 0.4715
          Episode_Reward/action_l2: -0.0260
             Episode_Reward/energy: -0.7884
   Episode_Reward/joint_pos_limits: -0.3417
      Episode_Termination/time_out: 0.9275
  Episode_Termination/torso_height: 0.0725
--------------------------------------------------------------------------------
                   Total timesteps: 7815168
                    Iteration time: 0.41s
                      Time elapsed: 00:02:52
                               ETA: 00:00:08

################################################################################
                      [1m Learning iteration 477/500 [0m                      

                       Computation: 40252 steps/s (collection: 0.301s, learning 0.106s)
             Mean action noise std: 0.16
          Mean value_function loss: 0.0249
               Mean surrogate loss: -0.0038
                 Mean entropy loss: -4.1324
                       Mean reward: 96.04
               Mean episode length: 889.67
           Episode_Reward/progress: 5.0349
              Episode_Reward/alive: 0.3836
            Episode_Reward/upright: 0.0746
     Episode_Reward/move_to_target: 0.3792
          Episode_Reward/action_l2: -0.0212
             Episode_Reward/energy: -0.6245
   Episode_Reward/joint_pos_limits: -0.2805
      Episode_Termination/time_out: 0.9266
  Episode_Termination/torso_height: 0.0734
--------------------------------------------------------------------------------
                   Total timesteps: 7831552
                    Iteration time: 0.41s
                      Time elapsed: 00:02:53
                               ETA: 00:00:08

################################################################################
                      [1m Learning iteration 478/500 [0m                      

                       Computation: 37607 steps/s (collection: 0.331s, learning 0.105s)
             Mean action noise std: 0.16
          Mean value_function loss: 0.0239
               Mean surrogate loss: -0.0054
                 Mean entropy loss: -4.1319
                       Mean reward: 95.28
               Mean episode length: 881.11
           Episode_Reward/progress: 3.4556
              Episode_Reward/alive: 0.2794
            Episode_Reward/upright: 0.0514
     Episode_Reward/move_to_target: 0.2734
          Episode_Reward/action_l2: -0.0152
             Episode_Reward/energy: -0.4312
   Episode_Reward/joint_pos_limits: -0.2104
      Episode_Termination/time_out: 0.9191
  Episode_Termination/torso_height: 0.0809
--------------------------------------------------------------------------------
                   Total timesteps: 7847936
                    Iteration time: 0.44s
                      Time elapsed: 00:02:53
                               ETA: 00:00:07

################################################################################
                      [1m Learning iteration 479/500 [0m                      

                       Computation: 36701 steps/s (collection: 0.334s, learning 0.112s)
             Mean action noise std: 0.16
          Mean value_function loss: 0.0319
               Mean surrogate loss: -0.0027
                 Mean entropy loss: -4.1298
                       Mean reward: 93.90
               Mean episode length: 869.28
           Episode_Reward/progress: 5.8797
              Episode_Reward/alive: 0.4455
            Episode_Reward/upright: 0.0875
     Episode_Reward/move_to_target: 0.4412
          Episode_Reward/action_l2: -0.0243
             Episode_Reward/energy: -0.7311
   Episode_Reward/joint_pos_limits: -0.3216
      Episode_Termination/time_out: 0.9185
  Episode_Termination/torso_height: 0.0815
--------------------------------------------------------------------------------
                   Total timesteps: 7864320
                    Iteration time: 0.45s
                      Time elapsed: 00:02:53
                               ETA: 00:00:07

################################################################################
                      [1m Learning iteration 480/500 [0m                      

                       Computation: 33174 steps/s (collection: 0.370s, learning 0.124s)
             Mean action noise std: 0.16
          Mean value_function loss: 0.0376
               Mean surrogate loss: -0.0017
                 Mean entropy loss: -4.1421
                       Mean reward: 92.88
               Mean episode length: 860.01
           Episode_Reward/progress: 6.2813
              Episode_Reward/alive: 0.4698
            Episode_Reward/upright: 0.0933
     Episode_Reward/move_to_target: 0.4687
          Episode_Reward/action_l2: -0.0259
             Episode_Reward/energy: -0.7875
   Episode_Reward/joint_pos_limits: -0.3383
      Episode_Termination/time_out: 0.9199
  Episode_Termination/torso_height: 0.0801
--------------------------------------------------------------------------------
                   Total timesteps: 7880704
                    Iteration time: 0.49s
                      Time elapsed: 00:02:54
                               ETA: 00:00:07

################################################################################
                      [1m Learning iteration 481/500 [0m                      

                       Computation: 42446 steps/s (collection: 0.299s, learning 0.087s)
             Mean action noise std: 0.16
          Mean value_function loss: 0.0288
               Mean surrogate loss: -0.0046
                 Mean entropy loss: -4.1498
                       Mean reward: 91.76
               Mean episode length: 851.06
           Episode_Reward/progress: 6.4601
              Episode_Reward/alive: 0.4854
            Episode_Reward/upright: 0.0966
     Episode_Reward/move_to_target: 0.4843
          Episode_Reward/action_l2: -0.0266
             Episode_Reward/energy: -0.8044
   Episode_Reward/joint_pos_limits: -0.3502
      Episode_Termination/time_out: 0.9188
  Episode_Termination/torso_height: 0.0812
--------------------------------------------------------------------------------
                   Total timesteps: 7897088
                    Iteration time: 0.39s
                      Time elapsed: 00:02:54
                               ETA: 00:00:06

################################################################################
                      [1m Learning iteration 482/500 [0m                      

                       Computation: 35421 steps/s (collection: 0.352s, learning 0.110s)
             Mean action noise std: 0.16
          Mean value_function loss: 0.0405
               Mean surrogate loss: -0.0051
                 Mean entropy loss: -4.1691
                       Mean reward: 92.69
               Mean episode length: 860.37
           Episode_Reward/progress: 6.4531
              Episode_Reward/alive: 0.4864
            Episode_Reward/upright: 0.0963
     Episode_Reward/move_to_target: 0.4844
          Episode_Reward/action_l2: -0.0266
             Episode_Reward/energy: -0.8073
   Episode_Reward/joint_pos_limits: -0.3510
      Episode_Termination/time_out: 0.9163
  Episode_Termination/torso_height: 0.0837
--------------------------------------------------------------------------------
                   Total timesteps: 7913472
                    Iteration time: 0.46s
                      Time elapsed: 00:02:55
                               ETA: 00:00:06

################################################################################
                      [1m Learning iteration 483/500 [0m                      

                       Computation: 35613 steps/s (collection: 0.358s, learning 0.102s)
             Mean action noise std: 0.16
          Mean value_function loss: 0.0272
               Mean surrogate loss: -0.0072
                 Mean entropy loss: -4.1751
                       Mean reward: 91.10
               Mean episode length: 845.64
           Episode_Reward/progress: 5.4914
              Episode_Reward/alive: 0.4212
            Episode_Reward/upright: 0.0814
     Episode_Reward/move_to_target: 0.4165
          Episode_Reward/action_l2: -0.0235
             Episode_Reward/energy: -0.6881
   Episode_Reward/joint_pos_limits: -0.3100
      Episode_Termination/time_out: 0.9139
  Episode_Termination/torso_height: 0.0861
--------------------------------------------------------------------------------
                   Total timesteps: 7929856
                    Iteration time: 0.46s
                      Time elapsed: 00:02:55
                               ETA: 00:00:06

################################################################################
                      [1m Learning iteration 484/500 [0m                      

                       Computation: 31376 steps/s (collection: 0.388s, learning 0.134s)
             Mean action noise std: 0.16
          Mean value_function loss: 0.0316
               Mean surrogate loss: -0.0067
                 Mean entropy loss: -4.1912
                       Mean reward: 94.23
               Mean episode length: 872.07
           Episode_Reward/progress: 6.5718
              Episode_Reward/alive: 0.4927
            Episode_Reward/upright: 0.0973
     Episode_Reward/move_to_target: 0.4919
          Episode_Reward/action_l2: -0.0271
             Episode_Reward/energy: -0.8191
   Episode_Reward/joint_pos_limits: -0.3571
      Episode_Termination/time_out: 0.9096
  Episode_Termination/torso_height: 0.0904
--------------------------------------------------------------------------------
                   Total timesteps: 7946240
                    Iteration time: 0.52s
                      Time elapsed: 00:02:56
                               ETA: 00:00:05

################################################################################
                      [1m Learning iteration 485/500 [0m                      

                       Computation: 36754 steps/s (collection: 0.360s, learning 0.085s)
             Mean action noise std: 0.16
          Mean value_function loss: 0.0334
               Mean surrogate loss: -0.0061
                 Mean entropy loss: -4.2205
                       Mean reward: 93.91
               Mean episode length: 865.16
           Episode_Reward/progress: 6.4152
              Episode_Reward/alive: 0.4782
            Episode_Reward/upright: 0.0950
     Episode_Reward/move_to_target: 0.4768
          Episode_Reward/action_l2: -0.0263
             Episode_Reward/energy: -0.7980
   Episode_Reward/joint_pos_limits: -0.3445
      Episode_Termination/time_out: 0.9100
  Episode_Termination/torso_height: 0.0900
--------------------------------------------------------------------------------
                   Total timesteps: 7962624
                    Iteration time: 0.45s
                      Time elapsed: 00:02:56
                               ETA: 00:00:05

################################################################################
                      [1m Learning iteration 486/500 [0m                      

                       Computation: 43359 steps/s (collection: 0.296s, learning 0.082s)
             Mean action noise std: 0.16
          Mean value_function loss: 0.0264
               Mean surrogate loss: -0.0065
                 Mean entropy loss: -4.2376
                       Mean reward: 92.80
               Mean episode length: 855.75
           Episode_Reward/progress: 4.9841
              Episode_Reward/alive: 0.3826
            Episode_Reward/upright: 0.0740
     Episode_Reward/move_to_target: 0.3796
          Episode_Reward/action_l2: -0.0211
             Episode_Reward/energy: -0.6110
   Episode_Reward/joint_pos_limits: -0.2815
      Episode_Termination/time_out: 0.9052
  Episode_Termination/torso_height: 0.0948
--------------------------------------------------------------------------------
                   Total timesteps: 7979008
                    Iteration time: 0.38s
                      Time elapsed: 00:02:57
                               ETA: 00:00:05

################################################################################
                      [1m Learning iteration 487/500 [0m                      

                       Computation: 40965 steps/s (collection: 0.301s, learning 0.099s)
             Mean action noise std: 0.16
          Mean value_function loss: 0.0340
               Mean surrogate loss: -0.0062
                 Mean entropy loss: -4.2638
                       Mean reward: 92.15
               Mean episode length: 846.78
           Episode_Reward/progress: 6.5648
              Episode_Reward/alive: 0.4854
            Episode_Reward/upright: 0.0969
     Episode_Reward/move_to_target: 0.4844
          Episode_Reward/action_l2: -0.0266
             Episode_Reward/energy: -0.8193
   Episode_Reward/joint_pos_limits: -0.3501
      Episode_Termination/time_out: 0.9067
  Episode_Termination/torso_height: 0.0933
--------------------------------------------------------------------------------
                   Total timesteps: 7995392
                    Iteration time: 0.40s
                      Time elapsed: 00:02:57
                               ETA: 00:00:04

################################################################################
                      [1m Learning iteration 488/500 [0m                      

                       Computation: 38560 steps/s (collection: 0.329s, learning 0.096s)
             Mean action noise std: 0.16
          Mean value_function loss: 0.0337
               Mean surrogate loss: 0.0004
                 Mean entropy loss: -4.2875
                       Mean reward: 93.67
               Mean episode length: 863.06
           Episode_Reward/progress: 6.2461
              Episode_Reward/alive: 0.4797
            Episode_Reward/upright: 0.0936
     Episode_Reward/move_to_target: 0.4781
          Episode_Reward/action_l2: -0.0261
             Episode_Reward/energy: -0.7854
   Episode_Reward/joint_pos_limits: -0.3486
      Episode_Termination/time_out: 0.9085
  Episode_Termination/torso_height: 0.0915
--------------------------------------------------------------------------------
                   Total timesteps: 8011776
                    Iteration time: 0.42s
                      Time elapsed: 00:02:57
                               ETA: 00:00:04

################################################################################
                      [1m Learning iteration 489/500 [0m                      

                       Computation: 40072 steps/s (collection: 0.306s, learning 0.102s)
             Mean action noise std: 0.16
          Mean value_function loss: 0.0228
               Mean surrogate loss: -0.0058
                 Mean entropy loss: -4.3022
                       Mean reward: 90.54
               Mean episode length: 836.41
           Episode_Reward/progress: 5.7243
              Episode_Reward/alive: 0.4383
            Episode_Reward/upright: 0.0866
     Episode_Reward/move_to_target: 0.4342
          Episode_Reward/action_l2: -0.0240
             Episode_Reward/energy: -0.7323
   Episode_Reward/joint_pos_limits: -0.3159
      Episode_Termination/time_out: 0.9039
  Episode_Termination/torso_height: 0.0961
--------------------------------------------------------------------------------
                   Total timesteps: 8028160
                    Iteration time: 0.41s
                      Time elapsed: 00:02:58
                               ETA: 00:00:04

################################################################################
                      [1m Learning iteration 490/500 [0m                      

                       Computation: 44752 steps/s (collection: 0.272s, learning 0.094s)
             Mean action noise std: 0.16
          Mean value_function loss: 0.0407
               Mean surrogate loss: -0.0050
                 Mean entropy loss: -4.3222
                       Mean reward: 90.70
               Mean episode length: 837.03
           Episode_Reward/progress: 6.6019
              Episode_Reward/alive: 0.4932
            Episode_Reward/upright: 0.0982
     Episode_Reward/move_to_target: 0.4920
          Episode_Reward/action_l2: -0.0271
             Episode_Reward/energy: -0.8250
   Episode_Reward/joint_pos_limits: -0.3546
      Episode_Termination/time_out: 0.9062
  Episode_Termination/torso_height: 0.0938
--------------------------------------------------------------------------------
                   Total timesteps: 8044544
                    Iteration time: 0.37s
                      Time elapsed: 00:02:58
                               ETA: 00:00:03

################################################################################
                      [1m Learning iteration 491/500 [0m                      

                       Computation: 33321 steps/s (collection: 0.367s, learning 0.125s)
             Mean action noise std: 0.16
          Mean value_function loss: 0.0644
               Mean surrogate loss: -0.0060
                 Mean entropy loss: -4.3336
                       Mean reward: 92.83
               Mean episode length: 855.09
           Episode_Reward/progress: 6.4553
              Episode_Reward/alive: 0.4786
            Episode_Reward/upright: 0.0948
     Episode_Reward/move_to_target: 0.4771
          Episode_Reward/action_l2: -0.0265
             Episode_Reward/energy: -0.7993
   Episode_Reward/joint_pos_limits: -0.3472
      Episode_Termination/time_out: 0.9067
  Episode_Termination/torso_height: 0.0933
--------------------------------------------------------------------------------
                   Total timesteps: 8060928
                    Iteration time: 0.49s
                      Time elapsed: 00:02:59
                               ETA: 00:00:03

################################################################################
                      [1m Learning iteration 492/500 [0m                      

                       Computation: 35184 steps/s (collection: 0.358s, learning 0.108s)
             Mean action noise std: 0.15
          Mean value_function loss: 0.0385
               Mean surrogate loss: -0.0041
                 Mean entropy loss: -4.3568
                       Mean reward: 92.73
               Mean episode length: 854.16
           Episode_Reward/progress: 6.6004
              Episode_Reward/alive: 0.4846
            Episode_Reward/upright: 0.0964
     Episode_Reward/move_to_target: 0.4832
          Episode_Reward/action_l2: -0.0268
             Episode_Reward/energy: -0.8213
   Episode_Reward/joint_pos_limits: -0.3478
      Episode_Termination/time_out: 0.9102
  Episode_Termination/torso_height: 0.0898
--------------------------------------------------------------------------------
                   Total timesteps: 8077312
                    Iteration time: 0.47s
                      Time elapsed: 00:02:59
                               ETA: 00:00:02

################################################################################
                      [1m Learning iteration 493/500 [0m                      

                       Computation: 37305 steps/s (collection: 0.343s, learning 0.096s)
             Mean action noise std: 0.15
          Mean value_function loss: 0.0278
               Mean surrogate loss: -0.0032
                 Mean entropy loss: -4.3672
                       Mean reward: 95.29
               Mean episode length: 870.32
           Episode_Reward/progress: 6.1735
              Episode_Reward/alive: 0.4609
            Episode_Reward/upright: 0.0911
     Episode_Reward/move_to_target: 0.4596
          Episode_Reward/action_l2: -0.0253
             Episode_Reward/energy: -0.7668
   Episode_Reward/joint_pos_limits: -0.3325
      Episode_Termination/time_out: 0.9072
  Episode_Termination/torso_height: 0.0928
--------------------------------------------------------------------------------
                   Total timesteps: 8093696
                    Iteration time: 0.44s
                      Time elapsed: 00:03:00
                               ETA: 00:00:02

################################################################################
                      [1m Learning iteration 494/500 [0m                      

                       Computation: 40636 steps/s (collection: 0.294s, learning 0.109s)
             Mean action noise std: 0.15
          Mean value_function loss: 0.0406
               Mean surrogate loss: -0.0062
                 Mean entropy loss: -4.3746
                       Mean reward: 97.47
               Mean episode length: 887.64
           Episode_Reward/progress: 6.6030
              Episode_Reward/alive: 0.4857
            Episode_Reward/upright: 0.0961
     Episode_Reward/move_to_target: 0.4835
          Episode_Reward/action_l2: -0.0270
             Episode_Reward/energy: -0.8178
   Episode_Reward/joint_pos_limits: -0.3500
      Episode_Termination/time_out: 0.9050
  Episode_Termination/torso_height: 0.0950
--------------------------------------------------------------------------------
                   Total timesteps: 8110080
                    Iteration time: 0.40s
                      Time elapsed: 00:03:00
                               ETA: 00:00:02

################################################################################
                      [1m Learning iteration 495/500 [0m                      

                       Computation: 35196 steps/s (collection: 0.366s, learning 0.099s)
             Mean action noise std: 0.15
          Mean value_function loss: 0.0376
               Mean surrogate loss: -0.0036
                 Mean entropy loss: -4.3705
                       Mean reward: 95.59
               Mean episode length: 869.51
           Episode_Reward/progress: 6.1721
              Episode_Reward/alive: 0.4511
            Episode_Reward/upright: 0.0894
     Episode_Reward/move_to_target: 0.4482
          Episode_Reward/action_l2: -0.0251
             Episode_Reward/energy: -0.7642
   Episode_Reward/joint_pos_limits: -0.3251
      Episode_Termination/time_out: 0.9037
  Episode_Termination/torso_height: 0.0963
--------------------------------------------------------------------------------
                   Total timesteps: 8126464
                    Iteration time: 0.47s
                      Time elapsed: 00:03:00
                               ETA: 00:00:01

################################################################################
                      [1m Learning iteration 496/500 [0m                      

                       Computation: 41282 steps/s (collection: 0.290s, learning 0.107s)
             Mean action noise std: 0.15
          Mean value_function loss: 0.0221
               Mean surrogate loss: -0.0057
                 Mean entropy loss: -4.4031
                       Mean reward: 94.39
               Mean episode length: 860.39
           Episode_Reward/progress: 5.5569
              Episode_Reward/alive: 0.4200
            Episode_Reward/upright: 0.0823
     Episode_Reward/move_to_target: 0.4160
          Episode_Reward/action_l2: -0.0233
             Episode_Reward/energy: -0.6961
   Episode_Reward/joint_pos_limits: -0.3061
      Episode_Termination/time_out: 0.9009
  Episode_Termination/torso_height: 0.0991
--------------------------------------------------------------------------------
                   Total timesteps: 8142848
                    Iteration time: 0.40s
                      Time elapsed: 00:03:01
                               ETA: 00:00:01

################################################################################
                      [1m Learning iteration 497/500 [0m                      

                       Computation: 42349 steps/s (collection: 0.307s, learning 0.080s)
             Mean action noise std: 0.15
          Mean value_function loss: 0.0282
               Mean surrogate loss: -0.0012
                 Mean entropy loss: -4.4191
                       Mean reward: 96.99
               Mean episode length: 879.34
           Episode_Reward/progress: 6.9326
              Episode_Reward/alive: 0.5000
            Episode_Reward/upright: 0.1000
     Episode_Reward/move_to_target: 0.4988
          Episode_Reward/action_l2: -0.0279
             Episode_Reward/energy: -0.8477
   Episode_Reward/joint_pos_limits: -0.3590
      Episode_Termination/time_out: 0.9010
  Episode_Termination/torso_height: 0.0990
--------------------------------------------------------------------------------
                   Total timesteps: 8159232
                    Iteration time: 0.39s
                      Time elapsed: 00:03:01
                               ETA: 00:00:01

################################################################################
                      [1m Learning iteration 498/500 [0m                      

                       Computation: 40611 steps/s (collection: 0.308s, learning 0.096s)
             Mean action noise std: 0.15
          Mean value_function loss: 0.0216
               Mean surrogate loss: -0.0053
                 Mean entropy loss: -4.4333
                       Mean reward: 99.37
               Mean episode length: 897.34
           Episode_Reward/progress: 6.8209
              Episode_Reward/alive: 0.5000
            Episode_Reward/upright: 0.0993
     Episode_Reward/move_to_target: 0.4994
          Episode_Reward/action_l2: -0.0277
             Episode_Reward/energy: -0.8454
   Episode_Reward/joint_pos_limits: -0.3591
      Episode_Termination/time_out: 0.9037
  Episode_Termination/torso_height: 0.0963
--------------------------------------------------------------------------------
                   Total timesteps: 8175616
                    Iteration time: 0.40s
                      Time elapsed: 00:03:02
                               ETA: 00:00:00

################################################################################
                      [1m Learning iteration 499/500 [0m                      

                       Computation: 43804 steps/s (collection: 0.289s, learning 0.085s)
             Mean action noise std: 0.15
          Mean value_function loss: 0.0550
               Mean surrogate loss: -0.0056
                 Mean entropy loss: -4.4504
                       Mean reward: 100.95
               Mean episode length: 906.29
           Episode_Reward/progress: 6.6077
              Episode_Reward/alive: 0.4783
            Episode_Reward/upright: 0.0946
     Episode_Reward/move_to_target: 0.4757
          Episode_Reward/action_l2: -0.0269
             Episode_Reward/energy: -0.8074
   Episode_Reward/joint_pos_limits: -0.3447
      Episode_Termination/time_out: 0.9060
  Episode_Termination/torso_height: 0.0940
--------------------------------------------------------------------------------
                   Total timesteps: 8192000
                    Iteration time: 0.37s
                      Time elapsed: 00:03:02
                               ETA: 00:00:00

TRAINING_COMPLETE
2026-09-30T12:18:41Z [8,817ms] [Warning] [omni.physx.plugin] Damping attribute is unsupported for articulation joints and will be ignored (/World/envs/env_0/Robot/joints/right_back_foot).
2026-09-30T12:18:41Z [8,817ms] [Warning] [omni.physx.plugin] Damping attribute is unsupported for articulation joints and will be ignored (/World/envs/env_0/Robot/joints/right_back_leg).
2026-09-30T12:18:41Z [8,817ms] [Warning] [omni.physx.plugin] Damping attribute is unsupported for articulation joints and will be ignored (/World/envs/env_0/Robot/joints/right_back_foot).
